Carrier,orig_port_cd,dest_port_cd,minm_wgh_qty,max_wgh_qty,svc_cd,minimum cost,rate,mode_dsc,tpt_day_cnt,Carrier type
CARRIER_01,PORT02,PORT08,0.0,4.99,DTD,78.0515,2.2049,AIR,2,CTYPE_01
CARRIER_01,PORT02,PORT08,5.0,9.99,DTD,78.0515,2.0947,AIR,2,CTYPE_01
CARRIER_01,PORT02,PORT08,10.0,24.99,DTD,78.0515,1.9899,AIR,2,CTYPE_01
CARRIER_01,PORT02,PORT08,25.0,49.99,DTD,78.0515,1.8904,AIR,2,CTYPE_01
CARRIER_01,PORT02,PORT08,50.0,99.99,DTD,78.0515,1.7959,AIR,2,CTYPE_01
CARRIER_01,PORT02,PORT08,100.0,299.99,DTD,78.0515,1.7061,AIR,2,CTYPE_01
CARRIER_01,PORT02,PORT08,300.0,499.99,DTD,78.0515,1.6208,AIR,2,CTYPE_01
CARRIER_01,PORT02,PORT08,500.0,999.99,DTD,78.0515,1.5398,AIR,2,CTYPE_01
CARRIER_01,PORT02,PORT08,1000.0,4999.99,DTD,78.0515,1.4628,AIR,2,CTYPE_01
CARRIER_01,PORT02,PORT08,5000.0,99999.99,DTD,78.0515,1.3896,AIR,2,CTYPE_01
CARRIER_01,PORT02,PORT08,0.0,4.99,DTP,78.0515,3.1438,AIR,2,CTYPE_01
CARRIER_01,PORT02,PORT08,5.0,9.99,DTP,78.0515,2.9866,AIR,2,CTYPE_01
CARRIER_01,PORT02,PORT08,10.0,24.99,DTP,78.0515,2.8373,AIR,2,CTYPE_01
CARRIER_01,PORT02,PORT08,25.0,49.99,DTP,78.0515,2.6954,AIR,2,CTYPE_01
CARRIER_01,PORT02,PORT08,50.0,99.99,DTP,78.0515,2.5607,AIR,2,CTYPE_01
CARRIER_01,PORT02,PORT08,100.0,299.99,DTP,78.0515,2.4326,AIR,2,CTYPE_01
CARRIER_01,PORT02,PORT08,300.0,499.99,DTP,78.0515,2.311,AIR,2,CTYPE_01
CARRIER_01,PORT02,PORT08,500.0,999.99,DTP,78.0515,2.1955,AIR,2,CTYPE_01
CARRIER_01,PORT02,PORT08,1000.0,4999.99,DTP,78.0515,2.0857,AIR,2,CTYPE_01
CARRIER_01,PORT02,PORT08,5000.0,99999.99,DTP,78.0515,1.9814,AIR,2,CTYPE_01
CARRIER_01,PORT02,PORT03,0.0,4.99,DTD,78.0515,4.8479,AIR,2,CTYPE_01
CARRIER_01,PORT02,PORT03,5.0,9.99,DTD,78.0515,4.6055,AIR,2,CTYPE_01
CARRIER_01,PORT02,PORT03,10.0,24.99,DTD,78.0515,4.3752,AIR,2,CTYPE_01
CARRIER_01,PORT02,PORT03,25.0,49.99,DTD,78.0515,4.1565,AIR,2,CTYPE_01
CARRIER_01,PORT02,PORT03,50.0,99.99,DTD,78.0515,3.9487,AIR,2,CTYPE_01
CARRIER_01,PORT02,PORT03,100.0,299.99,DTD,78.0515,3.7512,AIR,2,CTYPE_01
CARRIER_01,PORT02,PORT03,300.0,499.99,DTD,78.0515,3.5637,AIR,2,CTYPE_01
CARRIER_01,PORT02,PORT03,500.0,999.99,DTD,78.0515,3.3855,AIR,2,CTYPE_01
CARRIER_01,PORT02,PORT03,1000.0,4999.99,DTD,78.0515,3.2162,AIR,2,CTYPE_01
CARRIER_01,PORT02,PORT03,5000.0,99999.99,DTD,78.0515,3.0554,AIR,2,CTYPE_01
CARRIER_01,PORT02,PORT03,0.0,4.99,DTP,78.0515,2.8489,AIR,2,CTYPE_01
CARRIER_01,PORT02,PORT03,5.0,9.99,DTP,78.0515,2.7065,AIR,2,CTYPE_01
CARRIER_01,PORT02,PORT03,10.0,24.99,DTP,78.0515,2.5711,AIR,2,CTYPE_01
CARRIER_01,PORT02,PORT03,25.0,49.99,DTP,78.0515,2.4426,AIR,2,CTYPE_01
CARRIER_01,PORT02,PORT03,50.0,99.99,DTP,78.0515,2.3205,AIR,2,CTYPE_01
CARRIER_01,PORT02,PORT03,100.0,299.99,DTP,78.0515,2.2044,AIR,2,CTYPE_01
CARRIER_01,PORT02,PORT03,300.0,499.99,DTP,78.0515,2.0942,AIR,2,CTYPE_01
CARRIER_01,PORT02,PORT03,500.0,999.99,DTP,78.0515,1.9895,AIR,2,CTYPE_01
CARRIER_01,PORT02,PORT03,1000.0,4999.99,DTP,78.0515,1.89,AIR,2,CTYPE_01
CARRIER_01,PORT02,PORT03,5000.0,99999.99,DTP,78.0515,1.7955,AIR,2,CTYPE_01
CARRIER_01,PORT02,PORT05,0.0,4.99,DTD,78.0515,4.5941,AIR,2,CTYPE_01
CARRIER_01,PORT02,PORT05,5.0,9.99,DTD,78.0515,4.3644,AIR,2,CTYPE_01
CARRIER_01,PORT02,PORT05,10.0,24.99,DTD,78.0515,4.1462,AIR,2,CTYPE_01
CARRIER_01,PORT02,PORT05,25.0,49.99,DTD,78.0515,3.9389,AIR,2,CTYPE_01
CARRIER_01,PORT02,PORT05,50.0,99.99,DTD,78.0515,3.7419,AIR,2,CTYPE_01
CARRIER_01,PORT02,PORT05,100.0,299.99,DTD,78.0515,3.5548,AIR,2,CTYPE_01
CARRIER_01,PORT02,PORT05,300.0,499.99,DTD,78.0515,3.3771,AIR,2,CTYPE_01
CARRIER_01,PORT02,PORT05,500.0,999.99,DTD,78.0515,3.2082,AIR,2,CTYPE_01
CARRIER_01,PORT02,PORT05,1000.0,4999.99,DTD,78.0515,3.0478,AIR,2,CTYPE_01
CARRIER_01,PORT02,PORT05,5000.0,99999.99,DTD,78.0515,2.8954,AIR,2,CTYPE_01
CARRIER_01,PORT02,PORT05,0.0,4.99,DTP,78.0515,4.0715,AIR,2,CTYPE_01
CARRIER_01,PORT02,PORT05,5.0,9.99,DTP,78.0515,3.868,AIR,2,CTYPE_01
CARRIER_01,PORT02,PORT05,10.0,24.99,DTP,78.0515,3.6746,AIR,2,CTYPE_01
CARRIER_01,PORT02,PORT05,25.0,49.99,DTP,78.0515,3.4908,AIR,2,CTYPE_01
CARRIER_01,PORT02,PORT05,50.0,99.99,DTP,78.0515,3.3163,AIR,2,CTYPE_01
CARRIER_01,PORT02,PORT05,100.0,299.99,DTP,78.0515,3.1505,AIR,2,CTYPE_01
CARRIER_01,PORT02,PORT05,300.0,499.99,DTP,78.0515,2.9929,AIR,2,CTYPE_01
CARRIER_01,PORT02,PORT05,500.0,999.99,DTP,78.0515,2.8433,AIR,2,CTYPE_01
CARRIER_01,PORT02,PORT05,1000.0,4999.99,DTP,78.0515,2.7011,AIR,2,CTYPE_01
CARRIER_01,PORT02,PORT05,5000.0,99999.99,DTP,78.0515,2.5661,AIR,2,CTYPE_01
CARRIER_02,PORT06,PORT02,0.0,4.99,DTD,76.4234,0.2155,SEA,18,CTYPE_02
CARRIER_02,PORT06,PORT02,5.0,9.99,DTD,76.4234,0.2048,SEA,18,CTYPE_02
CARRIER_02,PORT06,PORT02,10.0,24.99,DTD,76.4234,0.1945,SEA,18,CTYPE_02
CARRIER_02,PORT06,PORT02,25.0,49.99,DTD,76.4234,0.1848,SEA,18,CTYPE_02
CARRIER_02,PORT06,PORT02,50.0,99.99,DTD,76.4234,0.1755,SEA,18,CTYPE_02
CARRIER_02,PORT06,PORT02,100.0,299.99,DTD,76.4234,0.1668,SEA,18,CTYPE_02
CARRIER_02,PORT06,PORT02,300.0,499.99,DTD,76.4234,0.1584,SEA,18,CTYPE_02
CARRIER_02,PORT06,PORT02,500.0,999.99,DTD,76.4234,0.1505,SEA,18,CTYPE_02
CARRIER_02,PORT06,PORT02,1000.0,4999.99,DTD,76.4234,0.143,SEA,18,CTYPE_02
CARRIER_02,PORT06,PORT02,5000.0,99999.99,DTD,76.4234,0.1358,SEA,18,CTYPE_02
CARRIER_02,PORT06,PORT02,0.0,4.99,DTP,76.4234,0.2963,SEA,18,CTYPE_02
CARRIER_02,PORT06,PORT02,5.0,9.99,DTP,76.4234,0.2815,SEA,18,CTYPE_02
CARRIER_02,PORT06,PORT02,10.0,24.99,DTP,76.4234,0.2674,SEA,18,CTYPE_02
CARRIER_02,PORT06,PORT02,25.0,49.99,DTP,76.4234,0.254,SEA,18,CTYPE_02
CARRIER_02,PORT06,PORT02,50.0,99.99,DTP,76.4234,0.2413,SEA,18,CTYPE_02
CARRIER_02,PORT06,PORT02,100.0,299.99,DTP,76.4234,0.2293,SEA,18,CTYPE_02
CARRIER_02,PORT06,PORT02,300.0,499.99,DTP,76.4234,0.2178,SEA,18,CTYPE_02
CARRIER_02,PORT06,PORT02,500.0,999.99,DTP,76.4234,0.2069,SEA,18,CTYPE_02
CARRIER_02,PORT06,PORT02,1000.0,4999.99,DTP,76.4234,0.1966,SEA,18,CTYPE_02
CARRIER_02,PORT06,PORT02,5000.0,99999.99,DTP,76.4234,0.1867,SEA,18,CTYPE_02
CARRIER_02,PORT06,PORT02,0.0,4.99,CRF,76.4234,0.1483,SEA,18,CTYPE_02
CARRIER_02,PORT06,PORT02,5.0,9.99,CRF,76.4234,0.1409,SEA,18,CTYPE_02
CARRIER_02,PORT06,PORT02,10.0,24.99,CRF,76.4234,0.1339,SEA,18,CTYPE_02
CARRIER_02,PORT06,PORT02,25.0,49.99,CRF,76.4234,0.1272,SEA,18,CTYPE_02
CARRIER_02,PORT06,PORT02,50.0,99.99,CRF,76.4234,0.1208,SEA,18,CTYPE_02
CARRIER_02,PORT06,PORT02,100.0,299.99,CRF,76.4234,0.1148,SEA,18,CTYPE_02
CARRIER_02,PORT06,PORT02,300.0,499.99,CRF,76.4234,0.109,SEA,18,CTYPE_02
CARRIER_02,PORT06,PORT02,500.0,999.99,CRF,76.4234,0.1036,SEA,18,CTYPE_02
CARRIER_02,PORT06,PORT02,1000.0,4999.99,CRF,76.4234,0.0984,SEA,18,CTYPE_02
CARRIER_02,PORT06,PORT02,5000.0,99999.99,CRF,76.4234,0.0935,SEA,18,CTYPE_02
CARRIER_02,PORT06,PORT05,0.0,4.99,DTD,76.4234,0.046,SEA,18,CTYPE_02
CARRIER_02,PORT06,PORT05,5.0,9.99,DTD,76.4234,0.0437,SEA,18,CTYPE_02
CARRIER_02,PORT06,PORT05,10.0,24.99,DTD,76.4234,0.0415,SEA,18,CTYPE_02
CARRIER_02,PORT06,PORT05,25.0,49.99,DTD,76.4234,0.0394,SEA,18,CTYPE_02
CARRIER_02,PORT06,PORT05,50.0,99.99,DTD,76.4234,0.0375,SEA,18,CTYPE_02
CARRIER_02,PORT06,PORT05,100.0,299.99,DTD,76.4234,0.0356,SEA,18,CTYPE_02
CARRIER_02,PORT06,PORT05,300.0,499.99,DTD,76.4234,0.0338,SEA,18,CTYPE_02
CARRIER_02,PORT06,PORT05,500.0,999.99,DTD,76.4234,0.0321,SEA,18,CTYPE_02
CARRIER_02,PORT06,PORT05,1000.0,4999.99,DTD,76.4234,0.0305,SEA,18,CTYPE_02
CARRIER_02,PORT06,PORT05,5000.0,99999.99,DTD,76.4234,0.029,SEA,18,CTYPE_02
CARRIER_02,PORT06,PORT05,0.0,4.99,DTP,76.4234,0.1774,SEA,18,CTYPE_02
CARRIER_02,PORT06,PORT05,5.0,9.99,DTP,76.4234,0.1685,SEA,18,CTYPE_02
CARRIER_02,PORT06,PORT05,10.0,24.99,DTP,76.4234,0.1601,SEA,18,CTYPE_02
CARRIER_02,PORT06,PORT05,25.0,49.99,DTP,76.4234,0.1521,SEA,18,CTYPE_02
CARRIER_02,PORT06,PORT05,50.0,99.99,DTP,76.4234,0.1445,SEA,18,CTYPE_02
CARRIER_02,PORT06,PORT05,100.0,299.99,DTP,76.4234,0.1372,SEA,18,CTYPE_02
CARRIER_02,PORT06,PORT05,300.0,499.99,DTP,76.4234,0.1304,SEA,18,CTYPE_02
CARRIER_02,PORT06,PORT05,500.0,999.99,DTP,76.4234,0.1239,SEA,18,CTYPE_02
CARRIER_02,PORT06,PORT05,1000.0,4999.99,DTP,76.4234,0.1177,SEA,18,CTYPE_02
CARRIER_02,PORT06,PORT05,5000.0,99999.99,DTP,76.4234,0.1118,SEA,18,CTYPE_02
CARRIER_02,PORT06,PORT05,0.0,4.99,CRF,76.4234,0.0554,SEA,18,CTYPE_02
CARRIER_02,PORT06,PORT05,5.0,9.99,CRF,76.4234,0.0527,SEA,18,CTYPE_02
CARRIER_02,PORT06,PORT05,10.0,24.99,CRF,76.4234,0.05,SEA,18,CTYPE_02
CARRIER_02,PORT06,PORT05,25.0,49.99,CRF,76.4234,0.0475,SEA,18,CTYPE_02
CARRIER_02,PORT06,PORT05,50.0,99.99,CRF,76.4234,0.0452,SEA,18,CTYPE_02
CARRIER_02,PORT06,PORT05,100.0,299.99,CRF,76.4234,0.0429,SEA,18,CTYPE_02
CARRIER_02,PORT06,PORT05,300.0,499.99,CRF,76.4234,0.0408,SEA,18,CTYPE_02
CARRIER_02,PORT06,PORT05,500.0,999.99,CRF,76.4234,0.0387,SEA,18,CTYPE_02
CARRIER_02,PORT06,PORT05,1000.0,4999.99,CRF,76.4234,0.0368,SEA,18,CTYPE_02
CARRIER_02,PORT06,PORT05,5000.0,99999.99,CRF,76.4234,0.0349,SEA,18,CTYPE_02
CARRIER_02,PORT07,PORT02,0.0,4.99,DTD,76.4234,0.2304,SEA,18,CTYPE_02
CARRIER_02,PORT07,PORT02,5.0,9.99,DTD,76.4234,0.2189,SEA,18,CTYPE_02
CARRIER_02,PORT07,PORT02,10.0,24.99,DTD,76.4234,0.208,SEA,18,CTYPE_02
CARRIER_02,PORT07,PORT02,25.0,49.99,DTD,76.4234,0.1976,SEA,18,CTYPE_02
CARRIER_02,PORT07,PORT02,50.0,99.99,DTD,76.4234,0.1877,SEA,18,CTYPE_02
CARRIER_02,PORT07,PORT02,100.0,299.99,DTD,76.4234,0.1783,SEA,18,CTYPE_02
CARRIER_02,PORT07,PORT02,300.0,499.99,DTD,76.4234,0.1694,SEA,18,CTYPE_02
CARRIER_02,PORT07,PORT02,500.0,999.99,DTD,76.4234,0.1609,SEA,18,CTYPE_02
CARRIER_02,PORT07,PORT02,1000.0,4999.99,DTD,76.4234,0.1529,SEA,18,CTYPE_02
CARRIER_02,PORT07,PORT02,5000.0,99999.99,DTD,76.4234,0.1452,SEA,18,CTYPE_02
CARRIER_02,PORT07,PORT02,0.0,4.99,DTP,76.4234,0.1621,SEA,18,CTYPE_02
CARRIER_02,PORT07,PORT02,5.0,9.99,DTP,76.4234,0.154,SEA,18,CTYPE_02
CARRIER_02,PORT07,PORT02,10.0,24.99,DTP,76.4234,0.1463,SEA,18,CTYPE_02
CARRIER_02,PORT07,PORT02,25.0,49.99,DTP,76.4234,0.139,SEA,18,CTYPE_02
CARRIER_02,PORT07,PORT02,50.0,99.99,DTP,76.4234,0.1321,SEA,18,CTYPE_02
CARRIER_02,PORT07,PORT02,100.0,299.99,DTP,76.4234,0.1255,SEA,18,CTYPE_02
CARRIER_02,PORT07,PORT02,300.0,499.99,DTP,76.4234,0.1192,SEA,18,CTYPE_02
CARRIER_02,PORT07,PORT02,500.0,999.99,DTP,76.4234,0.1132,SEA,18,CTYPE_02
CARRIER_02,PORT07,PORT02,1000.0,4999.99,DTP,76.4234,0.1076,SEA,18,CTYPE_02
CARRIER_02,PORT07,PORT02,5000.0,99999.99,DTP,76.4234,0.1022,SEA,18,CTYPE_02
CARRIER_02,PORT07,PORT02,0.0,4.99,CRF,76.4234,0.2226,SEA,18,CTYPE_02
CARRIER_02,PORT07,PORT02,5.0,9.99,CRF,76.4234,0.2114,SEA,18,CTYPE_02
CARRIER_02,PORT07,PORT02,10.0,24.99,CRF,76.4234,0.2009,SEA,18,CTYPE_02
CARRIER_02,PORT07,PORT02,25.0,49.99,CRF,76.4234,0.1908,SEA,18,CTYPE_02
CARRIER_02,PORT07,PORT02,50.0,99.99,CRF,76.4234,0.1813,SEA,18,CTYPE_02
CARRIER_02,PORT07,PORT02,100.0,299.99,CRF,76.4234,0.1722,SEA,18,CTYPE_02
CARRIER_02,PORT07,PORT02,300.0,499.99,CRF,76.4234,0.1636,SEA,18,CTYPE_02
CARRIER_02,PORT07,PORT02,500.0,999.99,CRF,76.4234,0.1554,SEA,18,CTYPE_02
CARRIER_02,PORT07,PORT02,1000.0,4999.99,CRF,76.4234,0.1477,SEA,18,CTYPE_02
CARRIER_02,PORT07,PORT02,5000.0,99999.99,CRF,76.4234,0.1403,SEA,18,CTYPE_02
CARRIER_02,PORT07,PORT05,0.0,4.99,DTD,76.4234,0.2634,SEA,18,CTYPE_02
CARRIER_02,PORT07,PORT05,5.0,9.99,DTD,76.4234,0.2503,SEA,18,CTYPE_02
CARRIER_02,PORT07,PORT05,10.0,24.99,DTD,76.4234,0.2377,SEA,18,CTYPE_02
CARRIER_02,PORT07,PORT05,25.0,49.99,DTD,76.4234,0.2259,SEA,18,CTYPE_02
CARRIER_02,PORT07,PORT05,50.0,99.99,DTD,76.4234,0.2146,SEA,18,CTYPE_02
CARRIER_02,PORT07,PORT05,100.0,299.99,DTD,76.4234,0.2038,SEA,18,CTYPE_02
CARRIER_02,PORT07,PORT05,300.0,499.99,DTD,76.4234,0.1936,SEA,18,CTYPE_02
CARRIER_02,PORT07,PORT05,500.0,999.99,DTD,76.4234,0.184,SEA,18,CTYPE_02
CARRIER_02,PORT07,PORT05,1000.0,4999.99,DTD,76.4234,0.1748,SEA,18,CTYPE_02
CARRIER_02,PORT07,PORT05,5000.0,99999.99,DTD,76.4234,0.166,SEA,18,CTYPE_02
CARRIER_02,PORT07,PORT05,0.0,4.99,DTP,76.4234,0.1961,SEA,18,CTYPE_02
CARRIER_02,PORT07,PORT05,5.0,9.99,DTP,76.4234,0.1863,SEA,18,CTYPE_02
CARRIER_02,PORT07,PORT05,10.0,24.99,DTP,76.4234,0.177,SEA,18,CTYPE_02
CARRIER_02,PORT07,PORT05,25.0,49.99,DTP,76.4234,0.1681,SEA,18,CTYPE_02
CARRIER_02,PORT07,PORT05,50.0,99.99,DTP,76.4234,0.1597,SEA,18,CTYPE_02
CARRIER_02,PORT07,PORT05,100.0,299.99,DTP,76.4234,0.1517,SEA,18,CTYPE_02
CARRIER_02,PORT07,PORT05,300.0,499.99,DTP,76.4234,0.1442,SEA,18,CTYPE_02
CARRIER_02,PORT07,PORT05,500.0,999.99,DTP,76.4234,0.1369,SEA,18,CTYPE_02
CARRIER_02,PORT07,PORT05,1000.0,4999.99,DTP,76.4234,0.1301,SEA,18,CTYPE_02
CARRIER_02,PORT07,PORT05,5000.0,99999.99,DTP,76.4234,0.1236,SEA,18,CTYPE_02
CARRIER_02,PORT07,PORT05,0.0,4.99,CRF,76.4234,0.1915,SEA,18,CTYPE_02
CARRIER_02,PORT07,PORT05,5.0,9.99,CRF,76.4234,0.1819,SEA,18,CTYPE_02
CARRIER_02,PORT07,PORT05,10.0,24.99,CRF,76.4234,0.1728,SEA,18,CTYPE_02
CARRIER_02,PORT07,PORT05,25.0,49.99,CRF,76.4234,0.1642,SEA,18,CTYPE_02
CARRIER_02,PORT07,PORT05,50.0,99.99,CRF,76.4234,0.156,SEA,18,CTYPE_02
CARRIER_02,PORT07,PORT05,100.0,299.99,CRF,76.4234,0.1482,SEA,18,CTYPE_02
CARRIER_02,PORT07,PORT05,300.0,499.99,CRF,76.4234,0.1408,SEA,18,CTYPE_02
CARRIER_02,PORT07,PORT05,500.0,999.99,CRF,76.4234,0.1337,SEA,18,CTYPE_02
CARRIER_02,PORT07,PORT05,1000.0,4999.99,CRF,76.4234,0.127,SEA,18,CTYPE_02
CARRIER_02,PORT07,PORT05,5000.0,99999.99,CRF,76.4234,0.1207,SEA,18,CTYPE_02
CARRIER_02,PORT01,PORT02,0.0,4.99,DTD,76.4234,0.2313,SEA,18,CTYPE_02
CARRIER_02,PORT01,PORT02,5.0,9.99,DTD,76.4234,0.2197,SEA,18,CTYPE_02
CARRIER_02,PORT01,PORT02,10.0,24.99,DTD,76.4234,0.2087,SEA,18,CTYPE_02
CARRIER_02,PORT01,PORT02,25.0,49.99,DTD,76.4234,0.1983,SEA,18,CTYPE_02
CARRIER_02,PORT01,PORT02,50.0,99.99,DTD,76.4234,0.1884,SEA,18,CTYPE_02
CARRIER_02,PORT01,PORT02,100.0,299.99,DTD,76.4234,0.179,SEA,18,CTYPE_02
CARRIER_02,PORT01,PORT02,300.0,499.99,DTD,76.4234,0.17,SEA,18,CTYPE_02
CARRIER_02,PORT01,PORT02,500.0,999.99,DTD,76.4234,0.1615,SEA,18,CTYPE_02
CARRIER_02,PORT01,PORT02,1000.0,4999.99,DTD,76.4234,0.1534,SEA,18,CTYPE_02
CARRIER_02,PORT01,PORT02,5000.0,99999.99,DTD,76.4234,0.1458,SEA,18,CTYPE_02
CARRIER_02,PORT01,PORT02,0.0,4.99,DTP,76.4234,0.2559,SEA,18,CTYPE_02
CARRIER_02,PORT01,PORT02,5.0,9.99,DTP,76.4234,0.2431,SEA,18,CTYPE_02
CARRIER_02,PORT01,PORT02,10.0,24.99,DTP,76.4234,0.2309,SEA,18,CTYPE_02
CARRIER_02,PORT01,PORT02,25.0,49.99,DTP,76.4234,0.2194,SEA,18,CTYPE_02
CARRIER_02,PORT01,PORT02,50.0,99.99,DTP,76.4234,0.2084,SEA,18,CTYPE_02
CARRIER_02,PORT01,PORT02,100.0,299.99,DTP,76.4234,0.198,SEA,18,CTYPE_02
CARRIER_02,PORT01,PORT02,300.0,499.99,DTP,76.4234,0.1881,SEA,18,CTYPE_02
CARRIER_02,PORT01,PORT02,500.0,999.99,DTP,76.4234,0.1787,SEA,18,CTYPE_02
CARRIER_02,PORT01,PORT02,1000.0,4999.99,DTP,76.4234,0.1698,SEA,18,CTYPE_02
CARRIER_02,PORT01,PORT02,5000.0,99999.99,DTP,76.4234,0.1613,SEA,18,CTYPE_02
CARRIER_02,PORT01,PORT02,0.0,4.99,CRF,76.4234,0.2633,SEA,18,CTYPE_02
CARRIER_02,PORT01,PORT02,5.0,9.99,CRF,76.4234,0.2502,SEA,18,CTYPE_02
CARRIER_02,PORT01,PORT02,10.0,24.99,CRF,76.4234,0.2377,SEA,18,CTYPE_02
CARRIER_02,PORT01,PORT02,25.0,49.99,CRF,76.4234,0.2258,SEA,18,CTYPE_02
CARRIER_02,PORT01,PORT02,50.0,99.99,CRF,76.4234,0.2145,SEA,18,CTYPE_02
CARRIER_02,PORT01,PORT02,100.0,299.99,CRF,76.4234,0.2038,SEA,18,CTYPE_02
CARRIER_02,PORT01,PORT02,300.0,499.99,CRF,76.4234,0.1936,SEA,18,CTYPE_02
CARRIER_02,PORT01,PORT02,500.0,999.99,CRF,76.4234,0.1839,SEA,18,CTYPE_02
CARRIER_02,PORT01,PORT02,1000.0,4999.99,CRF,76.4234,0.1747,SEA,18,CTYPE_02
CARRIER_02,PORT01,PORT02,5000.0,99999.99,CRF,76.4234,0.166,SEA,18,CTYPE_02
CARRIER_02,PORT01,PORT05,0.0,4.99,DTD,76.4234,0.0302,SEA,18,CTYPE_02
CARRIER_02,PORT01,PORT05,5.0,9.99,DTD,76.4234,0.0287,SEA,18,CTYPE_02
CARRIER_02,PORT01,PORT05,10.0,24.99,DTD,76.4234,0.0273,SEA,18,CTYPE_02
CARRIER_02,PORT01,PORT05,25.0,49.99,DTD,76.4234,0.0259,SEA,18,CTYPE_02
CARRIER_02,PORT01,PORT05,50.0,99.99,DTD,76.4234,0.0246,SEA,18,CTYPE_02
CARRIER_02,PORT01,PORT05,100.0,299.99,DTD,76.4234,0.0234,SEA,18,CTYPE_02
CARRIER_02,PORT01,PORT05,300.0,499.99,DTD,76.4234,0.0222,SEA,18,CTYPE_02
CARRIER_02,PORT01,PORT05,500.0,999.99,DTD,76.4234,0.0211,SEA,18,CTYPE_02
CARRIER_02,PORT01,PORT05,1000.0,4999.99,DTD,76.4234,0.02,SEA,18,CTYPE_02
CARRIER_02,PORT01,PORT05,5000.0,99999.99,DTD,76.4234,0.019,SEA,18,CTYPE_02
CARRIER_02,PORT01,PORT05,0.0,4.99,DTP,76.4234,0.1757,SEA,18,CTYPE_02
CARRIER_02,PORT01,PORT05,5.0,9.99,DTP,76.4234,0.1669,SEA,18,CTYPE_02
CARRIER_02,PORT01,PORT05,10.0,24.99,DTP,76.4234,0.1586,SEA,18,CTYPE_02
CARRIER_02,PORT01,PORT05,25.0,49.99,DTP,76.4234,0.1507,SEA,18,CTYPE_02
CARRIER_02,PORT01,PORT05,50.0,99.99,DTP,76.4234,0.1431,SEA,18,CTYPE_02
CARRIER_02,PORT01,PORT05,100.0,299.99,DTP,76.4234,0.136,SEA,18,CTYPE_02
CARRIER_02,PORT01,PORT05,300.0,499.99,DTP,76.4234,0.1292,SEA,18,CTYPE_02
CARRIER_02,PORT01,PORT05,500.0,999.99,DTP,76.4234,0.1227,SEA,18,CTYPE_02
CARRIER_02,PORT01,PORT05,1000.0,4999.99,DTP,76.4234,0.1166,SEA,18,CTYPE_02
CARRIER_02,PORT01,PORT05,5000.0,99999.99,DTP,76.4234,0.1108,SEA,18,CTYPE_02
CARRIER_02,PORT01,PORT05,0.0,4.99,CRF,76.4234,0.0806,SEA,18,CTYPE_02
CARRIER_02,PORT01,PORT05,5.0,9.99,CRF,76.4234,0.0765,SEA,18,CTYPE_02
CARRIER_02,PORT01,PORT05,10.0,24.99,CRF,76.4234,0.0727,SEA,18,CTYPE_02
CARRIER_02,PORT01,PORT05,25.0,49.99,CRF,76.4234,0.0691,SEA,18,CTYPE_02
CARRIER_02,PORT01,PORT05,50.0,99.99,CRF,76.4234,0.0656,SEA,18,CTYPE_02
CARRIER_02,PORT01,PORT05,100.0,299.99,CRF,76.4234,0.0623,SEA,18,CTYPE_02
CARRIER_02,PORT01,PORT05,300.0,499.99,CRF,76.4234,0.0592,SEA,18,CTYPE_02
CARRIER_02,PORT01,PORT05,500.0,999.99,CRF,76.4234,0.0563,SEA,18,CTYPE_02
CARRIER_02,PORT01,PORT05,1000.0,4999.99,CRF,76.4234,0.0534,SEA,18,CTYPE_02
CARRIER_02,PORT01,PORT05,5000.0,99999.99,CRF,76.4234,0.0508,SEA,18,CTYPE_02
CARRIER_03,PORT08,PORT05,0.0,4.99,DTP,26.5086,0.3652,GROUND,3,CTYPE_03
CARRIER_03,PORT08,PORT05,5.0,9.99,DTP,26.5086,0.3469,GROUND,3,CTYPE_03
CARRIER_03,PORT08,PORT05,10.0,24.99,DTP,26.5086,0.3296,GROUND,3,CTYPE_03
CARRIER_03,PORT08,PORT05,25.0,49.99,DTP,26.5086,0.3131,GROUND,3,CTYPE_03
CARRIER_03,PORT08,PORT05,50.0,99.99,DTP,26.5086,0.2974,GROUND,3,CTYPE_03
CARRIER_03,PORT08,PORT05,100.0,299.99,DTP,26.5086,0.2826,GROUND,3,CTYPE_03
CARRIER_03,PORT08,PORT05,300.0,499.99,DTP,26.5086,0.2684,GROUND,3,CTYPE_03
CARRIER_03,PORT08,PORT05,500.0,999.99,DTP,26.5086,0.255,GROUND,3,CTYPE_03
CARRIER_03,PORT08,PORT05,1000.0,4999.99,DTP,26.5086,0.2423,GROUND,3,CTYPE_03
CARRIER_03,PORT08,PORT05,5000.0,99999.99,DTP,26.5086,0.2301,GROUND,3,CTYPE_03
CARRIER_03,PORT08,PORT05,0.0,4.99,CRF,26.5086,0.1911,GROUND,3,CTYPE_03
CARRIER_03,PORT08,PORT05,5.0,9.99,CRF,26.5086,0.1815,GROUND,3,CTYPE_03
CARRIER_03,PORT08,PORT05,10.0,24.99,CRF,26.5086,0.1724,GROUND,3,CTYPE_03
CARRIER_03,PORT08,PORT05,25.0,49.99,CRF,26.5086,0.1638,GROUND,3,CTYPE_03
CARRIER_03,PORT08,PORT05,50.0,99.99,CRF,26.5086,0.1556,GROUND,3,CTYPE_03
CARRIER_03,PORT08,PORT05,100.0,299.99,CRF,26.5086,0.1479,GROUND,3,CTYPE_03
CARRIER_03,PORT08,PORT05,300.0,499.99,CRF,26.5086,0.1405,GROUND,3,CTYPE_03
CARRIER_03,PORT08,PORT05,500.0,999.99,CRF,26.5086,0.1334,GROUND,3,CTYPE_03
CARRIER_03,PORT08,PORT05,1000.0,4999.99,CRF,26.5086,0.1268,GROUND,3,CTYPE_03
CARRIER_03,PORT08,PORT05,5000.0,99999.99,CRF,26.5086,0.1204,GROUND,3,CTYPE_03
CARRIER_03,PORT04,PORT05,0.0,4.99,DTP,26.5086,0.3043,GROUND,3,CTYPE_03
CARRIER_03,PORT04,PORT05,5.0,9.99,DTP,26.5086,0.2891,GROUND,3,CTYPE_03
CARRIER_03,PORT04,PORT05,10.0,24.99,DTP,26.5086,0.2746,GROUND,3,CTYPE_03
CARRIER_03,PORT04,PORT05,25.0,49.99,DTP,26.5086,0.2609,GROUND,3,CTYPE_03
CARRIER_03,PORT04,PORT05,50.0,99.99,DTP,26.5086,0.2478,GROUND,3,CTYPE_03
CARRIER_03,PORT04,PORT05,100.0,299.99,DTP,26.5086,0.2354,GROUND,3,CTYPE_03
CARRIER_03,PORT04,PORT05,300.0,499.99,DTP,26.5086,0.2237,GROUND,3,CTYPE_03
CARRIER_03,PORT04,PORT05,500.0,999.99,DTP,26.5086,0.2125,GROUND,3,CTYPE_03
CARRIER_03,PORT04,PORT05,1000.0,4999.99,DTP,26.5086,0.2019,GROUND,3,CTYPE_03
CARRIER_03,PORT04,PORT05,5000.0,99999.99,DTP,26.5086,0.1918,GROUND,3,CTYPE_03
CARRIER_03,PORT04,PORT05,0.0,4.99,CRF,26.5086,0.5778,GROUND,3,CTYPE_03
CARRIER_03,PORT04,PORT05,5.0,9.99,CRF,26.5086,0.5489,GROUND,3,CTYPE_03
CARRIER_03,PORT04,PORT05,10.0,24.99,CRF,26.5086,0.5215,GROUND,3,CTYPE_03
CARRIER_03,PORT04,PORT05,25.0,49.99,CRF,26.5086,0.4954,GROUND,3,CTYPE_03
CARRIER_03,PORT04,PORT05,50.0,99.99,CRF,26.5086,0.4706,GROUND,3,CTYPE_03
CARRIER_03,PORT04,PORT05,100.0,299.99,CRF,26.5086,0.4471,GROUND,3,CTYPE_03
CARRIER_03,PORT04,PORT05,300.0,499.99,CRF,26.5086,0.4248,GROUND,3,CTYPE_03
CARRIER_03,PORT04,PORT05,500.0,999.99,CRF,26.5086,0.4035,GROUND,3,CTYPE_03
CARRIER_03,PORT04,PORT05,1000.0,4999.99,CRF,26.5086,0.3833,GROUND,3,CTYPE_03
CARRIER_03,PORT04,PORT05,5000.0,99999.99,CRF,26.5086,0.3642,GROUND,3,CTYPE_03
CARRIER_03,PORT03,PORT05,0.0,4.99,DTP,26.5086,0.2033,GROUND,3,CTYPE_03
CARRIER_03,PORT03,PORT05,5.0,9.99,DTP,26.5086,0.1931,GROUND,3,CTYPE_03
CARRIER_03,PORT03,PORT05,10.0,24.99,DTP,26.5086,0.1835,GROUND,3,CTYPE_03
CARRIER_03,PORT03,PORT05,25.0,49.99,DTP,26.5086,0.1743,GROUND,3,CTYPE_03
CARRIER_03,PORT03,PORT05,50.0,99.99,DTP,26.5086,0.1656,GROUND,3,CTYPE_03
CARRIER_03,PORT03,PORT05,100.0,299.99,DTP,26.5086,0.1573,GROUND,3,CTYPE_03
CARRIER_03,PORT03,PORT05,300.0,499.99,DTP,26.5086,0.1494,GROUND,3,CTYPE_03
CARRIER_03,PORT03,PORT05,500.0,999.99,DTP,26.5086,0.142,GROUND,3,CTYPE_03
CARRIER_03,PORT03,PORT05,1000.0,4999.99,DTP,26.5086,0.1349,GROUND,3,CTYPE_03
CARRIER_03,PORT03,PORT05,5000.0,99999.99,DTP,26.5086,0.1281,GROUND,3,CTYPE_03
CARRIER_03,PORT03,PORT05,0.0,4.99,CRF,26.5086,0.1202,GROUND,3,CTYPE_03
CARRIER_03,PORT03,PORT05,5.0,9.99,CRF,26.5086,0.1142,GROUND,3,CTYPE_03
CARRIER_03,PORT03,PORT05,10.0,24.99,CRF,26.5086,0.1085,GROUND,3,CTYPE_03
CARRIER_03,PORT03,PORT05,25.0,49.99,CRF,26.5086,0.103,GROUND,3,CTYPE_03
CARRIER_03,PORT03,PORT05,50.0,99.99,CRF,26.5086,0.0979,GROUND,3,CTYPE_03
CARRIER_03,PORT03,PORT05,100.0,299.99,CRF,26.5086,0.093,GROUND,3,CTYPE_03
CARRIER_03,PORT03,PORT05,300.0,499.99,CRF,26.5086,0.0883,GROUND,3,CTYPE_03
CARRIER_03,PORT03,PORT05,500.0,999.99,CRF,26.5086,0.0839,GROUND,3,CTYPE_03
CARRIER_03,PORT03,PORT05,1000.0,4999.99,CRF,26.5086,0.0797,GROUND,3,CTYPE_03
CARRIER_03,PORT03,PORT05,5000.0,99999.99,CRF,26.5086,0.0757,GROUND,3,CTYPE_03
CARRIER_03,PORT02,PORT05,0.0,4.99,DTP,26.5086,0.716,GROUND,3,CTYPE_03
CARRIER_03,PORT02,PORT05,5.0,9.99,DTP,26.5086,0.6802,GROUND,3,CTYPE_03
CARRIER_03,PORT02,PORT05,10.0,24.99,DTP,26.5086,0.6462,GROUND,3,CTYPE_03
CARRIER_03,PORT02,PORT05,25.0,49.99,DTP,26.5086,0.6139,GROUND,3,CTYPE_03
CARRIER_03,PORT02,PORT05,50.0,99.99,DTP,26.5086,0.5832,GROUND,3,CTYPE_03
CARRIER_03,PORT02,PORT05,100.0,299.99,DTP,26.5086,0.554,GROUND,3,CTYPE_03
CARRIER_03,PORT02,PORT05,300.0,499.99,DTP,26.5086,0.5263,GROUND,3,CTYPE_03
CARRIER_03,PORT02,PORT05,500.0,999.99,DTP,26.5086,0.5,GROUND,3,CTYPE_03
CARRIER_03,PORT02,PORT05,1000.0,4999.99,DTP,26.5086,0.475,GROUND,3,CTYPE_03
CARRIER_03,PORT02,PORT05,5000.0,99999.99,DTP,26.5086,0.4513,GROUND,3,CTYPE_03
CARRIER_03,PORT02,PORT05,0.0,4.99,CRF,26.5086,0.6232,GROUND,3,CTYPE_03
CARRIER_03,PORT02,PORT05,5.0,9.99,CRF,26.5086,0.592,GROUND,3,CTYPE_03
CARRIER_03,PORT02,PORT05,10.0,24.99,CRF,26.5086,0.5624,GROUND,3,CTYPE_03
CARRIER_03,PORT02,PORT05,25.0,49.99,CRF,26.5086,0.5343,GROUND,3,CTYPE_03
CARRIER_03,PORT02,PORT05,50.0,99.99,CRF,26.5086,0.5076,GROUND,3,CTYPE_03
CARRIER_03,PORT02,PORT05,100.0,299.99,CRF,26.5086,0.4822,GROUND,3,CTYPE_03
CARRIER_03,PORT02,PORT05,300.0,499.99,CRF,26.5086,0.4581,GROUND,3,CTYPE_03
CARRIER_03,PORT02,PORT05,500.0,999.99,CRF,26.5086,0.4352,GROUND,3,CTYPE_03
CARRIER_03,PORT02,PORT05,1000.0,4999.99,CRF,26.5086,0.4134,GROUND,3,CTYPE_03
CARRIER_03,PORT02,PORT05,5000.0,99999.99,CRF,26.5086,0.3927,GROUND,3,CTYPE_03
CARRIER_03,PORT08,PORT05,0.0,4.99,DTD,47.9815,4.8743,AIR,2,CTYPE_03
CARRIER_03,PORT08,PORT05,5.0,9.99,DTD,47.9815,4.6306,AIR,2,CTYPE_03
CARRIER_03,PORT08,PORT05,10.0,24.99,DTD,47.9815,4.3991,AIR,2,CTYPE_03
CARRIER_03,PORT08,PORT05,25.0,49.99,DTD,47.9815,4.1791,AIR,2,CTYPE_03
CARRIER_03,PORT08,PORT05,50.0,99.99,DTD,47.9815,3.9702,AIR,2,CTYPE_03
CARRIER_03,PORT08,PORT05,100.0,299.99,DTD,47.9815,3.7717,AIR,2,CTYPE_03
CARRIER_03,PORT08,PORT05,300.0,499.99,DTD,47.9815,3.5831,AIR,2,CTYPE_03
CARRIER_03,PORT08,PORT05,500.0,999.99,DTD,47.9815,3.4039,AIR,2,CTYPE_03
CARRIER_03,PORT08,PORT05,1000.0,4999.99,DTD,47.9815,3.2337,AIR,2,CTYPE_03
CARRIER_03,PORT08,PORT05,5000.0,99999.99,DTD,47.9815,3.072,AIR,2,CTYPE_03
CARRIER_03,PORT08,PORT05,0.0,4.99,DTP,47.9815,3.6868,AIR,2,CTYPE_03
CARRIER_03,PORT08,PORT05,5.0,9.99,DTP,47.9815,3.5025,AIR,2,CTYPE_03
CARRIER_03,PORT08,PORT05,10.0,24.99,DTP,47.9815,3.3274,AIR,2,CTYPE_03
CARRIER_03,PORT08,PORT05,25.0,49.99,DTP,47.9815,3.161,AIR,2,CTYPE_03
CARRIER_03,PORT08,PORT05,50.0,99.99,DTP,47.9815,3.0029,AIR,2,CTYPE_03
CARRIER_03,PORT08,PORT05,100.0,299.99,DTP,47.9815,2.8528,AIR,2,CTYPE_03
CARRIER_03,PORT08,PORT05,300.0,499.99,DTP,47.9815,2.7102,AIR,2,CTYPE_03
CARRIER_03,PORT08,PORT05,500.0,999.99,DTP,47.9815,2.5747,AIR,2,CTYPE_03
CARRIER_03,PORT08,PORT05,1000.0,4999.99,DTP,47.9815,2.4459,AIR,2,CTYPE_03
CARRIER_03,PORT08,PORT05,5000.0,99999.99,DTP,47.9815,2.3236,AIR,2,CTYPE_03
CARRIER_03,PORT04,PORT05,0.0,4.99,DTD,47.9815,3.2473,AIR,2,CTYPE_03
CARRIER_03,PORT04,PORT05,5.0,9.99,DTD,47.9815,3.085,AIR,2,CTYPE_03
CARRIER_03,PORT04,PORT05,10.0,24.99,DTD,47.9815,2.9307,AIR,2,CTYPE_03
CARRIER_03,PORT04,PORT05,25.0,49.99,DTD,47.9815,2.7842,AIR,2,CTYPE_03
CARRIER_03,PORT04,PORT05,50.0,99.99,DTD,47.9815,2.645,AIR,2,CTYPE_03
CARRIER_03,PORT04,PORT05,100.0,299.99,DTD,47.9815,2.5127,AIR,2,CTYPE_03
CARRIER_03,PORT04,PORT05,300.0,499.99,DTD,47.9815,2.3871,AIR,2,CTYPE_03
CARRIER_03,PORT04,PORT05,500.0,999.99,DTD,47.9815,2.2677,AIR,2,CTYPE_03
CARRIER_03,PORT04,PORT05,1000.0,4999.99,DTD,47.9815,2.1544,AIR,2,CTYPE_03
CARRIER_03,PORT04,PORT05,5000.0,99999.99,DTD,47.9815,2.0466,AIR,2,CTYPE_03
CARRIER_03,PORT04,PORT05,0.0,4.99,DTP,47.9815,1.8843,AIR,2,CTYPE_03
CARRIER_03,PORT04,PORT05,5.0,9.99,DTP,47.9815,1.7901,AIR,2,CTYPE_03
CARRIER_03,PORT04,PORT05,10.0,24.99,DTP,47.9815,1.7006,AIR,2,CTYPE_03
CARRIER_03,PORT04,PORT05,25.0,49.99,DTP,47.9815,1.6156,AIR,2,CTYPE_03
CARRIER_03,PORT04,PORT05,50.0,99.99,DTP,47.9815,1.5348,AIR,2,CTYPE_03
CARRIER_03,PORT04,PORT05,100.0,299.99,DTP,47.9815,1.4581,AIR,2,CTYPE_03
CARRIER_03,PORT04,PORT05,300.0,499.99,DTP,47.9815,1.3852,AIR,2,CTYPE_03
CARRIER_03,PORT04,PORT05,500.0,999.99,DTP,47.9815,1.3159,AIR,2,CTYPE_03
CARRIER_03,PORT04,PORT05,1000.0,4999.99,DTP,47.9815,1.2501,AIR,2,CTYPE_03
CARRIER_03,PORT04,PORT05,5000.0,99999.99,DTP,47.9815,1.1876,AIR,2,CTYPE_03
CARRIER_03,PORT03,PORT05,0.0,4.99,DTD,47.9815,1.8461,AIR,2,CTYPE_03
CARRIER_03,PORT03,PORT05,5.0,9.99,DTD,47.9815,1.7538,AIR,2,CTYPE_03
CARRIER_03,PORT03,PORT05,10.0,24.99,DTD,47.9815,1.6661,AIR,2,CTYPE_03
CARRIER_03,PORT03,PORT05,25.0,49.99,DTD,47.9815,1.5828,AIR,2,CTYPE_03
CARRIER_03,PORT03,PORT05,50.0,99.99,DTD,47.9815,1.5036,AIR,2,CTYPE_03
CARRIER_03,PORT03,PORT05,100.0,299.99,DTD,47.9815,1.4284,AIR,2,CTYPE_03
CARRIER_03,PORT03,PORT05,300.0,499.99,DTD,47.9815,1.357,AIR,2,CTYPE_03
CARRIER_03,PORT03,PORT05,500.0,999.99,DTD,47.9815,1.2892,AIR,2,CTYPE_03
CARRIER_03,PORT03,PORT05,1000.0,4999.99,DTD,47.9815,1.2247,AIR,2,CTYPE_03
CARRIER_03,PORT03,PORT05,5000.0,99999.99,DTD,47.9815,1.1635,AIR,2,CTYPE_03
CARRIER_03,PORT03,PORT05,0.0,4.99,DTP,47.9815,0.6779,AIR,2,CTYPE_03
CARRIER_03,PORT03,PORT05,5.0,9.99,DTP,47.9815,0.644,AIR,2,CTYPE_03
CARRIER_03,PORT03,PORT05,10.0,24.99,DTP,47.9815,0.6118,AIR,2,CTYPE_03
CARRIER_03,PORT03,PORT05,25.0,49.99,DTP,47.9815,0.5812,AIR,2,CTYPE_03
CARRIER_03,PORT03,PORT05,50.0,99.99,DTP,47.9815,0.5521,AIR,2,CTYPE_03
CARRIER_03,PORT03,PORT05,100.0,299.99,DTP,47.9815,0.5245,AIR,2,CTYPE_03
CARRIER_03,PORT03,PORT05,300.0,499.99,DTP,47.9815,0.4983,AIR,2,CTYPE_03
CARRIER_03,PORT03,PORT05,500.0,999.99,DTP,47.9815,0.4734,AIR,2,CTYPE_03
CARRIER_03,PORT03,PORT05,1000.0,4999.99,DTP,47.9815,0.4497,AIR,2,CTYPE_03
CARRIER_03,PORT03,PORT05,5000.0,99999.99,DTP,47.9815,0.4272,AIR,2,CTYPE_03
CARRIER_03,PORT02,PORT05,0.0,4.99,DTD,47.9815,3.7782,AIR,2,CTYPE_03
CARRIER_03,PORT02,PORT05,5.0,9.99,DTD,47.9815,3.5893,AIR,2,CTYPE_03
CARRIER_03,PORT02,PORT05,10.0,24.99,DTD,47.9815,3.4098,AIR,2,CTYPE_03
CARRIER_03,PORT02,PORT05,25.0,49.99,DTD,47.9815,3.2393,AIR,2,CTYPE_03
CARRIER_03,PORT02,PORT05,50.0,99.99,DTD,47.9815,3.0773,AIR,2,CTYPE_03
CARRIER_03,PORT02,PORT05,100.0,299.99,DTD,47.9815,2.9235,AIR,2,CTYPE_03
CARRIER_03,PORT02,PORT05,300.0,499.99,DTD,47.9815,2.7773,AIR,2,CTYPE_03
CARRIER_03,PORT02,PORT05,500.0,999.99,DTD,47.9815,2.6384,AIR,2,CTYPE_03
CARRIER_03,PORT02,PORT05,1000.0,4999.99,DTD,47.9815,2.5065,AIR,2,CTYPE_03
CARRIER_03,PORT02,PORT05,5000.0,99999.99,DTD,47.9815,2.3812,AIR,2,CTYPE_03
CARRIER_03,PORT02,PORT05,0.0,4.99,DTP,47.9815,0.6943,AIR,2,CTYPE_03
CARRIER_03,PORT02,PORT05,5.0,9.99,DTP,47.9815,0.6596,AIR,2,CTYPE_03
CARRIER_03,PORT02,PORT05,10.0,24.99,DTP,47.9815,0.6266,AIR,2,CTYPE_03
CARRIER_03,PORT02,PORT05,25.0,49.99,DTP,47.9815,0.5953,AIR,2,CTYPE_03
CARRIER_03,PORT02,PORT05,50.0,99.99,DTP,47.9815,0.5655,AIR,2,CTYPE_03
CARRIER_03,PORT02,PORT05,100.0,299.99,DTP,47.9815,0.5372,AIR,2,CTYPE_03
CARRIER_03,PORT02,PORT05,300.0,499.99,DTP,47.9815,0.5104,AIR,2,CTYPE_03
CARRIER_03,PORT02,PORT05,500.0,999.99,DTP,47.9815,0.4848,AIR,2,CTYPE_03
CARRIER_03,PORT02,PORT05,1000.0,4999.99,DTP,47.9815,0.4606,AIR,2,CTYPE_03
CARRIER_03,PORT02,PORT05,5000.0,99999.99,DTP,47.9815,0.4376,AIR,2,CTYPE_03
CARRIER_04,PORT05,PORT01,0.0,4.99,DTP,5.1214,0.7617,GROUND,4,CTYPE_04
CARRIER_04,PORT05,PORT01,5.0,9.99,DTP,5.1214,0.7236,GROUND,4,CTYPE_04
CARRIER_04,PORT05,PORT01,10.0,24.99,DTP,5.1214,0.6874,GROUND,4,CTYPE_04
CARRIER_04,PORT05,PORT01,25.0,49.99,DTP,5.1214,0.653,GROUND,4,CTYPE_04
CARRIER_04,PORT05,PORT01,50.0,99.99,DTP,5.1214,0.6204,GROUND,4,CTYPE_04
CARRIER_04,PORT05,PORT01,100.0,299.99,DTP,5.1214,0.5894,GROUND,4,CTYPE_04
CARRIER_04,PORT05,PORT01,300.0,499.99,DTP,5.1214,0.5599,GROUND,4,CTYPE_04
CARRIER_04,PORT05,PORT01,500.0,999.99,DTP,5.1214,0.5319,GROUND,4,CTYPE_04
CARRIER_04,PORT05,PORT01,1000.0,4999.99,DTP,5.1214,0.5053,GROUND,4,CTYPE_04
CARRIER_04,PORT05,PORT01,5000.0,99999.99,DTP,5.1214,0.48,GROUND,4,CTYPE_04
CARRIER_04,PORT05,PORT01,0.0,4.99,CRF,5.1214,0.6174,GROUND,4,CTYPE_04
CARRIER_04,PORT05,PORT01,5.0,9.99,CRF,5.1214,0.5865,GROUND,4,CTYPE_04
CARRIER_04,PORT05,PORT01,10.0,24.99,CRF,5.1214,0.5572,GROUND,4,CTYPE_04
CARRIER_04,PORT05,PORT01,25.0,49.99,CRF,5.1214,0.5293,GROUND,4,CTYPE_04
CARRIER_04,PORT05,PORT01,50.0,99.99,CRF,5.1214,0.5029,GROUND,4,CTYPE_04
CARRIER_04,PORT05,PORT01,100.0,299.99,CRF,5.1214,0.4777,GROUND,4,CTYPE_04
CARRIER_04,PORT05,PORT01,300.0,499.99,CRF,5.1214,0.4538,GROUND,4,CTYPE_04
CARRIER_04,PORT05,PORT01,500.0,999.99,CRF,5.1214,0.4311,GROUND,4,CTYPE_04
CARRIER_04,PORT05,PORT01,1000.0,4999.99,CRF,5.1214,0.4096,GROUND,4,CTYPE_04
CARRIER_04,PORT05,PORT01,5000.0,99999.99,CRF,5.1214,0.3891,GROUND,4,CTYPE_04
CARRIER_04,PORT02,PORT01,0.0,4.99,DTP,5.1214,0.4037,GROUND,4,CTYPE_04
CARRIER_04,PORT02,PORT01,5.0,9.99,DTP,5.1214,0.3835,GROUND,4,CTYPE_04
CARRIER_04,PORT02,PORT01,10.0,24.99,DTP,5.1214,0.3644,GROUND,4,CTYPE_04
CARRIER_04,PORT02,PORT01,25.0,49.99,DTP,5.1214,0.3461,GROUND,4,CTYPE_04
CARRIER_04,PORT02,PORT01,50.0,99.99,DTP,5.1214,0.3288,GROUND,4,CTYPE_04
CARRIER_04,PORT02,PORT01,100.0,299.99,DTP,5.1214,0.3124,GROUND,4,CTYPE_04
CARRIER_04,PORT02,PORT01,300.0,499.99,DTP,5.1214,0.2968,GROUND,4,CTYPE_04
CARRIER_04,PORT02,PORT01,500.0,999.99,DTP,5.1214,0.2819,GROUND,4,CTYPE_04
CARRIER_04,PORT02,PORT01,1000.0,4999.99,DTP,5.1214,0.2678,GROUND,4,CTYPE_04
CARRIER_04,PORT02,PORT01,5000.0,99999.99,DTP,5.1214,0.2545,GROUND,4,CTYPE_04
CARRIER_04,PORT02,PORT01,0.0,4.99,CRF,5.1214,0.4145,GROUND,4,CTYPE_04
CARRIER_04,PORT02,PORT01,5.0,9.99,CRF,5.1214,0.3938,GROUND,4,CTYPE_04
CARRIER_04,PORT02,PORT01,10.0,24.99,CRF,5.1214,0.3741,GROUND,4,CTYPE_04
CARRIER_04,PORT02,PORT01,25.0,49.99,CRF,5.1214,0.3554,GROUND,4,CTYPE_04
CARRIER_04,PORT02,PORT01,50.0,99.99,CRF,5.1214,0.3376,GROUND,4,CTYPE_04
CARRIER_04,PORT02,PORT01,100.0,299.99,CRF,5.1214,0.3208,GROUND,4,CTYPE_04
CARRIER_04,PORT02,PORT01,300.0,499.99,CRF,5.1214,0.3047,GROUND,4,CTYPE_04
CARRIER_04,PORT02,PORT01,500.0,999.99,CRF,5.1214,0.2895,GROUND,4,CTYPE_04
CARRIER_04,PORT02,PORT01,1000.0,4999.99,CRF,5.1214,0.275,GROUND,4,CTYPE_04
CARRIER_04,PORT02,PORT01,5000.0,99999.99,CRF,5.1214,0.2613,GROUND,4,CTYPE_04
CARRIER_04,PORT05,PORT01,0.0,4.99,DTD,246.2614,0.1661,SEA,14,CTYPE_04
CARRIER_04,PORT05,PORT01,5.0,9.99,DTD,246.2614,0.1578,SEA,14,CTYPE_04
CARRIER_04,PORT05,PORT01,10.0,24.99,DTD,246.2614,0.1499,SEA,14,CTYPE_04
CARRIER_04,PORT05,PORT01,25.0,49.99,DTD,246.2614,0.1424,SEA,14,CTYPE_04
CARRIER_04,PORT05,PORT01,50.0,99.99,DTD,246.2614,0.1353,SEA,14,CTYPE_04
CARRIER_04,PORT05,PORT01,100.0,299.99,DTD,246.2614,0.1285,SEA,14,CTYPE_04
CARRIER_04,PORT05,PORT01,300.0,499.99,DTD,246.2614,0.1221,SEA,14,CTYPE_04
CARRIER_04,PORT05,PORT01,500.0,999.99,DTD,246.2614,0.116,SEA,14,CTYPE_04
CARRIER_04,PORT05,PORT01,1000.0,4999.99,DTD,246.2614,0.1102,SEA,14,CTYPE_04
CARRIER_04,PORT05,PORT01,5000.0,99999.99,DTD,246.2614,0.1047,SEA,14,CTYPE_04
CARRIER_04,PORT05,PORT01,0.0,4.99,DTP,246.2614,0.1407,SEA,14,CTYPE_04
CARRIER_04,PORT05,PORT01,5.0,9.99,DTP,246.2614,0.1337,SEA,14,CTYPE_04
CARRIER_04,PORT05,PORT01,10.0,24.99,DTP,246.2614,0.127,SEA,14,CTYPE_04
CARRIER_04,PORT05,PORT01,25.0,49.99,DTP,246.2614,0.1207,SEA,14,CTYPE_04
CARRIER_04,PORT05,PORT01,50.0,99.99,DTP,246.2614,0.1146,SEA,14,CTYPE_04
CARRIER_04,PORT05,PORT01,100.0,299.99,DTP,246.2614,0.1089,SEA,14,CTYPE_04
CARRIER_04,PORT05,PORT01,300.0,499.99,DTP,246.2614,0.1034,SEA,14,CTYPE_04
CARRIER_04,PORT05,PORT01,500.0,999.99,DTP,246.2614,0.0983,SEA,14,CTYPE_04
CARRIER_04,PORT05,PORT01,1000.0,4999.99,DTP,246.2614,0.0934,SEA,14,CTYPE_04
CARRIER_04,PORT05,PORT01,5000.0,99999.99,DTP,246.2614,0.0887,SEA,14,CTYPE_04
CARRIER_04,PORT05,PORT01,0.0,4.99,CRF,246.2614,0.1875,SEA,14,CTYPE_04
CARRIER_04,PORT05,PORT01,5.0,9.99,CRF,246.2614,0.1781,SEA,14,CTYPE_04
CARRIER_04,PORT05,PORT01,10.0,24.99,CRF,246.2614,0.1692,SEA,14,CTYPE_04
CARRIER_04,PORT05,PORT01,25.0,49.99,CRF,246.2614,0.1607,SEA,14,CTYPE_04
CARRIER_04,PORT05,PORT01,50.0,99.99,CRF,246.2614,0.1527,SEA,14,CTYPE_04
CARRIER_04,PORT05,PORT01,100.0,299.99,CRF,246.2614,0.1451,SEA,14,CTYPE_04
CARRIER_04,PORT05,PORT01,300.0,499.99,CRF,246.2614,0.1378,SEA,14,CTYPE_04
CARRIER_04,PORT05,PORT01,500.0,999.99,CRF,246.2614,0.1309,SEA,14,CTYPE_04
CARRIER_04,PORT05,PORT01,1000.0,4999.99,CRF,246.2614,0.1244,SEA,14,CTYPE_04
CARRIER_04,PORT05,PORT01,5000.0,99999.99,CRF,246.2614,0.1182,SEA,14,CTYPE_04
CARRIER_04,PORT02,PORT01,0.0,4.99,DTD,246.2614,0.2715,SEA,14,CTYPE_04
CARRIER_04,PORT02,PORT01,5.0,9.99,DTD,246.2614,0.2579,SEA,14,CTYPE_04
CARRIER_04,PORT02,PORT01,10.0,24.99,DTD,246.2614,0.245,SEA,14,CTYPE_04
CARRIER_04,PORT02,PORT01,25.0,49.99,DTD,246.2614,0.2328,SEA,14,CTYPE_04
CARRIER_04,PORT02,PORT01,50.0,99.99,DTD,246.2614,0.2211,SEA,14,CTYPE_04
CARRIER_04,PORT02,PORT01,100.0,299.99,DTD,246.2614,0.2101,SEA,14,CTYPE_04
CARRIER_04,PORT02,PORT01,300.0,499.99,DTD,246.2614,0.1996,SEA,14,CTYPE_04
CARRIER_04,PORT02,PORT01,500.0,999.99,DTD,246.2614,0.1896,SEA,14,CTYPE_04
CARRIER_04,PORT02,PORT01,1000.0,4999.99,DTD,246.2614,0.1801,SEA,14,CTYPE_04
CARRIER_04,PORT02,PORT01,5000.0,99999.99,DTD,246.2614,0.1711,SEA,14,CTYPE_04
CARRIER_04,PORT02,PORT01,0.0,4.99,DTP,246.2614,0.2986,SEA,14,CTYPE_04
CARRIER_04,PORT02,PORT01,5.0,9.99,DTP,246.2614,0.2837,SEA,14,CTYPE_04
CARRIER_04,PORT02,PORT01,10.0,24.99,DTP,246.2614,0.2695,SEA,14,CTYPE_04
CARRIER_04,PORT02,PORT01,25.0,49.99,DTP,246.2614,0.256,SEA,14,CTYPE_04
CARRIER_04,PORT02,PORT01,50.0,99.99,DTP,246.2614,0.2432,SEA,14,CTYPE_04
CARRIER_04,PORT02,PORT01,100.0,299.99,DTP,246.2614,0.2311,SEA,14,CTYPE_04
CARRIER_04,PORT02,PORT01,300.0,499.99,DTP,246.2614,0.2195,SEA,14,CTYPE_04
CARRIER_04,PORT02,PORT01,500.0,999.99,DTP,246.2614,0.2085,SEA,14,CTYPE_04
CARRIER_04,PORT02,PORT01,1000.0,4999.99,DTP,246.2614,0.1981,SEA,14,CTYPE_04
CARRIER_04,PORT02,PORT01,5000.0,99999.99,DTP,246.2614,0.1882,SEA,14,CTYPE_04
CARRIER_04,PORT02,PORT01,0.0,4.99,CRF,246.2614,0.042,SEA,14,CTYPE_04
CARRIER_04,PORT02,PORT01,5.0,9.99,CRF,246.2614,0.0399,SEA,14,CTYPE_04
CARRIER_04,PORT02,PORT01,10.0,24.99,CRF,246.2614,0.0379,SEA,14,CTYPE_04
CARRIER_04,PORT02,PORT01,25.0,49.99,CRF,246.2614,0.0361,SEA,14,CTYPE_04
CARRIER_04,PORT02,PORT01,50.0,99.99,CRF,246.2614,0.0342,SEA,14,CTYPE_04
CARRIER_04,PORT02,PORT01,100.0,299.99,CRF,246.2614,0.0325,SEA,14,CTYPE_04
CARRIER_04,PORT02,PORT01,300.0,499.99,CRF,246.2614,0.0309,SEA,14,CTYPE_04
CARRIER_04,PORT02,PORT01,500.0,999.99,CRF,246.2614,0.0294,SEA,14,CTYPE_04
CARRIER_04,PORT02,PORT01,1000.0,4999.99,CRF,246.2614,0.0279,SEA,14,CTYPE_04
CARRIER_04,PORT02,PORT01,5000.0,99999.99,CRF,246.2614,0.0265,SEA,14,CTYPE_04
CARRIER_05,PORT06,PORT01,0.0,4.99,DTP,14.6171,0.3141,GROUND,3,CTYPE_05
CARRIER_05,PORT06,PORT01,5.0,9.99,DTP,14.6171,0.2984,GROUND,3,CTYPE_05
CARRIER_05,PORT06,PORT01,10.0,24.99,DTP,14.6171,0.2835,GROUND,3,CTYPE_05
CARRIER_05,PORT06,PORT01,25.0,49.99,DTP,14.6171,0.2693,GROUND,3,CTYPE_05
CARRIER_05,PORT06,PORT01,50.0,99.99,DTP,14.6171,0.2558,GROUND,3,CTYPE_05
CARRIER_05,PORT06,PORT01,100.0,299.99,DTP,14.6171,0.243,GROUND,3,CTYPE_05
CARRIER_05,PORT06,PORT01,300.0,499.99,DTP,14.6171,0.2309,GROUND,3,CTYPE_05
CARRIER_05,PORT06,PORT01,500.0,999.99,DTP,14.6171,0.2193,GROUND,3,CTYPE_05
CARRIER_05,PORT06,PORT01,1000.0,4999.99,DTP,14.6171,0.2084,GROUND,3,CTYPE_05
CARRIER_05,PORT06,PORT01,5000.0,99999.99,DTP,14.6171,0.198,GROUND,3,CTYPE_05
CARRIER_05,PORT06,PORT01,0.0,4.99,CRF,14.6171,0.2656,GROUND,3,CTYPE_05
CARRIER_05,PORT06,PORT01,5.0,9.99,CRF,14.6171,0.2523,GROUND,3,CTYPE_05
CARRIER_05,PORT06,PORT01,10.0,24.99,CRF,14.6171,0.2397,GROUND,3,CTYPE_05
CARRIER_05,PORT06,PORT01,25.0,49.99,CRF,14.6171,0.2277,GROUND,3,CTYPE_05
CARRIER_05,PORT06,PORT01,50.0,99.99,CRF,14.6171,0.2163,GROUND,3,CTYPE_05
CARRIER_05,PORT06,PORT01,100.0,299.99,CRF,14.6171,0.2055,GROUND,3,CTYPE_05
CARRIER_05,PORT06,PORT01,300.0,499.99,CRF,14.6171,0.1952,GROUND,3,CTYPE_05
CARRIER_05,PORT06,PORT01,500.0,999.99,CRF,14.6171,0.1855,GROUND,3,CTYPE_05
CARRIER_05,PORT06,PORT01,1000.0,4999.99,CRF,14.6171,0.1762,GROUND,3,CTYPE_05
CARRIER_05,PORT06,PORT01,5000.0,99999.99,CRF,14.6171,0.1674,GROUND,3,CTYPE_05
CARRIER_05,PORT06,PORT03,0.0,4.99,DTP,14.6171,0.1809,GROUND,3,CTYPE_05
CARRIER_05,PORT06,PORT03,5.0,9.99,DTP,14.6171,0.1719,GROUND,3,CTYPE_05
CARRIER_05,PORT06,PORT03,10.0,24.99,DTP,14.6171,0.1633,GROUND,3,CTYPE_05
CARRIER_05,PORT06,PORT03,25.0,49.99,DTP,14.6171,0.1551,GROUND,3,CTYPE_05
CARRIER_05,PORT06,PORT03,50.0,99.99,DTP,14.6171,0.1473,GROUND,3,CTYPE_05
CARRIER_05,PORT06,PORT03,100.0,299.99,DTP,14.6171,0.14,GROUND,3,CTYPE_05
CARRIER_05,PORT06,PORT03,300.0,499.99,DTP,14.6171,0.133,GROUND,3,CTYPE_05
CARRIER_05,PORT06,PORT03,500.0,999.99,DTP,14.6171,0.1263,GROUND,3,CTYPE_05
CARRIER_05,PORT06,PORT03,1000.0,4999.99,DTP,14.6171,0.12,GROUND,3,CTYPE_05
CARRIER_05,PORT06,PORT03,5000.0,99999.99,DTP,14.6171,0.114,GROUND,3,CTYPE_05
CARRIER_05,PORT06,PORT03,0.0,4.99,CRF,14.6171,0.6231,GROUND,3,CTYPE_05
CARRIER_05,PORT06,PORT03,5.0,9.99,CRF,14.6171,0.5919,GROUND,3,CTYPE_05
CARRIER_05,PORT06,PORT03,10.0,24.99,CRF,14.6171,0.5623,GROUND,3,CTYPE_05
CARRIER_05,PORT06,PORT03,25.0,49.99,CRF,14.6171,0.5342,GROUND,3,CTYPE_05
CARRIER_05,PORT06,PORT03,50.0,99.99,CRF,14.6171,0.5075,GROUND,3,CTYPE_05
CARRIER_05,PORT06,PORT03,100.0,299.99,CRF,14.6171,0.4821,GROUND,3,CTYPE_05
CARRIER_05,PORT06,PORT03,300.0,499.99,CRF,14.6171,0.458,GROUND,3,CTYPE_05
CARRIER_05,PORT06,PORT03,500.0,999.99,CRF,14.6171,0.4351,GROUND,3,CTYPE_05
CARRIER_05,PORT06,PORT03,1000.0,4999.99,CRF,14.6171,0.4133,GROUND,3,CTYPE_05
CARRIER_05,PORT06,PORT03,5000.0,99999.99,CRF,14.6171,0.3927,GROUND,3,CTYPE_05
CARRIER_06,PORT05,PORT08,0.0,4.99,DTD,273.3299,0.0291,SEA,18,CTYPE_06
CARRIER_06,PORT05,PORT08,5.0,9.99,DTD,273.3299,0.0277,SEA,18,CTYPE_06
CARRIER_06,PORT05,PORT08,10.0,24.99,DTD,273.3299,0.0263,SEA,18,CTYPE_06
CARRIER_06,PORT05,PORT08,25.0,49.99,DTD,273.3299,0.025,SEA,18,CTYPE_06
CARRIER_06,PORT05,PORT08,50.0,99.99,DTD,273.3299,0.0237,SEA,18,CTYPE_06
CARRIER_06,PORT05,PORT08,100.0,299.99,DTD,273.3299,0.0225,SEA,18,CTYPE_06
CARRIER_06,PORT05,PORT08,300.0,499.99,DTD,273.3299,0.0214,SEA,18,CTYPE_06
CARRIER_06,PORT05,PORT08,500.0,999.99,DTD,273.3299,0.0203,SEA,18,CTYPE_06
CARRIER_06,PORT05,PORT08,1000.0,4999.99,DTD,273.3299,0.0193,SEA,18,CTYPE_06
CARRIER_06,PORT05,PORT08,5000.0,99999.99,DTD,273.3299,0.0184,SEA,18,CTYPE_06
CARRIER_06,PORT05,PORT08,0.0,4.99,DTP,273.3299,0.0388,SEA,18,CTYPE_06
CARRIER_06,PORT05,PORT08,5.0,9.99,DTP,273.3299,0.0368,SEA,18,CTYPE_06
CARRIER_06,PORT05,PORT08,10.0,24.99,DTP,273.3299,0.035,SEA,18,CTYPE_06
CARRIER_06,PORT05,PORT08,25.0,49.99,DTP,273.3299,0.0332,SEA,18,CTYPE_06
CARRIER_06,PORT05,PORT08,50.0,99.99,DTP,273.3299,0.0316,SEA,18,CTYPE_06
CARRIER_06,PORT05,PORT08,100.0,299.99,DTP,273.3299,0.03,SEA,18,CTYPE_06
CARRIER_06,PORT05,PORT08,300.0,499.99,DTP,273.3299,0.0285,SEA,18,CTYPE_06
CARRIER_06,PORT05,PORT08,500.0,999.99,DTP,273.3299,0.0271,SEA,18,CTYPE_06
CARRIER_06,PORT05,PORT08,1000.0,4999.99,DTP,273.3299,0.0257,SEA,18,CTYPE_06
CARRIER_06,PORT05,PORT08,5000.0,99999.99,DTP,273.3299,0.0244,SEA,18,CTYPE_06
CARRIER_06,PORT05,PORT08,0.0,4.99,CRF,273.3299,0.1329,SEA,18,CTYPE_06
CARRIER_06,PORT05,PORT08,5.0,9.99,CRF,273.3299,0.1263,SEA,18,CTYPE_06
CARRIER_06,PORT05,PORT08,10.0,24.99,CRF,273.3299,0.12,SEA,18,CTYPE_06
CARRIER_06,PORT05,PORT08,25.0,49.99,CRF,273.3299,0.114,SEA,18,CTYPE_06
CARRIER_06,PORT05,PORT08,50.0,99.99,CRF,273.3299,0.1083,SEA,18,CTYPE_06
CARRIER_06,PORT05,PORT08,100.0,299.99,CRF,273.3299,0.1028,SEA,18,CTYPE_06
CARRIER_06,PORT05,PORT08,300.0,499.99,CRF,273.3299,0.0977,SEA,18,CTYPE_06
CARRIER_06,PORT05,PORT08,500.0,999.99,CRF,273.3299,0.0928,SEA,18,CTYPE_06
CARRIER_06,PORT05,PORT08,1000.0,4999.99,CRF,273.3299,0.0882,SEA,18,CTYPE_06
CARRIER_06,PORT05,PORT08,5000.0,99999.99,CRF,273.3299,0.0838,SEA,18,CTYPE_06
CARRIER_06,PORT05,PORT04,0.0,4.99,DTD,273.3299,0.0425,SEA,18,CTYPE_06
CARRIER_06,PORT05,PORT04,5.0,9.99,DTD,273.3299,0.0404,SEA,18,CTYPE_06
CARRIER_06,PORT05,PORT04,10.0,24.99,DTD,273.3299,0.0383,SEA,18,CTYPE_06
CARRIER_06,PORT05,PORT04,25.0,49.99,DTD,273.3299,0.0364,SEA,18,CTYPE_06
CARRIER_06,PORT05,PORT04,50.0,99.99,DTD,273.3299,0.0346,SEA,18,CTYPE_06
CARRIER_06,PORT05,PORT04,100.0,299.99,DTD,273.3299,0.0329,SEA,18,CTYPE_06
CARRIER_06,PORT05,PORT04,300.0,499.99,DTD,273.3299,0.0312,SEA,18,CTYPE_06
CARRIER_06,PORT05,PORT04,500.0,999.99,DTD,273.3299,0.0297,SEA,18,CTYPE_06
CARRIER_06,PORT05,PORT04,1000.0,4999.99,DTD,273.3299,0.0282,SEA,18,CTYPE_06
CARRIER_06,PORT05,PORT04,5000.0,99999.99,DTD,273.3299,0.0268,SEA,18,CTYPE_06
CARRIER_06,PORT05,PORT04,0.0,4.99,DTP,273.3299,0.0936,SEA,18,CTYPE_06
CARRIER_06,PORT05,PORT04,5.0,9.99,DTP,273.3299,0.0889,SEA,18,CTYPE_06
CARRIER_06,PORT05,PORT04,10.0,24.99,DTP,273.3299,0.0844,SEA,18,CTYPE_06
CARRIER_06,PORT05,PORT04,25.0,49.99,DTP,273.3299,0.0802,SEA,18,CTYPE_06
CARRIER_06,PORT05,PORT04,50.0,99.99,DTP,273.3299,0.0762,SEA,18,CTYPE_06
CARRIER_06,PORT05,PORT04,100.0,299.99,DTP,273.3299,0.0724,SEA,18,CTYPE_06
CARRIER_06,PORT05,PORT04,300.0,499.99,DTP,273.3299,0.0688,SEA,18,CTYPE_06
CARRIER_06,PORT05,PORT04,500.0,999.99,DTP,273.3299,0.0653,SEA,18,CTYPE_06
CARRIER_06,PORT05,PORT04,1000.0,4999.99,DTP,273.3299,0.0621,SEA,18,CTYPE_06
CARRIER_06,PORT05,PORT04,5000.0,99999.99,DTP,273.3299,0.059,SEA,18,CTYPE_06
CARRIER_06,PORT05,PORT04,0.0,4.99,CRF,273.3299,0.2961,SEA,18,CTYPE_06
CARRIER_06,PORT05,PORT04,5.0,9.99,CRF,273.3299,0.2813,SEA,18,CTYPE_06
CARRIER_06,PORT05,PORT04,10.0,24.99,CRF,273.3299,0.2672,SEA,18,CTYPE_06
CARRIER_06,PORT05,PORT04,25.0,49.99,CRF,273.3299,0.2539,SEA,18,CTYPE_06
CARRIER_06,PORT05,PORT04,50.0,99.99,CRF,273.3299,0.2412,SEA,18,CTYPE_06
CARRIER_06,PORT05,PORT04,100.0,299.99,CRF,273.3299,0.2291,SEA,18,CTYPE_06
CARRIER_06,PORT05,PORT04,300.0,499.99,CRF,273.3299,0.2177,SEA,18,CTYPE_06
CARRIER_06,PORT05,PORT04,500.0,999.99,CRF,273.3299,0.2068,SEA,18,CTYPE_06
CARRIER_06,PORT05,PORT04,1000.0,4999.99,CRF,273.3299,0.1964,SEA,18,CTYPE_06
CARRIER_06,PORT05,PORT04,5000.0,99999.99,CRF,273.3299,0.1866,SEA,18,CTYPE_06
CARRIER_06,PORT05,PORT03,0.0,4.99,DTD,273.3299,0.0785,SEA,18,CTYPE_06
CARRIER_06,PORT05,PORT03,5.0,9.99,DTD,273.3299,0.0746,SEA,18,CTYPE_06
CARRIER_06,PORT05,PORT03,10.0,24.99,DTD,273.3299,0.0709,SEA,18,CTYPE_06
CARRIER_06,PORT05,PORT03,25.0,49.99,DTD,273.3299,0.0673,SEA,18,CTYPE_06
CARRIER_06,PORT05,PORT03,50.0,99.99,DTD,273.3299,0.0639,SEA,18,CTYPE_06
CARRIER_06,PORT05,PORT03,100.0,299.99,DTD,273.3299,0.0607,SEA,18,CTYPE_06
CARRIER_06,PORT05,PORT03,300.0,499.99,DTD,273.3299,0.0577,SEA,18,CTYPE_06
CARRIER_06,PORT05,PORT03,500.0,999.99,DTD,273.3299,0.0548,SEA,18,CTYPE_06
CARRIER_06,PORT05,PORT03,1000.0,4999.99,DTD,273.3299,0.0521,SEA,18,CTYPE_06
CARRIER_06,PORT05,PORT03,5000.0,99999.99,DTD,273.3299,0.0495,SEA,18,CTYPE_06
CARRIER_06,PORT05,PORT03,0.0,4.99,DTP,273.3299,0.0755,SEA,18,CTYPE_06
CARRIER_06,PORT05,PORT03,5.0,9.99,DTP,273.3299,0.0717,SEA,18,CTYPE_06
CARRIER_06,PORT05,PORT03,10.0,24.99,DTP,273.3299,0.0681,SEA,18,CTYPE_06
CARRIER_06,PORT05,PORT03,25.0,49.99,DTP,273.3299,0.0647,SEA,18,CTYPE_06
CARRIER_06,PORT05,PORT03,50.0,99.99,DTP,273.3299,0.0615,SEA,18,CTYPE_06
CARRIER_06,PORT05,PORT03,100.0,299.99,DTP,273.3299,0.0584,SEA,18,CTYPE_06
CARRIER_06,PORT05,PORT03,300.0,499.99,DTP,273.3299,0.0555,SEA,18,CTYPE_06
CARRIER_06,PORT05,PORT03,500.0,999.99,DTP,273.3299,0.0527,SEA,18,CTYPE_06
CARRIER_06,PORT05,PORT03,1000.0,4999.99,DTP,273.3299,0.0501,SEA,18,CTYPE_06
CARRIER_06,PORT05,PORT03,5000.0,99999.99,DTP,273.3299,0.0476,SEA,18,CTYPE_06
CARRIER_06,PORT05,PORT03,0.0,4.99,CRF,273.3299,0.1806,SEA,18,CTYPE_06
CARRIER_06,PORT05,PORT03,5.0,9.99,CRF,273.3299,0.1716,SEA,18,CTYPE_06
CARRIER_06,PORT05,PORT03,10.0,24.99,CRF,273.3299,0.163,SEA,18,CTYPE_06
CARRIER_06,PORT05,PORT03,25.0,49.99,CRF,273.3299,0.1549,SEA,18,CTYPE_06
CARRIER_06,PORT05,PORT03,50.0,99.99,CRF,273.3299,0.1471,SEA,18,CTYPE_06
CARRIER_06,PORT05,PORT03,100.0,299.99,CRF,273.3299,0.1398,SEA,18,CTYPE_06
CARRIER_06,PORT05,PORT03,300.0,499.99,CRF,273.3299,0.1328,SEA,18,CTYPE_06
CARRIER_06,PORT05,PORT03,500.0,999.99,CRF,273.3299,0.1261,SEA,18,CTYPE_06
CARRIER_06,PORT05,PORT03,1000.0,4999.99,CRF,273.3299,0.1198,SEA,18,CTYPE_06
CARRIER_06,PORT05,PORT03,5000.0,99999.99,CRF,273.3299,0.1138,SEA,18,CTYPE_06
CARRIER_06,PORT01,PORT08,0.0,4.99,DTD,273.3299,0.1594,SEA,18,CTYPE_06
CARRIER_06,PORT01,PORT08,5.0,9.99,DTD,273.3299,0.1515,SEA,18,CTYPE_06
CARRIER_06,PORT01,PORT08,10.0,24.99,DTD,273.3299,0.1439,SEA,18,CTYPE_06
CARRIER_06,PORT01,PORT08,25.0,49.99,DTD,273.3299,0.1367,SEA,18,CTYPE_06
CARRIER_06,PORT01,PORT08,50.0,99.99,DTD,273.3299,0.1299,SEA,18,CTYPE_06
CARRIER_06,PORT01,PORT08,100.0,299.99,DTD,273.3299,0.1234,SEA,18,CTYPE_06
CARRIER_06,PORT01,PORT08,300.0,499.99,DTD,273.3299,0.1172,SEA,18,CTYPE_06
CARRIER_06,PORT01,PORT08,500.0,999.99,DTD,273.3299,0.1113,SEA,18,CTYPE_06
CARRIER_06,PORT01,PORT08,1000.0,4999.99,DTD,273.3299,0.1058,SEA,18,CTYPE_06
CARRIER_06,PORT01,PORT08,5000.0,99999.99,DTD,273.3299,0.1005,SEA,18,CTYPE_06
CARRIER_06,PORT01,PORT08,0.0,4.99,DTP,273.3299,0.1825,SEA,18,CTYPE_06
CARRIER_06,PORT01,PORT08,5.0,9.99,DTP,273.3299,0.1734,SEA,18,CTYPE_06
CARRIER_06,PORT01,PORT08,10.0,24.99,DTP,273.3299,0.1647,SEA,18,CTYPE_06
CARRIER_06,PORT01,PORT08,25.0,49.99,DTP,273.3299,0.1565,SEA,18,CTYPE_06
CARRIER_06,PORT01,PORT08,50.0,99.99,DTP,273.3299,0.1487,SEA,18,CTYPE_06
CARRIER_06,PORT01,PORT08,100.0,299.99,DTP,273.3299,0.1412,SEA,18,CTYPE_06
CARRIER_06,PORT01,PORT08,300.0,499.99,DTP,273.3299,0.1342,SEA,18,CTYPE_06
CARRIER_06,PORT01,PORT08,500.0,999.99,DTP,273.3299,0.1275,SEA,18,CTYPE_06
CARRIER_06,PORT01,PORT08,1000.0,4999.99,DTP,273.3299,0.1211,SEA,18,CTYPE_06
CARRIER_06,PORT01,PORT08,5000.0,99999.99,DTP,273.3299,0.115,SEA,18,CTYPE_06
CARRIER_06,PORT01,PORT08,0.0,4.99,CRF,273.3299,0.1255,SEA,18,CTYPE_06
CARRIER_06,PORT01,PORT08,5.0,9.99,CRF,273.3299,0.1192,SEA,18,CTYPE_06
CARRIER_06,PORT01,PORT08,10.0,24.99,CRF,273.3299,0.1133,SEA,18,CTYPE_06
CARRIER_06,PORT01,PORT08,25.0,49.99,CRF,273.3299,0.1076,SEA,18,CTYPE_06
CARRIER_06,PORT01,PORT08,50.0,99.99,CRF,273.3299,0.1022,SEA,18,CTYPE_06
CARRIER_06,PORT01,PORT08,100.0,299.99,CRF,273.3299,0.0971,SEA,18,CTYPE_06
CARRIER_06,PORT01,PORT08,300.0,499.99,CRF,273.3299,0.0922,SEA,18,CTYPE_06
CARRIER_06,PORT01,PORT08,500.0,999.99,CRF,273.3299,0.0876,SEA,18,CTYPE_06
CARRIER_06,PORT01,PORT08,1000.0,4999.99,CRF,273.3299,0.0832,SEA,18,CTYPE_06
CARRIER_06,PORT01,PORT08,5000.0,99999.99,CRF,273.3299,0.0791,SEA,18,CTYPE_06
CARRIER_06,PORT01,PORT04,0.0,4.99,DTD,273.3299,0.2515,SEA,18,CTYPE_06
CARRIER_06,PORT01,PORT04,5.0,9.99,DTD,273.3299,0.2389,SEA,18,CTYPE_06
CARRIER_06,PORT01,PORT04,10.0,24.99,DTD,273.3299,0.227,SEA,18,CTYPE_06
CARRIER_06,PORT01,PORT04,25.0,49.99,DTD,273.3299,0.2156,SEA,18,CTYPE_06
CARRIER_06,PORT01,PORT04,50.0,99.99,DTD,273.3299,0.2048,SEA,18,CTYPE_06
CARRIER_06,PORT01,PORT04,100.0,299.99,DTD,273.3299,0.1946,SEA,18,CTYPE_06
CARRIER_06,PORT01,PORT04,300.0,499.99,DTD,273.3299,0.1849,SEA,18,CTYPE_06
CARRIER_06,PORT01,PORT04,500.0,999.99,DTD,273.3299,0.1756,SEA,18,CTYPE_06
CARRIER_06,PORT01,PORT04,1000.0,4999.99,DTD,273.3299,0.1668,SEA,18,CTYPE_06
CARRIER_06,PORT01,PORT04,5000.0,99999.99,DTD,273.3299,0.1585,SEA,18,CTYPE_06
CARRIER_06,PORT01,PORT04,0.0,4.99,DTP,273.3299,0.0588,SEA,18,CTYPE_06
CARRIER_06,PORT01,PORT04,5.0,9.99,DTP,273.3299,0.0559,SEA,18,CTYPE_06
CARRIER_06,PORT01,PORT04,10.0,24.99,DTP,273.3299,0.0531,SEA,18,CTYPE_06
CARRIER_06,PORT01,PORT04,25.0,49.99,DTP,273.3299,0.0504,SEA,18,CTYPE_06
CARRIER_06,PORT01,PORT04,50.0,99.99,DTP,273.3299,0.0479,SEA,18,CTYPE_06
CARRIER_06,PORT01,PORT04,100.0,299.99,DTP,273.3299,0.0455,SEA,18,CTYPE_06
CARRIER_06,PORT01,PORT04,300.0,499.99,DTP,273.3299,0.0432,SEA,18,CTYPE_06
CARRIER_06,PORT01,PORT04,500.0,999.99,DTP,273.3299,0.0411,SEA,18,CTYPE_06
CARRIER_06,PORT01,PORT04,1000.0,4999.99,DTP,273.3299,0.039,SEA,18,CTYPE_06
CARRIER_06,PORT01,PORT04,5000.0,99999.99,DTP,273.3299,0.0371,SEA,18,CTYPE_06
CARRIER_06,PORT01,PORT04,0.0,4.99,CRF,273.3299,0.1399,SEA,18,CTYPE_06
CARRIER_06,PORT01,PORT04,5.0,9.99,CRF,273.3299,0.133,SEA,18,CTYPE_06
CARRIER_06,PORT01,PORT04,10.0,24.99,CRF,273.3299,0.1263,SEA,18,CTYPE_06
CARRIER_06,PORT01,PORT04,25.0,49.99,CRF,273.3299,0.12,SEA,18,CTYPE_06
CARRIER_06,PORT01,PORT04,50.0,99.99,CRF,273.3299,0.114,SEA,18,CTYPE_06
CARRIER_06,PORT01,PORT04,100.0,299.99,CRF,273.3299,0.1083,SEA,18,CTYPE_06
CARRIER_06,PORT01,PORT04,300.0,499.99,CRF,273.3299,0.1029,SEA,18,CTYPE_06
CARRIER_06,PORT01,PORT04,500.0,999.99,CRF,273.3299,0.0977,SEA,18,CTYPE_06
CARRIER_06,PORT01,PORT04,1000.0,4999.99,CRF,273.3299,0.0928,SEA,18,CTYPE_06
CARRIER_06,PORT01,PORT04,5000.0,99999.99,CRF,273.3299,0.0882,SEA,18,CTYPE_06
CARRIER_06,PORT01,PORT03,0.0,4.99,DTD,273.3299,0.2131,SEA,18,CTYPE_06
CARRIER_06,PORT01,PORT03,5.0,9.99,DTD,273.3299,0.2025,SEA,18,CTYPE_06
CARRIER_06,PORT01,PORT03,10.0,24.99,DTD,273.3299,0.1924,SEA,18,CTYPE_06
CARRIER_06,PORT01,PORT03,25.0,49.99,DTD,273.3299,0.1827,SEA,18,CTYPE_06
CARRIER_06,PORT01,PORT03,50.0,99.99,DTD,273.3299,0.1736,SEA,18,CTYPE_06
CARRIER_06,PORT01,PORT03,100.0,299.99,DTD,273.3299,0.1649,SEA,18,CTYPE_06
CARRIER_06,PORT01,PORT03,300.0,499.99,DTD,273.3299,0.1567,SEA,18,CTYPE_06
CARRIER_06,PORT01,PORT03,500.0,999.99,DTD,273.3299,0.1488,SEA,18,CTYPE_06
CARRIER_06,PORT01,PORT03,1000.0,4999.99,DTD,273.3299,0.1414,SEA,18,CTYPE_06
CARRIER_06,PORT01,PORT03,5000.0,99999.99,DTD,273.3299,0.1343,SEA,18,CTYPE_06
CARRIER_06,PORT01,PORT03,0.0,4.99,DTP,273.3299,0.2631,SEA,18,CTYPE_06
CARRIER_06,PORT01,PORT03,5.0,9.99,DTP,273.3299,0.25,SEA,18,CTYPE_06
CARRIER_06,PORT01,PORT03,10.0,24.99,DTP,273.3299,0.2375,SEA,18,CTYPE_06
CARRIER_06,PORT01,PORT03,25.0,49.99,DTP,273.3299,0.2256,SEA,18,CTYPE_06
CARRIER_06,PORT01,PORT03,50.0,99.99,DTP,273.3299,0.2143,SEA,18,CTYPE_06
CARRIER_06,PORT01,PORT03,100.0,299.99,DTP,273.3299,0.2036,SEA,18,CTYPE_06
CARRIER_06,PORT01,PORT03,300.0,499.99,DTP,273.3299,0.1934,SEA,18,CTYPE_06
CARRIER_06,PORT01,PORT03,500.0,999.99,DTP,273.3299,0.1837,SEA,18,CTYPE_06
CARRIER_06,PORT01,PORT03,1000.0,4999.99,DTP,273.3299,0.1746,SEA,18,CTYPE_06
CARRIER_06,PORT01,PORT03,5000.0,99999.99,DTP,273.3299,0.1658,SEA,18,CTYPE_06
CARRIER_06,PORT01,PORT03,0.0,4.99,CRF,273.3299,0.1235,SEA,18,CTYPE_06
CARRIER_06,PORT01,PORT03,5.0,9.99,CRF,273.3299,0.1173,SEA,18,CTYPE_06
CARRIER_06,PORT01,PORT03,10.0,24.99,CRF,273.3299,0.1114,SEA,18,CTYPE_06
CARRIER_06,PORT01,PORT03,25.0,49.99,CRF,273.3299,0.1059,SEA,18,CTYPE_06
CARRIER_06,PORT01,PORT03,50.0,99.99,CRF,273.3299,0.1006,SEA,18,CTYPE_06
CARRIER_06,PORT01,PORT03,100.0,299.99,CRF,273.3299,0.0955,SEA,18,CTYPE_06
CARRIER_06,PORT01,PORT03,300.0,499.99,CRF,273.3299,0.0908,SEA,18,CTYPE_06
CARRIER_06,PORT01,PORT03,500.0,999.99,CRF,273.3299,0.0862,SEA,18,CTYPE_06
CARRIER_06,PORT01,PORT03,1000.0,4999.99,CRF,273.3299,0.0819,SEA,18,CTYPE_06
CARRIER_06,PORT01,PORT03,5000.0,99999.99,CRF,273.3299,0.0778,SEA,18,CTYPE_06
CARRIER_06,PORT05,PORT08,0.0,4.99,DTD,81.0971,1.2664,AIR,0,CTYPE_06
CARRIER_06,PORT05,PORT08,5.0,9.99,DTD,81.0971,1.2031,AIR,0,CTYPE_06
CARRIER_06,PORT05,PORT08,10.0,24.99,DTD,81.0971,1.143,AIR,0,CTYPE_06
CARRIER_06,PORT05,PORT08,25.0,49.99,DTD,81.0971,1.0858,AIR,0,CTYPE_06
CARRIER_06,PORT05,PORT08,50.0,99.99,DTD,81.0971,1.0315,AIR,0,CTYPE_06
CARRIER_06,PORT05,PORT08,100.0,299.99,DTD,81.0971,0.9799,AIR,0,CTYPE_06
CARRIER_06,PORT05,PORT08,300.0,499.99,DTD,81.0971,0.9309,AIR,0,CTYPE_06
CARRIER_06,PORT05,PORT08,500.0,999.99,DTD,81.0971,0.8844,AIR,0,CTYPE_06
CARRIER_06,PORT05,PORT08,1000.0,4999.99,DTD,81.0971,0.8402,AIR,0,CTYPE_06
CARRIER_06,PORT05,PORT08,5000.0,99999.99,DTD,81.0971,0.7982,AIR,0,CTYPE_06
CARRIER_06,PORT05,PORT08,0.0,4.99,DTP,81.0971,0.8111,AIR,0,CTYPE_06
CARRIER_06,PORT05,PORT08,5.0,9.99,DTP,81.0971,0.7706,AIR,0,CTYPE_06
CARRIER_06,PORT05,PORT08,10.0,24.99,DTP,81.0971,0.732,AIR,0,CTYPE_06
CARRIER_06,PORT05,PORT08,25.0,49.99,DTP,81.0971,0.6954,AIR,0,CTYPE_06
CARRIER_06,PORT05,PORT08,50.0,99.99,DTP,81.0971,0.6607,AIR,0,CTYPE_06
CARRIER_06,PORT05,PORT08,100.0,299.99,DTP,81.0971,0.6276,AIR,0,CTYPE_06
CARRIER_06,PORT05,PORT08,300.0,499.99,DTP,81.0971,0.5962,AIR,0,CTYPE_06
CARRIER_06,PORT05,PORT08,500.0,999.99,DTP,81.0971,0.5664,AIR,0,CTYPE_06
CARRIER_06,PORT05,PORT08,1000.0,4999.99,DTP,81.0971,0.5381,AIR,0,CTYPE_06
CARRIER_06,PORT05,PORT08,5000.0,99999.99,DTP,81.0971,0.5112,AIR,0,CTYPE_06
CARRIER_06,PORT05,PORT04,0.0,4.99,DTD,81.0971,3.7755,AIR,0,CTYPE_06
CARRIER_06,PORT05,PORT04,5.0,9.99,DTD,81.0971,3.5867,AIR,0,CTYPE_06
CARRIER_06,PORT05,PORT04,10.0,24.99,DTD,81.0971,3.4074,AIR,0,CTYPE_06
CARRIER_06,PORT05,PORT04,25.0,49.99,DTD,81.0971,3.237,AIR,0,CTYPE_06
CARRIER_06,PORT05,PORT04,50.0,99.99,DTD,81.0971,3.0751,AIR,0,CTYPE_06
CARRIER_06,PORT05,PORT04,100.0,299.99,DTD,81.0971,2.9214,AIR,0,CTYPE_06
CARRIER_06,PORT05,PORT04,300.0,499.99,DTD,81.0971,2.7753,AIR,0,CTYPE_06
CARRIER_06,PORT05,PORT04,500.0,999.99,DTD,81.0971,2.6365,AIR,0,CTYPE_06
CARRIER_06,PORT05,PORT04,1000.0,4999.99,DTD,81.0971,2.5047,AIR,0,CTYPE_06
CARRIER_06,PORT05,PORT04,5000.0,99999.99,DTD,81.0971,2.3795,AIR,0,CTYPE_06
CARRIER_06,PORT05,PORT04,0.0,4.99,DTP,81.0971,1.7963,AIR,0,CTYPE_06
CARRIER_06,PORT05,PORT04,5.0,9.99,DTP,81.0971,1.7065,AIR,0,CTYPE_06
CARRIER_06,PORT05,PORT04,10.0,24.99,DTP,81.0971,1.6211,AIR,0,CTYPE_06
CARRIER_06,PORT05,PORT04,25.0,49.99,DTP,81.0971,1.5401,AIR,0,CTYPE_06
CARRIER_06,PORT05,PORT04,50.0,99.99,DTP,81.0971,1.4631,AIR,0,CTYPE_06
CARRIER_06,PORT05,PORT04,100.0,299.99,DTP,81.0971,1.3899,AIR,0,CTYPE_06
CARRIER_06,PORT05,PORT04,300.0,499.99,DTP,81.0971,1.3204,AIR,0,CTYPE_06
CARRIER_06,PORT05,PORT04,500.0,999.99,DTP,81.0971,1.2544,AIR,0,CTYPE_06
CARRIER_06,PORT05,PORT04,1000.0,4999.99,DTP,81.0971,1.1917,AIR,0,CTYPE_06
CARRIER_06,PORT05,PORT04,5000.0,99999.99,DTP,81.0971,1.1321,AIR,0,CTYPE_06
CARRIER_06,PORT05,PORT03,0.0,4.99,DTD,81.0971,3.7569,AIR,0,CTYPE_06
CARRIER_06,PORT05,PORT03,5.0,9.99,DTD,81.0971,3.569,AIR,0,CTYPE_06
CARRIER_06,PORT05,PORT03,10.0,24.99,DTD,81.0971,3.3906,AIR,0,CTYPE_06
CARRIER_06,PORT05,PORT03,25.0,49.99,DTD,81.0971,3.221,AIR,0,CTYPE_06
CARRIER_06,PORT05,PORT03,50.0,99.99,DTD,81.0971,3.06,AIR,0,CTYPE_06
CARRIER_06,PORT05,PORT03,100.0,299.99,DTD,81.0971,2.907,AIR,0,CTYPE_06
CARRIER_06,PORT05,PORT03,300.0,499.99,DTD,81.0971,2.7616,AIR,0,CTYPE_06
CARRIER_06,PORT05,PORT03,500.0,999.99,DTD,81.0971,2.6236,AIR,0,CTYPE_06
CARRIER_06,PORT05,PORT03,1000.0,4999.99,DTD,81.0971,2.4924,AIR,0,CTYPE_06
CARRIER_06,PORT05,PORT03,5000.0,99999.99,DTD,81.0971,2.3678,AIR,0,CTYPE_06
CARRIER_06,PORT05,PORT03,0.0,4.99,DTP,81.0971,0.7988,AIR,0,CTYPE_06
CARRIER_06,PORT05,PORT03,5.0,9.99,DTP,81.0971,0.7589,AIR,0,CTYPE_06
CARRIER_06,PORT05,PORT03,10.0,24.99,DTP,81.0971,0.7209,AIR,0,CTYPE_06
CARRIER_06,PORT05,PORT03,25.0,49.99,DTP,81.0971,0.6849,AIR,0,CTYPE_06
CARRIER_06,PORT05,PORT03,50.0,99.99,DTP,81.0971,0.6506,AIR,0,CTYPE_06
CARRIER_06,PORT05,PORT03,100.0,299.99,DTP,81.0971,0.6181,AIR,0,CTYPE_06
CARRIER_06,PORT05,PORT03,300.0,499.99,DTP,81.0971,0.5872,AIR,0,CTYPE_06
CARRIER_06,PORT05,PORT03,500.0,999.99,DTP,81.0971,0.5578,AIR,0,CTYPE_06
CARRIER_06,PORT05,PORT03,1000.0,4999.99,DTP,81.0971,0.5299,AIR,0,CTYPE_06
CARRIER_06,PORT05,PORT03,5000.0,99999.99,DTP,81.0971,0.5034,AIR,0,CTYPE_06
CARRIER_06,PORT01,PORT08,0.0,4.99,DTD,81.0971,4.3815,AIR,0,CTYPE_06
CARRIER_06,PORT01,PORT08,5.0,9.99,DTD,81.0971,4.1624,AIR,0,CTYPE_06
CARRIER_06,PORT01,PORT08,10.0,24.99,DTD,81.0971,3.9543,AIR,0,CTYPE_06
CARRIER_06,PORT01,PORT08,25.0,49.99,DTD,81.0971,3.7566,AIR,0,CTYPE_06
CARRIER_06,PORT01,PORT08,50.0,99.99,DTD,81.0971,3.5687,AIR,0,CTYPE_06
CARRIER_06,PORT01,PORT08,100.0,299.99,DTD,81.0971,3.3903,AIR,0,CTYPE_06
CARRIER_06,PORT01,PORT08,300.0,499.99,DTD,81.0971,3.2208,AIR,0,CTYPE_06
CARRIER_06,PORT01,PORT08,500.0,999.99,DTD,81.0971,3.0597,AIR,0,CTYPE_06
CARRIER_06,PORT01,PORT08,1000.0,4999.99,DTD,81.0971,2.9068,AIR,0,CTYPE_06
CARRIER_06,PORT01,PORT08,5000.0,99999.99,DTD,81.0971,2.7614,AIR,0,CTYPE_06
CARRIER_06,PORT01,PORT08,0.0,4.99,DTP,81.0971,4.2599,AIR,0,CTYPE_06
CARRIER_06,PORT01,PORT08,5.0,9.99,DTP,81.0971,4.0469,AIR,0,CTYPE_06
CARRIER_06,PORT01,PORT08,10.0,24.99,DTP,81.0971,3.8445,AIR,0,CTYPE_06
CARRIER_06,PORT01,PORT08,25.0,49.99,DTP,81.0971,3.6523,AIR,0,CTYPE_06
CARRIER_06,PORT01,PORT08,50.0,99.99,DTP,81.0971,3.4697,AIR,0,CTYPE_06
CARRIER_06,PORT01,PORT08,100.0,299.99,DTP,81.0971,3.2962,AIR,0,CTYPE_06
CARRIER_06,PORT01,PORT08,300.0,499.99,DTP,81.0971,3.1314,AIR,0,CTYPE_06
CARRIER_06,PORT01,PORT08,500.0,999.99,DTP,81.0971,2.9748,AIR,0,CTYPE_06
CARRIER_06,PORT01,PORT08,1000.0,4999.99,DTP,81.0971,2.8261,AIR,0,CTYPE_06
CARRIER_06,PORT01,PORT08,5000.0,99999.99,DTP,81.0971,2.6848,AIR,0,CTYPE_06
CARRIER_06,PORT01,PORT04,0.0,4.99,DTD,81.0971,0.9002,AIR,0,CTYPE_06
CARRIER_06,PORT01,PORT04,5.0,9.99,DTD,81.0971,0.8552,AIR,0,CTYPE_06
CARRIER_06,PORT01,PORT04,10.0,24.99,DTD,81.0971,0.8124,AIR,0,CTYPE_06
CARRIER_06,PORT01,PORT04,25.0,49.99,DTD,81.0971,0.7718,AIR,0,CTYPE_06
CARRIER_06,PORT01,PORT04,50.0,99.99,DTD,81.0971,0.7332,AIR,0,CTYPE_06
CARRIER_06,PORT01,PORT04,100.0,299.99,DTD,81.0971,0.6965,AIR,0,CTYPE_06
CARRIER_06,PORT01,PORT04,300.0,499.99,DTD,81.0971,0.6617,AIR,0,CTYPE_06
CARRIER_06,PORT01,PORT04,500.0,999.99,DTD,81.0971,0.6286,AIR,0,CTYPE_06
CARRIER_06,PORT01,PORT04,1000.0,4999.99,DTD,81.0971,0.5972,AIR,0,CTYPE_06
CARRIER_06,PORT01,PORT04,5000.0,99999.99,DTD,81.0971,0.5673,AIR,0,CTYPE_06
CARRIER_06,PORT01,PORT04,0.0,4.99,DTP,81.0971,0.6069,AIR,0,CTYPE_06
CARRIER_06,PORT01,PORT04,5.0,9.99,DTP,81.0971,0.5766,AIR,0,CTYPE_06
CARRIER_06,PORT01,PORT04,10.0,24.99,DTP,81.0971,0.5477,AIR,0,CTYPE_06
CARRIER_06,PORT01,PORT04,25.0,49.99,DTP,81.0971,0.5203,AIR,0,CTYPE_06
CARRIER_06,PORT01,PORT04,50.0,99.99,DTP,81.0971,0.4943,AIR,0,CTYPE_06
CARRIER_06,PORT01,PORT04,100.0,299.99,DTP,81.0971,0.4696,AIR,0,CTYPE_06
CARRIER_06,PORT01,PORT04,300.0,499.99,DTP,81.0971,0.4461,AIR,0,CTYPE_06
CARRIER_06,PORT01,PORT04,500.0,999.99,DTP,81.0971,0.4238,AIR,0,CTYPE_06
CARRIER_06,PORT01,PORT04,1000.0,4999.99,DTP,81.0971,0.4026,AIR,0,CTYPE_06
CARRIER_06,PORT01,PORT04,5000.0,99999.99,DTP,81.0971,0.3825,AIR,0,CTYPE_06
CARRIER_06,PORT01,PORT03,0.0,4.99,DTD,81.0971,0.7533,AIR,0,CTYPE_06
CARRIER_06,PORT01,PORT03,5.0,9.99,DTD,81.0971,0.7156,AIR,0,CTYPE_06
CARRIER_06,PORT01,PORT03,10.0,24.99,DTD,81.0971,0.6799,AIR,0,CTYPE_06
CARRIER_06,PORT01,PORT03,25.0,49.99,DTD,81.0971,0.6459,AIR,0,CTYPE_06
CARRIER_06,PORT01,PORT03,50.0,99.99,DTD,81.0971,0.6136,AIR,0,CTYPE_06
CARRIER_06,PORT01,PORT03,100.0,299.99,DTD,81.0971,0.5829,AIR,0,CTYPE_06
CARRIER_06,PORT01,PORT03,300.0,499.99,DTD,81.0971,0.5537,AIR,0,CTYPE_06
CARRIER_06,PORT01,PORT03,500.0,999.99,DTD,81.0971,0.5261,AIR,0,CTYPE_06
CARRIER_06,PORT01,PORT03,1000.0,4999.99,DTD,81.0971,0.4998,AIR,0,CTYPE_06
CARRIER_06,PORT01,PORT03,5000.0,99999.99,DTD,81.0971,0.4748,AIR,0,CTYPE_06
CARRIER_06,PORT01,PORT03,0.0,4.99,DTP,81.0971,4.3413,AIR,0,CTYPE_06
CARRIER_06,PORT01,PORT03,5.0,9.99,DTP,81.0971,4.1243,AIR,0,CTYPE_06
CARRIER_06,PORT01,PORT03,10.0,24.99,DTP,81.0971,3.9181,AIR,0,CTYPE_06
CARRIER_06,PORT01,PORT03,25.0,49.99,DTP,81.0971,3.7222,AIR,0,CTYPE_06
CARRIER_06,PORT01,PORT03,50.0,99.99,DTP,81.0971,3.536,AIR,0,CTYPE_06
CARRIER_06,PORT01,PORT03,100.0,299.99,DTP,81.0971,3.3592,AIR,0,CTYPE_06
CARRIER_06,PORT01,PORT03,300.0,499.99,DTP,81.0971,3.1913,AIR,0,CTYPE_06
CARRIER_06,PORT01,PORT03,500.0,999.99,DTP,81.0971,3.0317,AIR,0,CTYPE_06
CARRIER_06,PORT01,PORT03,1000.0,4999.99,DTP,81.0971,2.8801,AIR,0,CTYPE_06
CARRIER_06,PORT01,PORT03,5000.0,99999.99,DTP,81.0971,2.7361,AIR,0,CTYPE_06
CARRIER_07,PORT03,PORT02,0.0,4.99,DTD,155.6166,0.1393,SEA,18,CTYPE_07
CARRIER_07,PORT03,PORT02,5.0,9.99,DTD,155.6166,0.1324,SEA,18,CTYPE_07
CARRIER_07,PORT03,PORT02,10.0,24.99,DTD,155.6166,0.1258,SEA,18,CTYPE_07
CARRIER_07,PORT03,PORT02,25.0,49.99,DTD,155.6166,0.1195,SEA,18,CTYPE_07
CARRIER_07,PORT03,PORT02,50.0,99.99,DTD,155.6166,0.1135,SEA,18,CTYPE_07
CARRIER_07,PORT03,PORT02,100.0,299.99,DTD,155.6166,0.1078,SEA,18,CTYPE_07
CARRIER_07,PORT03,PORT02,300.0,499.99,DTD,155.6166,0.1024,SEA,18,CTYPE_07
CARRIER_07,PORT03,PORT02,500.0,999.99,DTD,155.6166,0.0973,SEA,18,CTYPE_07
CARRIER_07,PORT03,PORT02,1000.0,4999.99,DTD,155.6166,0.0924,SEA,18,CTYPE_07
CARRIER_07,PORT03,PORT02,5000.0,99999.99,DTD,155.6166,0.0878,SEA,18,CTYPE_07
CARRIER_07,PORT03,PORT02,0.0,4.99,DTP,155.6166,0.2427,SEA,18,CTYPE_07
CARRIER_07,PORT03,PORT02,5.0,9.99,DTP,155.6166,0.2306,SEA,18,CTYPE_07
CARRIER_07,PORT03,PORT02,10.0,24.99,DTP,155.6166,0.2191,SEA,18,CTYPE_07
CARRIER_07,PORT03,PORT02,25.0,49.99,DTP,155.6166,0.2081,SEA,18,CTYPE_07
CARRIER_07,PORT03,PORT02,50.0,99.99,DTP,155.6166,0.1977,SEA,18,CTYPE_07
CARRIER_07,PORT03,PORT02,100.0,299.99,DTP,155.6166,0.1878,SEA,18,CTYPE_07
CARRIER_07,PORT03,PORT02,300.0,499.99,DTP,155.6166,0.1784,SEA,18,CTYPE_07
CARRIER_07,PORT03,PORT02,500.0,999.99,DTP,155.6166,0.1695,SEA,18,CTYPE_07
CARRIER_07,PORT03,PORT02,1000.0,4999.99,DTP,155.6166,0.161,SEA,18,CTYPE_07
CARRIER_07,PORT03,PORT02,5000.0,99999.99,DTP,155.6166,0.153,SEA,18,CTYPE_07
CARRIER_07,PORT03,PORT02,0.0,4.99,CRF,155.6166,0.1569,SEA,18,CTYPE_07
CARRIER_07,PORT03,PORT02,5.0,9.99,CRF,155.6166,0.149,SEA,18,CTYPE_07
CARRIER_07,PORT03,PORT02,10.0,24.99,CRF,155.6166,0.1416,SEA,18,CTYPE_07
CARRIER_07,PORT03,PORT02,25.0,49.99,CRF,155.6166,0.1345,SEA,18,CTYPE_07
CARRIER_07,PORT03,PORT02,50.0,99.99,CRF,155.6166,0.1278,SEA,18,CTYPE_07
CARRIER_07,PORT03,PORT02,100.0,299.99,CRF,155.6166,0.1214,SEA,18,CTYPE_07
CARRIER_07,PORT03,PORT02,300.0,499.99,CRF,155.6166,0.1153,SEA,18,CTYPE_07
CARRIER_07,PORT03,PORT02,500.0,999.99,CRF,155.6166,0.1096,SEA,18,CTYPE_07
CARRIER_07,PORT03,PORT02,1000.0,4999.99,CRF,155.6166,0.1041,SEA,18,CTYPE_07
CARRIER_07,PORT03,PORT02,5000.0,99999.99,CRF,155.6166,0.0989,SEA,18,CTYPE_07
CARRIER_07,PORT03,PORT04,0.0,4.99,DTD,155.6166,0.1602,SEA,18,CTYPE_07
CARRIER_07,PORT03,PORT04,5.0,9.99,DTD,155.6166,0.1522,SEA,18,CTYPE_07
CARRIER_07,PORT03,PORT04,10.0,24.99,DTD,155.6166,0.1446,SEA,18,CTYPE_07
CARRIER_07,PORT03,PORT04,25.0,49.99,DTD,155.6166,0.1373,SEA,18,CTYPE_07
CARRIER_07,PORT03,PORT04,50.0,99.99,DTD,155.6166,0.1305,SEA,18,CTYPE_07
CARRIER_07,PORT03,PORT04,100.0,299.99,DTD,155.6166,0.1239,SEA,18,CTYPE_07
CARRIER_07,PORT03,PORT04,300.0,499.99,DTD,155.6166,0.1178,SEA,18,CTYPE_07
CARRIER_07,PORT03,PORT04,500.0,999.99,DTD,155.6166,0.1119,SEA,18,CTYPE_07
CARRIER_07,PORT03,PORT04,1000.0,4999.99,DTD,155.6166,0.1063,SEA,18,CTYPE_07
CARRIER_07,PORT03,PORT04,5000.0,99999.99,DTD,155.6166,0.101,SEA,18,CTYPE_07
CARRIER_07,PORT03,PORT04,0.0,4.99,DTP,155.6166,0.2969,SEA,18,CTYPE_07
CARRIER_07,PORT03,PORT04,5.0,9.99,DTP,155.6166,0.2821,SEA,18,CTYPE_07
CARRIER_07,PORT03,PORT04,10.0,24.99,DTP,155.6166,0.268,SEA,18,CTYPE_07
CARRIER_07,PORT03,PORT04,25.0,49.99,DTP,155.6166,0.2546,SEA,18,CTYPE_07
CARRIER_07,PORT03,PORT04,50.0,99.99,DTP,155.6166,0.2419,SEA,18,CTYPE_07
CARRIER_07,PORT03,PORT04,100.0,299.99,DTP,155.6166,0.2298,SEA,18,CTYPE_07
CARRIER_07,PORT03,PORT04,300.0,499.99,DTP,155.6166,0.2183,SEA,18,CTYPE_07
CARRIER_07,PORT03,PORT04,500.0,999.99,DTP,155.6166,0.2074,SEA,18,CTYPE_07
CARRIER_07,PORT03,PORT04,1000.0,4999.99,DTP,155.6166,0.197,SEA,18,CTYPE_07
CARRIER_07,PORT03,PORT04,5000.0,99999.99,DTP,155.6166,0.1871,SEA,18,CTYPE_07
CARRIER_07,PORT03,PORT04,0.0,4.99,CRF,155.6166,0.062,SEA,18,CTYPE_07
CARRIER_07,PORT03,PORT04,5.0,9.99,CRF,155.6166,0.0589,SEA,18,CTYPE_07
CARRIER_07,PORT03,PORT04,10.0,24.99,CRF,155.6166,0.056,SEA,18,CTYPE_07
CARRIER_07,PORT03,PORT04,25.0,49.99,CRF,155.6166,0.0532,SEA,18,CTYPE_07
CARRIER_07,PORT03,PORT04,50.0,99.99,CRF,155.6166,0.0505,SEA,18,CTYPE_07
CARRIER_07,PORT03,PORT04,100.0,299.99,CRF,155.6166,0.048,SEA,18,CTYPE_07
CARRIER_07,PORT03,PORT04,300.0,499.99,CRF,155.6166,0.0456,SEA,18,CTYPE_07
CARRIER_07,PORT03,PORT04,500.0,999.99,CRF,155.6166,0.0433,SEA,18,CTYPE_07
CARRIER_07,PORT03,PORT04,1000.0,4999.99,CRF,155.6166,0.0412,SEA,18,CTYPE_07
CARRIER_07,PORT03,PORT04,5000.0,99999.99,CRF,155.6166,0.0391,SEA,18,CTYPE_07
CARRIER_07,PORT03,PORT07,0.0,4.99,DTD,155.6166,0.2526,SEA,18,CTYPE_07
CARRIER_07,PORT03,PORT07,5.0,9.99,DTD,155.6166,0.24,SEA,18,CTYPE_07
CARRIER_07,PORT03,PORT07,10.0,24.99,DTD,155.6166,0.228,SEA,18,CTYPE_07
CARRIER_07,PORT03,PORT07,25.0,49.99,DTD,155.6166,0.2166,SEA,18,CTYPE_07
CARRIER_07,PORT03,PORT07,50.0,99.99,DTD,155.6166,0.2057,SEA,18,CTYPE_07
CARRIER_07,PORT03,PORT07,100.0,299.99,DTD,155.6166,0.1955,SEA,18,CTYPE_07
CARRIER_07,PORT03,PORT07,300.0,499.99,DTD,155.6166,0.1857,SEA,18,CTYPE_07
CARRIER_07,PORT03,PORT07,500.0,999.99,DTD,155.6166,0.1764,SEA,18,CTYPE_07
CARRIER_07,PORT03,PORT07,1000.0,4999.99,DTD,155.6166,0.1676,SEA,18,CTYPE_07
CARRIER_07,PORT03,PORT07,5000.0,99999.99,DTD,155.6166,0.1592,SEA,18,CTYPE_07
CARRIER_07,PORT03,PORT07,0.0,4.99,DTP,155.6166,0.0345,SEA,18,CTYPE_07
CARRIER_07,PORT03,PORT07,5.0,9.99,DTP,155.6166,0.0328,SEA,18,CTYPE_07
CARRIER_07,PORT03,PORT07,10.0,24.99,DTP,155.6166,0.0311,SEA,18,CTYPE_07
CARRIER_07,PORT03,PORT07,25.0,49.99,DTP,155.6166,0.0296,SEA,18,CTYPE_07
CARRIER_07,PORT03,PORT07,50.0,99.99,DTP,155.6166,0.0281,SEA,18,CTYPE_07
CARRIER_07,PORT03,PORT07,100.0,299.99,DTP,155.6166,0.0267,SEA,18,CTYPE_07
CARRIER_07,PORT03,PORT07,300.0,499.99,DTP,155.6166,0.0254,SEA,18,CTYPE_07
CARRIER_07,PORT03,PORT07,500.0,999.99,DTP,155.6166,0.0241,SEA,18,CTYPE_07
CARRIER_07,PORT03,PORT07,1000.0,4999.99,DTP,155.6166,0.0229,SEA,18,CTYPE_07
CARRIER_07,PORT03,PORT07,5000.0,99999.99,DTP,155.6166,0.0217,SEA,18,CTYPE_07
CARRIER_07,PORT03,PORT07,0.0,4.99,CRF,155.6166,0.1537,SEA,18,CTYPE_07
CARRIER_07,PORT03,PORT07,5.0,9.99,CRF,155.6166,0.1461,SEA,18,CTYPE_07
CARRIER_07,PORT03,PORT07,10.0,24.99,CRF,155.6166,0.1388,SEA,18,CTYPE_07
CARRIER_07,PORT03,PORT07,25.0,49.99,CRF,155.6166,0.1318,SEA,18,CTYPE_07
CARRIER_07,PORT03,PORT07,50.0,99.99,CRF,155.6166,0.1252,SEA,18,CTYPE_07
CARRIER_07,PORT03,PORT07,100.0,299.99,CRF,155.6166,0.119,SEA,18,CTYPE_07
CARRIER_07,PORT03,PORT07,300.0,499.99,CRF,155.6166,0.113,SEA,18,CTYPE_07
CARRIER_07,PORT03,PORT07,500.0,999.99,CRF,155.6166,0.1074,SEA,18,CTYPE_07
CARRIER_07,PORT03,PORT07,1000.0,4999.99,CRF,155.6166,0.102,SEA,18,CTYPE_07
CARRIER_07,PORT03,PORT07,5000.0,99999.99,CRF,155.6166,0.0969,SEA,18,CTYPE_07
CARRIER_08,PORT06,PORT02,0.0,4.99,DTD,109.7701,3.5835,AIR,2,CTYPE_08
CARRIER_08,PORT06,PORT02,5.0,9.99,DTD,109.7701,3.4043,AIR,2,CTYPE_08
CARRIER_08,PORT06,PORT02,10.0,24.99,DTD,109.7701,3.2341,AIR,2,CTYPE_08
CARRIER_08,PORT06,PORT02,25.0,49.99,DTD,109.7701,3.0724,AIR,2,CTYPE_08
CARRIER_08,PORT06,PORT02,50.0,99.99,DTD,109.7701,2.9188,AIR,2,CTYPE_08
CARRIER_08,PORT06,PORT02,100.0,299.99,DTD,109.7701,2.7728,AIR,2,CTYPE_08
CARRIER_08,PORT06,PORT02,300.0,499.99,DTD,109.7701,2.6342,AIR,2,CTYPE_08
CARRIER_08,PORT06,PORT02,500.0,999.99,DTD,109.7701,2.5025,AIR,2,CTYPE_08
CARRIER_08,PORT06,PORT02,1000.0,4999.99,DTD,109.7701,2.3773,AIR,2,CTYPE_08
CARRIER_08,PORT06,PORT02,5000.0,99999.99,DTD,109.7701,2.2585,AIR,2,CTYPE_08
CARRIER_08,PORT06,PORT02,0.0,4.99,DTP,109.7701,1.6849,AIR,2,CTYPE_08
CARRIER_08,PORT06,PORT02,5.0,9.99,DTP,109.7701,1.6007,AIR,2,CTYPE_08
CARRIER_08,PORT06,PORT02,10.0,24.99,DTP,109.7701,1.5206,AIR,2,CTYPE_08
CARRIER_08,PORT06,PORT02,25.0,49.99,DTP,109.7701,1.4446,AIR,2,CTYPE_08
CARRIER_08,PORT06,PORT02,50.0,99.99,DTP,109.7701,1.3724,AIR,2,CTYPE_08
CARRIER_08,PORT06,PORT02,100.0,299.99,DTP,109.7701,1.3038,AIR,2,CTYPE_08
CARRIER_08,PORT06,PORT02,300.0,499.99,DTP,109.7701,1.2386,AIR,2,CTYPE_08
CARRIER_08,PORT06,PORT02,500.0,999.99,DTP,109.7701,1.1766,AIR,2,CTYPE_08
CARRIER_08,PORT06,PORT02,1000.0,4999.99,DTP,109.7701,1.1178,AIR,2,CTYPE_08
CARRIER_08,PORT06,PORT02,5000.0,99999.99,DTP,109.7701,1.0619,AIR,2,CTYPE_08
CARRIER_08,PORT06,PORT03,0.0,4.99,DTD,109.7701,2.3836,AIR,2,CTYPE_08
CARRIER_08,PORT06,PORT03,5.0,9.99,DTD,109.7701,2.2644,AIR,2,CTYPE_08
CARRIER_08,PORT06,PORT03,10.0,24.99,DTD,109.7701,2.1512,AIR,2,CTYPE_08
CARRIER_08,PORT06,PORT03,25.0,49.99,DTD,109.7701,2.0436,AIR,2,CTYPE_08
CARRIER_08,PORT06,PORT03,50.0,99.99,DTD,109.7701,1.9414,AIR,2,CTYPE_08
CARRIER_08,PORT06,PORT03,100.0,299.99,DTD,109.7701,1.8444,AIR,2,CTYPE_08
CARRIER_08,PORT06,PORT03,300.0,499.99,DTD,109.7701,1.7522,AIR,2,CTYPE_08
CARRIER_08,PORT06,PORT03,500.0,999.99,DTD,109.7701,1.6645,AIR,2,CTYPE_08
CARRIER_08,PORT06,PORT03,1000.0,4999.99,DTD,109.7701,1.5813,AIR,2,CTYPE_08
CARRIER_08,PORT06,PORT03,5000.0,99999.99,DTD,109.7701,1.5023,AIR,2,CTYPE_08
CARRIER_08,PORT06,PORT03,0.0,4.99,DTP,109.7701,2.1496,AIR,2,CTYPE_08
CARRIER_08,PORT06,PORT03,5.0,9.99,DTP,109.7701,2.0421,AIR,2,CTYPE_08
CARRIER_08,PORT06,PORT03,10.0,24.99,DTP,109.7701,1.94,AIR,2,CTYPE_08
CARRIER_08,PORT06,PORT03,25.0,49.99,DTP,109.7701,1.843,AIR,2,CTYPE_08
CARRIER_08,PORT06,PORT03,50.0,99.99,DTP,109.7701,1.7509,AIR,2,CTYPE_08
CARRIER_08,PORT06,PORT03,100.0,299.99,DTP,109.7701,1.6633,AIR,2,CTYPE_08
CARRIER_08,PORT06,PORT03,300.0,499.99,DTP,109.7701,1.5802,AIR,2,CTYPE_08
CARRIER_08,PORT06,PORT03,500.0,999.99,DTP,109.7701,1.5012,AIR,2,CTYPE_08
CARRIER_08,PORT06,PORT03,1000.0,4999.99,DTP,109.7701,1.4261,AIR,2,CTYPE_08
CARRIER_08,PORT06,PORT03,5000.0,99999.99,DTP,109.7701,1.3548,AIR,2,CTYPE_08
CARRIER_08,PORT06,PORT07,0.0,4.99,DTD,109.7701,2.8465,AIR,2,CTYPE_08
CARRIER_08,PORT06,PORT07,5.0,9.99,DTD,109.7701,2.7042,AIR,2,CTYPE_08
CARRIER_08,PORT06,PORT07,10.0,24.99,DTD,109.7701,2.569,AIR,2,CTYPE_08
CARRIER_08,PORT06,PORT07,25.0,49.99,DTD,109.7701,2.4405,AIR,2,CTYPE_08
CARRIER_08,PORT06,PORT07,50.0,99.99,DTD,109.7701,2.3185,AIR,2,CTYPE_08
CARRIER_08,PORT06,PORT07,100.0,299.99,DTD,109.7701,2.2026,AIR,2,CTYPE_08
CARRIER_08,PORT06,PORT07,300.0,499.99,DTD,109.7701,2.0924,AIR,2,CTYPE_08
CARRIER_08,PORT06,PORT07,500.0,999.99,DTD,109.7701,1.9878,AIR,2,CTYPE_08
CARRIER_08,PORT06,PORT07,1000.0,4999.99,DTD,109.7701,1.8884,AIR,2,CTYPE_08
CARRIER_08,PORT06,PORT07,5000.0,99999.99,DTD,109.7701,1.794,AIR,2,CTYPE_08
CARRIER_08,PORT06,PORT07,0.0,4.99,DTP,109.7701,2.58,AIR,2,CTYPE_08
CARRIER_08,PORT06,PORT07,5.0,9.99,DTP,109.7701,2.451,AIR,2,CTYPE_08
CARRIER_08,PORT06,PORT07,10.0,24.99,DTP,109.7701,2.3285,AIR,2,CTYPE_08
CARRIER_08,PORT06,PORT07,25.0,49.99,DTP,109.7701,2.212,AIR,2,CTYPE_08
CARRIER_08,PORT06,PORT07,50.0,99.99,DTP,109.7701,2.1014,AIR,2,CTYPE_08
CARRIER_08,PORT06,PORT07,100.0,299.99,DTP,109.7701,1.9964,AIR,2,CTYPE_08
CARRIER_08,PORT06,PORT07,300.0,499.99,DTP,109.7701,1.8966,AIR,2,CTYPE_08
CARRIER_08,PORT06,PORT07,500.0,999.99,DTP,109.7701,1.8017,AIR,2,CTYPE_08
CARRIER_08,PORT06,PORT07,1000.0,4999.99,DTP,109.7701,1.7116,AIR,2,CTYPE_08
CARRIER_08,PORT06,PORT07,5000.0,99999.99,DTP,109.7701,1.6261,AIR,2,CTYPE_08
CARRIER_09,PORT06,PORT04,0.0,4.99,DTD,59.4209,1.6288,AIR,3,CTYPE_09
CARRIER_09,PORT06,PORT04,5.0,9.99,DTD,59.4209,1.5474,AIR,3,CTYPE_09
CARRIER_09,PORT06,PORT04,10.0,24.99,DTD,59.4209,1.47,AIR,3,CTYPE_09
CARRIER_09,PORT06,PORT04,25.0,49.99,DTD,59.4209,1.3965,AIR,3,CTYPE_09
CARRIER_09,PORT06,PORT04,50.0,99.99,DTD,59.4209,1.3267,AIR,3,CTYPE_09
CARRIER_09,PORT06,PORT04,100.0,299.99,DTD,59.4209,1.2604,AIR,3,CTYPE_09
CARRIER_09,PORT06,PORT04,300.0,499.99,DTD,59.4209,1.1973,AIR,3,CTYPE_09
CARRIER_09,PORT06,PORT04,500.0,999.99,DTD,59.4209,1.1375,AIR,3,CTYPE_09
CARRIER_09,PORT06,PORT04,1000.0,4999.99,DTD,59.4209,1.0806,AIR,3,CTYPE_09
CARRIER_09,PORT06,PORT04,5000.0,99999.99,DTD,59.4209,1.0266,AIR,3,CTYPE_09
CARRIER_09,PORT06,PORT04,0.0,4.99,DTP,59.4209,2.1427,AIR,3,CTYPE_09
CARRIER_09,PORT06,PORT04,5.0,9.99,DTP,59.4209,2.0356,AIR,3,CTYPE_09
CARRIER_09,PORT06,PORT04,10.0,24.99,DTP,59.4209,1.9338,AIR,3,CTYPE_09
CARRIER_09,PORT06,PORT04,25.0,49.99,DTP,59.4209,1.8371,AIR,3,CTYPE_09
CARRIER_09,PORT06,PORT04,50.0,99.99,DTP,59.4209,1.7453,AIR,3,CTYPE_09
CARRIER_09,PORT06,PORT04,100.0,299.99,DTP,59.4209,1.658,AIR,3,CTYPE_09
CARRIER_09,PORT06,PORT04,300.0,499.99,DTP,59.4209,1.5751,AIR,3,CTYPE_09
CARRIER_09,PORT06,PORT04,500.0,999.99,DTP,59.4209,1.4963,AIR,3,CTYPE_09
CARRIER_09,PORT06,PORT04,1000.0,4999.99,DTP,59.4209,1.4215,AIR,3,CTYPE_09
CARRIER_09,PORT06,PORT04,5000.0,99999.99,DTP,59.4209,1.3504,AIR,3,CTYPE_09
CARRIER_09,PORT06,PORT01,0.0,4.99,DTD,59.4209,1.1747,AIR,3,CTYPE_09
CARRIER_09,PORT06,PORT01,5.0,9.99,DTD,59.4209,1.116,AIR,3,CTYPE_09
CARRIER_09,PORT06,PORT01,10.0,24.99,DTD,59.4209,1.0602,AIR,3,CTYPE_09
CARRIER_09,PORT06,PORT01,25.0,49.99,DTD,59.4209,1.0072,AIR,3,CTYPE_09
CARRIER_09,PORT06,PORT01,50.0,99.99,DTD,59.4209,0.9568,AIR,3,CTYPE_09
CARRIER_09,PORT06,PORT01,100.0,299.99,DTD,59.4209,0.909,AIR,3,CTYPE_09
CARRIER_09,PORT06,PORT01,300.0,499.99,DTD,59.4209,0.8635,AIR,3,CTYPE_09
CARRIER_09,PORT06,PORT01,500.0,999.99,DTD,59.4209,0.8204,AIR,3,CTYPE_09
CARRIER_09,PORT06,PORT01,1000.0,4999.99,DTD,59.4209,0.7793,AIR,3,CTYPE_09
CARRIER_09,PORT06,PORT01,5000.0,99999.99,DTD,59.4209,0.7404,AIR,3,CTYPE_09
CARRIER_09,PORT06,PORT01,0.0,4.99,DTP,59.4209,4.4245,AIR,3,CTYPE_09
CARRIER_09,PORT06,PORT01,5.0,9.99,DTP,59.4209,4.2032,AIR,3,CTYPE_09
CARRIER_09,PORT06,PORT01,10.0,24.99,DTP,59.4209,3.9931,AIR,3,CTYPE_09
CARRIER_09,PORT06,PORT01,25.0,49.99,DTP,59.4209,3.7934,AIR,3,CTYPE_09
CARRIER_09,PORT06,PORT01,50.0,99.99,DTP,59.4209,3.6038,AIR,3,CTYPE_09
CARRIER_09,PORT06,PORT01,100.0,299.99,DTP,59.4209,3.4236,AIR,3,CTYPE_09
CARRIER_09,PORT06,PORT01,300.0,499.99,DTP,59.4209,3.2524,AIR,3,CTYPE_09
CARRIER_09,PORT06,PORT01,500.0,999.99,DTP,59.4209,3.0898,AIR,3,CTYPE_09
CARRIER_09,PORT06,PORT01,1000.0,4999.99,DTP,59.4209,2.9353,AIR,3,CTYPE_09
CARRIER_09,PORT06,PORT01,5000.0,99999.99,DTP,59.4209,2.7885,AIR,3,CTYPE_09
CARRIER_09,PORT03,PORT04,0.0,4.99,DTD,59.4209,3.2095,AIR,3,CTYPE_09
CARRIER_09,PORT03,PORT04,5.0,9.99,DTD,59.4209,3.0491,AIR,3,CTYPE_09
CARRIER_09,PORT03,PORT04,10.0,24.99,DTD,59.4209,2.8966,AIR,3,CTYPE_09
CARRIER_09,PORT03,PORT04,25.0,49.99,DTD,59.4209,2.7518,AIR,3,CTYPE_09
CARRIER_09,PORT03,PORT04,50.0,99.99,DTD,59.4209,2.6142,AIR,3,CTYPE_09
CARRIER_09,PORT03,PORT04,100.0,299.99,DTD,59.4209,2.4835,AIR,3,CTYPE_09
CARRIER_09,PORT03,PORT04,300.0,499.99,DTD,59.4209,2.3593,AIR,3,CTYPE_09
CARRIER_09,PORT03,PORT04,500.0,999.99,DTD,59.4209,2.2413,AIR,3,CTYPE_09
CARRIER_09,PORT03,PORT04,1000.0,4999.99,DTD,59.4209,2.1293,AIR,3,CTYPE_09
CARRIER_09,PORT03,PORT04,5000.0,99999.99,DTD,59.4209,2.0228,AIR,3,CTYPE_09
CARRIER_09,PORT03,PORT04,0.0,4.99,DTP,59.4209,1.102,AIR,3,CTYPE_09
CARRIER_09,PORT03,PORT04,5.0,9.99,DTP,59.4209,1.0469,AIR,3,CTYPE_09
CARRIER_09,PORT03,PORT04,10.0,24.99,DTP,59.4209,0.9946,AIR,3,CTYPE_09
CARRIER_09,PORT03,PORT04,25.0,49.99,DTP,59.4209,0.9449,AIR,3,CTYPE_09
CARRIER_09,PORT03,PORT04,50.0,99.99,DTP,59.4209,0.8976,AIR,3,CTYPE_09
CARRIER_09,PORT03,PORT04,100.0,299.99,DTP,59.4209,0.8527,AIR,3,CTYPE_09
CARRIER_09,PORT03,PORT04,300.0,499.99,DTP,59.4209,0.8101,AIR,3,CTYPE_09
CARRIER_09,PORT03,PORT04,500.0,999.99,DTP,59.4209,0.7696,AIR,3,CTYPE_09
CARRIER_09,PORT03,PORT04,1000.0,4999.99,DTP,59.4209,0.7311,AIR,3,CTYPE_09
CARRIER_09,PORT03,PORT04,5000.0,99999.99,DTP,59.4209,0.6946,AIR,3,CTYPE_09
CARRIER_09,PORT03,PORT01,0.0,4.99,DTD,59.4209,3.6224,AIR,3,CTYPE_09
CARRIER_09,PORT03,PORT01,5.0,9.99,DTD,59.4209,3.4412,AIR,3,CTYPE_09
CARRIER_09,PORT03,PORT01,10.0,24.99,DTD,59.4209,3.2692,AIR,3,CTYPE_09
CARRIER_09,PORT03,PORT01,25.0,49.99,DTD,59.4209,3.1057,AIR,3,CTYPE_09
CARRIER_09,PORT03,PORT01,50.0,99.99,DTD,59.4209,2.9504,AIR,3,CTYPE_09
CARRIER_09,PORT03,PORT01,100.0,299.99,DTD,59.4209,2.8029,AIR,3,CTYPE_09
CARRIER_09,PORT03,PORT01,300.0,499.99,DTD,59.4209,2.6628,AIR,3,CTYPE_09
CARRIER_09,PORT03,PORT01,500.0,999.99,DTD,59.4209,2.5296,AIR,3,CTYPE_09
CARRIER_09,PORT03,PORT01,1000.0,4999.99,DTD,59.4209,2.4032,AIR,3,CTYPE_09
CARRIER_09,PORT03,PORT01,5000.0,99999.99,DTD,59.4209,2.283,AIR,3,CTYPE_09
CARRIER_09,PORT03,PORT01,0.0,4.99,DTP,59.4209,4.3145,AIR,3,CTYPE_09
CARRIER_09,PORT03,PORT01,5.0,9.99,DTP,59.4209,4.0988,AIR,3,CTYPE_09
CARRIER_09,PORT03,PORT01,10.0,24.99,DTP,59.4209,3.8938,AIR,3,CTYPE_09
CARRIER_09,PORT03,PORT01,25.0,49.99,DTP,59.4209,3.6991,AIR,3,CTYPE_09
CARRIER_09,PORT03,PORT01,50.0,99.99,DTP,59.4209,3.5142,AIR,3,CTYPE_09
CARRIER_09,PORT03,PORT01,100.0,299.99,DTP,59.4209,3.3385,AIR,3,CTYPE_09
CARRIER_09,PORT03,PORT01,300.0,499.99,DTP,59.4209,3.1716,AIR,3,CTYPE_09
CARRIER_09,PORT03,PORT01,500.0,999.99,DTP,59.4209,3.013,AIR,3,CTYPE_09
CARRIER_09,PORT03,PORT01,1000.0,4999.99,DTP,59.4209,2.8623,AIR,3,CTYPE_09
CARRIER_09,PORT03,PORT01,5000.0,99999.99,DTP,59.4209,2.7192,AIR,3,CTYPE_09
CARRIER_09,PORT07,PORT04,0.0,4.99,DTD,59.4209,1.5689,AIR,3,CTYPE_09
CARRIER_09,PORT07,PORT04,5.0,9.99,DTD,59.4209,1.4905,AIR,3,CTYPE_09
CARRIER_09,PORT07,PORT04,10.0,24.99,DTD,59.4209,1.4159,AIR,3,CTYPE_09
CARRIER_09,PORT07,PORT04,25.0,49.99,DTD,59.4209,1.3451,AIR,3,CTYPE_09
CARRIER_09,PORT07,PORT04,50.0,99.99,DTD,59.4209,1.2779,AIR,3,CTYPE_09
CARRIER_09,PORT07,PORT04,100.0,299.99,DTD,59.4209,1.214,AIR,3,CTYPE_09
CARRIER_09,PORT07,PORT04,300.0,499.99,DTD,59.4209,1.1533,AIR,3,CTYPE_09
CARRIER_09,PORT07,PORT04,500.0,999.99,DTD,59.4209,1.0956,AIR,3,CTYPE_09
CARRIER_09,PORT07,PORT04,1000.0,4999.99,DTD,59.4209,1.0408,AIR,3,CTYPE_09
CARRIER_09,PORT07,PORT04,5000.0,99999.99,DTD,59.4209,0.9888,AIR,3,CTYPE_09
CARRIER_09,PORT07,PORT04,0.0,4.99,DTP,59.4209,1.1777,AIR,3,CTYPE_09
CARRIER_09,PORT07,PORT04,5.0,9.99,DTP,59.4209,1.1188,AIR,3,CTYPE_09
CARRIER_09,PORT07,PORT04,10.0,24.99,DTP,59.4209,1.0629,AIR,3,CTYPE_09
CARRIER_09,PORT07,PORT04,25.0,49.99,DTP,59.4209,1.0097,AIR,3,CTYPE_09
CARRIER_09,PORT07,PORT04,50.0,99.99,DTP,59.4209,0.9592,AIR,3,CTYPE_09
CARRIER_09,PORT07,PORT04,100.0,299.99,DTP,59.4209,0.9113,AIR,3,CTYPE_09
CARRIER_09,PORT07,PORT04,300.0,499.99,DTP,59.4209,0.8657,AIR,3,CTYPE_09
CARRIER_09,PORT07,PORT04,500.0,999.99,DTP,59.4209,0.8224,AIR,3,CTYPE_09
CARRIER_09,PORT07,PORT04,1000.0,4999.99,DTP,59.4209,0.7813,AIR,3,CTYPE_09
CARRIER_09,PORT07,PORT04,5000.0,99999.99,DTP,59.4209,0.7422,AIR,3,CTYPE_09
CARRIER_09,PORT07,PORT01,0.0,4.99,DTD,59.4209,0.5388,AIR,3,CTYPE_09
CARRIER_09,PORT07,PORT01,5.0,9.99,DTD,59.4209,0.5118,AIR,3,CTYPE_09
CARRIER_09,PORT07,PORT01,10.0,24.99,DTD,59.4209,0.4862,AIR,3,CTYPE_09
CARRIER_09,PORT07,PORT01,25.0,49.99,DTD,59.4209,0.4619,AIR,3,CTYPE_09
CARRIER_09,PORT07,PORT01,50.0,99.99,DTD,59.4209,0.4388,AIR,3,CTYPE_09
CARRIER_09,PORT07,PORT01,100.0,299.99,DTD,59.4209,0.4169,AIR,3,CTYPE_09
CARRIER_09,PORT07,PORT01,300.0,499.99,DTD,59.4209,0.3961,AIR,3,CTYPE_09
CARRIER_09,PORT07,PORT01,500.0,999.99,DTD,59.4209,0.3762,AIR,3,CTYPE_09
CARRIER_09,PORT07,PORT01,1000.0,4999.99,DTD,59.4209,0.3574,AIR,3,CTYPE_09
CARRIER_09,PORT07,PORT01,5000.0,99999.99,DTD,59.4209,0.3396,AIR,3,CTYPE_09
CARRIER_09,PORT07,PORT01,0.0,4.99,DTP,59.4209,0.7126,AIR,3,CTYPE_09
CARRIER_09,PORT07,PORT01,5.0,9.99,DTP,59.4209,0.677,AIR,3,CTYPE_09
CARRIER_09,PORT07,PORT01,10.0,24.99,DTP,59.4209,0.6431,AIR,3,CTYPE_09
CARRIER_09,PORT07,PORT01,25.0,49.99,DTP,59.4209,0.611,AIR,3,CTYPE_09
CARRIER_09,PORT07,PORT01,50.0,99.99,DTP,59.4209,0.5804,AIR,3,CTYPE_09
CARRIER_09,PORT07,PORT01,100.0,299.99,DTP,59.4209,0.5514,AIR,3,CTYPE_09
CARRIER_09,PORT07,PORT01,300.0,499.99,DTP,59.4209,0.5238,AIR,3,CTYPE_09
CARRIER_09,PORT07,PORT01,500.0,999.99,DTP,59.4209,0.4977,AIR,3,CTYPE_09
CARRIER_09,PORT07,PORT01,1000.0,4999.99,DTP,59.4209,0.4728,AIR,3,CTYPE_09
CARRIER_09,PORT07,PORT01,5000.0,99999.99,DTP,59.4209,0.4491,AIR,3,CTYPE_09
CARRIER_09,PORT06,PORT04,0.0,4.99,DTP,24.0563,0.0837,GROUND,6,CTYPE_09
CARRIER_09,PORT06,PORT04,5.0,9.99,DTP,24.0563,0.0795,GROUND,6,CTYPE_09
CARRIER_09,PORT06,PORT04,10.0,24.99,DTP,24.0563,0.0755,GROUND,6,CTYPE_09
CARRIER_09,PORT06,PORT04,25.0,49.99,DTP,24.0563,0.0717,GROUND,6,CTYPE_09
CARRIER_09,PORT06,PORT04,50.0,99.99,DTP,24.0563,0.0681,GROUND,6,CTYPE_09
CARRIER_09,PORT06,PORT04,100.0,299.99,DTP,24.0563,0.0647,GROUND,6,CTYPE_09
CARRIER_09,PORT06,PORT04,300.0,499.99,DTP,24.0563,0.0615,GROUND,6,CTYPE_09
CARRIER_09,PORT06,PORT04,500.0,999.99,DTP,24.0563,0.0584,GROUND,6,CTYPE_09
CARRIER_09,PORT06,PORT04,1000.0,4999.99,DTP,24.0563,0.0555,GROUND,6,CTYPE_09
CARRIER_09,PORT06,PORT04,5000.0,99999.99,DTP,24.0563,0.0527,GROUND,6,CTYPE_09
CARRIER_09,PORT06,PORT04,0.0,4.99,CRF,24.0563,0.6111,GROUND,6,CTYPE_09
CARRIER_09,PORT06,PORT04,5.0,9.99,CRF,24.0563,0.5805,GROUND,6,CTYPE_09
CARRIER_09,PORT06,PORT04,10.0,24.99,CRF,24.0563,0.5515,GROUND,6,CTYPE_09
CARRIER_09,PORT06,PORT04,25.0,49.99,CRF,24.0563,0.5239,GROUND,6,CTYPE_09
CARRIER_09,PORT06,PORT04,50.0,99.99,CRF,24.0563,0.4977,GROUND,6,CTYPE_09
CARRIER_09,PORT06,PORT04,100.0,299.99,CRF,24.0563,0.4728,GROUND,6,CTYPE_09
CARRIER_09,PORT06,PORT04,300.0,499.99,CRF,24.0563,0.4492,GROUND,6,CTYPE_09
CARRIER_09,PORT06,PORT04,500.0,999.99,CRF,24.0563,0.4267,GROUND,6,CTYPE_09
CARRIER_09,PORT06,PORT04,1000.0,4999.99,CRF,24.0563,0.4054,GROUND,6,CTYPE_09
CARRIER_09,PORT06,PORT04,5000.0,99999.99,CRF,24.0563,0.3851,GROUND,6,CTYPE_09
CARRIER_09,PORT06,PORT01,0.0,4.99,DTP,24.0563,0.1039,GROUND,6,CTYPE_09
CARRIER_09,PORT06,PORT01,5.0,9.99,DTP,24.0563,0.0987,GROUND,6,CTYPE_09
CARRIER_09,PORT06,PORT01,10.0,24.99,DTP,24.0563,0.0938,GROUND,6,CTYPE_09
CARRIER_09,PORT06,PORT01,25.0,49.99,DTP,24.0563,0.0891,GROUND,6,CTYPE_09
CARRIER_09,PORT06,PORT01,50.0,99.99,DTP,24.0563,0.0846,GROUND,6,CTYPE_09
CARRIER_09,PORT06,PORT01,100.0,299.99,DTP,24.0563,0.0804,GROUND,6,CTYPE_09
CARRIER_09,PORT06,PORT01,300.0,499.99,DTP,24.0563,0.0764,GROUND,6,CTYPE_09
CARRIER_09,PORT06,PORT01,500.0,999.99,DTP,24.0563,0.0726,GROUND,6,CTYPE_09
CARRIER_09,PORT06,PORT01,1000.0,4999.99,DTP,24.0563,0.0689,GROUND,6,CTYPE_09
CARRIER_09,PORT06,PORT01,5000.0,99999.99,DTP,24.0563,0.0655,GROUND,6,CTYPE_09
CARRIER_09,PORT06,PORT01,0.0,4.99,CRF,24.0563,0.4941,GROUND,6,CTYPE_09
CARRIER_09,PORT06,PORT01,5.0,9.99,CRF,24.0563,0.4694,GROUND,6,CTYPE_09
CARRIER_09,PORT06,PORT01,10.0,24.99,CRF,24.0563,0.4459,GROUND,6,CTYPE_09
CARRIER_09,PORT06,PORT01,25.0,49.99,CRF,24.0563,0.4236,GROUND,6,CTYPE_09
CARRIER_09,PORT06,PORT01,50.0,99.99,CRF,24.0563,0.4024,GROUND,6,CTYPE_09
CARRIER_09,PORT06,PORT01,100.0,299.99,CRF,24.0563,0.3823,GROUND,6,CTYPE_09
CARRIER_09,PORT06,PORT01,300.0,499.99,CRF,24.0563,0.3632,GROUND,6,CTYPE_09
CARRIER_09,PORT06,PORT01,500.0,999.99,CRF,24.0563,0.345,GROUND,6,CTYPE_09
CARRIER_09,PORT06,PORT01,1000.0,4999.99,CRF,24.0563,0.3278,GROUND,6,CTYPE_09
CARRIER_09,PORT06,PORT01,5000.0,99999.99,CRF,24.0563,0.3114,GROUND,6,CTYPE_09
CARRIER_09,PORT03,PORT04,0.0,4.99,DTP,24.0563,0.6171,GROUND,6,CTYPE_09
CARRIER_09,PORT03,PORT04,5.0,9.99,DTP,24.0563,0.5862,GROUND,6,CTYPE_09
CARRIER_09,PORT03,PORT04,10.0,24.99,DTP,24.0563,0.5569,GROUND,6,CTYPE_09
CARRIER_09,PORT03,PORT04,25.0,49.99,DTP,24.0563,0.529,GROUND,6,CTYPE_09
CARRIER_09,PORT03,PORT04,50.0,99.99,DTP,24.0563,0.5026,GROUND,6,CTYPE_09
CARRIER_09,PORT03,PORT04,100.0,299.99,DTP,24.0563,0.4775,GROUND,6,CTYPE_09
CARRIER_09,PORT03,PORT04,300.0,499.99,DTP,24.0563,0.4536,GROUND,6,CTYPE_09
CARRIER_09,PORT03,PORT04,500.0,999.99,DTP,24.0563,0.4309,GROUND,6,CTYPE_09
CARRIER_09,PORT03,PORT04,1000.0,4999.99,DTP,24.0563,0.4094,GROUND,6,CTYPE_09
CARRIER_09,PORT03,PORT04,5000.0,99999.99,DTP,24.0563,0.3889,GROUND,6,CTYPE_09
CARRIER_09,PORT03,PORT04,0.0,4.99,CRF,24.0563,0.3194,GROUND,6,CTYPE_09
CARRIER_09,PORT03,PORT04,5.0,9.99,CRF,24.0563,0.3034,GROUND,6,CTYPE_09
CARRIER_09,PORT03,PORT04,10.0,24.99,CRF,24.0563,0.2883,GROUND,6,CTYPE_09
CARRIER_09,PORT03,PORT04,25.0,49.99,CRF,24.0563,0.2738,GROUND,6,CTYPE_09
CARRIER_09,PORT03,PORT04,50.0,99.99,CRF,24.0563,0.2602,GROUND,6,CTYPE_09
CARRIER_09,PORT03,PORT04,100.0,299.99,CRF,24.0563,0.2471,GROUND,6,CTYPE_09
CARRIER_09,PORT03,PORT04,300.0,499.99,CRF,24.0563,0.2348,GROUND,6,CTYPE_09
CARRIER_09,PORT03,PORT04,500.0,999.99,CRF,24.0563,0.2231,GROUND,6,CTYPE_09
CARRIER_09,PORT03,PORT04,1000.0,4999.99,CRF,24.0563,0.2119,GROUND,6,CTYPE_09
CARRIER_09,PORT03,PORT04,5000.0,99999.99,CRF,24.0563,0.2013,GROUND,6,CTYPE_09
CARRIER_09,PORT03,PORT01,0.0,4.99,DTP,24.0563,0.0582,GROUND,6,CTYPE_09
CARRIER_09,PORT03,PORT01,5.0,9.99,DTP,24.0563,0.0553,GROUND,6,CTYPE_09
CARRIER_09,PORT03,PORT01,10.0,24.99,DTP,24.0563,0.0525,GROUND,6,CTYPE_09
CARRIER_09,PORT03,PORT01,25.0,49.99,DTP,24.0563,0.0499,GROUND,6,CTYPE_09
CARRIER_09,PORT03,PORT01,50.0,99.99,DTP,24.0563,0.0474,GROUND,6,CTYPE_09
CARRIER_09,PORT03,PORT01,100.0,299.99,DTP,24.0563,0.045,GROUND,6,CTYPE_09
CARRIER_09,PORT03,PORT01,300.0,499.99,DTP,24.0563,0.0428,GROUND,6,CTYPE_09
CARRIER_09,PORT03,PORT01,500.0,999.99,DTP,24.0563,0.0406,GROUND,6,CTYPE_09
CARRIER_09,PORT03,PORT01,1000.0,4999.99,DTP,24.0563,0.0386,GROUND,6,CTYPE_09
CARRIER_09,PORT03,PORT01,5000.0,99999.99,DTP,24.0563,0.0367,GROUND,6,CTYPE_09
CARRIER_09,PORT03,PORT01,0.0,4.99,CRF,24.0563,0.4964,GROUND,6,CTYPE_09
CARRIER_09,PORT03,PORT01,5.0,9.99,CRF,24.0563,0.4716,GROUND,6,CTYPE_09
CARRIER_09,PORT03,PORT01,10.0,24.99,CRF,24.0563,0.448,GROUND,6,CTYPE_09
CARRIER_09,PORT03,PORT01,25.0,49.99,CRF,24.0563,0.4256,GROUND,6,CTYPE_09
CARRIER_09,PORT03,PORT01,50.0,99.99,CRF,24.0563,0.4043,GROUND,6,CTYPE_09
CARRIER_09,PORT03,PORT01,100.0,299.99,CRF,24.0563,0.3841,GROUND,6,CTYPE_09
CARRIER_09,PORT03,PORT01,300.0,499.99,CRF,24.0563,0.3649,GROUND,6,CTYPE_09
CARRIER_09,PORT03,PORT01,500.0,999.99,CRF,24.0563,0.3466,GROUND,6,CTYPE_09
CARRIER_09,PORT03,PORT01,1000.0,4999.99,CRF,24.0563,0.3293,GROUND,6,CTYPE_09
CARRIER_09,PORT03,PORT01,5000.0,99999.99,CRF,24.0563,0.3129,GROUND,6,CTYPE_09
CARRIER_09,PORT07,PORT04,0.0,4.99,DTP,24.0563,0.7934,GROUND,6,CTYPE_09
CARRIER_09,PORT07,PORT04,5.0,9.99,DTP,24.0563,0.7538,GROUND,6,CTYPE_09
CARRIER_09,PORT07,PORT04,10.0,24.99,DTP,24.0563,0.7161,GROUND,6,CTYPE_09
CARRIER_09,PORT07,PORT04,25.0,49.99,DTP,24.0563,0.6803,GROUND,6,CTYPE_09
CARRIER_09,PORT07,PORT04,50.0,99.99,DTP,24.0563,0.6463,GROUND,6,CTYPE_09
CARRIER_09,PORT07,PORT04,100.0,299.99,DTP,24.0563,0.6139,GROUND,6,CTYPE_09
CARRIER_09,PORT07,PORT04,300.0,499.99,DTP,24.0563,0.5832,GROUND,6,CTYPE_09
CARRIER_09,PORT07,PORT04,500.0,999.99,DTP,24.0563,0.5541,GROUND,6,CTYPE_09
CARRIER_09,PORT07,PORT04,1000.0,4999.99,DTP,24.0563,0.5264,GROUND,6,CTYPE_09
CARRIER_09,PORT07,PORT04,5000.0,99999.99,DTP,24.0563,0.5001,GROUND,6,CTYPE_09
CARRIER_09,PORT07,PORT04,0.0,4.99,CRF,24.0563,0.2432,GROUND,6,CTYPE_09
CARRIER_09,PORT07,PORT04,5.0,9.99,CRF,24.0563,0.2311,GROUND,6,CTYPE_09
CARRIER_09,PORT07,PORT04,10.0,24.99,CRF,24.0563,0.2195,GROUND,6,CTYPE_09
CARRIER_09,PORT07,PORT04,25.0,49.99,CRF,24.0563,0.2085,GROUND,6,CTYPE_09
CARRIER_09,PORT07,PORT04,50.0,99.99,CRF,24.0563,0.1981,GROUND,6,CTYPE_09
CARRIER_09,PORT07,PORT04,100.0,299.99,CRF,24.0563,0.1882,GROUND,6,CTYPE_09
CARRIER_09,PORT07,PORT04,300.0,499.99,CRF,24.0563,0.1788,GROUND,6,CTYPE_09
CARRIER_09,PORT07,PORT04,500.0,999.99,CRF,24.0563,0.1698,GROUND,6,CTYPE_09
CARRIER_09,PORT07,PORT04,1000.0,4999.99,CRF,24.0563,0.1614,GROUND,6,CTYPE_09
CARRIER_09,PORT07,PORT04,5000.0,99999.99,CRF,24.0563,0.1533,GROUND,6,CTYPE_09
CARRIER_09,PORT07,PORT01,0.0,4.99,DTP,24.0563,0.1921,GROUND,6,CTYPE_09
CARRIER_09,PORT07,PORT01,5.0,9.99,DTP,24.0563,0.1825,GROUND,6,CTYPE_09
CARRIER_09,PORT07,PORT01,10.0,24.99,DTP,24.0563,0.1734,GROUND,6,CTYPE_09
CARRIER_09,PORT07,PORT01,25.0,49.99,DTP,24.0563,0.1647,GROUND,6,CTYPE_09
CARRIER_09,PORT07,PORT01,50.0,99.99,DTP,24.0563,0.1565,GROUND,6,CTYPE_09
CARRIER_09,PORT07,PORT01,100.0,299.99,DTP,24.0563,0.1487,GROUND,6,CTYPE_09
CARRIER_09,PORT07,PORT01,300.0,499.99,DTP,24.0563,0.1412,GROUND,6,CTYPE_09
CARRIER_09,PORT07,PORT01,500.0,999.99,DTP,24.0563,0.1342,GROUND,6,CTYPE_09
CARRIER_09,PORT07,PORT01,1000.0,4999.99,DTP,24.0563,0.1275,GROUND,6,CTYPE_09
CARRIER_09,PORT07,PORT01,5000.0,99999.99,DTP,24.0563,0.1211,GROUND,6,CTYPE_09
CARRIER_09,PORT07,PORT01,0.0,4.99,CRF,24.0563,0.1429,GROUND,6,CTYPE_09
CARRIER_09,PORT07,PORT01,5.0,9.99,CRF,24.0563,0.1358,GROUND,6,CTYPE_09
CARRIER_09,PORT07,PORT01,10.0,24.99,CRF,24.0563,0.129,GROUND,6,CTYPE_09
CARRIER_09,PORT07,PORT01,25.0,49.99,CRF,24.0563,0.1226,GROUND,6,CTYPE_09
CARRIER_09,PORT07,PORT01,50.0,99.99,CRF,24.0563,0.1164,GROUND,6,CTYPE_09
CARRIER_09,PORT07,PORT01,100.0,299.99,CRF,24.0563,0.1106,GROUND,6,CTYPE_09
CARRIER_09,PORT07,PORT01,300.0,499.99,CRF,24.0563,0.1051,GROUND,6,CTYPE_09
CARRIER_09,PORT07,PORT01,500.0,999.99,CRF,24.0563,0.0998,GROUND,6,CTYPE_09
CARRIER_09,PORT07,PORT01,1000.0,4999.99,CRF,24.0563,0.0948,GROUND,6,CTYPE_09
CARRIER_09,PORT07,PORT01,5000.0,99999.99,CRF,24.0563,0.0901,GROUND,6,CTYPE_09
CARRIER_10,PORT04,PORT08,0.0,4.99,DTP,18.8814,0.6442,GROUND,4,CTYPE_10
CARRIER_10,PORT04,PORT08,5.0,9.99,DTP,18.8814,0.612,GROUND,4,CTYPE_10
CARRIER_10,PORT04,PORT08,10.0,24.99,DTP,18.8814,0.5814,GROUND,4,CTYPE_10
CARRIER_10,PORT04,PORT08,25.0,49.99,DTP,18.8814,0.5523,GROUND,4,CTYPE_10
CARRIER_10,PORT04,PORT08,50.0,99.99,DTP,18.8814,0.5247,GROUND,4,CTYPE_10
CARRIER_10,PORT04,PORT08,100.0,299.99,DTP,18.8814,0.4985,GROUND,4,CTYPE_10
CARRIER_10,PORT04,PORT08,300.0,499.99,DTP,18.8814,0.4735,GROUND,4,CTYPE_10
CARRIER_10,PORT04,PORT08,500.0,999.99,DTP,18.8814,0.4499,GROUND,4,CTYPE_10
CARRIER_10,PORT04,PORT08,1000.0,4999.99,DTP,18.8814,0.4274,GROUND,4,CTYPE_10
CARRIER_10,PORT04,PORT08,5000.0,99999.99,DTP,18.8814,0.406,GROUND,4,CTYPE_10
CARRIER_10,PORT04,PORT08,0.0,4.99,CRF,18.8814,0.6148,GROUND,4,CTYPE_10
CARRIER_10,PORT04,PORT08,5.0,9.99,CRF,18.8814,0.5841,GROUND,4,CTYPE_10
CARRIER_10,PORT04,PORT08,10.0,24.99,CRF,18.8814,0.5549,GROUND,4,CTYPE_10
CARRIER_10,PORT04,PORT08,25.0,49.99,CRF,18.8814,0.5271,GROUND,4,CTYPE_10
CARRIER_10,PORT04,PORT08,50.0,99.99,CRF,18.8814,0.5008,GROUND,4,CTYPE_10
CARRIER_10,PORT04,PORT08,100.0,299.99,CRF,18.8814,0.4757,GROUND,4,CTYPE_10
CARRIER_10,PORT04,PORT08,300.0,499.99,CRF,18.8814,0.4519,GROUND,4,CTYPE_10
CARRIER_10,PORT04,PORT08,500.0,999.99,CRF,18.8814,0.4293,GROUND,4,CTYPE_10
CARRIER_10,PORT04,PORT08,1000.0,4999.99,CRF,18.8814,0.4079,GROUND,4,CTYPE_10
CARRIER_10,PORT04,PORT08,5000.0,99999.99,CRF,18.8814,0.3875,GROUND,4,CTYPE_10
CARRIER_10,PORT04,PORT05,0.0,4.99,DTP,18.8814,0.7194,GROUND,4,CTYPE_10
CARRIER_10,PORT04,PORT05,5.0,9.99,DTP,18.8814,0.6834,GROUND,4,CTYPE_10
CARRIER_10,PORT04,PORT05,10.0,24.99,DTP,18.8814,0.6493,GROUND,4,CTYPE_10
CARRIER_10,PORT04,PORT05,25.0,49.99,DTP,18.8814,0.6168,GROUND,4,CTYPE_10
CARRIER_10,PORT04,PORT05,50.0,99.99,DTP,18.8814,0.586,GROUND,4,CTYPE_10
CARRIER_10,PORT04,PORT05,100.0,299.99,DTP,18.8814,0.5567,GROUND,4,CTYPE_10
CARRIER_10,PORT04,PORT05,300.0,499.99,DTP,18.8814,0.5288,GROUND,4,CTYPE_10
CARRIER_10,PORT04,PORT05,500.0,999.99,DTP,18.8814,0.5024,GROUND,4,CTYPE_10
CARRIER_10,PORT04,PORT05,1000.0,4999.99,DTP,18.8814,0.4773,GROUND,4,CTYPE_10
CARRIER_10,PORT04,PORT05,5000.0,99999.99,DTP,18.8814,0.4534,GROUND,4,CTYPE_10
CARRIER_10,PORT04,PORT05,0.0,4.99,CRF,18.8814,0.6543,GROUND,4,CTYPE_10
CARRIER_10,PORT04,PORT05,5.0,9.99,CRF,18.8814,0.6216,GROUND,4,CTYPE_10
CARRIER_10,PORT04,PORT05,10.0,24.99,CRF,18.8814,0.5905,GROUND,4,CTYPE_10
CARRIER_10,PORT04,PORT05,25.0,49.99,CRF,18.8814,0.561,GROUND,4,CTYPE_10
CARRIER_10,PORT04,PORT05,50.0,99.99,CRF,18.8814,0.533,GROUND,4,CTYPE_10
CARRIER_10,PORT04,PORT05,100.0,299.99,CRF,18.8814,0.5063,GROUND,4,CTYPE_10
CARRIER_10,PORT04,PORT05,300.0,499.99,CRF,18.8814,0.481,GROUND,4,CTYPE_10
CARRIER_10,PORT04,PORT05,500.0,999.99,CRF,18.8814,0.4569,GROUND,4,CTYPE_10
CARRIER_10,PORT04,PORT05,1000.0,4999.99,CRF,18.8814,0.4341,GROUND,4,CTYPE_10
CARRIER_10,PORT04,PORT05,5000.0,99999.99,CRF,18.8814,0.4124,GROUND,4,CTYPE_10
CARRIER_10,PORT04,PORT03,0.0,4.99,DTP,18.8814,0.2355,GROUND,4,CTYPE_10
CARRIER_10,PORT04,PORT03,5.0,9.99,DTP,18.8814,0.2237,GROUND,4,CTYPE_10
CARRIER_10,PORT04,PORT03,10.0,24.99,DTP,18.8814,0.2125,GROUND,4,CTYPE_10
CARRIER_10,PORT04,PORT03,25.0,49.99,DTP,18.8814,0.2019,GROUND,4,CTYPE_10
CARRIER_10,PORT04,PORT03,50.0,99.99,DTP,18.8814,0.1918,GROUND,4,CTYPE_10
CARRIER_10,PORT04,PORT03,100.0,299.99,DTP,18.8814,0.1822,GROUND,4,CTYPE_10
CARRIER_10,PORT04,PORT03,300.0,499.99,DTP,18.8814,0.1731,GROUND,4,CTYPE_10
CARRIER_10,PORT04,PORT03,500.0,999.99,DTP,18.8814,0.1644,GROUND,4,CTYPE_10
CARRIER_10,PORT04,PORT03,1000.0,4999.99,DTP,18.8814,0.1562,GROUND,4,CTYPE_10
CARRIER_10,PORT04,PORT03,5000.0,99999.99,DTP,18.8814,0.1484,GROUND,4,CTYPE_10
CARRIER_10,PORT04,PORT03,0.0,4.99,CRF,18.8814,0.4669,GROUND,4,CTYPE_10
CARRIER_10,PORT04,PORT03,5.0,9.99,CRF,18.8814,0.4436,GROUND,4,CTYPE_10
CARRIER_10,PORT04,PORT03,10.0,24.99,CRF,18.8814,0.4214,GROUND,4,CTYPE_10
CARRIER_10,PORT04,PORT03,25.0,49.99,CRF,18.8814,0.4003,GROUND,4,CTYPE_10
CARRIER_10,PORT04,PORT03,50.0,99.99,CRF,18.8814,0.3803,GROUND,4,CTYPE_10
CARRIER_10,PORT04,PORT03,100.0,299.99,CRF,18.8814,0.3613,GROUND,4,CTYPE_10
CARRIER_10,PORT04,PORT03,300.0,499.99,CRF,18.8814,0.3432,GROUND,4,CTYPE_10
CARRIER_10,PORT04,PORT03,500.0,999.99,CRF,18.8814,0.3261,GROUND,4,CTYPE_10
CARRIER_10,PORT04,PORT03,1000.0,4999.99,CRF,18.8814,0.3098,GROUND,4,CTYPE_10
CARRIER_10,PORT04,PORT03,5000.0,99999.99,CRF,18.8814,0.2943,GROUND,4,CTYPE_10
CARRIER_10,PORT07,PORT08,0.0,4.99,DTP,18.8814,0.2731,GROUND,4,CTYPE_10
CARRIER_10,PORT07,PORT08,5.0,9.99,DTP,18.8814,0.2594,GROUND,4,CTYPE_10
CARRIER_10,PORT07,PORT08,10.0,24.99,DTP,18.8814,0.2464,GROUND,4,CTYPE_10
CARRIER_10,PORT07,PORT08,25.0,49.99,DTP,18.8814,0.2341,GROUND,4,CTYPE_10
CARRIER_10,PORT07,PORT08,50.0,99.99,DTP,18.8814,0.2224,GROUND,4,CTYPE_10
CARRIER_10,PORT07,PORT08,100.0,299.99,DTP,18.8814,0.2113,GROUND,4,CTYPE_10
CARRIER_10,PORT07,PORT08,300.0,499.99,DTP,18.8814,0.2007,GROUND,4,CTYPE_10
CARRIER_10,PORT07,PORT08,500.0,999.99,DTP,18.8814,0.1907,GROUND,4,CTYPE_10
CARRIER_10,PORT07,PORT08,1000.0,4999.99,DTP,18.8814,0.1812,GROUND,4,CTYPE_10
CARRIER_10,PORT07,PORT08,5000.0,99999.99,DTP,18.8814,0.1721,GROUND,4,CTYPE_10
CARRIER_10,PORT07,PORT08,0.0,4.99,CRF,18.8814,0.2973,GROUND,4,CTYPE_10
CARRIER_10,PORT07,PORT08,5.0,9.99,CRF,18.8814,0.2825,GROUND,4,CTYPE_10
CARRIER_10,PORT07,PORT08,10.0,24.99,CRF,18.8814,0.2683,GROUND,4,CTYPE_10
CARRIER_10,PORT07,PORT08,25.0,49.99,CRF,18.8814,0.2549,GROUND,4,CTYPE_10
CARRIER_10,PORT07,PORT08,50.0,99.99,CRF,18.8814,0.2422,GROUND,4,CTYPE_10
CARRIER_10,PORT07,PORT08,100.0,299.99,CRF,18.8814,0.2301,GROUND,4,CTYPE_10
CARRIER_10,PORT07,PORT08,300.0,499.99,CRF,18.8814,0.2186,GROUND,4,CTYPE_10
CARRIER_10,PORT07,PORT08,500.0,999.99,CRF,18.8814,0.2076,GROUND,4,CTYPE_10
CARRIER_10,PORT07,PORT08,1000.0,4999.99,CRF,18.8814,0.1973,GROUND,4,CTYPE_10
CARRIER_10,PORT07,PORT08,5000.0,99999.99,CRF,18.8814,0.1874,GROUND,4,CTYPE_10
CARRIER_10,PORT07,PORT05,0.0,4.99,DTP,18.8814,0.749,GROUND,4,CTYPE_10
CARRIER_10,PORT07,PORT05,5.0,9.99,DTP,18.8814,0.7115,GROUND,4,CTYPE_10
CARRIER_10,PORT07,PORT05,10.0,24.99,DTP,18.8814,0.6759,GROUND,4,CTYPE_10
CARRIER_10,PORT07,PORT05,25.0,49.99,DTP,18.8814,0.6421,GROUND,4,CTYPE_10
CARRIER_10,PORT07,PORT05,50.0,99.99,DTP,18.8814,0.61,GROUND,4,CTYPE_10
CARRIER_10,PORT07,PORT05,100.0,299.99,DTP,18.8814,0.5795,GROUND,4,CTYPE_10
CARRIER_10,PORT07,PORT05,300.0,499.99,DTP,18.8814,0.5506,GROUND,4,CTYPE_10
CARRIER_10,PORT07,PORT05,500.0,999.99,DTP,18.8814,0.523,GROUND,4,CTYPE_10
CARRIER_10,PORT07,PORT05,1000.0,4999.99,DTP,18.8814,0.4969,GROUND,4,CTYPE_10
CARRIER_10,PORT07,PORT05,5000.0,99999.99,DTP,18.8814,0.472,GROUND,4,CTYPE_10
CARRIER_10,PORT07,PORT05,0.0,4.99,CRF,18.8814,0.5614,GROUND,4,CTYPE_10
CARRIER_10,PORT07,PORT05,5.0,9.99,CRF,18.8814,0.5334,GROUND,4,CTYPE_10
CARRIER_10,PORT07,PORT05,10.0,24.99,CRF,18.8814,0.5067,GROUND,4,CTYPE_10
CARRIER_10,PORT07,PORT05,25.0,49.99,CRF,18.8814,0.4813,GROUND,4,CTYPE_10
CARRIER_10,PORT07,PORT05,50.0,99.99,CRF,18.8814,0.4573,GROUND,4,CTYPE_10
CARRIER_10,PORT07,PORT05,100.0,299.99,CRF,18.8814,0.4344,GROUND,4,CTYPE_10
CARRIER_10,PORT07,PORT05,300.0,499.99,CRF,18.8814,0.4127,GROUND,4,CTYPE_10
CARRIER_10,PORT07,PORT05,500.0,999.99,CRF,18.8814,0.3921,GROUND,4,CTYPE_10
CARRIER_10,PORT07,PORT05,1000.0,4999.99,CRF,18.8814,0.3725,GROUND,4,CTYPE_10
CARRIER_10,PORT07,PORT05,5000.0,99999.99,CRF,18.8814,0.3538,GROUND,4,CTYPE_10
CARRIER_10,PORT07,PORT03,0.0,4.99,DTP,18.8814,0.7809,GROUND,4,CTYPE_10
CARRIER_10,PORT07,PORT03,5.0,9.99,DTP,18.8814,0.7419,GROUND,4,CTYPE_10
CARRIER_10,PORT07,PORT03,10.0,24.99,DTP,18.8814,0.7048,GROUND,4,CTYPE_10
CARRIER_10,PORT07,PORT03,25.0,49.99,DTP,18.8814,0.6696,GROUND,4,CTYPE_10
CARRIER_10,PORT07,PORT03,50.0,99.99,DTP,18.8814,0.6361,GROUND,4,CTYPE_10
CARRIER_10,PORT07,PORT03,100.0,299.99,DTP,18.8814,0.6043,GROUND,4,CTYPE_10
CARRIER_10,PORT07,PORT03,300.0,499.99,DTP,18.8814,0.5741,GROUND,4,CTYPE_10
CARRIER_10,PORT07,PORT03,500.0,999.99,DTP,18.8814,0.5454,GROUND,4,CTYPE_10
CARRIER_10,PORT07,PORT03,1000.0,4999.99,DTP,18.8814,0.5181,GROUND,4,CTYPE_10
CARRIER_10,PORT07,PORT03,5000.0,99999.99,DTP,18.8814,0.4922,GROUND,4,CTYPE_10
CARRIER_10,PORT07,PORT03,0.0,4.99,CRF,18.8814,0.3627,GROUND,4,CTYPE_10
CARRIER_10,PORT07,PORT03,5.0,9.99,CRF,18.8814,0.3446,GROUND,4,CTYPE_10
CARRIER_10,PORT07,PORT03,10.0,24.99,CRF,18.8814,0.3273,GROUND,4,CTYPE_10
CARRIER_10,PORT07,PORT03,25.0,49.99,CRF,18.8814,0.311,GROUND,4,CTYPE_10
CARRIER_10,PORT07,PORT03,50.0,99.99,CRF,18.8814,0.2954,GROUND,4,CTYPE_10
CARRIER_10,PORT07,PORT03,100.0,299.99,CRF,18.8814,0.2806,GROUND,4,CTYPE_10
CARRIER_10,PORT07,PORT03,300.0,499.99,CRF,18.8814,0.2666,GROUND,4,CTYPE_10
CARRIER_10,PORT07,PORT03,500.0,999.99,CRF,18.8814,0.2533,GROUND,4,CTYPE_10
CARRIER_10,PORT07,PORT03,1000.0,4999.99,CRF,18.8814,0.2406,GROUND,4,CTYPE_10
CARRIER_10,PORT07,PORT03,5000.0,99999.99,CRF,18.8814,0.2286,GROUND,4,CTYPE_10
CARRIER_10,PORT01,PORT08,0.0,4.99,DTP,18.8814,0.4531,GROUND,4,CTYPE_10
CARRIER_10,PORT01,PORT08,5.0,9.99,DTP,18.8814,0.4304,GROUND,4,CTYPE_10
CARRIER_10,PORT01,PORT08,10.0,24.99,DTP,18.8814,0.4089,GROUND,4,CTYPE_10
CARRIER_10,PORT01,PORT08,25.0,49.99,DTP,18.8814,0.3885,GROUND,4,CTYPE_10
CARRIER_10,PORT01,PORT08,50.0,99.99,DTP,18.8814,0.369,GROUND,4,CTYPE_10
CARRIER_10,PORT01,PORT08,100.0,299.99,DTP,18.8814,0.3506,GROUND,4,CTYPE_10
CARRIER_10,PORT01,PORT08,300.0,499.99,DTP,18.8814,0.3331,GROUND,4,CTYPE_10
CARRIER_10,PORT01,PORT08,500.0,999.99,DTP,18.8814,0.3164,GROUND,4,CTYPE_10
CARRIER_10,PORT01,PORT08,1000.0,4999.99,DTP,18.8814,0.3006,GROUND,4,CTYPE_10
CARRIER_10,PORT01,PORT08,5000.0,99999.99,DTP,18.8814,0.2856,GROUND,4,CTYPE_10
CARRIER_10,PORT01,PORT08,0.0,4.99,CRF,18.8814,0.4153,GROUND,4,CTYPE_10
CARRIER_10,PORT01,PORT08,5.0,9.99,CRF,18.8814,0.3946,GROUND,4,CTYPE_10
CARRIER_10,PORT01,PORT08,10.0,24.99,CRF,18.8814,0.3748,GROUND,4,CTYPE_10
CARRIER_10,PORT01,PORT08,25.0,49.99,CRF,18.8814,0.3561,GROUND,4,CTYPE_10
CARRIER_10,PORT01,PORT08,50.0,99.99,CRF,18.8814,0.3383,GROUND,4,CTYPE_10
CARRIER_10,PORT01,PORT08,100.0,299.99,CRF,18.8814,0.3214,GROUND,4,CTYPE_10
CARRIER_10,PORT01,PORT08,300.0,499.99,CRF,18.8814,0.3053,GROUND,4,CTYPE_10
CARRIER_10,PORT01,PORT08,500.0,999.99,CRF,18.8814,0.29,GROUND,4,CTYPE_10
CARRIER_10,PORT01,PORT08,1000.0,4999.99,CRF,18.8814,0.2755,GROUND,4,CTYPE_10
CARRIER_10,PORT01,PORT08,5000.0,99999.99,CRF,18.8814,0.2618,GROUND,4,CTYPE_10
CARRIER_10,PORT01,PORT05,0.0,4.99,DTP,18.8814,0.1305,GROUND,4,CTYPE_10
CARRIER_10,PORT01,PORT05,5.0,9.99,DTP,18.8814,0.1239,GROUND,4,CTYPE_10
CARRIER_10,PORT01,PORT05,10.0,24.99,DTP,18.8814,0.1177,GROUND,4,CTYPE_10
CARRIER_10,PORT01,PORT05,25.0,49.99,DTP,18.8814,0.1119,GROUND,4,CTYPE_10
CARRIER_10,PORT01,PORT05,50.0,99.99,DTP,18.8814,0.1063,GROUND,4,CTYPE_10
CARRIER_10,PORT01,PORT05,100.0,299.99,DTP,18.8814,0.101,GROUND,4,CTYPE_10
CARRIER_10,PORT01,PORT05,300.0,499.99,DTP,18.8814,0.0959,GROUND,4,CTYPE_10
CARRIER_10,PORT01,PORT05,500.0,999.99,DTP,18.8814,0.0911,GROUND,4,CTYPE_10
CARRIER_10,PORT01,PORT05,1000.0,4999.99,DTP,18.8814,0.0866,GROUND,4,CTYPE_10
CARRIER_10,PORT01,PORT05,5000.0,99999.99,DTP,18.8814,0.0822,GROUND,4,CTYPE_10
CARRIER_10,PORT01,PORT05,0.0,4.99,CRF,18.8814,0.2275,GROUND,4,CTYPE_10
CARRIER_10,PORT01,PORT05,5.0,9.99,CRF,18.8814,0.2162,GROUND,4,CTYPE_10
CARRIER_10,PORT01,PORT05,10.0,24.99,CRF,18.8814,0.2053,GROUND,4,CTYPE_10
CARRIER_10,PORT01,PORT05,25.0,49.99,CRF,18.8814,0.1951,GROUND,4,CTYPE_10
CARRIER_10,PORT01,PORT05,50.0,99.99,CRF,18.8814,0.1853,GROUND,4,CTYPE_10
CARRIER_10,PORT01,PORT05,100.0,299.99,CRF,18.8814,0.1761,GROUND,4,CTYPE_10
CARRIER_10,PORT01,PORT05,300.0,499.99,CRF,18.8814,0.1673,GROUND,4,CTYPE_10
CARRIER_10,PORT01,PORT05,500.0,999.99,CRF,18.8814,0.1589,GROUND,4,CTYPE_10
CARRIER_10,PORT01,PORT05,1000.0,4999.99,CRF,18.8814,0.1509,GROUND,4,CTYPE_10
CARRIER_10,PORT01,PORT05,5000.0,99999.99,CRF,18.8814,0.1434,GROUND,4,CTYPE_10
CARRIER_10,PORT01,PORT03,0.0,4.99,DTP,18.8814,0.4457,GROUND,4,CTYPE_10
CARRIER_10,PORT01,PORT03,5.0,9.99,DTP,18.8814,0.4234,GROUND,4,CTYPE_10
CARRIER_10,PORT01,PORT03,10.0,24.99,DTP,18.8814,0.4023,GROUND,4,CTYPE_10
CARRIER_10,PORT01,PORT03,25.0,49.99,DTP,18.8814,0.3822,GROUND,4,CTYPE_10
CARRIER_10,PORT01,PORT03,50.0,99.99,DTP,18.8814,0.363,GROUND,4,CTYPE_10
CARRIER_10,PORT01,PORT03,100.0,299.99,DTP,18.8814,0.3449,GROUND,4,CTYPE_10
CARRIER_10,PORT01,PORT03,300.0,499.99,DTP,18.8814,0.3277,GROUND,4,CTYPE_10
CARRIER_10,PORT01,PORT03,500.0,999.99,DTP,18.8814,0.3113,GROUND,4,CTYPE_10
CARRIER_10,PORT01,PORT03,1000.0,4999.99,DTP,18.8814,0.2957,GROUND,4,CTYPE_10
CARRIER_10,PORT01,PORT03,5000.0,99999.99,DTP,18.8814,0.2809,GROUND,4,CTYPE_10
CARRIER_10,PORT01,PORT03,0.0,4.99,CRF,18.8814,0.1005,GROUND,4,CTYPE_10
CARRIER_10,PORT01,PORT03,5.0,9.99,CRF,18.8814,0.0955,GROUND,4,CTYPE_10
CARRIER_10,PORT01,PORT03,10.0,24.99,CRF,18.8814,0.0907,GROUND,4,CTYPE_10
CARRIER_10,PORT01,PORT03,25.0,49.99,CRF,18.8814,0.0862,GROUND,4,CTYPE_10
CARRIER_10,PORT01,PORT03,50.0,99.99,CRF,18.8814,0.0819,GROUND,4,CTYPE_10
CARRIER_10,PORT01,PORT03,100.0,299.99,CRF,18.8814,0.0778,GROUND,4,CTYPE_10
CARRIER_10,PORT01,PORT03,300.0,499.99,CRF,18.8814,0.0739,GROUND,4,CTYPE_10
CARRIER_10,PORT01,PORT03,500.0,999.99,CRF,18.8814,0.0702,GROUND,4,CTYPE_10
CARRIER_10,PORT01,PORT03,1000.0,4999.99,CRF,18.8814,0.0667,GROUND,4,CTYPE_10
CARRIER_10,PORT01,PORT03,5000.0,99999.99,CRF,18.8814,0.0634,GROUND,4,CTYPE_10
CARRIER_11,PORT07,PORT04,0.0,4.99,DTD,113.8316,1.3909,AIR,1,CTYPE_11
CARRIER_11,PORT07,PORT04,5.0,9.99,DTD,113.8316,1.3214,AIR,1,CTYPE_11
CARRIER_11,PORT07,PORT04,10.0,24.99,DTD,113.8316,1.2553,AIR,1,CTYPE_11
CARRIER_11,PORT07,PORT04,25.0,49.99,DTD,113.8316,1.1925,AIR,1,CTYPE_11
CARRIER_11,PORT07,PORT04,50.0,99.99,DTD,113.8316,1.1329,AIR,1,CTYPE_11
CARRIER_11,PORT07,PORT04,100.0,299.99,DTD,113.8316,1.0763,AIR,1,CTYPE_11
CARRIER_11,PORT07,PORT04,300.0,499.99,DTD,113.8316,1.0224,AIR,1,CTYPE_11
CARRIER_11,PORT07,PORT04,500.0,999.99,DTD,113.8316,0.9713,AIR,1,CTYPE_11
CARRIER_11,PORT07,PORT04,1000.0,4999.99,DTD,113.8316,0.9228,AIR,1,CTYPE_11
CARRIER_11,PORT07,PORT04,5000.0,99999.99,DTD,113.8316,0.8766,AIR,1,CTYPE_11
CARRIER_11,PORT07,PORT04,0.0,4.99,DTP,113.8316,3.9439,AIR,1,CTYPE_11
CARRIER_11,PORT07,PORT04,5.0,9.99,DTP,113.8316,3.7467,AIR,1,CTYPE_11
CARRIER_11,PORT07,PORT04,10.0,24.99,DTP,113.8316,3.5594,AIR,1,CTYPE_11
CARRIER_11,PORT07,PORT04,25.0,49.99,DTP,113.8316,3.3814,AIR,1,CTYPE_11
CARRIER_11,PORT07,PORT04,50.0,99.99,DTP,113.8316,3.2124,AIR,1,CTYPE_11
CARRIER_11,PORT07,PORT04,100.0,299.99,DTP,113.8316,3.0517,AIR,1,CTYPE_11
CARRIER_11,PORT07,PORT04,300.0,499.99,DTP,113.8316,2.8992,AIR,1,CTYPE_11
CARRIER_11,PORT07,PORT04,500.0,999.99,DTP,113.8316,2.7542,AIR,1,CTYPE_11
CARRIER_11,PORT07,PORT04,1000.0,4999.99,DTP,113.8316,2.6165,AIR,1,CTYPE_11
CARRIER_11,PORT07,PORT04,5000.0,99999.99,DTP,113.8316,2.4857,AIR,1,CTYPE_11
CARRIER_11,PORT07,PORT01,0.0,4.99,DTD,113.8316,0.9362,AIR,1,CTYPE_11
CARRIER_11,PORT07,PORT01,5.0,9.99,DTD,113.8316,0.8894,AIR,1,CTYPE_11
CARRIER_11,PORT07,PORT01,10.0,24.99,DTD,113.8316,0.8449,AIR,1,CTYPE_11
CARRIER_11,PORT07,PORT01,25.0,49.99,DTD,113.8316,0.8027,AIR,1,CTYPE_11
CARRIER_11,PORT07,PORT01,50.0,99.99,DTD,113.8316,0.7625,AIR,1,CTYPE_11
CARRIER_11,PORT07,PORT01,100.0,299.99,DTD,113.8316,0.7244,AIR,1,CTYPE_11
CARRIER_11,PORT07,PORT01,300.0,499.99,DTD,113.8316,0.6882,AIR,1,CTYPE_11
CARRIER_11,PORT07,PORT01,500.0,999.99,DTD,113.8316,0.6538,AIR,1,CTYPE_11
CARRIER_11,PORT07,PORT01,1000.0,4999.99,DTD,113.8316,0.6211,AIR,1,CTYPE_11
CARRIER_11,PORT07,PORT01,5000.0,99999.99,DTD,113.8316,0.59,AIR,1,CTYPE_11
CARRIER_11,PORT07,PORT01,0.0,4.99,DTP,113.8316,4.5513,AIR,1,CTYPE_11
CARRIER_11,PORT07,PORT01,5.0,9.99,DTP,113.8316,4.3237,AIR,1,CTYPE_11
CARRIER_11,PORT07,PORT01,10.0,24.99,DTP,113.8316,4.1075,AIR,1,CTYPE_11
CARRIER_11,PORT07,PORT01,25.0,49.99,DTP,113.8316,3.9021,AIR,1,CTYPE_11
CARRIER_11,PORT07,PORT01,50.0,99.99,DTP,113.8316,3.707,AIR,1,CTYPE_11
CARRIER_11,PORT07,PORT01,100.0,299.99,DTP,113.8316,3.5217,AIR,1,CTYPE_11
CARRIER_11,PORT07,PORT01,300.0,499.99,DTP,113.8316,3.3456,AIR,1,CTYPE_11
CARRIER_11,PORT07,PORT01,500.0,999.99,DTP,113.8316,3.1783,AIR,1,CTYPE_11
CARRIER_11,PORT07,PORT01,1000.0,4999.99,DTP,113.8316,3.0194,AIR,1,CTYPE_11
CARRIER_11,PORT07,PORT01,5000.0,99999.99,DTP,113.8316,2.8684,AIR,1,CTYPE_11
CARRIER_11,PORT08,PORT04,0.0,4.99,DTD,113.8316,3.7657,AIR,1,CTYPE_11
CARRIER_11,PORT08,PORT04,5.0,9.99,DTD,113.8316,3.5774,AIR,1,CTYPE_11
CARRIER_11,PORT08,PORT04,10.0,24.99,DTD,113.8316,3.3985,AIR,1,CTYPE_11
CARRIER_11,PORT08,PORT04,25.0,49.99,DTD,113.8316,3.2286,AIR,1,CTYPE_11
CARRIER_11,PORT08,PORT04,50.0,99.99,DTD,113.8316,3.0671,AIR,1,CTYPE_11
CARRIER_11,PORT08,PORT04,100.0,299.99,DTD,113.8316,2.9138,AIR,1,CTYPE_11
CARRIER_11,PORT08,PORT04,300.0,499.99,DTD,113.8316,2.7681,AIR,1,CTYPE_11
CARRIER_11,PORT08,PORT04,500.0,999.99,DTD,113.8316,2.6297,AIR,1,CTYPE_11
CARRIER_11,PORT08,PORT04,1000.0,4999.99,DTD,113.8316,2.4982,AIR,1,CTYPE_11
CARRIER_11,PORT08,PORT04,5000.0,99999.99,DTD,113.8316,2.3733,AIR,1,CTYPE_11
CARRIER_11,PORT08,PORT04,0.0,4.99,DTP,113.8316,0.8088,AIR,1,CTYPE_11
CARRIER_11,PORT08,PORT04,5.0,9.99,DTP,113.8316,0.7684,AIR,1,CTYPE_11
CARRIER_11,PORT08,PORT04,10.0,24.99,DTP,113.8316,0.7299,AIR,1,CTYPE_11
CARRIER_11,PORT08,PORT04,25.0,49.99,DTP,113.8316,0.6934,AIR,1,CTYPE_11
CARRIER_11,PORT08,PORT04,50.0,99.99,DTP,113.8316,0.6588,AIR,1,CTYPE_11
CARRIER_11,PORT08,PORT04,100.0,299.99,DTP,113.8316,0.6258,AIR,1,CTYPE_11
CARRIER_11,PORT08,PORT04,300.0,499.99,DTP,113.8316,0.5945,AIR,1,CTYPE_11
CARRIER_11,PORT08,PORT04,500.0,999.99,DTP,113.8316,0.5648,AIR,1,CTYPE_11
CARRIER_11,PORT08,PORT04,1000.0,4999.99,DTP,113.8316,0.5366,AIR,1,CTYPE_11
CARRIER_11,PORT08,PORT04,5000.0,99999.99,DTP,113.8316,0.5097,AIR,1,CTYPE_11
CARRIER_11,PORT08,PORT01,0.0,4.99,DTD,113.8316,3.6133,AIR,1,CTYPE_11
CARRIER_11,PORT08,PORT01,5.0,9.99,DTD,113.8316,3.4326,AIR,1,CTYPE_11
CARRIER_11,PORT08,PORT01,10.0,24.99,DTD,113.8316,3.261,AIR,1,CTYPE_11
CARRIER_11,PORT08,PORT01,25.0,49.99,DTD,113.8316,3.098,AIR,1,CTYPE_11
CARRIER_11,PORT08,PORT01,50.0,99.99,DTD,113.8316,2.9431,AIR,1,CTYPE_11
CARRIER_11,PORT08,PORT01,100.0,299.99,DTD,113.8316,2.7959,AIR,1,CTYPE_11
CARRIER_11,PORT08,PORT01,300.0,499.99,DTD,113.8316,2.6561,AIR,1,CTYPE_11
CARRIER_11,PORT08,PORT01,500.0,999.99,DTD,113.8316,2.5233,AIR,1,CTYPE_11
CARRIER_11,PORT08,PORT01,1000.0,4999.99,DTD,113.8316,2.3971,AIR,1,CTYPE_11
CARRIER_11,PORT08,PORT01,5000.0,99999.99,DTD,113.8316,2.2773,AIR,1,CTYPE_11
CARRIER_11,PORT08,PORT01,0.0,4.99,DTP,113.8316,3.3423,AIR,1,CTYPE_11
CARRIER_11,PORT08,PORT01,5.0,9.99,DTP,113.8316,3.1752,AIR,1,CTYPE_11
CARRIER_11,PORT08,PORT01,10.0,24.99,DTP,113.8316,3.0165,AIR,1,CTYPE_11
CARRIER_11,PORT08,PORT01,25.0,49.99,DTP,113.8316,2.8656,AIR,1,CTYPE_11
CARRIER_11,PORT08,PORT01,50.0,99.99,DTP,113.8316,2.7223,AIR,1,CTYPE_11
CARRIER_11,PORT08,PORT01,100.0,299.99,DTP,113.8316,2.5862,AIR,1,CTYPE_11
CARRIER_11,PORT08,PORT01,300.0,499.99,DTP,113.8316,2.4569,AIR,1,CTYPE_11
CARRIER_11,PORT08,PORT01,500.0,999.99,DTP,113.8316,2.3341,AIR,1,CTYPE_11
CARRIER_11,PORT08,PORT01,1000.0,4999.99,DTP,113.8316,2.2174,AIR,1,CTYPE_11
CARRIER_11,PORT08,PORT01,5000.0,99999.99,DTP,113.8316,2.1065,AIR,1,CTYPE_11
CARRIER_11,PORT06,PORT04,0.0,4.99,DTD,113.8316,3.9081,AIR,1,CTYPE_11
CARRIER_11,PORT06,PORT04,5.0,9.99,DTD,113.8316,3.7127,AIR,1,CTYPE_11
CARRIER_11,PORT06,PORT04,10.0,24.99,DTD,113.8316,3.527,AIR,1,CTYPE_11
CARRIER_11,PORT06,PORT04,25.0,49.99,DTD,113.8316,3.3507,AIR,1,CTYPE_11
CARRIER_11,PORT06,PORT04,50.0,99.99,DTD,113.8316,3.1831,AIR,1,CTYPE_11
CARRIER_11,PORT06,PORT04,100.0,299.99,DTD,113.8316,3.024,AIR,1,CTYPE_11
CARRIER_11,PORT06,PORT04,300.0,499.99,DTD,113.8316,2.8728,AIR,1,CTYPE_11
CARRIER_11,PORT06,PORT04,500.0,999.99,DTD,113.8316,2.7292,AIR,1,CTYPE_11
CARRIER_11,PORT06,PORT04,1000.0,4999.99,DTD,113.8316,2.5927,AIR,1,CTYPE_11
CARRIER_11,PORT06,PORT04,5000.0,99999.99,DTD,113.8316,2.4631,AIR,1,CTYPE_11
CARRIER_11,PORT06,PORT04,0.0,4.99,DTP,113.8316,4.2269,AIR,1,CTYPE_11
CARRIER_11,PORT06,PORT04,5.0,9.99,DTP,113.8316,4.0155,AIR,1,CTYPE_11
CARRIER_11,PORT06,PORT04,10.0,24.99,DTP,113.8316,3.8148,AIR,1,CTYPE_11
CARRIER_11,PORT06,PORT04,25.0,49.99,DTP,113.8316,3.624,AIR,1,CTYPE_11
CARRIER_11,PORT06,PORT04,50.0,99.99,DTP,113.8316,3.4428,AIR,1,CTYPE_11
CARRIER_11,PORT06,PORT04,100.0,299.99,DTP,113.8316,3.2707,AIR,1,CTYPE_11
CARRIER_11,PORT06,PORT04,300.0,499.99,DTP,113.8316,3.1072,AIR,1,CTYPE_11
CARRIER_11,PORT06,PORT04,500.0,999.99,DTP,113.8316,2.9518,AIR,1,CTYPE_11
CARRIER_11,PORT06,PORT04,1000.0,4999.99,DTP,113.8316,2.8042,AIR,1,CTYPE_11
CARRIER_11,PORT06,PORT04,5000.0,99999.99,DTP,113.8316,2.664,AIR,1,CTYPE_11
CARRIER_11,PORT06,PORT01,0.0,4.99,DTD,113.8316,3.7326,AIR,1,CTYPE_11
CARRIER_11,PORT06,PORT01,5.0,9.99,DTD,113.8316,3.5459,AIR,1,CTYPE_11
CARRIER_11,PORT06,PORT01,10.0,24.99,DTD,113.8316,3.3687,AIR,1,CTYPE_11
CARRIER_11,PORT06,PORT01,25.0,49.99,DTD,113.8316,3.2002,AIR,1,CTYPE_11
CARRIER_11,PORT06,PORT01,50.0,99.99,DTD,113.8316,3.0402,AIR,1,CTYPE_11
CARRIER_11,PORT06,PORT01,100.0,299.99,DTD,113.8316,2.8882,AIR,1,CTYPE_11
CARRIER_11,PORT06,PORT01,300.0,499.99,DTD,113.8316,2.7438,AIR,1,CTYPE_11
CARRIER_11,PORT06,PORT01,500.0,999.99,DTD,113.8316,2.6066,AIR,1,CTYPE_11
CARRIER_11,PORT06,PORT01,1000.0,4999.99,DTD,113.8316,2.4763,AIR,1,CTYPE_11
CARRIER_11,PORT06,PORT01,5000.0,99999.99,DTD,113.8316,2.3525,AIR,1,CTYPE_11
CARRIER_11,PORT06,PORT01,0.0,4.99,DTP,113.8316,3.1378,AIR,1,CTYPE_11
CARRIER_11,PORT06,PORT01,5.0,9.99,DTP,113.8316,2.9809,AIR,1,CTYPE_11
CARRIER_11,PORT06,PORT01,10.0,24.99,DTP,113.8316,2.8319,AIR,1,CTYPE_11
CARRIER_11,PORT06,PORT01,25.0,49.99,DTP,113.8316,2.6903,AIR,1,CTYPE_11
CARRIER_11,PORT06,PORT01,50.0,99.99,DTP,113.8316,2.5558,AIR,1,CTYPE_11
CARRIER_11,PORT06,PORT01,100.0,299.99,DTP,113.8316,2.428,AIR,1,CTYPE_11
CARRIER_11,PORT06,PORT01,300.0,499.99,DTP,113.8316,2.3066,AIR,1,CTYPE_11
CARRIER_11,PORT06,PORT01,500.0,999.99,DTP,113.8316,2.1912,AIR,1,CTYPE_11
CARRIER_11,PORT06,PORT01,1000.0,4999.99,DTP,113.8316,2.0817,AIR,1,CTYPE_11
CARRIER_11,PORT06,PORT01,5000.0,99999.99,DTP,113.8316,1.9776,AIR,1,CTYPE_11
CARRIER_11,PORT03,PORT04,0.0,4.99,DTD,113.8316,1.9511,AIR,1,CTYPE_11
CARRIER_11,PORT03,PORT04,5.0,9.99,DTD,113.8316,1.8535,AIR,1,CTYPE_11
CARRIER_11,PORT03,PORT04,10.0,24.99,DTD,113.8316,1.7609,AIR,1,CTYPE_11
CARRIER_11,PORT03,PORT04,25.0,49.99,DTD,113.8316,1.6728,AIR,1,CTYPE_11
CARRIER_11,PORT03,PORT04,50.0,99.99,DTD,113.8316,1.5892,AIR,1,CTYPE_11
CARRIER_11,PORT03,PORT04,100.0,299.99,DTD,113.8316,1.5097,AIR,1,CTYPE_11
CARRIER_11,PORT03,PORT04,300.0,499.99,DTD,113.8316,1.4342,AIR,1,CTYPE_11
CARRIER_11,PORT03,PORT04,500.0,999.99,DTD,113.8316,1.3625,AIR,1,CTYPE_11
CARRIER_11,PORT03,PORT04,1000.0,4999.99,DTD,113.8316,1.2944,AIR,1,CTYPE_11
CARRIER_11,PORT03,PORT04,5000.0,99999.99,DTD,113.8316,1.2297,AIR,1,CTYPE_11
CARRIER_11,PORT03,PORT04,0.0,4.99,DTP,113.8316,3.6377,AIR,1,CTYPE_11
CARRIER_11,PORT03,PORT04,5.0,9.99,DTP,113.8316,3.4558,AIR,1,CTYPE_11
CARRIER_11,PORT03,PORT04,10.0,24.99,DTP,113.8316,3.2831,AIR,1,CTYPE_11
CARRIER_11,PORT03,PORT04,25.0,49.99,DTP,113.8316,3.1189,AIR,1,CTYPE_11
CARRIER_11,PORT03,PORT04,50.0,99.99,DTP,113.8316,2.963,AIR,1,CTYPE_11
CARRIER_11,PORT03,PORT04,100.0,299.99,DTP,113.8316,2.8148,AIR,1,CTYPE_11
CARRIER_11,PORT03,PORT04,300.0,499.99,DTP,113.8316,2.6741,AIR,1,CTYPE_11
CARRIER_11,PORT03,PORT04,500.0,999.99,DTP,113.8316,2.5404,AIR,1,CTYPE_11
CARRIER_11,PORT03,PORT04,1000.0,4999.99,DTP,113.8316,2.4133,AIR,1,CTYPE_11
CARRIER_11,PORT03,PORT04,5000.0,99999.99,DTP,113.8316,2.2927,AIR,1,CTYPE_11
CARRIER_11,PORT03,PORT01,0.0,4.99,DTD,113.8316,4.8064,AIR,1,CTYPE_11
CARRIER_11,PORT03,PORT01,5.0,9.99,DTD,113.8316,4.5661,AIR,1,CTYPE_11
CARRIER_11,PORT03,PORT01,10.0,24.99,DTD,113.8316,4.3378,AIR,1,CTYPE_11
CARRIER_11,PORT03,PORT01,25.0,49.99,DTD,113.8316,4.1209,AIR,1,CTYPE_11
CARRIER_11,PORT03,PORT01,50.0,99.99,DTD,113.8316,3.9148,AIR,1,CTYPE_11
CARRIER_11,PORT03,PORT01,100.0,299.99,DTD,113.8316,3.7191,AIR,1,CTYPE_11
CARRIER_11,PORT03,PORT01,300.0,499.99,DTD,113.8316,3.5331,AIR,1,CTYPE_11
CARRIER_11,PORT03,PORT01,500.0,999.99,DTD,113.8316,3.3565,AIR,1,CTYPE_11
CARRIER_11,PORT03,PORT01,1000.0,4999.99,DTD,113.8316,3.1886,AIR,1,CTYPE_11
CARRIER_11,PORT03,PORT01,5000.0,99999.99,DTD,113.8316,3.0292,AIR,1,CTYPE_11
CARRIER_11,PORT03,PORT01,0.0,4.99,DTP,113.8316,3.1438,AIR,1,CTYPE_11
CARRIER_11,PORT03,PORT01,5.0,9.99,DTP,113.8316,2.9867,AIR,1,CTYPE_11
CARRIER_11,PORT03,PORT01,10.0,24.99,DTP,113.8316,2.8373,AIR,1,CTYPE_11
CARRIER_11,PORT03,PORT01,25.0,49.99,DTP,113.8316,2.6955,AIR,1,CTYPE_11
CARRIER_11,PORT03,PORT01,50.0,99.99,DTP,113.8316,2.5607,AIR,1,CTYPE_11
CARRIER_11,PORT03,PORT01,100.0,299.99,DTP,113.8316,2.4326,AIR,1,CTYPE_11
CARRIER_11,PORT03,PORT01,300.0,499.99,DTP,113.8316,2.311,AIR,1,CTYPE_11
CARRIER_11,PORT03,PORT01,500.0,999.99,DTP,113.8316,2.1955,AIR,1,CTYPE_11
CARRIER_11,PORT03,PORT01,1000.0,4999.99,DTP,113.8316,2.0857,AIR,1,CTYPE_11
CARRIER_11,PORT03,PORT01,5000.0,99999.99,DTP,113.8316,1.9814,AIR,1,CTYPE_11
CARRIER_12,PORT03,PORT04,0.0,4.99,DTD,89.791,3.9025,AIR,3,CTYPE_12
CARRIER_12,PORT03,PORT04,5.0,9.99,DTD,89.791,3.7074,AIR,3,CTYPE_12
CARRIER_12,PORT03,PORT04,10.0,24.99,DTD,89.791,3.522,AIR,3,CTYPE_12
CARRIER_12,PORT03,PORT04,25.0,49.99,DTD,89.791,3.3459,AIR,3,CTYPE_12
CARRIER_12,PORT03,PORT04,50.0,99.99,DTD,89.791,3.1786,AIR,3,CTYPE_12
CARRIER_12,PORT03,PORT04,100.0,299.99,DTD,89.791,3.0197,AIR,3,CTYPE_12
CARRIER_12,PORT03,PORT04,300.0,499.99,DTD,89.791,2.8687,AIR,3,CTYPE_12
CARRIER_12,PORT03,PORT04,500.0,999.99,DTD,89.791,2.7253,AIR,3,CTYPE_12
CARRIER_12,PORT03,PORT04,1000.0,4999.99,DTD,89.791,2.589,AIR,3,CTYPE_12
CARRIER_12,PORT03,PORT04,5000.0,99999.99,DTD,89.791,2.4596,AIR,3,CTYPE_12
CARRIER_12,PORT03,PORT04,0.0,4.99,DTP,89.791,4.9895,AIR,3,CTYPE_12
CARRIER_12,PORT03,PORT04,5.0,9.99,DTP,89.791,4.74,AIR,3,CTYPE_12
CARRIER_12,PORT03,PORT04,10.0,24.99,DTP,89.791,4.503,AIR,3,CTYPE_12
CARRIER_12,PORT03,PORT04,25.0,49.99,DTP,89.791,4.2779,AIR,3,CTYPE_12
CARRIER_12,PORT03,PORT04,50.0,99.99,DTP,89.791,4.064,AIR,3,CTYPE_12
CARRIER_12,PORT03,PORT04,100.0,299.99,DTP,89.791,3.8608,AIR,3,CTYPE_12
CARRIER_12,PORT03,PORT04,300.0,499.99,DTP,89.791,3.6677,AIR,3,CTYPE_12
CARRIER_12,PORT03,PORT04,500.0,999.99,DTP,89.791,3.4844,AIR,3,CTYPE_12
CARRIER_12,PORT03,PORT04,1000.0,4999.99,DTP,89.791,3.3101,AIR,3,CTYPE_12
CARRIER_12,PORT03,PORT04,5000.0,99999.99,DTP,89.791,3.1446,AIR,3,CTYPE_12
CARRIER_12,PORT05,PORT04,0.0,4.99,DTD,89.791,1.2218,AIR,3,CTYPE_12
CARRIER_12,PORT05,PORT04,5.0,9.99,DTD,89.791,1.1607,AIR,3,CTYPE_12
CARRIER_12,PORT05,PORT04,10.0,24.99,DTD,89.791,1.1026,AIR,3,CTYPE_12
CARRIER_12,PORT05,PORT04,25.0,49.99,DTD,89.791,1.0475,AIR,3,CTYPE_12
CARRIER_12,PORT05,PORT04,50.0,99.99,DTD,89.791,0.9951,AIR,3,CTYPE_12
CARRIER_12,PORT05,PORT04,100.0,299.99,DTD,89.791,0.9454,AIR,3,CTYPE_12
CARRIER_12,PORT05,PORT04,300.0,499.99,DTD,89.791,0.8981,AIR,3,CTYPE_12
CARRIER_12,PORT05,PORT04,500.0,999.99,DTD,89.791,0.8532,AIR,3,CTYPE_12
CARRIER_12,PORT05,PORT04,1000.0,4999.99,DTD,89.791,0.8105,AIR,3,CTYPE_12
CARRIER_12,PORT05,PORT04,5000.0,99999.99,DTD,89.791,0.77,AIR,3,CTYPE_12
CARRIER_12,PORT05,PORT04,0.0,4.99,DTP,89.791,1.4108,AIR,3,CTYPE_12
CARRIER_12,PORT05,PORT04,5.0,9.99,DTP,89.791,1.3403,AIR,3,CTYPE_12
CARRIER_12,PORT05,PORT04,10.0,24.99,DTP,89.791,1.2733,AIR,3,CTYPE_12
CARRIER_12,PORT05,PORT04,25.0,49.99,DTP,89.791,1.2096,AIR,3,CTYPE_12
CARRIER_12,PORT05,PORT04,50.0,99.99,DTP,89.791,1.1491,AIR,3,CTYPE_12
CARRIER_12,PORT05,PORT04,100.0,299.99,DTP,89.791,1.0917,AIR,3,CTYPE_12
CARRIER_12,PORT05,PORT04,300.0,499.99,DTP,89.791,1.0371,AIR,3,CTYPE_12
CARRIER_12,PORT05,PORT04,500.0,999.99,DTP,89.791,0.9852,AIR,3,CTYPE_12
CARRIER_12,PORT05,PORT04,1000.0,4999.99,DTP,89.791,0.936,AIR,3,CTYPE_12
CARRIER_12,PORT05,PORT04,5000.0,99999.99,DTP,89.791,0.8892,AIR,3,CTYPE_12
