Order ID,Order Date,Origin Port,Carrier,TPT,Service Level,Ship ahead day count,Ship Late Day count,Customer,Product ID,Plant Code,Destination Port,Unit quantity,Weight
1400000000.0,2026-09-25,PORT08,CARRIER_08,4,DTD,0,0,CUST_346,1600159,PLANT_08,PORT06,41,145.19457
1400000001.0,2026-02-26,PORT07,CARRIER_10,1,DTP,3,0,CUST_270,1600167,PLANT_07,PORT03,15,60.38501
1400000002.0,2026-09-19,PORT05,CARRIER_10,2,CRF,4,0,CUST_169,1600063,PLANT_12,PORT04,10,21.10427
1400000003.0,2026-01-18,PORT07,CARRIER_08,2,DTP,3,0,CUST_241,1600023,PLANT_13,PORT02,27,48.57371
1400000004.0,2026-09-27,PORT01,CARRIER_04,1,DTD,3,0,CUST_420,1600142,PLANT_01,PORT04,42,63.58392
1400000005.0,2026-08-27,PORT07,CARRIER_08,1,DTP,6,0,CUST_286,1600126,PLANT_14,PORT02,12,34.60397
1400000006.0,2026-10-04,PORT08,CARRIER_08,2,DTP,4,0,CUST_030,1600104,PLANT_15,PORT07,20,36.16629
1400000007.0,2026-08-23,PORT03,CARRIER_04,2,DTD,2,0,CUST_025,1600143,PLANT_04,PORT07,35,59.76816
1400000008.0,2026-05-15,PORT05,CARRIER_11,2,DTP,5,0,CUST_242,1600117,PLANT_12,PORT08,26,4.75189
1400000009.0,2026-05-15,PORT03,CARRIER_06,2,DTP,3,0,CUST_203,1600143,PLANT_06,PORT06,32,151.89595
1400000010.0,2026-08-06,PORT02,CARRIER_06,1,DTD,3,0,CUST_426,1600077,PLANT_02,PORT05,29,11.51044
1400000011.0,2026-06-22,PORT01,CARRIER_12,2,DTP,3,0,CUST_292,1600148,PLANT_01,PORT06,42,59.94536
1400000012.0,2026-05-05,PORT07,CARRIER_06,2,DTP,3,0,CUST_379,1600045,PLANT_10,PORT03,45,207.67303
1400000013.0,2026-06-28,PORT04,CARRIER_11,2,DTP,5,0,CUST_293,1600108,PLANT_07,PORT08,25,92.58015
1400000014.0,2026-07-15,PORT05,CARRIER_05,2,DTD,0,0,CUST_173,1600104,PLANT_17,PORT01,24,70.38924
1400000015.0,2026-03-29,PORT05,CARRIER_09,2,DTP,3,0,CUST_329,1600027,PLANT_12,PORT02,17,56.7458
1400000016.0,2026-08-21,PORT01,CARRIER_12,2,DTP,0,0,CUST_311,1600141,PLANT_06,PORT08,25,14.38986
1400000017.0,2026-04-25,PORT04,CARRIER_11,2,CRF,3,0,CUST_361,1600170,PLANT_02,PORT08,43,174.682
1400000018.0,2026-04-08,PORT02,CARRIER_03,1,DTD,1,0,CUST_095,1600058,PLANT_09,PORT04,28,37.11465
1400000019.0,2026-06-02,PORT01,CARRIER_09,1,DTP,3,0,CUST_321,1600019,PLANT_01,PORT06,36,172.27615
1400000020.0,2026-02-07,PORT06,CARRIER_03,2,DTP,5,0,CUST_143,1600138,PLANT_19,PORT04,24,29.60965
1400000021.0,2026-08-09,PORT02,CARRIER_08,2,DTP,0,0,CUST_396,1600068,PLANT_09,PORT04,37,117.07857
1400000022.0,2026-09-25,PORT03,CARRIER_09,2,DTP,0,0,CUST_400,1600123,PLANT_17,PORT05,37,102.56733
1400000023.0,2026-12-15,PORT07,CARRIER_10,1,DTP,3,3,CUST_313,1600121,PLANT_16,PORT02,29,23.23495
1400000024.0,2026-04-14,PORT03,CARRIER_11,1,DTP,3,0,CUST_474,1600031,PLANT_17,PORT02,47,88.28213
1400000025.0,2026-07-16,PORT07,CARRIER_03,2,CRF,0,0,CUST_269,1600081,PLANT_14,PORT02,45,176.77505
1400000026.0,2026-07-03,PORT01,CARRIER_02,2,DTD,1,0,CUST_013,1600013,PLANT_18,PORT07,12,13.70018
1400000027.0,2026-09-24,PORT02,CARRIER_12,1,DTP,0,0,CUST_304,1600061,PLANT_04,PORT01,15,72.27001
1400000028.0,2026-08-17,PORT08,CARRIER_08,0,DTP,1,0,CUST_389,1600017,PLANT_08,PORT07,48,74.29775
1400000029.0,2026-10-22,PORT04,CARRIER_06,2,DTD,4,0,CUST_051,1600081,PLANT_15,PORT06,23,72.93153
1400000030.0,2026-11-07,PORT07,CARRIER_06,1,DTP,2,0,CUST_053,1600066,PLANT_07,PORT04,19,59.51652
1400000031.0,2026-02-11,PORT08,CARRIER_01,2,DTP,3,0,CUST_137,1600024,PLANT_18,PORT04,41,98.67935
1400000032.0,2026-05-10,PORT04,CARRIER_12,2,CRF,1,0,CUST_423,1600159,PLANT_02,PORT05,32,105.96052
1400000033.0,2026-08-27,PORT05,CARRIER_03,1,DTD,6,0,CUST_264,1600127,PLANT_12,PORT03,11,41.1788
1400000034.0,2026-07-18,PORT07,CARRIER_09,2,DTD,4,0,CUST_489,1600002,PLANT_10,PORT03,9,28.19803
1400000035.0,2026-06-25,PORT01,CARRIER_08,1,DTD,3,0,CUST_437,1600167,PLANT_09,PORT07,42,119.44689
1400000036.0,2026-03-05,PORT03,CARRIER_12,2,DTD,3,0,CUST_278,1600116,PLANT_04,PORT01,40,122.89897
1400000037.0,2026-07-28,PORT07,CARRIER_08,2,DTD,2,0,CUST_340,1600039,PLANT_11,PORT01,21,43.46126
1400000038.0,2026-09-28,PORT07,CARRIER_12,2,DTP,0,3,CUST_166,1600136,PLANT_16,PORT06,44,19.68025
1400000039.0,2026-01-15,PORT02,CARRIER_07,0,DTP,3,0,CUST_046,1600106,PLANT_09,PORT01,10,8.82522
1400000040.0,2026-08-04,PORT07,CARRIER_07,1,DTP,3,0,CUST_200,1600037,PLANT_16,PORT08,44,135.20539
1400000041.0,2026-11-27,PORT08,CARRIER_07,2,DTP,2,0,CUST_297,1600073,PLANT_08,PORT06,8,37.14522
1400000042.0,2026-07-29,PORT06,CARRIER_12,2,DTP,3,0,CUST_092,1600015,PLANT_05,PORT04,34,7.68838
1400000043.0,2026-12-14,PORT03,CARRIER_08,2,DTD,3,0,CUST_111,1600155,PLANT_13,PORT07,43,118.92822
1400000044.0,2026-05-09,PORT01,CARRIER_11,2,DTP,5,0,CUST_008,1600031,PLANT_18,PORT08,33,44.05833
1400000045.0,2026-01-02,PORT06,CARRIER_09,1,CRF,5,0,CUST_368,1600000,PLANT_20,PORT08,40,114.10102
1400000046.0,2026-09-06,PORT06,CARRIER_07,2,DTP,3,0,CUST_450,1600062,PLANT_19,PORT01,20,75.46642
1400000047.0,2026-03-19,PORT03,CARRIER_03,2,DTP,3,0,CUST_414,1600054,PLANT_08,PORT08,18,66.66697
1400000048.0,2026-01-04,PORT01,CARRIER_08,1,DTP,3,0,CUST_190,1600100,PLANT_06,PORT02,17,62.08299
1400000049.0,2026-03-07,PORT01,CARRIER_03,2,DTP,3,0,CUST_297,1600115,PLANT_19,PORT04,10,39.16725
1400000050.0,2026-12-07,PORT06,CARRIER_09,2,DTP,3,0,CUST_481,1600062,PLANT_17,PORT07,17,7.74847
1400000051.0,2026-10-13,PORT05,CARRIER_01,2,DTP,0,0,CUST_296,1600072,PLANT_12,PORT02,16,41.5509
1400000052.0,2026-04-11,PORT05,CARRIER_06,2,DTD,5,0,CUST_148,1600081,PLANT_12,PORT07,39,53.92587
1400000053.0,2026-08-07,PORT07,CARRIER_08,1,DTP,1,0,CUST_170,1600074,PLANT_16,PORT04,14,64.59916
1400000054.0,2026-05-04,PORT04,CARRIER_05,2,CRF,0,0,CUST_364,1600065,PLANT_13,PORT07,12,47.2333
1400000055.0,2026-03-06,PORT08,CARRIER_05,2,DTP,1,0,CUST_224,1600178,PLANT_15,PORT01,38,23.82485
1400000056.0,2026-12-27,PORT07,CARRIER_01,2,DTP,4,0,CUST_419,1600163,PLANT_14,PORT05,29,37.46527
1400000057.0,2026-10-25,PORT01,CARRIER_12,2,CRF,1,0,CUST_433,1600173,PLANT_01,PORT06,14,32.62811
1400000058.0,2026-05-13,PORT02,CARRIER_01,1,DTD,3,0,CUST_018,1600190,PLANT_02,PORT01,37,178.27533
1400000059.0,2026-05-10,PORT07,CARRIER_05,2,DTP,2,0,CUST_362,1600127,PLANT_14,PORT03,14,8.92358
1400000060.0,2026-10-25,PORT01,CARRIER_11,2,DTP,3,0,CUST_185,1600082,PLANT_09,PORT06,41,118.20565
1400000061.0,2026-06-18,PORT06,CARRIER_07,2,DTP,3,0,CUST_260,1600012,PLANT_20,PORT01,6,10.63385
1400000062.0,2026-05-18,PORT03,CARRIER_06,2,DTP,6,0,CUST_133,1600163,PLANT_04,PORT08,32,104.54617
1400000063.0,2026-05-22,PORT06,CARRIER_05,2,DTP,2,0,CUST_185,1600149,PLANT_17,PORT03,32,104.91721
1400000064.0,2026-06-13,PORT05,CARRIER_01,2,DTD,2,0,CUST_166,1600098,PLANT_17,PORT06,22,28.13576
1400000065.0,2026-07-10,PORT03,CARRIER_05,2,DTP,0,0,CUST_026,1600179,PLANT_11,PORT04,36,142.21678
1400000066.0,2026-01-15,PORT07,CARRIER_07,1,DTP,3,0,CUST_392,1600030,PLANT_14,PORT03,22,12.03809
1400000067.0,2026-06-25,PORT07,CARRIER_05,2,DTP,4,0,CUST_072,1600069,PLANT_14,PORT02,35,143.81082
1400000068.0,2026-06-10,PORT07,CARRIER_06,2,CRF,0,0,CUST_188,1600098,PLANT_07,PORT08,15,17.07956
1400000069.0,2026-04-11,PORT02,CARRIER_08,2,CRF,6,0,CUST_097,1600186,PLANT_02,PORT05,31,92.6571
1400000070.0,2026-05-10,PORT03,CARRIER_06,2,DTP,0,0,CUST_081,1600029,PLANT_06,PORT02,39,70.27089
1400000071.0,2026-06-04,PORT01,CARRIER_05,2,DTP,4,0,CUST_187,1600007,PLANT_19,PORT04,49,151.30814
1400000072.0,2026-05-14,PORT01,CARRIER_11,1,DTD,3,0,CUST_460,1600012,PLANT_03,PORT08,21,29.6173
1400000073.0,2026-11-28,PORT02,CARRIER_02,2,DTP,5,0,CUST_473,1600087,PLANT_04,PORT03,26,75.08597
1400000074.0,2026-07-12,PORT03,CARRIER_07,2,CRF,3,0,CUST_191,1600166,PLANT_06,PORT05,26,3.64446
1400000075.0,2026-07-03,PORT05,CARRIER_02,2,DTD,3,2,CUST_253,1600049,PLANT_12,PORT01,44,85.13238
1400000076.0,2026-04-06,PORT02,CARRIER_02,2,DTD,0,6,CUST_493,1600082,PLANT_09,PORT03,49,203.31609
1400000077.0,2026-12-01,PORT06,CARRIER_07,2,DTP,3,0,CUST_118,1600024,PLANT_15,PORT08,34,80.5369
1400000078.0,2026-01-09,PORT07,CARRIER_01,2,DTP,4,0,CUST_473,1600193,PLANT_16,PORT01,42,106.94793
1400000079.0,2026-07-20,PORT06,CARRIER_06,0,DTP,0,0,CUST_053,1600173,PLANT_20,PORT04,8,25.16581
1400000080.0,2026-03-03,PORT04,CARRIER_04,2,DTD,4,3,CUST_113,1600110,PLANT_13,PORT03,39,86.87745
1400000081.0,2026-10-08,PORT02,CARRIER_11,3,DTP,2,0,CUST_170,1600069,PLANT_01,PORT07,42,182.64439
1400000082.0,2026-05-19,PORT07,CARRIER_03,2,DTP,3,0,CUST_019,1600109,PLANT_16,PORT08,37,76.82276
1400000083.0,2026-04-18,PORT05,CARRIER_01,2,DTD,3,0,CUST_408,1600029,PLANT_12,PORT04,31,146.27371
1400000084.0,2026-01-22,PORT06,CARRIER_01,2,DTP,0,0,CUST_428,1600048,PLANT_19,PORT02,46,202.26183
1400000085.0,2026-10-16,PORT08,CARRIER_04,0,DTD,3,0,CUST_192,1600104,PLANT_08,PORT02,35,75.71655
1400000086.0,2026-05-25,PORT07,CARRIER_01,2,DTP,5,0,CUST_419,1600057,PLANT_10,PORT05,43,81.37424
1400000087.0,2026-04-07,PORT07,CARRIER_09,2,DTP,0,0,CUST_387,1600119,PLANT_13,PORT06,13,44.4012
1400000088.0,2026-11-05,PORT04,CARRIER_01,0,DTP,1,0,CUST_401,1600088,PLANT_02,PORT07,35,133.03511
1400000089.0,2026-01-08,PORT02,CARRIER_09,2,DTP,0,0,CUST_402,1600111,PLANT_05,PORT01,25,25.26804
1400000090.0,2026-06-21,PORT04,CARRIER_03,1,DTP,3,0,CUST_287,1600093,PLANT_13,PORT02,44,56.36935
1400000091.0,2026-02-28,PORT01,CARRIER_01,2,DTP,3,0,CUST_056,1600036,PLANT_09,PORT03,45,36.74868
1400000092.0,2026-02-16,PORT07,CARRIER_05,2,DTD,5,0,CUST_462,1600116,PLANT_14,PORT03,43,164.57778
1400000093.0,2026-01-08,PORT06,CARRIER_03,1,CRF,3,0,CUST_305,1600016,PLANT_15,PORT08,14,50.40797
1400000094.0,2026-03-10,PORT03,CARRIER_07,2,DTP,0,0,CUST_451,1600117,PLANT_07,PORT04,27,27.71182
1400000095.0,2026-12-12,PORT02,CARRIER_03,2,DTP,0,0,CUST_480,1600079,PLANT_09,PORT08,5,13.65343
1400000096.0,2026-06-12,PORT04,CARRIER_12,1,DTP,2,0,CUST_094,1600169,PLANT_15,PORT01,50,192.23864
1400000097.0,2026-12-31,PORT08,CARRIER_12,2,DTP,3,0,CUST_202,1600014,PLANT_15,PORT04,16,75.84705
1400000098.0,2026-04-08,PORT07,CARRIER_05,1,CRF,5,0,CUST_097,1600048,PLANT_13,PORT01,33,32.16711
1400000099.0,2026-10-06,PORT06,CARRIER_12,2,DTP,0,0,CUST_026,1600172,PLANT_15,PORT05,27,42.96283
1400000100.0,2026-02-02,PORT03,CARRIER_12,2,CRF,4,0,CUST_484,1600048,PLANT_04,PORT08,46,83.11579
1400000101.0,2026-02-09,PORT07,CARRIER_12,1,DTP,3,0,CUST_462,1600086,PLANT_14,PORT06,42,132.82034
1400000102.0,2026-01-06,PORT07,CARRIER_04,4,DTP,5,0,CUST_466,1600032,PLANT_11,PORT02,40,30.73809
1400000103.0,2026-11-25,PORT04,CARRIER_02,2,CRF,5,0,CUST_442,1600061,PLANT_15,PORT08,34,35.62528
1400000104.0,2026-09-03,PORT03,CARRIER_08,1,DTP,5,0,CUST_325,1600054,PLANT_07,PORT07,10,39.24141
1400000105.0,2026-09-29,PORT06,CARRIER_09,2,DTD,3,0,CUST_262,1600169,PLANT_19,PORT01,47,129.53496
1400000106.0,2026-12-05,PORT06,CARRIER_06,2,DTP,2,0,CUST_496,1600013,PLANT_02,PORT04,7,6.20125
1400000107.0,2026-05-02,PORT02,CARRIER_07,0,DTP,0,0,CUST_277,1600000,PLANT_09,PORT01,25,50.08301
1400000108.0,2026-09-21,PORT04,CARRIER_05,2,DTP,0,0,CUST_322,1600060,PLANT_02,PORT02,22,16.69847
1400000109.0,2026-07-03,PORT07,CARRIER_10,2,DTP,3,4,CUST_106,1600112,PLANT_16,PORT05,22,41.29798
1400000110.0,2026-07-18,PORT07,CARRIER_10,2,DTP,6,0,CUST_374,1600052,PLANT_14,PORT02,49,100.98785
1400000111.0,2026-08-30,PORT08,CARRIER_03,2,DTP,3,0,CUST_410,1600111,PLANT_18,PORT05,15,9.74012
1400000112.0,2026-06-21,PORT02,CARRIER_11,2,DTP,3,0,CUST_340,1600156,PLANT_02,PORT03,31,12.1887
1400000113.0,2026-01-09,PORT03,CARRIER_01,1,DTP,0,0,CUST_250,1600041,PLANT_17,PORT04,15,66.29774
1400000114.0,2026-01-28,PORT06,CARRIER_09,2,DTD,3,0,CUST_099,1600073,PLANT_20,PORT01,46,204.67588
1400000115.0,2026-07-03,PORT01,CARRIER_02,2,DTP,0,0,CUST_017,1600031,PLANT_01,PORT06,38,4.28019
1400000116.0,2026-07-28,PORT02,CARRIER_03,2,DTP,0,4,CUST_314,1600192,PLANT_09,PORT03,24,77.8056
1400000117.0,2026-09-25,PORT02,CARRIER_07,1,DTD,0,0,CUST_342,1600040,PLANT_02,PORT07,8,4.47222
1400000118.0,2026-07-28,PORT03,CARRIER_04,2,DTP,5,0,CUST_387,1600027,PLANT_04,PORT07,12,48.83633
1400000119.0,2026-03-10,PORT04,CARRIER_12,2,DTP,3,2,CUST_476,1600196,PLANT_13,PORT07,16,70.55769
1400000120.0,2026-05-14,PORT03,CARRIER_09,2,DTD,5,2,CUST_249,1600159,PLANT_08,PORT08,23,71.79253
1400000121.0,2026-06-11,PORT06,CARRIER_01,2,DTP,3,0,CUST_415,1600137,PLANT_15,PORT04,45,139.70078
1400000122.0,2026-12-26,PORT08,CARRIER_04,2,CRF,3,0,CUST_359,1600146,PLANT_15,PORT04,10,19.20259
1400000123.0,2026-07-14,PORT07,CARRIER_08,2,DTP,4,0,CUST_139,1600020,PLANT_13,PORT05,31,40.99434
1400000124.0,2026-08-20,PORT04,CARRIER_02,0,DTP,5,0,CUST_423,1600159,PLANT_02,PORT02,20,50.92854
1400000125.0,2026-09-26,PORT02,CARRIER_03,2,DTD,0,0,CUST_027,1600036,PLANT_04,PORT07,7,5.2865
1400000126.0,2026-05-13,PORT07,CARRIER_01,1,DTP,0,0,CUST_300,1600027,PLANT_16,PORT04,33,111.99877
1400000127.0,2026-12-19,PORT03,CARRIER_01,2,DTP,0,0,CUST_471,1600044,PLANT_17,PORT01,37,88.92675
1400000128.0,2026-09-04,PORT08,CARRIER_12,1,DTP,3,0,CUST_330,1600126,PLANT_18,PORT05,49,47.54212
1400000129.0,2026-11-06,PORT03,CARRIER_08,2,DTD,0,0,CUST_469,1600181,PLANT_11,PORT04,28,83.51672
1400000130.0,2026-10-01,PORT06,CARRIER_04,2,DTD,3,0,CUST_029,1600052,PLANT_19,PORT04,19,75.94502
1400000131.0,2026-08-15,PORT04,CARRIER_05,2,DTP,3,0,CUST_267,1600054,PLANT_07,PORT08,44,131.34516
1400000132.0,2026-01-12,PORT04,CARRIER_07,2,DTD,6,0,CUST_391,1600181,PLANT_02,PORT07,16,43.12545
1400000133.0,2026-08-02,PORT04,CARRIER_09,2,DTP,4,0,CUST_322,1600130,PLANT_02,PORT07,36,153.13736
1400000134.0,2026-02-17,PORT05,CARRIER_04,2,DTD,3,0,CUST_441,1600024,PLANT_17,PORT08,48,7.32967
1400000135.0,2026-08-09,PORT06,CARRIER_05,2,DTP,3,0,CUST_232,1600176,PLANT_02,PORT01,5,15.61032
1400000136.0,2026-09-14,PORT03,CARRIER_06,2,CRF,0,0,CUST_342,1600066,PLANT_07,PORT05,47,99.05211
1400000137.0,2026-07-18,PORT01,CARRIER_02,4,DTD,0,0,CUST_210,1600176,PLANT_01,PORT07,14,14.67864
1400000138.0,2026-04-23,PORT04,CARRIER_03,2,DTD,3,0,CUST_437,1600161,PLANT_07,PORT05,27,132.29815
1400000139.0,2026-01-22,PORT03,CARRIER_09,2,DTD,5,0,CUST_060,1600050,PLANT_08,PORT06,16,33.259
1400000140.0,2026-09-02,PORT07,CARRIER_10,1,DTD,0,0,CUST_128,1600083,PLANT_14,PORT04,11,19.17067
1400000141.0,2026-09-12,PORT08,CARRIER_08,3,DTP,3,0,CUST_049,1600082,PLANT_08,PORT05,37,34.34123
1400000142.0,2026-06-24,PORT08,CARRIER_12,2,CRF,4,2,CUST_352,1600111,PLANT_15,PORT02,27,134.70444
1400000143.0,2026-09-19,PORT02,CARRIER_11,1,DTP,2,0,CUST_117,1600051,PLANT_01,PORT03,28,120.25025
1400000144.0,2026-10-12,PORT08,CARRIER_08,2,DTD,5,0,CUST_159,1600086,PLANT_08,PORT02,27,11.95735
1400000145.0,2026-07-07,PORT03,CARRIER_09,2,DTP,5,0,CUST_419,1600159,PLANT_08,PORT05,39,112.01557
1400000146.0,2026-01-18,PORT07,CARRIER_04,1,DTP,0,0,CUST_181,1600161,PLANT_16,PORT02,49,40.29103
1400000147.0,2026-11-14,PORT07,CARRIER_01,2,DTP,3,4,CUST_073,1600190,PLANT_10,PORT05,28,101.00521
1400000148.0,2026-06-20,PORT06,CARRIER_04,2,DTP,0,0,CUST_011,1600159,PLANT_02,PORT07,12,29.66411
1400000149.0,2026-09-03,PORT07,CARRIER_10,1,DTD,3,0,CUST_114,1600052,PLANT_14,PORT01,20,12.81812
1400000150.0,2026-11-29,PORT07,CARRIER_09,3,DTD,5,0,CUST_458,1600002,PLANT_10,PORT02,27,76.39625
1400000151.0,2026-05-13,PORT07,CARRIER_07,2,DTP,0,0,CUST_275,1600083,PLANT_10,PORT03,9,41.0608
1400000152.0,2026-08-16,PORT04,CARRIER_07,1,DTP,5,0,CUST_498,1600127,PLANT_13,PORT02,15,26.57781
1400000153.0,2026-01-08,PORT06,CARRIER_01,2,DTP,6,0,CUST_108,1600120,PLANT_20,PORT01,14,4.88527
1400000154.0,2026-11-20,PORT05,CARRIER_03,2,DTP,3,0,CUST_176,1600030,PLANT_12,PORT08,49,231.84423
1400000155.0,2026-01-22,PORT06,CARRIER_10,2,DTP,3,0,CUST_082,1600002,PLANT_15,PORT07,23,18.28077
1400000156.0,2026-07-17,PORT03,CARRIER_12,2,DTP,1,0,CUST_200,1600104,PLANT_07,PORT05,45,109.24897
1400000157.0,2026-05-09,PORT02,CARRIER_10,1,DTP,3,0,CUST_282,1600149,PLANT_01,PORT08,30,83.06754
1400000158.0,2026-01-14,PORT07,CARRIER_03,2,DTD,0,0,CUST_405,1600082,PLANT_16,PORT08,28,35.3284
1400000159.0,2026-06-18,PORT07,CARRIER_12,2,CRF,0,0,CUST_185,1600120,PLANT_14,PORT02,48,46.52872
1400000160.0,2026-12-08,PORT01,CARRIER_06,2,DTD,0,0,CUST_386,1600175,PLANT_05,PORT05,36,23.5577
1400000161.0,2026-03-02,PORT03,CARRIER_06,2,DTP,3,0,CUST_314,1600181,PLANT_06,PORT08,16,7.08449
1400000162.0,2026-04-17,PORT08,CARRIER_05,0,DTD,0,0,CUST_146,1600161,PLANT_06,PORT07,17,44.02694
1400000163.0,2026-03-11,PORT07,CARRIER_10,1,DTP,2,0,CUST_457,1600049,PLANT_14,PORT04,35,147.90656
1400000164.0,2026-02-15,PORT06,CARRIER_09,1,DTP,3,0,CUST_218,1600048,PLANT_17,PORT04,5,3.60559
1400000165.0,2026-03-26,PORT07,CARRIER_09,1,DTP,0,0,CUST_076,1600009,PLANT_14,PORT01,12,42.3964
1400000166.0,2026-07-28,PORT04,CARRIER_01,0,DTP,2,0,CUST_482,1600127,PLANT_07,PORT01,8,16.97473
1400000167.0,2026-10-12,PORT07,CARRIER_06,2,DTD,0,0,CUST_457,1600078,PLANT_14,PORT02,37,10.08615
1400000168.0,2026-09-09,PORT07,CARRIER_02,1,DTD,0,0,CUST_025,1600109,PLANT_16,PORT03,25,68.15661
1400000169.0,2026-10-09,PORT05,CARRIER_03,1,DTP,0,0,CUST_452,1600042,PLANT_12,PORT02,5,6.6742
1400000170.0,2026-09-19,PORT08,CARRIER_09,1,DTP,0,0,CUST_474,1600157,PLANT_06,PORT03,39,119.56406
1400000171.0,2026-05-20,PORT06,CARRIER_06,2,DTP,3,0,CUST_415,1600046,PLANT_20,PORT03,35,63.4089
1400000172.0,2026-11-25,PORT02,CARRIER_11,1,CRF,0,0,CUST_128,1600123,PLANT_09,PORT01,38,127.89342
1400000173.0,2026-03-04,PORT01,CARRIER_02,2,DTP,2,0,CUST_316,1600159,PLANT_19,PORT06,12,55.208
1400000174.0,2026-09-13,PORT01,CARRIER_12,1,DTP,3,0,CUST_270,1600083,PLANT_06,PORT06,45,58.42208
1400000175.0,2026-02-10,PORT01,CARRIER_04,0,CRF,3,0,CUST_311,1600068,PLANT_03,PORT05,13,61.16784
1400000176.0,2026-10-07,PORT03,CARRIER_08,2,DTP,3,0,CUST_309,1600017,PLANT_11,PORT01,31,34.13452
1400000177.0,2026-02-01,PORT03,CARRIER_11,2,DTP,5,0,CUST_320,1600093,PLANT_13,PORT05,30,13.39215
1400000178.0,2026-03-20,PORT07,CARRIER_02,2,CRF,4,0,CUST_258,1600078,PLANT_07,PORT01,15,15.66352
1400000179.0,2026-05-23,PORT07,CARRIER_04,2,DTP,3,0,CUST_346,1600080,PLANT_11,PORT01,22,90.04802
1400000180.0,2026-09-11,PORT02,CARRIER_04,2,DTP,3,0,CUST_264,1600070,PLANT_04,PORT04,7,23.94018
1400000181.0,2026-01-17,PORT06,CARRIER_10,1,DTP,0,0,CUST_009,1600187,PLANT_02,PORT04,26,126.28427
1400000182.0,2026-04-04,PORT01,CARRIER_12,2,DTP,3,0,CUST_018,1600007,PLANT_01,PORT07,36,128.81354
1400000183.0,2026-05-02,PORT02,CARRIER_01,1,DTD,3,0,CUST_480,1600180,PLANT_09,PORT03,19,40.31597
1400000184.0,2026-09-24,PORT07,CARRIER_10,2,DTD,6,0,CUST_455,1600014,PLANT_14,PORT01,29,129.71444
1400000185.0,2026-12-17,PORT03,CARRIER_06,2,DTP,6,0,CUST_293,1600142,PLANT_11,PORT02,48,230.15183
1400000186.0,2026-08-13,PORT03,CARRIER_09,2,DTP,0,0,CUST_088,1600103,PLANT_17,PORT01,15,59.68664
1400000187.0,2026-07-05,PORT03,CARRIER_09,2,DTP,6,0,CUST_391,1600077,PLANT_06,PORT05,18,50.89561
1400000188.0,2026-05-03,PORT03,CARRIER_08,2,DTD,4,2,CUST_072,1600129,PLANT_08,PORT02,10,41.46252
1400000189.0,2026-10-28,PORT05,CARRIER_11,2,DTP,3,0,CUST_189,1600194,PLANT_17,PORT01,29,28.34225
1400000190.0,2026-02-09,PORT08,CARRIER_03,2,DTP,5,0,CUST_165,1600154,PLANT_18,PORT01,14,63.16401
1400000191.0,2026-02-17,PORT06,CARRIER_01,2,DTP,2,0,CUST_007,1600098,PLANT_19,PORT05,44,219.90492
1400000192.0,2026-03-15,PORT08,CARRIER_07,2,DTD,3,0,CUST_404,1600132,PLANT_18,PORT02,18,60.46536
1400000193.0,2026-04-08,PORT03,CARRIER_10,1,DTD,5,0,CUST_255,1600189,PLANT_08,PORT01,35,37.09497
1400000194.0,2026-06-18,PORT01,CARRIER_03,1,DTP,0,0,CUST_159,1600106,PLANT_18,PORT03,13,10.50062
1400000195.0,2026-12-12,PORT05,CARRIER_11,2,DTP,3,0,CUST_254,1600074,PLANT_12,PORT01,19,91.22148
1400000196.0,2026-08-26,PORT02,CARRIER_02,2,DTD,4,0,CUST_001,1600054,PLANT_02,PORT08,12,52.43555
1400000197.0,2026-05-20,PORT01,CARRIER_02,2,DTP,5,0,CUST_219,1600000,PLANT_09,PORT03,30,113.05579
1400000198.0,2026-03-19,PORT01,CARRIER_11,2,DTP,0,0,CUST_260,1600032,PLANT_09,PORT05,6,28.50411
1400000199.0,2026-08-25,PORT03,CARRIER_01,2,DTP,3,0,CUST_170,1600058,PLANT_08,PORT02,8,20.53343
1400000200.0,2026-04-03,PORT01,CARRIER_12,2,DTP,0,0,CUST_416,1600191,PLANT_06,PORT04,28,124.59881
1400000201.0,2026-12-23,PORT01,CARRIER_03,2,DTP,5,0,CUST_125,1600069,PLANT_09,PORT02,30,26.93459
1400000202.0,2026-06-24,PORT02,CARRIER_02,2,DTD,3,0,CUST_069,1600042,PLANT_04,PORT01,20,19.91535
1400000203.0,2026-07-21,PORT01,CARRIER_03,2,DTP,3,1,CUST_264,1600149,PLANT_05,PORT03,24,62.65154
1400000204.0,2026-11-26,PORT07,CARRIER_10,2,DTP,5,0,CUST_444,1600166,PLANT_16,PORT04,24,41.50314
1400000205.0,2026-04-22,PORT06,CARRIER_03,2,DTP,3,0,CUST_188,1600187,PLANT_19,PORT02,39,86.55443
1400000206.0,2026-06-22,PORT06,CARRIER_08,2,DTD,3,0,CUST_024,1600022,PLANT_19,PORT04,25,100.27913
1400000207.0,2026-07-14,PORT07,CARRIER_08,2,DTP,3,0,CUST_485,1600018,PLANT_10,PORT08,44,15.91465
1400000208.0,2026-04-09,PORT03,CARRIER_08,2,DTP,3,0,CUST_223,1600047,PLANT_13,PORT04,14,50.84989
1400000209.0,2026-01-20,PORT08,CARRIER_04,2,DTP,3,0,CUST_087,1600058,PLANT_08,PORT05,14,7.45253
1400000210.0,2026-04-14,PORT02,CARRIER_10,2,DTP,4,0,CUST_308,1600119,PLANT_04,PORT08,23,97.81337
1400000211.0,2026-02-11,PORT07,CARRIER_09,2,DTP,0,0,CUST_160,1600008,PLANT_16,PORT08,8,8.71447
1400000212.0,2026-09-04,PORT03,CARRIER_08,2,DTP,2,0,CUST_469,1600112,PLANT_04,PORT06,35,129.54202
1400000213.0,2026-01-03,PORT04,CARRIER_07,2,DTP,3,0,CUST_147,1600020,PLANT_13,PORT03,22,66.0046
1400000214.0,2026-04-26,PORT04,CARRIER_06,1,DTD,0,0,CUST_276,1600122,PLANT_13,PORT01,21,41.78051
1400000215.0,2026-11-19,PORT01,CARRIER_06,2,DTP,4,0,CUST_272,1600103,PLANT_18,PORT08,29,40.9169
1400000216.0,2026-07-27,PORT08,CARRIER_11,2,DTD,3,0,CUST_122,1600100,PLANT_03,PORT07,8,3.05241
1400000217.0,2026-09-03,PORT05,CARRIER_11,2,DTP,0,0,CUST_250,1600161,PLANT_17,PORT08,22,40.29439
1400000218.0,2026-09-02,PORT03,CARRIER_03,2,DTP,3,0,CUST_055,1600042,PLANT_04,PORT06,49,53.04695
1400000219.0,2026-04-19,PORT04,CARRIER_08,4,DTD,2,0,CUST_322,1600186,PLANT_02,PORT08,33,25.27705
1400000220.0,2026-08-19,PORT05,CARRIER_09,2,DTD,3,1,CUST_380,1600097,PLANT_17,PORT02,31,115.27786
1400000221.0,2026-03-22,PORT01,CARRIER_04,2,DTD,0,0,CUST_476,1600032,PLANT_09,PORT07,28,31.95706
1400000222.0,2026-08-20,PORT01,CARRIER_03,2,DTP,0,0,CUST_163,1600093,PLANT_19,PORT02,26,31.03034
1400000223.0,2026-09-07,PORT05,CARRIER_02,2,DTP,0,0,CUST_143,1600177,PLANT_12,PORT08,48,84.88124
1400000224.0,2026-11-16,PORT05,CARRIER_02,2,DTP,3,0,CUST_275,1600123,PLANT_12,PORT08,47,111.24902
1400000225.0,2026-12-02,PORT06,CARRIER_07,2,DTP,3,0,CUST_347,1600133,PLANT_17,PORT03,23,60.19543
1400000226.0,2026-01-09,PORT07,CARRIER_06,1,DTP,3,0,CUST_497,1600045,PLANT_16,PORT06,47,157.74501
1400000227.0,2026-04-20,PORT01,CARRIER_09,2,CRF,0,0,CUST_013,1600152,PLANT_01,PORT04,8,23.87006
1400000228.0,2026-07-19,PORT05,CARRIER_10,2,DTP,3,0,CUST_120,1600003,PLANT_12,PORT02,19,46.74477
1400000229.0,2026-04-28,PORT06,CARRIER_09,2,DTP,3,0,CUST_132,1600097,PLANT_20,PORT07,18,36.54553
1400000230.0,2026-08-14,PORT07,CARRIER_06,2,DTP,4,0,CUST_128,1600183,PLANT_14,PORT05,37,51.88704
1400000231.0,2026-11-08,PORT06,CARRIER_10,1,DTD,1,0,CUST_232,1600000,PLANT_05,PORT04,32,114.519
1400000232.0,2026-04-05,PORT07,CARRIER_11,2,DTP,3,0,CUST_437,1600105,PLANT_16,PORT04,26,43.04967
1400000233.0,2026-11-23,PORT07,CARRIER_10,2,DTP,3,0,CUST_016,1600199,PLANT_07,PORT01,16,68.20718
1400000234.0,2026-11-18,PORT01,CARRIER_08,2,DTP,3,0,CUST_408,1600136,PLANT_18,PORT08,28,83.22149
1400000235.0,2026-11-30,PORT08,CARRIER_07,2,DTP,3,0,CUST_309,1600094,PLANT_08,PORT03,17,54.50756
1400000236.0,2026-01-27,PORT04,CARRIER_04,1,DTP,0,0,CUST_308,1600106,PLANT_02,PORT05,27,70.01295
1400000237.0,2026-04-18,PORT08,CARRIER_04,0,DTP,0,0,CUST_340,1600082,PLANT_08,PORT03,20,92.99849
1400000238.0,2026-02-15,PORT06,CARRIER_11,1,DTD,4,0,CUST_058,1600034,PLANT_02,PORT07,45,97.46182
1400000239.0,2026-02-13,PORT07,CARRIER_10,2,DTP,3,0,CUST_374,1600142,PLANT_16,PORT08,39,85.49367
1400000240.0,2026-01-20,PORT02,CARRIER_11,2,DTD,3,0,CUST_125,1600045,PLANT_01,PORT05,13,58.18502
1400000241.0,2026-06-10,PORT01,CARRIER_06,2,DTP,3,0,CUST_259,1600024,PLANT_18,PORT03,48,147.07411
1400000242.0,2026-02-01,PORT02,CARRIER_10,2,DTD,0,0,CUST_339,1600155,PLANT_04,PORT05,35,80.529
1400000243.0,2026-04-18,PORT02,CARRIER_02,2,DTP,2,0,CUST_302,1600193,PLANT_04,PORT07,21,29.07535
1400000244.0,2026-12-25,PORT03,CARRIER_11,2,DTD,3,0,CUST_162,1600084,PLANT_13,PORT01,29,37.72082
1400000245.0,2026-11-19,PORT01,CARRIER_11,2,DTP,0,0,CUST_199,1600175,PLANT_18,PORT05,13,52.35137
1400000246.0,2026-12-09,PORT06,CARRIER_08,2,DTP,5,0,CUST_239,1600004,PLANT_20,PORT01,7,10.28569
1400000247.0,2026-01-14,PORT02,CARRIER_03,1,DTP,0,0,CUST_021,1600025,PLANT_02,PORT01,24,3.07475
1400000248.0,2026-08-30,PORT02,CARRIER_10,2,DTP,3,0,CUST_364,1600148,PLANT_01,PORT04,40,7.81429
1400000249.0,2026-08-20,PORT02,CARRIER_02,1,CRF,2,0,CUST_050,1600149,PLANT_04,PORT05,21,102.77763
1400000250.0,2026-02-18,PORT01,CARRIER_01,4,DTP,5,0,CUST_230,1600154,PLANT_18,PORT06,22,62.55053
1400000251.0,2026-11-27,PORT02,CARRIER_03,2,DTP,4,0,CUST_328,1600193,PLANT_02,PORT01,50,124.81103
1400000252.0,2026-05-28,PORT05,CARRIER_06,2,DTP,2,0,CUST_041,1600051,PLANT_17,PORT01,50,229.87964
1400000253.0,2026-12-23,PORT02,CARRIER_03,1,DTP,3,0,CUST_498,1600116,PLANT_01,PORT08,26,47.40497
1400000254.0,2026-02-11,PORT08,CARRIER_09,2,DTP,6,0,CUST_189,1600170,PLANT_18,PORT01,7,27.96842
1400000255.0,2026-08-26,PORT03,CARRIER_04,2,DTP,3,0,CUST_008,1600056,PLANT_11,PORT07,36,130.92725
1400000256.0,2026-02-17,PORT03,CARRIER_10,2,DTP,0,0,CUST_330,1600079,PLANT_13,PORT02,37,90.19759
1400000257.0,2026-12-13,PORT03,CARRIER_07,2,CRF,4,0,CUST_279,1600095,PLANT_13,PORT02,47,183.09773
1400000258.0,2026-08-10,PORT01,CARRIER_08,2,DTP,3,0,CUST_321,1600030,PLANT_19,PORT04,48,231.95108
1400000259.0,2026-01-28,PORT01,CARRIER_03,2,DTD,1,0,CUST_376,1600044,PLANT_09,PORT07,33,35.73821
1400000260.0,2026-03-20,PORT01,CARRIER_08,2,DTD,4,0,CUST_238,1600071,PLANT_19,PORT07,9,1.67217
1400000261.0,2026-05-12,PORT08,CARRIER_11,2,DTP,6,0,CUST_414,1600033,PLANT_15,PORT03,16,66.00203
1400000262.0,2026-01-05,PORT03,CARRIER_07,2,DTD,0,0,CUST_186,1600080,PLANT_11,PORT05,37,76.87034
1400000263.0,2026-01-04,PORT04,CARRIER_06,2,DTD,3,0,CUST_273,1600010,PLANT_02,PORT07,32,88.56231
1400000264.0,2026-12-04,PORT01,CARRIER_08,2,DTP,1,0,CUST_080,1600072,PLANT_06,PORT07,25,29.75163
1400000265.0,2026-12-25,PORT02,CARRIER_06,1,CRF,5,0,CUST_310,1600180,PLANT_02,PORT03,23,97.16959
1400000266.0,2026-07-15,PORT03,CARRIER_01,2,DTP,5,0,CUST_131,1600125,PLANT_08,PORT02,37,134.45469
1400000267.0,2026-11-26,PORT03,CARRIER_09,2,DTP,5,0,CUST_349,1600103,PLANT_08,PORT07,24,114.51592
1400000268.0,2026-08-28,PORT04,CARRIER_06,2,DTD,0,0,CUST_401,1600004,PLANT_02,PORT07,12,29.14481
1400000269.0,2026-01-11,PORT02,CARRIER_01,2,DTP,0,0,CUST_430,1600134,PLANT_09,PORT08,50,244.25843
1400000270.0,2026-09-18,PORT05,CARRIER_11,2,DTP,3,0,CUST_465,1600095,PLANT_12,PORT01,21,54.66702
1400000271.0,2026-01-07,PORT03,CARRIER_04,1,DTP,0,0,CUST_062,1600016,PLANT_08,PORT06,17,53.46446
1400000272.0,2026-10-26,PORT07,CARRIER_10,2,DTP,0,0,CUST_069,1600032,PLANT_13,PORT06,8,27.2258
1400000273.0,2026-05-14,PORT02,CARRIER_09,2,DTP,1,0,CUST_464,1600101,PLANT_01,PORT01,26,64.99688
1400000274.0,2026-02-21,PORT03,CARRIER_07,2,DTP,3,0,CUST_191,1600144,PLANT_07,PORT05,50,142.88115
1400000275.0,2026-04-05,PORT05,CARRIER_05,0,DTP,3,0,CUST_014,1600124,PLANT_17,PORT01,12,14.33046
1400000276.0,2026-09-07,PORT03,CARRIER_11,2,DTP,4,0,CUST_144,1600080,PLANT_13,PORT01,16,30.00926
1400000277.0,2026-11-06,PORT03,CARRIER_02,2,DTP,0,0,CUST_419,1600193,PLANT_04,PORT02,13,46.01697
1400000278.0,2026-07-28,PORT02,CARRIER_03,2,DTD,4,0,CUST_178,1600144,PLANT_01,PORT03,9,2.61941
1400000279.0,2026-02-28,PORT02,CARRIER_06,0,DTD,3,0,CUST_039,1600098,PLANT_02,PORT06,32,113.02478
1400000280.0,2026-11-25,PORT08,CARRIER_01,1,DTD,2,0,CUST_362,1600089,PLANT_18,PORT05,18,28.59301
1400000281.0,2026-10-16,PORT02,CARRIER_03,2,DTP,3,0,CUST_098,1600168,PLANT_05,PORT05,39,55.84783
1400000282.0,2026-05-30,PORT05,CARRIER_02,2,DTP,4,0,CUST_177,1600081,PLANT_12,PORT02,23,80.45615
1400000283.0,2026-07-22,PORT01,CARRIER_11,2,DTP,0,0,CUST_002,1600087,PLANT_19,PORT05,34,39.20986
1400000284.0,2026-12-18,PORT07,CARRIER_01,2,CRF,4,3,CUST_301,1600092,PLANT_07,PORT01,9,43.31024
1400000285.0,2026-05-18,PORT01,CARRIER_02,2,DTP,3,0,CUST_223,1600187,PLANT_19,PORT04,20,99.08655
1400000286.0,2026-01-10,PORT03,CARRIER_11,0,DTP,3,0,CUST_434,1600172,PLANT_08,PORT06,24,56.27261
1400000287.0,2026-02-23,PORT01,CARRIER_01,2,DTP,5,0,CUST_168,1600197,PLANT_18,PORT07,7,14.46865
1400000288.0,2026-08-08,PORT07,CARRIER_04,2,CRF,3,0,CUST_103,1600173,PLANT_16,PORT06,24,11.6948
1400000289.0,2026-12-31,PORT03,CARRIER_07,2,DTP,3,0,CUST_083,1600116,PLANT_13,PORT01,26,101.74506
1400000290.0,2026-09-28,PORT05,CARRIER_01,2,DTP,2,0,CUST_101,1600160,PLANT_12,PORT07,23,20.63899
1400000291.0,2026-08-14,PORT05,CARRIER_03,2,DTP,3,0,CUST_226,1600141,PLANT_12,PORT04,28,130.81417
1400000292.0,2026-04-28,PORT06,CARRIER_12,2,DTD,4,0,CUST_044,1600020,PLANT_15,PORT08,41,203.11008
1400000293.0,2026-06-10,PORT02,CARRIER_11,2,DTP,6,0,CUST_202,1600087,PLANT_05,PORT07,40,27.99232
1400000294.0,2026-01-15,PORT05,CARRIER_08,2,CRF,4,0,CUST_428,1600142,PLANT_12,PORT07,5,17.23364
1400000295.0,2026-05-16,PORT07,CARRIER_03,2,CRF,4,0,CUST_384,1600155,PLANT_07,PORT03,34,81.03427
1400000296.0,2026-08-16,PORT07,CARRIER_12,2,DTD,3,0,CUST_319,1600126,PLANT_14,PORT02,46,126.57428
1400000297.0,2026-11-27,PORT01,CARRIER_06,2,DTP,4,0,CUST_447,1600169,PLANT_19,PORT07,45,44.09622
1400000298.0,2026-12-03,PORT05,CARRIER_05,2,CRF,0,0,CUST_391,1600150,PLANT_12,PORT08,19,69.2598
1400000299.0,2026-10-27,PORT05,CARRIER_10,1,DTP,3,0,CUST_327,1600079,PLANT_12,PORT07,41,37.5725
1400000300.0,2026-01-08,PORT07,CARRIER_09,2,DTP,3,0,CUST_432,1600045,PLANT_16,PORT05,41,181.95677
1400000301.0,2026-10-24,PORT08,CARRIER_01,2,DTP,3,0,CUST_063,1600054,PLANT_08,PORT05,21,48.81399
1400000302.0,2026-03-21,PORT07,CARRIER_08,2,DTD,3,0,CUST_410,1600097,PLANT_16,PORT05,44,141.27756
1400000303.0,2026-08-13,PORT06,CARRIER_12,2,CRF,6,0,CUST_148,1600180,PLANT_19,PORT04,34,156.9704
1400000304.0,2026-12-12,PORT07,CARRIER_09,1,CRF,5,0,CUST_367,1600109,PLANT_10,PORT08,39,144.92024
1400000305.0,2026-11-21,PORT06,CARRIER_10,1,DTP,4,0,CUST_457,1600110,PLANT_19,PORT02,39,107.25603
1400000306.0,2026-08-31,PORT08,CARRIER_09,2,DTP,4,0,CUST_249,1600128,PLANT_18,PORT07,40,82.92482
1400000307.0,2026-04-20,PORT06,CARRIER_05,2,CRF,4,0,CUST_045,1600007,PLANT_19,PORT08,49,115.85864
1400000308.0,2026-07-10,PORT01,CARRIER_03,2,DTP,3,0,CUST_186,1600079,PLANT_18,PORT02,44,78.06471
1400000309.0,2026-09-14,PORT07,CARRIER_06,1,DTP,1,0,CUST_204,1600009,PLANT_14,PORT04,24,113.67122
1400000310.0,2026-07-07,PORT06,CARRIER_04,1,DTP,5,0,CUST_469,1600060,PLANT_20,PORT05,30,40.1701
1400000311.0,2026-05-28,PORT08,CARRIER_02,2,DTP,1,0,CUST_472,1600181,PLANT_06,PORT03,34,71.59709
1400000312.0,2026-05-28,PORT08,CARRIER_08,1,DTP,3,0,CUST_285,1600083,PLANT_18,PORT04,44,172.18508
1400000313.0,2026-08-07,PORT03,CARRIER_05,2,DTD,0,0,CUST_476,1600080,PLANT_13,PORT01,23,43.36131
1400000314.0,2026-01-14,PORT05,CARRIER_09,2,CRF,3,4,CUST_219,1600062,PLANT_12,PORT03,19,84.44347
1400000315.0,2026-12-31,PORT03,CARRIER_04,2,CRF,2,5,CUST_206,1600168,PLANT_08,PORT06,38,49.06013
1400000316.0,2026-02-07,PORT04,CARRIER_03,2,DTP,3,0,CUST_419,1600005,PLANT_13,PORT08,48,12.17231
1400000317.0,2026-12-26,PORT08,CARRIER_04,1,DTP,5,0,CUST_334,1600151,PLANT_03,PORT06,46,146.3205
1400000318.0,2026-01-13,PORT06,CARRIER_01,2,DTP,0,0,CUST_262,1600169,PLANT_15,PORT04,11,28.49486
1400000319.0,2026-07-07,PORT06,CARRIER_10,2,DTP,0,0,CUST_229,1600179,PLANT_17,PORT04,47,219.58328
1400000320.0,2026-06-02,PORT07,CARRIER_09,2,DTP,5,4,CUST_353,1600055,PLANT_16,PORT03,41,89.10728
1400000321.0,2026-07-29,PORT04,CARRIER_10,2,CRF,0,0,CUST_377,1600095,PLANT_15,PORT08,12,9.17271
1400000322.0,2026-06-08,PORT07,CARRIER_09,2,DTP,3,0,CUST_246,1600174,PLANT_16,PORT05,5,8.57877
1400000323.0,2026-11-24,PORT07,CARRIER_05,1,DTP,4,0,CUST_016,1600000,PLANT_16,PORT08,14,28.37433
1400000324.0,2026-01-07,PORT04,CARRIER_11,2,DTD,3,0,CUST_051,1600189,PLANT_07,PORT05,47,138.99526
1400000325.0,2026-12-26,PORT05,CARRIER_02,1,DTP,0,0,CUST_073,1600012,PLANT_12,PORT06,39,56.35704
1400000326.0,2026-09-09,PORT07,CARRIER_08,1,DTP,3,5,CUST_232,1600052,PLANT_16,PORT03,31,86.69259
1400000327.0,2026-10-12,PORT07,CARRIER_01,2,DTD,6,0,CUST_308,1600044,PLANT_13,PORT01,34,154.68044
1400000328.0,2026-02-21,PORT08,CARRIER_09,0,DTP,3,0,CUST_402,1600134,PLANT_15,PORT02,24,52.23069
1400000329.0,2026-01-24,PORT06,CARRIER_12,1,DTP,3,0,CUST_117,1600030,PLANT_20,PORT05,46,151.46376
1400000330.0,2026-05-25,PORT07,CARRIER_08,1,DTD,1,0,CUST_394,1600126,PLANT_14,PORT04,12,14.65924
1400000331.0,2026-04-28,PORT07,CARRIER_02,2,DTP,6,1,CUST_334,1600031,PLANT_16,PORT06,19,76.50355
1400000332.0,2026-10-13,PORT01,CARRIER_01,2,DTP,0,0,CUST_026,1600191,PLANT_19,PORT06,14,19.89941
1400000333.0,2026-11-24,PORT04,CARRIER_08,2,DTP,2,0,CUST_176,1600010,PLANT_15,PORT05,44,129.40548
1400000334.0,2026-06-06,PORT07,CARRIER_06,1,DTP,0,0,CUST_152,1600031,PLANT_11,PORT01,29,45.56517
1400000335.0,2026-10-08,PORT01,CARRIER_02,1,CRF,6,0,CUST_444,1600140,PLANT_06,PORT04,36,15.48977
1400000336.0,2026-01-22,PORT04,CARRIER_08,2,DTD,3,0,CUST_461,1600141,PLANT_13,PORT08,47,78.31833
1400000337.0,2026-09-28,PORT01,CARRIER_10,1,DTP,0,0,CUST_410,1600103,PLANT_18,PORT05,13,14.80635
1400000338.0,2026-02-06,PORT06,CARRIER_08,2,DTP,0,0,CUST_265,1600012,PLANT_20,PORT01,49,219.23097
1400000339.0,2026-09-01,PORT02,CARRIER_05,1,DTP,5,0,CUST_247,1600075,PLANT_02,PORT04,10,14.04194
1400000340.0,2026-05-20,PORT03,CARRIER_12,2,DTP,0,0,CUST_156,1600147,PLANT_06,PORT01,39,190.11227
1400000341.0,2026-06-01,PORT08,CARRIER_04,1,DTP,3,0,CUST_387,1600007,PLANT_15,PORT01,37,92.9623
1400000342.0,2026-04-11,PORT02,CARRIER_12,2,DTP,3,0,CUST_044,1600099,PLANT_02,PORT01,42,49.69517
1400000343.0,2026-05-28,PORT08,CARRIER_01,2,DTP,4,0,CUST_136,1600090,PLANT_08,PORT06,12,24.21104
1400000344.0,2026-11-16,PORT03,CARRIER_02,1,DTP,3,0,CUST_068,1600189,PLANT_06,PORT02,49,48.94181
1400000345.0,2026-10-23,PORT08,CARRIER_12,2,DTP,4,0,CUST_248,1600036,PLANT_18,PORT03,41,171.58697
1400000346.0,2026-05-05,PORT03,CARRIER_02,2,DTD,0,0,CUST_150,1600031,PLANT_13,PORT07,10,6.87849
1400000347.0,2026-04-18,PORT05,CARRIER_06,4,DTD,3,0,CUST_099,1600096,PLANT_17,PORT02,30,131.40858
1400000348.0,2026-07-05,PORT07,CARRIER_09,2,DTD,0,0,CUST_189,1600022,PLANT_16,PORT01,42,13.64973
1400000349.0,2026-09-07,PORT02,CARRIER_02,1,DTP,3,0,CUST_431,1600148,PLANT_01,PORT05,26,40.77005
1400000350.0,2026-03-08,PORT02,CARRIER_03,2,DTP,3,0,CUST_280,1600030,PLANT_04,PORT04,22,17.27979
1400000351.0,2026-09-23,PORT03,CARRIER_02,1,DTP,3,0,CUST_412,1600104,PLANT_17,PORT05,17,58.78262
1400000352.0,2026-12-13,PORT02,CARRIER_09,2,DTP,5,0,CUST_457,1600005,PLANT_04,PORT07,28,73.09054
1400000353.0,2026-11-05,PORT07,CARRIER_09,2,CRF,5,0,CUST_452,1600088,PLANT_14,PORT04,50,235.1382
1400000354.0,2026-07-20,PORT03,CARRIER_09,1,DTP,2,0,CUST_176,1600103,PLANT_04,PORT01,32,60.61714
1400000355.0,2026-04-27,PORT01,CARRIER_03,2,DTP,3,0,CUST_439,1600119,PLANT_09,PORT03,38,11.38748
1400000356.0,2026-04-29,PORT04,CARRIER_11,2,DTP,3,0,CUST_455,1600072,PLANT_02,PORT03,40,153.28518
1400000357.0,2026-09-28,PORT02,CARRIER_06,1,DTP,6,0,CUST_480,1600035,PLANT_02,PORT05,40,117.58213
1400000358.0,2026-06-16,PORT07,CARRIER_04,2,CRF,0,3,CUST_176,1600050,PLANT_16,PORT08,23,95.55196
1400000359.0,2026-02-08,PORT01,CARRIER_03,2,DTP,3,0,CUST_115,1600039,PLANT_09,PORT04,40,87.52316
1400000360.0,2026-09-05,PORT01,CARRIER_05,2,DTD,3,0,CUST_293,1600036,PLANT_01,PORT03,20,74.34175
1400000361.0,2026-02-20,PORT08,CARRIER_05,2,DTP,2,0,CUST_466,1600183,PLANT_03,PORT04,31,29.08488
1400000362.0,2026-12-27,PORT01,CARRIER_11,2,DTP,3,0,CUST_451,1600140,PLANT_19,PORT04,18,89.95824
1400000363.0,2026-06-02,PORT07,CARRIER_10,2,DTP,1,0,CUST_286,1600109,PLANT_14,PORT01,48,45.64177
1400000364.0,2026-05-05,PORT06,CARRIER_08,2,DTP,0,4,CUST_075,1600139,PLANT_19,PORT05,38,158.30888
1400000365.0,2026-01-21,PORT06,CARRIER_01,2,DTP,4,0,CUST_212,1600064,PLANT_02,PORT04,31,35.36936
1400000366.0,2026-03-03,PORT04,CARRIER_06,2,DTP,0,0,CUST_358,1600128,PLANT_02,PORT05,25,98.35723
1400000367.0,2026-12-12,PORT07,CARRIER_03,2,DTP,2,0,CUST_281,1600040,PLANT_13,PORT06,28,120.96383
1400000368.0,2026-07-16,PORT03,CARRIER_07,1,DTD,3,0,CUST_173,1600120,PLANT_06,PORT02,40,175.82162
1400000369.0,2026-11-26,PORT08,CARRIER_12,2,DTP,3,0,CUST_172,1600051,PLANT_08,PORT02,17,41.32735
1400000370.0,2026-12-15,PORT07,CARRIER_11,2,DTP,3,0,CUST_030,1600194,PLANT_13,PORT08,43,94.65089
1400000371.0,2026-01-18,PORT01,CARRIER_08,2,DTP,6,0,CUST_145,1600101,PLANT_03,PORT04,17,71.1548
1400000372.0,2026-05-19,PORT05,CARRIER_03,1,CRF,3,0,CUST_335,1600093,PLANT_17,PORT04,11,32.33447
1400000373.0,2026-11-02,PORT03,CARRIER_11,2,CRF,0,0,CUST_121,1600172,PLANT_07,PORT04,38,119.48175
1400000374.0,2026-06-30,PORT06,CARRIER_08,0,DTP,0,0,CUST_497,1600176,PLANT_20,PORT03,37,46.49897
1400000375.0,2026-07-05,PORT02,CARRIER_01,2,DTP,3,0,CUST_042,1600189,PLANT_01,PORT04,20,45.72339
1400000376.0,2026-07-28,PORT02,CARRIER_01,2,DTP,3,0,CUST_295,1600002,PLANT_02,PORT06,34,64.95018
1400000377.0,2026-09-14,PORT06,CARRIER_11,2,DTP,5,0,CUST_249,1600076,PLANT_02,PORT08,38,127.68287
1400000378.0,2026-12-09,PORT02,CARRIER_02,3,DTD,3,0,CUST_417,1600063,PLANT_04,PORT07,41,43.57349
1400000379.0,2026-11-20,PORT06,CARRIER_10,2,DTP,3,2,CUST_444,1600097,PLANT_20,PORT04,48,100.23285
1400000380.0,2026-08-17,PORT06,CARRIER_01,2,DTP,5,0,CUST_272,1600058,PLANT_19,PORT05,44,187.38663
1400000381.0,2026-07-30,PORT01,CARRIER_02,2,DTD,4,0,CUST_316,1600154,PLANT_06,PORT08,25,69.4396
1400000382.0,2026-05-12,PORT07,CARRIER_01,1,DTP,3,0,CUST_350,1600021,PLANT_14,PORT04,15,67.35923
1400000383.0,2026-02-12,PORT08,CARRIER_06,2,DTP,3,0,CUST_261,1600155,PLANT_03,PORT07,9,11.15446
1400000384.0,2026-09-16,PORT06,CARRIER_10,2,DTD,0,0,CUST_093,1600062,PLANT_19,PORT03,31,69.92132
1400000385.0,2026-01-01,PORT06,CARRIER_05,1,DTP,3,4,CUST_215,1600010,PLANT_15,PORT08,35,89.32138
1400000386.0,2026-09-12,PORT07,CARRIER_04,2,DTP,0,0,CUST_121,1600043,PLANT_16,PORT05,36,74.26009
1400000387.0,2026-07-01,PORT01,CARRIER_11,2,DTP,3,0,CUST_233,1600099,PLANT_06,PORT02,5,17.27009
1400000388.0,2026-10-15,PORT04,CARRIER_07,2,DTP,5,0,CUST_308,1600056,PLANT_07,PORT05,37,30.6629
1400000389.0,2026-12-13,PORT04,CARRIER_08,2,DTP,3,0,CUST_105,1600124,PLANT_15,PORT02,41,108.44754
1400000390.0,2026-07-21,PORT07,CARRIER_09,2,DTP,0,0,CUST_125,1600019,PLANT_13,PORT06,38,29.63941
1400000391.0,2026-07-29,PORT03,CARRIER_09,2,DTP,0,0,CUST_412,1600152,PLANT_13,PORT01,29,92.30896
1400000392.0,2026-06-27,PORT07,CARRIER_02,1,CRF,5,0,CUST_189,1600192,PLANT_14,PORT04,5,20.84108
1400000393.0,2026-05-17,PORT06,CARRIER_11,2,DTD,0,0,CUST_100,1600117,PLANT_02,PORT01,27,5.34561
1400000394.0,2026-02-02,PORT06,CARRIER_08,2,DTD,3,0,CUST_357,1600024,PLANT_20,PORT04,34,79.52557
1400000395.0,2026-01-12,PORT06,CARRIER_04,2,DTP,4,0,CUST_359,1600036,PLANT_20,PORT05,31,77.94168
1400000396.0,2026-09-21,PORT02,CARRIER_08,1,DTD,1,0,CUST_414,1600086,PLANT_04,PORT07,31,112.50661
1400000397.0,2026-11-30,PORT06,CARRIER_01,2,DTP,3,0,CUST_380,1600141,PLANT_17,PORT07,28,13.05157
1400000398.0,2026-01-20,PORT03,CARRIER_11,2,CRF,0,0,CUST_496,1600166,PLANT_13,PORT05,30,62.68505
1400000399.0,2026-04-30,PORT03,CARRIER_06,2,DTP,3,0,CUST_288,1600168,PLANT_04,PORT06,19,75.0283
1400000400.0,2026-08-10,PORT03,CARRIER_01,4,DTP,0,0,CUST_144,1600019,PLANT_13,PORT08,32,86.64027
1400000401.0,2026-09-15,PORT03,CARRIER_12,2,DTP,1,0,CUST_432,1600047,PLANT_07,PORT08,17,64.16219
1400000402.0,2026-09-26,PORT08,CARRIER_06,2,DTD,1,0,CUST_133,1600013,PLANT_18,PORT05,27,50.85849
1400000403.0,2026-09-11,PORT05,CARRIER_09,2,DTP,5,0,CUST_146,1600116,PLANT_12,PORT01,24,110.60231
1400000404.0,2026-01-31,PORT07,CARRIER_10,2,DTD,3,0,CUST_415,1600192,PLANT_14,PORT06,37,17.7227
1400000405.0,2026-04-03,PORT02,CARRIER_01,2,DTD,4,0,CUST_441,1600150,PLANT_02,PORT05,46,25.14846
1400000406.0,2026-06-21,PORT06,CARRIER_05,2,DTP,3,0,CUST_170,1600107,PLANT_15,PORT04,34,91.44575
1400000407.0,2026-01-24,PORT01,CARRIER_12,2,DTP,4,0,CUST_365,1600148,PLANT_09,PORT02,11,26.47741
1400000408.0,2026-05-06,PORT07,CARRIER_07,2,CRF,3,0,CUST_462,1600048,PLANT_13,PORT03,35,112.99718
1400000409.0,2026-05-21,PORT08,CARRIER_07,2,DTP,3,0,CUST_400,1600112,PLANT_18,PORT07,19,23.22513
1400000410.0,2026-12-24,PORT07,CARRIER_12,0,DTD,3,0,CUST_003,1600126,PLANT_14,PORT08,7,8.45277
1400000411.0,2026-04-26,PORT07,CARRIER_05,2,DTP,1,0,CUST_333,1600027,PLANT_10,PORT02,13,49.01828
1400000412.0,2026-12-21,PORT06,CARRIER_06,2,DTP,5,0,CUST_085,1600115,PLANT_19,PORT01,50,76.48247
1400000413.0,2026-09-13,PORT08,CARRIER_06,2,CRF,5,0,CUST_424,1600069,PLANT_03,PORT03,24,87.92951
1400000414.0,2026-09-10,PORT06,CARRIER_11,2,DTP,0,0,CUST_034,1600066,PLANT_02,PORT04,14,45.3525
1400000415.0,2026-10-27,PORT03,CARRIER_07,1,DTP,5,0,CUST_497,1600181,PLANT_17,PORT04,11,5.59133
1400000416.0,2026-11-04,PORT06,CARRIER_08,1,DTD,0,0,CUST_089,1600117,PLANT_19,PORT03,34,121.8742
1400000417.0,2026-03-23,PORT07,CARRIER_12,2,DTP,3,0,CUST_211,1600116,PLANT_14,PORT03,39,171.97539
1400000418.0,2026-06-03,PORT01,CARRIER_03,1,DTP,4,0,CUST_118,1600060,PLANT_01,PORT04,21,86.1329
1400000419.0,2026-07-12,PORT07,CARRIER_05,2,DTP,0,0,CUST_407,1600005,PLANT_13,PORT08,9,1.29081
1400000420.0,2026-12-23,PORT03,CARRIER_08,2,DTD,0,0,CUST_197,1600032,PLANT_13,PORT08,21,57.63656
1400000421.0,2026-01-15,PORT04,CARRIER_08,1,DTD,4,0,CUST_373,1600155,PLANT_13,PORT06,35,160.13733
1400000422.0,2026-06-24,PORT06,CARRIER_03,2,DTP,3,1,CUST_034,1600084,PLANT_02,PORT02,10,30.33756
1400000423.0,2026-03-20,PORT04,CARRIER_02,2,DTP,3,0,CUST_227,1600030,PLANT_13,PORT06,17,25.88416
1400000424.0,2026-03-17,PORT02,CARRIER_06,2,DTP,4,0,CUST_456,1600141,PLANT_04,PORT03,5,5.26634
1400000425.0,2026-10-06,PORT06,CARRIER_06,2,DTP,1,0,CUST_464,1600089,PLANT_19,PORT05,26,89.86232
1400000426.0,2026-03-15,PORT07,CARRIER_04,2,CRF,0,0,CUST_105,1600161,PLANT_10,PORT04,12,46.54973
1400000427.0,2026-10-17,PORT01,CARRIER_12,0,DTP,6,0,CUST_198,1600071,PLANT_19,PORT05,14,64.00331
1400000428.0,2026-12-29,PORT02,CARRIER_03,2,DTD,3,0,CUST_205,1600061,PLANT_02,PORT06,10,45.38011
1400000429.0,2026-10-11,PORT03,CARRIER_10,2,DTP,3,0,CUST_283,1600144,PLANT_13,PORT07,38,66.97397
1400000430.0,2026-03-04,PORT07,CARRIER_11,2,DTP,2,0,CUST_269,1600043,PLANT_13,PORT06,27,82.59292
1400000431.0,2026-02-21,PORT03,CARRIER_12,2,DTP,6,0,CUST_053,1600022,PLANT_04,PORT08,48,28.67731
1400000432.0,2026-06-09,PORT01,CARRIER_11,2,CRF,0,0,CUST_382,1600065,PLANT_18,PORT02,23,12.94593
1400000433.0,2026-07-21,PORT02,CARRIER_02,2,DTP,0,0,CUST_113,1600036,PLANT_02,PORT07,15,6.75294
1400000434.0,2026-10-12,PORT04,CARRIER_09,2,DTP,2,0,CUST_158,1600162,PLANT_02,PORT08,14,65.0021
1400000435.0,2026-06-04,PORT05,CARRIER_06,2,DTP,3,0,CUST_421,1600120,PLANT_17,PORT07,48,40.65211
1400000436.0,2026-03-02,PORT01,CARRIER_12,2,DTP,0,0,CUST_345,1600094,PLANT_18,PORT07,32,78.82875
1400000437.0,2026-12-28,PORT02,CARRIER_07,2,DTP,2,0,CUST_199,1600045,PLANT_09,PORT05,19,42.21904
1400000438.0,2026-11-27,PORT03,CARRIER_03,2,CRF,3,0,CUST_457,1600190,PLANT_08,PORT07,35,59.19825
1400000439.0,2026-08-27,PORT07,CARRIER_02,1,CRF,3,0,CUST_198,1600132,PLANT_11,PORT04,30,82.04641
1400000440.0,2026-09-11,PORT07,CARRIER_09,1,DTP,0,0,CUST_283,1600167,PLANT_14,PORT06,10,1.13675
1400000441.0,2026-12-08,PORT01,CARRIER_07,2,DTD,3,0,CUST_123,1600100,PLANT_18,PORT05,37,72.62108
1400000442.0,2026-06-23,PORT06,CARRIER_04,2,DTP,3,0,CUST_092,1600012,PLANT_20,PORT03,10,24.48786
1400000443.0,2026-02-23,PORT02,CARRIER_05,2,DTD,2,0,CUST_246,1600083,PLANT_04,PORT08,14,56.50668
1400000444.0,2026-08-10,PORT01,CARRIER_10,1,DTP,0,0,CUST_282,1600017,PLANT_18,PORT02,37,130.78467
1400000445.0,2026-06-14,PORT06,CARRIER_01,1,DTP,6,0,CUST_403,1600152,PLANT_19,PORT05,25,106.59582
1400000446.0,2026-10-19,PORT01,CARRIER_03,2,DTP,3,0,CUST_196,1600039,PLANT_06,PORT08,15,29.15792
1400000447.0,2026-10-09,PORT02,CARRIER_02,2,CRF,0,0,CUST_448,1600055,PLANT_09,PORT06,8,6.3235
1400000448.0,2026-06-22,PORT05,CARRIER_07,2,DTP,3,0,CUST_304,1600058,PLANT_12,PORT02,32,66.08565
1400000449.0,2026-05-15,PORT07,CARRIER_06,2,DTP,0,0,CUST_036,1600029,PLANT_10,PORT08,37,178.30271
1400000450.0,2026-06-04,PORT01,CARRIER_10,2,DTP,3,0,CUST_370,1600005,PLANT_01,PORT08,14,16.10287
1400000451.0,2026-08-19,PORT01,CARRIER_02,2,DTP,3,0,CUST_288,1600110,PLANT_19,PORT03,24,22.95123
1400000452.0,2026-08-21,PORT02,CARRIER_06,2,DTP,0,0,CUST_195,1600003,PLANT_09,PORT03,20,94.54505
1400000453.0,2026-07-06,PORT03,CARRIER_05,2,DTD,5,0,CUST_234,1600192,PLANT_04,PORT07,46,218.71266
1400000454.0,2026-07-14,PORT03,CARRIER_10,1,DTD,3,0,CUST_151,1600062,PLANT_06,PORT05,41,34.08168
1400000455.0,2026-12-29,PORT06,CARRIER_12,2,DTD,0,0,CUST_308,1600006,PLANT_02,PORT02,17,65.79542
1400000456.0,2026-04-03,PORT07,CARRIER_03,1,DTP,0,0,CUST_284,1600132,PLANT_14,PORT04,28,61.76067
1400000457.0,2026-03-05,PORT04,CARRIER_06,2,DTP,0,0,CUST_224,1600173,PLANT_07,PORT07,47,118.05728
1400000458.0,2026-10-19,PORT01,CARRIER_07,2,CRF,4,0,CUST_143,1600101,PLANT_03,PORT02,20,50.87144
1400000459.0,2026-12-08,PORT07,CARRIER_07,2,DTP,3,0,CUST_200,1600014,PLANT_14,PORT05,11,53.29523
1400000460.0,2026-08-11,PORT04,CARRIER_03,2,DTP,4,0,CUST_249,1600071,PLANT_07,PORT01,18,18.08711
1400000461.0,2026-05-27,PORT06,CARRIER_06,2,DTP,0,0,CUST_236,1600073,PLANT_20,PORT03,32,124.41639
1400000462.0,2026-05-08,PORT07,CARRIER_09,1,DTD,2,0,CUST_155,1600071,PLANT_14,PORT01,50,6.39016
1400000463.0,2026-06-20,PORT04,CARRIER_02,2,CRF,3,0,CUST_291,1600006,PLANT_02,PORT01,19,60.4236
1400000464.0,2026-01-20,PORT02,CARRIER_09,2,DTP,3,0,CUST_114,1600180,PLANT_09,PORT03,7,23.08685
1400000465.0,2026-07-12,PORT04,CARRIER_10,2,DTP,0,0,CUST_251,1600029,PLANT_13,PORT07,13,49.31109
1400000466.0,2026-04-09,PORT07,CARRIER_12,2,DTP,0,0,CUST_061,1600121,PLANT_16,PORT01,23,106.65596
1400000467.0,2026-04-07,PORT06,CARRIER_09,2,DTD,6,0,CUST_237,1600087,PLANT_02,PORT08,9,34.14413
1400000468.0,2026-07-24,PORT08,CARRIER_04,2,DTP,3,0,CUST_392,1600160,PLANT_08,PORT04,6,22.12503
1400000469.0,2026-12-18,PORT08,CARRIER_06,2,CRF,0,0,CUST_409,1600105,PLANT_15,PORT05,35,47.02456
1400000470.0,2026-03-17,PORT04,CARRIER_10,2,DTP,4,0,CUST_348,1600156,PLANT_02,PORT02,42,208.52641
1400000471.0,2026-11-29,PORT01,CARRIER_03,2,DTP,3,3,CUST_373,1600044,PLANT_09,PORT04,15,35.92805
1400000472.0,2026-07-09,PORT05,CARRIER_09,2,DTD,4,0,CUST_033,1600142,PLANT_12,PORT01,29,62.21966
1400000473.0,2026-12-22,PORT05,CARRIER_09,2,DTP,5,0,CUST_171,1600157,PLANT_17,PORT08,31,79.3352
1400000474.0,2026-05-20,PORT01,CARRIER_01,1,DTP,0,0,CUST_328,1600058,PLANT_19,PORT06,35,71.08068
1400000475.0,2026-12-30,PORT07,CARRIER_04,2,CRF,6,0,CUST_401,1600194,PLANT_13,PORT08,50,150.4412
1400000476.0,2026-08-29,PORT05,CARRIER_04,0,DTP,0,0,CUST_292,1600118,PLANT_12,PORT08,45,81.59222
1400000477.0,2026-09-02,PORT02,CARRIER_06,2,CRF,1,0,CUST_427,1600005,PLANT_09,PORT07,19,24.23887
1400000478.0,2026-07-25,PORT02,CARRIER_09,2,DTP,3,0,CUST_137,1600145,PLANT_01,PORT01,49,227.71158
1400000479.0,2026-06-14,PORT01,CARRIER_04,2,DTP,3,0,CUST_077,1600168,PLANT_05,PORT08,6,27.87816
1400000480.0,2026-07-11,PORT03,CARRIER_01,2,DTP,0,0,CUST_044,1600064,PLANT_04,PORT04,49,124.04852
1400000481.0,2026-11-07,PORT06,CARRIER_06,2,DTP,0,0,CUST_292,1600120,PLANT_20,PORT02,11,52.95974
1400000482.0,2026-10-17,PORT07,CARRIER_12,1,DTP,1,0,CUST_333,1600111,PLANT_07,PORT05,10,21.37014
1400000483.0,2026-01-09,PORT05,CARRIER_11,1,CRF,2,0,CUST_143,1600088,PLANT_12,PORT04,10,19.98156
1400000484.0,2026-09-11,PORT04,CARRIER_06,1,DTP,2,0,CUST_392,1600066,PLANT_02,PORT02,10,45.9284
1400000485.0,2026-11-01,PORT07,CARRIER_04,2,DTD,0,0,CUST_370,1600153,PLANT_10,PORT04,26,83.23363
1400000486.0,2026-09-29,PORT07,CARRIER_05,2,DTP,6,0,CUST_181,1600105,PLANT_16,PORT06,34,130.43539
1400000487.0,2026-07-01,PORT06,CARRIER_05,2,DTP,4,0,CUST_120,1600113,PLANT_02,PORT01,39,82.77535
1400000488.0,2026-05-03,PORT02,CARRIER_04,1,DTP,6,0,CUST_372,1600103,PLANT_09,PORT03,5,10.47154
1400000489.0,2026-09-03,PORT07,CARRIER_07,1,DTP,0,0,CUST_336,1600147,PLANT_11,PORT02,18,9.14739
1400000490.0,2026-08-31,PORT08,CARRIER_07,1,DTP,0,0,CUST_086,1600189,PLANT_08,PORT06,11,53.2075
1400000491.0,2026-05-17,PORT02,CARRIER_04,2,DTP,3,0,CUST_128,1600006,PLANT_02,PORT04,11,13.38699
1400000492.0,2026-05-29,PORT03,CARRIER_09,2,DTD,3,0,CUST_243,1600176,PLANT_04,PORT06,39,98.35444
1400000493.0,2026-05-15,PORT07,CARRIER_12,1,DTP,3,0,CUST_256,1600046,PLANT_13,PORT04,34,22.49407
1400000494.0,2026-01-17,PORT04,CARRIER_09,2,DTP,0,0,CUST_083,1600091,PLANT_13,PORT03,14,45.78102
1400000495.0,2026-01-12,PORT03,CARRIER_02,1,DTD,4,0,CUST_475,1600039,PLANT_04,PORT05,18,36.27521
1400000496.0,2026-01-31,PORT01,CARRIER_06,2,DTP,3,0,CUST_195,1600179,PLANT_09,PORT04,47,181.49253
1400000497.0,2026-06-04,PORT07,CARRIER_02,2,DTP,3,0,CUST_191,1600188,PLANT_13,PORT08,31,83.36072
1400000498.0,2026-07-06,PORT02,CARRIER_05,2,DTP,3,0,CUST_031,1600002,PLANT_02,PORT06,15,11.01673
1400000499.0,2026-05-30,PORT02,CARRIER_08,1,DTD,0,0,CUST_438,1600165,PLANT_04,PORT08,47,7.17354
1400000500.0,2026-12-15,PORT07,CARRIER_12,1,DTP,0,0,CUST_118,1600104,PLANT_16,PORT06,14,15.97398
1400000501.0,2026-03-24,PORT02,CARRIER_08,0,CRF,6,0,CUST_494,1600054,PLANT_09,PORT01,18,65.68736
1400000502.0,2026-05-24,PORT05,CARRIER_03,2,DTD,3,0,CUST_249,1600074,PLANT_12,PORT01,36,149.74989
1400000503.0,2026-04-01,PORT01,CARRIER_04,2,DTP,0,0,CUST_438,1600166,PLANT_19,PORT03,28,49.63117
1400000504.0,2026-04-20,PORT04,CARRIER_07,2,DTP,1,0,CUST_090,1600041,PLANT_15,PORT05,8,21.80826
1400000505.0,2026-08-02,PORT04,CARRIER_01,2,DTP,0,0,CUST_083,1600152,PLANT_13,PORT01,42,53.59474
1400000506.0,2026-04-24,PORT07,CARRIER_03,1,DTP,5,0,CUST_401,1600027,PLANT_14,PORT08,15,66.21258
1400000507.0,2026-04-26,PORT07,CARRIER_02,2,DTD,4,0,CUST_410,1600167,PLANT_11,PORT03,36,173.86254
1400000508.0,2026-09-02,PORT07,CARRIER_12,2,DTP,3,0,CUST_272,1600020,PLANT_16,PORT04,20,75.78812
1400000509.0,2026-10-31,PORT08,CARRIER_03,2,CRF,6,0,CUST_017,1600175,PLANT_03,PORT07,39,20.88625
1400000510.0,2026-03-19,PORT08,CARRIER_06,2,DTP,3,0,CUST_472,1600048,PLANT_03,PORT05,46,103.12653
1400000511.0,2026-02-10,PORT03,CARRIER_05,2,DTP,5,0,CUST_197,1600080,PLANT_11,PORT06,40,198.13911
1400000512.0,2026-03-29,PORT04,CARRIER_09,2,DTP,3,0,CUST_468,1600079,PLANT_02,PORT05,47,57.52733
1400000513.0,2026-07-30,PORT07,CARRIER_07,1,DTP,4,0,CUST_436,1600105,PLANT_14,PORT01,29,98.17402
1400000514.0,2026-12-17,PORT01,CARRIER_04,1,CRF,5,0,CUST_426,1600197,PLANT_09,PORT07,7,32.89273
1400000515.0,2026-02-28,PORT07,CARRIER_08,1,DTP,3,0,CUST_345,1600063,PLANT_10,PORT08,29,112.7722
1400000516.0,2026-01-16,PORT03,CARRIER_10,1,DTD,0,0,CUST_337,1600087,PLANT_08,PORT01,26,80.16878
1400000517.0,2026-07-12,PORT07,CARRIER_09,1,DTP,0,0,CUST_267,1600110,PLANT_16,PORT06,38,98.1485
1400000518.0,2026-12-28,PORT01,CARRIER_04,2,CRF,1,0,CUST_013,1600166,PLANT_03,PORT03,16,74.41905
1400000519.0,2026-07-21,PORT02,CARRIER_01,2,DTP,0,0,CUST_194,1600148,PLANT_09,PORT07,37,75.26516
1400000520.0,2026-12-04,PORT04,CARRIER_09,2,DTD,3,0,CUST_366,1600187,PLANT_02,PORT05,25,112.90545
1400000521.0,2026-08-23,PORT07,CARRIER_07,1,DTD,3,0,CUST_407,1600055,PLANT_16,PORT04,35,77.42558
1400000522.0,2026-01-12,PORT07,CARRIER_01,1,DTP,0,0,CUST_280,1600097,PLANT_16,PORT03,24,91.36969
1400000523.0,2026-06-06,PORT04,CARRIER_01,1,DTP,5,0,CUST_355,1600188,PLANT_07,PORT05,22,100.91396
1400000524.0,2026-10-09,PORT06,CARRIER_02,1,DTP,0,0,CUST_011,1600138,PLANT_02,PORT01,14,39.1741
1400000525.0,2026-07-05,PORT04,CARRIER_08,2,DTP,0,0,CUST_235,1600073,PLANT_02,PORT03,43,69.59168
1400000526.0,2026-03-13,PORT08,CARRIER_04,1,DTP,0,0,CUST_254,1600033,PLANT_08,PORT04,8,2.79868
1400000527.0,2026-03-08,PORT04,CARRIER_04,1,DTP,6,0,CUST_447,1600100,PLANT_07,PORT05,15,60.98061
1400000528.0,2026-08-31,PORT02,CARRIER_12,2,DTP,3,0,CUST_156,1600005,PLANT_04,PORT08,24,75.54837
1400000529.0,2026-06-19,PORT02,CARRIER_08,2,DTP,0,0,CUST_115,1600142,PLANT_09,PORT05,12,16.66708
1400000530.0,2026-07-29,PORT01,CARRIER_01,0,CRF,0,0,CUST_177,1600054,PLANT_09,PORT02,47,206.7679
1400000531.0,2026-05-17,PORT07,CARRIER_06,2,DTP,3,0,CUST_086,1600086,PLANT_14,PORT04,20,92.18967
1400000532.0,2026-05-04,PORT08,CARRIER_05,2,DTD,6,0,CUST_280,1600066,PLANT_15,PORT03,16,71.15382
1400000533.0,2026-09-01,PORT01,CARRIER_10,2,DTP,3,5,CUST_322,1600069,PLANT_09,PORT06,16,48.759
1400000534.0,2026-01-03,PORT06,CARRIER_07,2,DTP,3,0,CUST_401,1600176,PLANT_02,PORT01,13,63.50825
1400000535.0,2026-06-08,PORT01,CARRIER_02,2,DTP,3,0,CUST_486,1600139,PLANT_19,PORT03,35,153.52917
1400000536.0,2026-05-16,PORT07,CARRIER_04,2,DTD,0,0,CUST_037,1600029,PLANT_10,PORT06,27,16.49365
1400000537.0,2026-10-12,PORT06,CARRIER_07,1,DTP,3,0,CUST_124,1600146,PLANT_02,PORT07,15,73.61129
1400000538.0,2026-09-23,PORT06,CARRIER_04,2,DTP,3,0,CUST_151,1600151,PLANT_19,PORT01,45,125.51181
1400000539.0,2026-06-05,PORT07,CARRIER_04,2,DTD,3,0,CUST_125,1600003,PLANT_10,PORT04,35,161.28616
1400000540.0,2026-04-06,PORT02,CARRIER_12,2,DTP,0,0,CUST_414,1600162,PLANT_09,PORT08,23,87.99048
1400000541.0,2026-03-28,PORT08,CARRIER_01,2,DTP,0,0,CUST_070,1600139,PLANT_06,PORT02,28,91.64615
1400000542.0,2026-03-19,PORT04,CARRIER_04,2,DTP,3,0,CUST_015,1600060,PLANT_02,PORT02,35,59.52431
1400000543.0,2026-04-10,PORT02,CARRIER_07,2,DTP,3,0,CUST_431,1600152,PLANT_02,PORT04,12,2.78937
1400000544.0,2026-10-05,PORT01,CARRIER_10,2,DTP,3,2,CUST_481,1600014,PLANT_19,PORT02,42,61.15232
1400000545.0,2026-01-17,PORT02,CARRIER_10,2,DTP,4,0,CUST_114,1600113,PLANT_02,PORT04,16,55.36831
1400000546.0,2026-01-10,PORT05,CARRIER_03,2,CRF,4,0,CUST_167,1600091,PLANT_17,PORT01,6,25.97558
1400000547.0,2026-07-17,PORT02,CARRIER_08,2,DTD,5,0,CUST_252,1600036,PLANT_02,PORT06,28,3.12195
1400000548.0,2026-03-23,PORT08,CARRIER_09,2,DTP,3,0,CUST_263,1600006,PLANT_15,PORT03,45,50.35822
1400000549.0,2026-10-31,PORT01,CARRIER_01,0,DTP,5,0,CUST_496,1600054,PLANT_09,PORT06,38,129.12521
1400000550.0,2026-10-02,PORT07,CARRIER_07,2,CRF,3,0,CUST_203,1600058,PLANT_11,PORT05,19,28.30643
1400000551.0,2026-10-08,PORT01,CARRIER_08,2,DTD,3,0,CUST_007,1600166,PLANT_01,PORT03,23,18.26991
1400000552.0,2026-06-16,PORT04,CARRIER_03,2,DTP,3,0,CUST_212,1600147,PLANT_02,PORT08,32,16.04758
1400000553.0,2026-06-09,PORT06,CARRIER_09,1,DTP,0,0,CUST_279,1600194,PLANT_19,PORT03,15,48.38411
1400000554.0,2026-06-05,PORT03,CARRIER_05,2,DTP,3,0,CUST_259,1600138,PLANT_11,PORT05,42,126.62215
1400000555.0,2026-03-13,PORT01,CARRIER_01,1,DTP,4,0,CUST_257,1600049,PLANT_01,PORT02,18,77.52972
1400000556.0,2026-07-27,PORT03,CARRIER_06,1,DTP,6,4,CUST_462,1600096,PLANT_13,PORT02,14,22.99786
1400000557.0,2026-11-12,PORT07,CARRIER_05,2,DTP,3,0,CUST_404,1600118,PLANT_16,PORT08,9,6.92929
1400000558.0,2026-04-04,PORT06,CARRIER_09,2,CRF,6,0,CUST_126,1600138,PLANT_02,PORT05,36,144.57096
1400000559.0,2026-01-21,PORT04,CARRIER_04,2,DTP,0,0,CUST_178,1600114,PLANT_15,PORT02,6,29.65267
1400000560.0,2026-07-26,PORT05,CARRIER_10,2,DTP,6,0,CUST_334,1600012,PLANT_12,PORT08,42,78.36817
1400000561.0,2026-05-26,PORT03,CARRIER_09,2,CRF,3,3,CUST_206,1600159,PLANT_08,PORT06,49,212.67044
1400000562.0,2026-10-19,PORT06,CARRIER_08,2,DTD,3,0,CUST_215,1600189,PLANT_17,PORT04,10,38.36473
1400000563.0,2026-11-09,PORT01,CARRIER_05,2,DTP,3,0,CUST_084,1600119,PLANT_09,PORT07,9,41.10091
1400000564.0,2026-12-13,PORT07,CARRIER_02,2,DTP,6,0,CUST_128,1600060,PLANT_13,PORT06,47,102.43298
1400000565.0,2026-05-24,PORT06,CARRIER_03,2,DTP,0,0,CUST_371,1600196,PLANT_02,PORT03,10,5.96377
1400000566.0,2026-11-26,PORT04,CARRIER_04,2,DTP,3,0,CUST_422,1600103,PLANT_15,PORT01,23,15.63874
1400000567.0,2026-02-13,PORT01,CARRIER_07,1,DTD,5,0,CUST_393,1600167,PLANT_09,PORT03,45,172.78525
1400000568.0,2026-05-17,PORT07,CARRIER_12,2,DTP,0,0,CUST_154,1600112,PLANT_13,PORT04,11,47.63359
1400000569.0,2026-04-08,PORT03,CARRIER_10,2,DTP,3,4,CUST_069,1600129,PLANT_04,PORT04,35,81.87837
1400000570.0,2026-12-03,PORT04,CARRIER_11,2,DTP,3,0,CUST_080,1600194,PLANT_07,PORT05,22,8.62174
1400000571.0,2026-08-08,PORT01,CARRIER_05,2,DTD,4,0,CUST_197,1600188,PLANT_05,PORT05,25,10.67149
1400000572.0,2026-05-14,PORT03,CARRIER_01,2,CRF,5,2,CUST_259,1600063,PLANT_04,PORT08,47,142.55766
1400000573.0,2026-02-25,PORT02,CARRIER_11,2,DTP,1,0,CUST_447,1600120,PLANT_04,PORT05,34,156.44282
1400000574.0,2026-10-13,PORT07,CARRIER_12,1,DTP,3,0,CUST_450,1600193,PLANT_11,PORT04,19,39.10123
1400000575.0,2026-08-28,PORT01,CARRIER_08,0,DTP,3,0,CUST_002,1600139,PLANT_05,PORT02,48,157.82578
1400000576.0,2026-11-08,PORT08,CARRIER_06,2,DTP,3,0,CUST_354,1600168,PLANT_18,PORT04,31,85.43098
1400000577.0,2026-06-09,PORT06,CARRIER_02,2,DTP,0,0,CUST_150,1600166,PLANT_20,PORT03,9,40.13832
1400000578.0,2026-02-24,PORT02,CARRIER_10,2,DTP,1,0,CUST_099,1600193,PLANT_04,PORT08,23,96.11008
1400000579.0,2026-05-03,PORT07,CARRIER_12,0,DTP,3,0,CUST_278,1600123,PLANT_16,PORT08,16,17.22893
1400000580.0,2026-08-15,PORT06,CARRIER_06,1,DTP,0,0,CUST_017,1600001,PLANT_02,PORT04,34,116.27868
1400000581.0,2026-03-29,PORT06,CARRIER_09,1,DTD,3,0,CUST_168,1600000,PLANT_20,PORT05,44,187.12169
1400000582.0,2026-01-26,PORT04,CARRIER_02,2,DTP,0,1,CUST_277,1600128,PLANT_02,PORT07,6,27.94933
1400000583.0,2026-10-28,PORT03,CARRIER_03,2,DTP,5,0,CUST_137,1600019,PLANT_04,PORT07,40,119.62572
1400000584.0,2026-07-13,PORT01,CARRIER_08,1,DTP,5,0,CUST_297,1600071,PLANT_19,PORT03,47,45.21236
1400000585.0,2026-05-25,PORT08,CARRIER_04,2,DTP,3,0,CUST_231,1600111,PLANT_15,PORT01,50,141.76686
1400000586.0,2026-07-21,PORT03,CARRIER_02,2,DTP,5,0,CUST_400,1600072,PLANT_07,PORT02,35,117.68796
1400000587.0,2026-09-27,PORT05,CARRIER_06,2,DTP,6,0,CUST_091,1600084,PLANT_17,PORT04,19,27.26873
1400000588.0,2026-01-01,PORT04,CARRIER_09,1,DTD,4,0,CUST_029,1600083,PLANT_07,PORT08,11,53.54478
1400000589.0,2026-06-10,PORT07,CARRIER_01,2,DTP,3,0,CUST_265,1600170,PLANT_16,PORT03,48,58.73753
1400000590.0,2026-04-03,PORT04,CARRIER_05,2,CRF,3,0,CUST_129,1600013,PLANT_07,PORT07,23,105.00943
1400000591.0,2026-02-03,PORT06,CARRIER_11,1,CRF,4,0,CUST_354,1600146,PLANT_20,PORT01,20,43.66771
1400000592.0,2026-01-14,PORT06,CARRIER_01,1,DTP,3,0,CUST_047,1600011,PLANT_02,PORT05,38,3.90319
1400000593.0,2026-06-10,PORT03,CARRIER_01,2,DTD,3,0,CUST_288,1600131,PLANT_17,PORT07,37,102.19831
1400000594.0,2026-07-18,PORT03,CARRIER_12,2,DTD,3,0,CUST_495,1600057,PLANT_11,PORT08,42,133.50123
1400000595.0,2026-07-05,PORT07,CARRIER_03,2,DTP,0,0,CUST_047,1600024,PLANT_14,PORT06,45,196.19462
1400000596.0,2026-10-13,PORT07,CARRIER_07,2,DTD,4,0,CUST_151,1600146,PLANT_16,PORT04,45,123.69419
1400000597.0,2026-06-17,PORT08,CARRIER_07,1,DTP,5,0,CUST_423,1600167,PLANT_15,PORT03,12,6.73481
1400000598.0,2026-08-04,PORT02,CARRIER_08,2,DTP,0,0,CUST_267,1600196,PLANT_04,PORT04,12,55.69664
1400000599.0,2026-10-25,PORT03,CARRIER_10,2,DTP,0,0,CUST_088,1600068,PLANT_04,PORT08,14,40.18334
1400000600.0,2026-08-28,PORT01,CARRIER_08,2,DTD,6,0,CUST_107,1600187,PLANT_03,PORT02,33,47.20659
1400000601.0,2026-11-29,PORT08,CARRIER_12,1,CRF,0,0,CUST_383,1600083,PLANT_06,PORT02,31,139.63662
1400000602.0,2026-03-22,PORT04,CARRIER_08,2,DTP,3,0,CUST_431,1600070,PLANT_15,PORT08,44,30.46894
1400000603.0,2026-10-15,PORT07,CARRIER_02,2,DTP,3,0,CUST_181,1600041,PLANT_14,PORT04,43,24.83963
1400000604.0,2026-09-12,PORT05,CARRIER_08,0,DTP,3,0,CUST_237,1600112,PLANT_12,PORT02,42,114.30487
1400000605.0,2026-08-01,PORT03,CARRIER_01,2,DTD,0,0,CUST_392,1600114,PLANT_13,PORT02,8,25.29546
1400000606.0,2026-01-02,PORT06,CARRIER_05,2,DTP,0,0,CUST_089,1600033,PLANT_19,PORT04,36,93.7332
1400000607.0,2026-07-17,PORT07,CARRIER_09,2,DTP,3,0,CUST_104,1600036,PLANT_14,PORT01,44,204.69069
1400000608.0,2026-11-10,PORT04,CARRIER_12,0,DTD,3,0,CUST_388,1600066,PLANT_07,PORT06,50,69.3911
1400000609.0,2026-08-24,PORT02,CARRIER_04,1,DTP,4,0,CUST_094,1600123,PLANT_02,PORT05,20,99.04304
1400000610.0,2026-01-02,PORT07,CARRIER_02,2,DTP,6,0,CUST_386,1600109,PLANT_10,PORT04,40,7.79247
1400000611.0,2026-04-16,PORT07,CARRIER_02,2,DTP,4,0,CUST_249,1600040,PLANT_10,PORT02,23,15.65878
1400000612.0,2026-07-27,PORT07,CARRIER_05,1,DTD,3,0,CUST_496,1600049,PLANT_14,PORT03,12,12.11777
1400000613.0,2026-10-24,PORT08,CARRIER_01,1,DTP,3,0,CUST_017,1600019,PLANT_08,PORT07,20,9.79842
1400000614.0,2026-06-12,PORT08,CARRIER_04,2,DTP,0,0,CUST_473,1600101,PLANT_03,PORT03,16,35.95628
1400000615.0,2026-11-09,PORT07,CARRIER_12,2,DTP,3,0,CUST_113,1600110,PLANT_13,PORT08,46,199.65489
1400000616.0,2026-10-18,PORT04,CARRIER_05,1,DTP,3,0,CUST_018,1600088,PLANT_02,PORT01,13,53.58237
1400000617.0,2026-04-08,PORT06,CARRIER_09,2,DTP,5,0,CUST_363,1600031,PLANT_19,PORT04,11,41.24239
1400000618.0,2026-03-13,PORT02,CARRIER_02,2,DTP,3,0,CUST_267,1600121,PLANT_04,PORT05,31,4.22549
1400000619.0,2026-11-26,PORT07,CARRIER_05,0,DTP,0,0,CUST_419,1600163,PLANT_16,PORT02,31,134.60075
1400000620.0,2026-08-04,PORT08,CARRIER_06,1,DTP,3,0,CUST_055,1600063,PLANT_03,PORT04,30,61.28537
1400000621.0,2026-11-06,PORT07,CARRIER_08,2,DTP,3,0,CUST_041,1600091,PLANT_14,PORT01,11,40.53527
1400000622.0,2026-12-03,PORT04,CARRIER_07,2,DTP,5,0,CUST_284,1600141,PLANT_13,PORT03,27,98.87134
1400000623.0,2026-06-04,PORT08,CARRIER_11,2,DTP,3,0,CUST_442,1600045,PLANT_18,PORT03,47,45.58309
1400000624.0,2026-01-17,PORT04,CARRIER_12,2,CRF,3,0,CUST_203,1600188,PLANT_13,PORT02,9,23.62891
1400000625.0,2026-11-28,PORT03,CARRIER_11,2,CRF,0,0,CUST_399,1600000,PLANT_13,PORT02,41,190.16975
1400000626.0,2026-08-02,PORT05,CARRIER_10,3,DTP,5,0,CUST_454,1600097,PLANT_17,PORT06,10,13.88938
1400000627.0,2026-02-13,PORT05,CARRIER_07,2,DTP,3,0,CUST_435,1600059,PLANT_12,PORT08,15,54.05455
1400000628.0,2026-07-13,PORT07,CARRIER_09,2,DTP,4,0,CUST_255,1600026,PLANT_14,PORT08,46,220.5447
1400000629.0,2026-01-11,PORT01,CARRIER_12,2,DTP,3,0,CUST_350,1600028,PLANT_09,PORT06,18,33.60767
1400000630.0,2026-04-16,PORT07,CARRIER_08,1,CRF,5,0,CUST_263,1600130,PLANT_10,PORT08,29,57.98274
1400000631.0,2026-05-07,PORT06,CARRIER_10,2,DTP,3,0,CUST_338,1600018,PLANT_19,PORT08,22,50.98624
1400000632.0,2026-06-15,PORT07,CARRIER_08,2,DTP,0,0,CUST_284,1600003,PLANT_14,PORT08,33,134.12165
1400000633.0,2026-07-26,PORT06,CARRIER_07,2,DTP,3,0,CUST_263,1600166,PLANT_05,PORT05,23,51.80739
1400000634.0,2026-11-03,PORT01,CARRIER_05,1,DTP,1,0,CUST_219,1600037,PLANT_03,PORT06,25,62.06513
1400000635.0,2026-05-09,PORT01,CARRIER_05,2,DTP,4,0,CUST_327,1600179,PLANT_03,PORT07,42,49.95294
1400000636.0,2026-09-26,PORT03,CARRIER_05,2,DTD,4,0,CUST_376,1600139,PLANT_17,PORT04,30,148.28672
1400000637.0,2026-12-10,PORT08,CARRIER_12,1,DTD,3,0,CUST_460,1600060,PLANT_06,PORT05,30,134.17606
1400000638.0,2026-10-01,PORT05,CARRIER_02,2,DTP,2,0,CUST_307,1600088,PLANT_12,PORT06,42,127.73234
1400000639.0,2026-04-03,PORT07,CARRIER_03,2,DTP,5,0,CUST_051,1600124,PLANT_16,PORT02,24,115.36186
1400000640.0,2026-09-05,PORT03,CARRIER_06,2,DTD,5,0,CUST_294,1600185,PLANT_04,PORT02,42,145.58414
1400000641.0,2026-04-13,PORT06,CARRIER_07,2,DTP,3,0,CUST_158,1600124,PLANT_02,PORT04,38,182.38547
1400000642.0,2026-06-24,PORT05,CARRIER_02,2,DTP,3,0,CUST_014,1600118,PLANT_12,PORT02,45,40.11866
1400000643.0,2026-08-20,PORT01,CARRIER_02,1,DTD,1,0,CUST_037,1600171,PLANT_18,PORT03,26,31.32327
1400000644.0,2026-04-18,PORT08,CARRIER_04,2,DTD,2,0,CUST_296,1600166,PLANT_18,PORT05,30,133.12182
1400000645.0,2026-01-02,PORT07,CARRIER_02,2,DTP,5,0,CUST_473,1600058,PLANT_11,PORT05,10,21.57385
1400000646.0,2026-11-02,PORT07,CARRIER_10,1,CRF,3,0,CUST_253,1600033,PLANT_14,PORT05,10,19.18673
1400000647.0,2026-09-23,PORT07,CARRIER_01,2,DTD,0,0,CUST_223,1600083,PLANT_10,PORT01,9,34.16619
1400000648.0,2026-02-14,PORT02,CARRIER_11,2,CRF,3,0,CUST_045,1600026,PLANT_04,PORT03,34,108.41225
1400000649.0,2026-05-18,PORT08,CARRIER_04,2,DTD,3,0,CUST_338,1600115,PLANT_03,PORT04,19,33.93307
1400000650.0,2026-04-06,PORT04,CARRIER_08,2,DTD,0,0,CUST_028,1600055,PLANT_15,PORT07,18,36.8913
1400000651.0,2026-12-23,PORT05,CARRIER_10,2,DTP,6,0,CUST_421,1600174,PLANT_17,PORT02,32,67.23457
1400000652.0,2026-12-10,PORT03,CARRIER_05,2,DTP,0,2,CUST_409,1600042,PLANT_04,PORT06,23,16.53754
1400000653.0,2026-09-10,PORT07,CARRIER_03,2,DTP,2,0,CUST_496,1600063,PLANT_14,PORT01,11,13.47296
1400000654.0,2026-06-10,PORT07,CARRIER_10,2,DTD,4,0,CUST_143,1600141,PLANT_07,PORT01,30,82.01695
1400000655.0,2026-01-20,PORT04,CARRIER_10,2,CRF,0,0,CUST_081,1600015,PLANT_07,PORT02,30,117.92859
1400000656.0,2026-04-01,PORT06,CARRIER_07,2,DTP,3,0,CUST_150,1600002,PLANT_19,PORT08,11,23.6867
1400000657.0,2026-02-03,PORT06,CARRIER_12,2,DTD,3,0,CUST_400,1600061,PLANT_20,PORT03,17,33.63329
1400000658.0,2026-10-16,PORT07,CARRIER_09,2,DTP,2,6,CUST_110,1600119,PLANT_11,PORT02,15,49.31294
1400000659.0,2026-02-02,PORT01,CARRIER_07,2,DTD,3,0,CUST_444,1600146,PLANT_01,PORT04,36,31.33958
1400000660.0,2026-09-05,PORT07,CARRIER_10,1,DTP,3,0,CUST_078,1600071,PLANT_16,PORT03,16,31.45083
1400000661.0,2026-12-14,PORT02,CARRIER_10,1,DTP,6,0,CUST_025,1600001,PLANT_04,PORT07,6,6.71921
1400000662.0,2026-04-23,PORT01,CARRIER_09,1,DTP,5,0,CUST_110,1600103,PLANT_18,PORT06,17,55.98213
1400000663.0,2026-09-07,PORT04,CARRIER_09,2,DTD,0,0,CUST_378,1600173,PLANT_15,PORT06,26,16.91518
1400000664.0,2026-11-17,PORT06,CARRIER_11,2,DTP,3,5,CUST_302,1600089,PLANT_19,PORT01,40,91.77327
1400000665.0,2026-06-06,PORT03,CARRIER_06,2,DTP,3,0,CUST_178,1600055,PLANT_04,PORT05,7,21.14904
1400000666.0,2026-06-13,PORT06,CARRIER_07,2,DTP,2,0,CUST_329,1600032,PLANT_02,PORT03,45,188.32544
1400000667.0,2026-03-15,PORT05,CARRIER_04,1,DTP,1,0,CUST_325,1600133,PLANT_12,PORT03,20,73.00603
1400000668.0,2026-06-06,PORT03,CARRIER_05,2,DTP,3,0,CUST_278,1600093,PLANT_07,PORT02,20,94.40059
1400000669.0,2026-11-15,PORT04,CARRIER_09,0,DTP,3,0,CUST_258,1600005,PLANT_13,PORT02,5,17.15702
1400000670.0,2026-08-31,PORT03,CARRIER_10,2,CRF,5,0,CUST_051,1600029,PLANT_17,PORT01,17,30.7875
1400000671.0,2026-03-15,PORT01,CARRIER_03,1,DTP,0,0,CUST_130,1600002,PLANT_03,PORT08,26,32.12162
1400000672.0,2026-07-12,PORT07,CARRIER_12,1,DTP,0,0,CUST_264,1600146,PLANT_16,PORT03,33,12.44937
1400000673.0,2026-09-15,PORT01,CARRIER_05,1,DTP,5,0,CUST_068,1600152,PLANT_03,PORT06,40,58.40717
1400000674.0,2026-01-29,PORT08,CARRIER_09,2,DTP,5,0,CUST_238,1600129,PLANT_06,PORT02,29,22.3462
1400000675.0,2026-10-06,PORT03,CARRIER_02,1,DTP,3,0,CUST_059,1600104,PLANT_13,PORT05,9,17.18281
1400000676.0,2026-03-15,PORT04,CARRIER_10,2,DTP,4,0,CUST_394,1600010,PLANT_02,PORT01,23,81.48056
1400000677.0,2026-04-18,PORT01,CARRIER_07,2,DTP,4,0,CUST_052,1600166,PLANT_01,PORT08,38,132.65674
1400000678.0,2026-06-01,PORT04,CARRIER_08,2,DTP,1,0,CUST_047,1600176,PLANT_02,PORT01,34,56.40653
1400000679.0,2026-07-04,PORT02,CARRIER_02,1,DTP,3,0,CUST_319,1600052,PLANT_02,PORT07,31,80.34911
1400000680.0,2026-12-01,PORT02,CARRIER_07,2,DTP,3,0,CUST_111,1600072,PLANT_02,PORT06,28,32.54106
1400000681.0,2026-03-23,PORT08,CARRIER_10,1,DTP,3,2,CUST_176,1600179,PLANT_03,PORT05,28,71.80841
1400000682.0,2026-04-04,PORT04,CARRIER_04,2,DTD,5,0,CUST_158,1600084,PLANT_13,PORT07,50,129.97006
1400000683.0,2026-05-19,PORT06,CARRIER_06,2,DTD,6,0,CUST_109,1600194,PLANT_17,PORT08,32,50.44334
1400000684.0,2026-11-09,PORT07,CARRIER_07,2,DTP,3,0,CUST_381,1600035,PLANT_16,PORT03,32,43.88455
1400000685.0,2026-12-19,PORT03,CARRIER_09,1,DTP,0,0,CUST_346,1600115,PLANT_07,PORT05,20,97.9983
1400000686.0,2026-06-15,PORT01,CARRIER_09,2,DTP,5,0,CUST_120,1600018,PLANT_03,PORT03,27,73.76144
1400000687.0,2026-09-10,PORT05,CARRIER_06,2,DTP,3,0,CUST_344,1600178,PLANT_17,PORT01,37,105.60449
1400000688.0,2026-12-01,PORT07,CARRIER_06,1,DTP,0,0,CUST_357,1600190,PLANT_16,PORT05,44,6.08041
1400000689.0,2026-11-06,PORT02,CARRIER_10,2,DTD,3,0,CUST_270,1600194,PLANT_04,PORT07,40,39.64079
1400000690.0,2026-09-06,PORT06,CARRIER_01,2,CRF,3,0,CUST_290,1600063,PLANT_19,PORT01,35,64.66067
1400000691.0,2026-07-17,PORT07,CARRIER_11,2,DTP,0,0,CUST_468,1600008,PLANT_14,PORT06,40,193.33223
1400000692.0,2026-12-26,PORT08,CARRIER_05,2,DTP,1,0,CUST_227,1600124,PLANT_03,PORT05,6,5.75211
1400000693.0,2026-03-29,PORT07,CARRIER_06,1,CRF,5,6,CUST_193,1600061,PLANT_16,PORT08,17,26.96403
1400000694.0,2026-05-13,PORT07,CARRIER_02,1,DTP,6,0,CUST_270,1600178,PLANT_14,PORT02,16,79.22831
1400000695.0,2026-09-18,PORT08,CARRIER_05,2,DTD,3,0,CUST_418,1600030,PLANT_06,PORT04,35,86.01013
1400000696.0,2026-01-08,PORT08,CARRIER_06,2,DTD,0,0,CUST_355,1600099,PLANT_15,PORT01,39,64.74773
1400000697.0,2026-07-02,PORT07,CARRIER_09,1,DTD,3,0,CUST_038,1600138,PLANT_10,PORT02,11,35.29195
1400000698.0,2026-11-08,PORT02,CARRIER_11,2,DTD,3,0,CUST_230,1600038,PLANT_09,PORT05,13,32.91446
1400000699.0,2026-03-06,PORT03,CARRIER_12,2,DTP,2,0,CUST_370,1600009,PLANT_06,PORT07,27,129.37051
1400000700.0,2026-10-21,PORT05,CARRIER_11,0,DTD,3,0,CUST_112,1600197,PLANT_17,PORT08,49,24.87513
1400000701.0,2026-05-31,PORT03,CARRIER_03,1,DTP,0,0,CUST_495,1600102,PLANT_11,PORT05,5,19.86842
1400000702.0,2026-11-11,PORT01,CARRIER_06,2,DTD,4,2,CUST_405,1600046,PLANT_19,PORT07,45,66.03855
1400000703.0,2026-08-20,PORT01,CARRIER_09,2,DTP,4,0,CUST_424,1600062,PLANT_06,PORT02,13,52.68484
1400000704.0,2026-02-27,PORT07,CARRIER_09,2,DTD,4,0,CUST_041,1600196,PLANT_10,PORT01,17,72.3151
1400000705.0,2026-09-26,PORT03,CARRIER_01,1,DTP,2,0,CUST_290,1600023,PLANT_13,PORT07,34,144.88053
1400000706.0,2026-01-21,PORT02,CARRIER_11,2,DTP,3,0,CUST_264,1600111,PLANT_04,PORT05,38,165.17874
1400000707.0,2026-03-30,PORT01,CARRIER_12,2,DTP,3,0,CUST_314,1600151,PLANT_09,PORT05,45,162.84712
1400000708.0,2026-11-21,PORT02,CARRIER_12,2,DTP,3,0,CUST_426,1600167,PLANT_02,PORT03,5,3.9889
1400000709.0,2026-11-16,PORT03,CARRIER_10,2,DTP,3,0,CUST_177,1600017,PLANT_11,PORT08,7,2.48026
1400000710.0,2026-01-17,PORT02,CARRIER_08,0,DTP,4,0,CUST_267,1600015,PLANT_01,PORT08,26,46.01349
1400000711.0,2026-05-19,PORT06,CARRIER_12,2,DTD,4,4,CUST_340,1600073,PLANT_02,PORT03,30,75.77527
1400000712.0,2026-02-04,PORT06,CARRIER_01,2,DTD,0,0,CUST_377,1600025,PLANT_20,PORT07,16,25.32548
1400000713.0,2026-04-09,PORT06,CARRIER_02,1,DTP,3,0,CUST_386,1600044,PLANT_20,PORT04,34,127.05168
1400000714.0,2026-12-20,PORT01,CARRIER_08,2,DTD,1,0,CUST_169,1600096,PLANT_09,PORT07,17,61.87954
1400000715.0,2026-03-13,PORT05,CARRIER_01,2,DTP,3,0,CUST_500,1600084,PLANT_17,PORT04,47,228.53421
1400000716.0,2026-08-23,PORT02,CARRIER_04,1,DTD,3,0,CUST_005,1600176,PLANT_01,PORT04,13,26.81651
1400000717.0,2026-10-21,PORT02,CARRIER_06,1,DTP,4,0,CUST_247,1600066,PLANT_02,PORT01,35,138.25229
1400000718.0,2026-11-18,PORT07,CARRIER_10,2,DTP,5,0,CUST_305,1600074,PLANT_16,PORT04,29,108.22452
1400000719.0,2026-05-10,PORT04,CARRIER_01,2,DTP,1,0,CUST_031,1600131,PLANT_02,PORT08,9,44.50385
1400000720.0,2026-09-12,PORT07,CARRIER_11,2,CRF,5,0,CUST_226,1600137,PLANT_13,PORT02,32,124.50287
1400000721.0,2026-06-26,PORT07,CARRIER_01,2,DTP,3,0,CUST_298,1600119,PLANT_16,PORT04,11,16.38467
1400000722.0,2026-02-09,PORT07,CARRIER_10,1,DTP,3,0,CUST_304,1600119,PLANT_16,PORT06,29,5.07021
1400000723.0,2026-03-23,PORT05,CARRIER_02,2,DTD,3,0,CUST_060,1600155,PLANT_12,PORT06,34,164.69648
1400000724.0,2026-10-01,PORT02,CARRIER_10,2,DTP,2,0,CUST_139,1600045,PLANT_04,PORT01,8,28.86991
1400000725.0,2026-09-08,PORT01,CARRIER_01,1,DTP,0,0,CUST_123,1600054,PLANT_19,PORT07,14,57.14481
1400000726.0,2026-07-10,PORT07,CARRIER_12,1,DTP,0,0,CUST_320,1600144,PLANT_13,PORT03,18,71.76413
1400000727.0,2026-10-13,PORT03,CARRIER_02,2,DTP,3,0,CUST_165,1600068,PLANT_07,PORT04,47,174.14578
1400000728.0,2026-09-10,PORT07,CARRIER_06,2,DTD,0,0,CUST_286,1600031,PLANT_13,PORT01,15,56.73337
1400000729.0,2026-05-04,PORT06,CARRIER_05,2,CRF,3,0,CUST_366,1600004,PLANT_17,PORT02,47,218.75422
1400000730.0,2026-04-18,PORT06,CARRIER_05,2,DTP,5,0,CUST_399,1600072,PLANT_17,PORT07,29,132.79521
1400000731.0,2026-12-11,PORT01,CARRIER_07,0,DTD,3,0,CUST_092,1600098,PLANT_19,PORT08,48,93.99413
1400000732.0,2026-12-21,PORT06,CARRIER_10,0,DTP,0,0,CUST_452,1600139,PLANT_05,PORT04,43,10.82359
1400000733.0,2026-01-12,PORT02,CARRIER_02,2,DTP,3,0,CUST_083,1600158,PLANT_02,PORT03,18,5.21172
1400000734.0,2026-10-16,PORT01,CARRIER_01,2,DTP,0,0,CUST_011,1600091,PLANT_19,PORT03,30,68.65584
1400000735.0,2026-02-18,PORT02,CARRIER_08,1,DTP,4,0,CUST_023,1600046,PLANT_09,PORT08,37,155.08179
1400000736.0,2026-11-11,PORT07,CARRIER_01,2,DTP,0,0,CUST_101,1600138,PLANT_07,PORT08,8,34.02636
1400000737.0,2026-08-03,PORT04,CARRIER_08,2,CRF,0,0,CUST_437,1600164,PLANT_15,PORT06,35,72.85281
1400000738.0,2026-09-09,PORT02,CARRIER_02,1,DTP,5,0,CUST_104,1600146,PLANT_02,PORT05,26,41.02532
1400000739.0,2026-09-14,PORT08,CARRIER_04,2,CRF,1,0,CUST_347,1600110,PLANT_18,PORT03,6,15.49408
1400000740.0,2026-08-09,PORT08,CARRIER_07,2,DTP,0,0,CUST_210,1600017,PLANT_08,PORT05,44,183.89632
1400000741.0,2026-04-02,PORT06,CARRIER_04,2,DTP,0,0,CUST_020,1600150,PLANT_02,PORT04,17,54.72013
1400000742.0,2026-10-22,PORT01,CARRIER_07,1,DTP,3,0,CUST_223,1600111,PLANT_01,PORT08,45,35.32718
1400000743.0,2026-07-22,PORT02,CARRIER_12,2,DTP,4,0,CUST_015,1600008,PLANT_04,PORT06,14,26.24925
1400000744.0,2026-07-18,PORT01,CARRIER_06,1,DTD,0,4,CUST_239,1600086,PLANT_01,PORT07,29,81.82602
1400000745.0,2026-04-27,PORT06,CARRIER_04,2,DTD,0,0,CUST_280,1600093,PLANT_19,PORT05,22,60.22469
1400000746.0,2026-01-04,PORT07,CARRIER_03,2,DTP,5,0,CUST_261,1600196,PLANT_10,PORT08,46,191.82491
1400000747.0,2026-07-22,PORT07,CARRIER_11,2,DTP,1,0,CUST_142,1600035,PLANT_14,PORT02,48,224.0468
1400000748.0,2026-05-06,PORT08,CARRIER_12,2,DTP,0,0,CUST_384,1600156,PLANT_15,PORT03,40,23.69077
1400000749.0,2026-08-29,PORT06,CARRIER_03,2,DTP,0,0,CUST_299,1600057,PLANT_20,PORT05,43,51.58268
1400000750.0,2026-05-14,PORT07,CARRIER_02,2,CRF,5,0,CUST_128,1600137,PLANT_14,PORT05,40,80.86275
1400000751.0,2026-12-22,PORT06,CARRIER_03,2,DTP,3,0,CUST_218,1600117,PLANT_05,PORT03,18,27.94231
1400000752.0,2026-09-06,PORT03,CARRIER_09,1,DTP,3,0,CUST_055,1600164,PLANT_07,PORT08,47,98.7293
1400000753.0,2026-06-16,PORT02,CARRIER_11,1,DTD,3,0,CUST_462,1600088,PLANT_02,PORT06,29,8.68649
1400000754.0,2026-09-16,PORT02,CARRIER_01,4,DTP,3,0,CUST_377,1600135,PLANT_04,PORT04,20,8.4693
1400000755.0,2026-08-25,PORT07,CARRIER_08,2,DTP,4,0,CUST_144,1600053,PLANT_14,PORT03,13,54.70363
1400000756.0,2026-08-15,PORT07,CARRIER_07,2,DTP,5,0,CUST_338,1600197,PLANT_16,PORT05,37,22.29808
1400000757.0,2026-07-30,PORT03,CARRIER_10,2,DTP,3,0,CUST_340,1600089,PLANT_04,PORT07,17,70.34546
1400000758.0,2026-12-07,PORT03,CARRIER_09,1,DTP,4,0,CUST_305,1600014,PLANT_11,PORT05,35,56.06681
1400000759.0,2026-04-26,PORT06,CARRIER_07,2,CRF,0,0,CUST_028,1600075,PLANT_17,PORT03,7,11.30636
1400000760.0,2026-06-07,PORT05,CARRIER_06,0,DTP,3,0,CUST_440,1600150,PLANT_12,PORT03,34,20.18445
1400000761.0,2026-04-03,PORT02,CARRIER_12,2,DTD,3,1,CUST_478,1600159,PLANT_02,PORT04,34,5.60968
1400000762.0,2026-07-27,PORT05,CARRIER_04,2,DTP,0,0,CUST_488,1600127,PLANT_12,PORT02,29,53.38651
1400000763.0,2026-12-27,PORT04,CARRIER_01,2,DTD,0,0,CUST_491,1600193,PLANT_02,PORT06,35,146.76371
1400000764.0,2026-08-11,PORT07,CARRIER_10,2,DTD,0,0,CUST_465,1600118,PLANT_16,PORT06,50,230.38909
1400000765.0,2026-03-17,PORT06,CARRIER_02,2,DTP,1,0,CUST_370,1600189,PLANT_17,PORT03,43,17.27608
1400000766.0,2026-12-03,PORT02,CARRIER_10,2,DTP,4,0,CUST_029,1600105,PLANT_04,PORT01,25,6.28624
1400000767.0,2026-10-16,PORT01,CARRIER_02,2,DTP,0,0,CUST_233,1600121,PLANT_05,PORT03,45,39.51554
1400000768.0,2026-06-10,PORT07,CARRIER_12,0,DTD,3,0,CUST_123,1600006,PLANT_16,PORT06,48,185.03136
1400000769.0,2026-02-23,PORT07,CARRIER_09,2,DTD,0,0,CUST_110,1600021,PLANT_07,PORT01,12,13.24711
1400000770.0,2026-05-27,PORT03,CARRIER_12,2,DTP,3,0,CUST_416,1600086,PLANT_04,PORT06,21,25.85039
1400000771.0,2026-10-21,PORT08,CARRIER_04,2,DTD,1,0,CUST_407,1600062,PLANT_06,PORT01,39,173.77695
1400000772.0,2026-07-30,PORT08,CARRIER_05,2,DTP,0,0,CUST_262,1600086,PLANT_08,PORT04,28,122.84301
1400000773.0,2026-03-09,PORT01,CARRIER_10,2,DTD,3,2,CUST_369,1600148,PLANT_18,PORT06,11,37.22859
1400000774.0,2026-02-27,PORT01,CARRIER_11,2,DTP,0,0,CUST_065,1600025,PLANT_01,PORT07,26,23.49536
1400000775.0,2026-12-20,PORT01,CARRIER_02,2,DTP,3,0,CUST_111,1600196,PLANT_09,PORT03,22,43.28788
1400000776.0,2026-06-13,PORT06,CARRIER_06,2,DTP,3,0,CUST_431,1600003,PLANT_02,PORT01,38,47.77623
1400000777.0,2026-09-08,PORT05,CARRIER_03,2,DTD,5,0,CUST_226,1600091,PLANT_12,PORT06,28,94.97721
1400000778.0,2026-05-12,PORT06,CARRIER_05,1,DTD,3,0,CUST_274,1600090,PLANT_17,PORT03,11,43.13828
1400000779.0,2026-02-02,PORT05,CARRIER_01,2,DTP,3,0,CUST_232,1600088,PLANT_12,PORT02,7,5.57519
1400000780.0,2026-05-31,PORT03,CARRIER_07,2,DTD,3,0,CUST_102,1600118,PLANT_17,PORT06,18,80.9997
1400000781.0,2026-09-11,PORT04,CARRIER_12,1,CRF,3,0,CUST_414,1600177,PLANT_15,PORT07,12,28.41416
1400000782.0,2026-05-02,PORT08,CARRIER_10,2,DTP,3,2,CUST_380,1600067,PLANT_08,PORT05,45,179.79879
1400000783.0,2026-08-09,PORT01,CARRIER_09,2,DTP,3,0,CUST_342,1600073,PLANT_18,PORT07,17,6.00141
1400000784.0,2026-06-09,PORT03,CARRIER_01,1,CRF,3,0,CUST_177,1600067,PLANT_04,PORT08,34,63.47283
1400000785.0,2026-05-04,PORT07,CARRIER_02,2,DTP,4,0,CUST_322,1600144,PLANT_13,PORT04,10,1.72427
1400000786.0,2026-04-04,PORT03,CARRIER_09,1,DTD,3,0,CUST_477,1600188,PLANT_08,PORT05,25,90.51438
1400000787.0,2026-04-06,PORT02,CARRIER_08,2,DTP,0,0,CUST_325,1600016,PLANT_09,PORT08,47,22.99756
1400000788.0,2026-04-04,PORT02,CARRIER_02,2,DTP,3,0,CUST_248,1600131,PLANT_05,PORT05,34,59.75841
1400000789.0,2026-09-20,PORT08,CARRIER_06,2,DTD,4,0,CUST_136,1600109,PLANT_08,PORT05,18,70.75023
1400000790.0,2026-05-04,PORT05,CARRIER_12,2,DTD,4,3,CUST_262,1600199,PLANT_12,PORT02,39,147.02749
1400000791.0,2026-09-28,PORT07,CARRIER_11,2,DTP,1,0,CUST_186,1600153,PLANT_07,PORT04,28,90.64774
1400000792.0,2026-04-24,PORT02,CARRIER_09,1,DTP,3,0,CUST_306,1600055,PLANT_04,PORT07,15,52.51052
1400000793.0,2026-04-30,PORT04,CARRIER_02,2,DTD,6,0,CUST_023,1600108,PLANT_07,PORT06,50,164.55167
1400000794.0,2026-12-04,PORT07,CARRIER_03,3,DTD,0,0,CUST_096,1600086,PLANT_14,PORT03,48,155.62811
1400000795.0,2026-11-16,PORT04,CARRIER_01,2,DTP,3,0,CUST_394,1600157,PLANT_13,PORT01,31,56.21254
1400000796.0,2026-05-27,PORT07,CARRIER_02,2,DTP,2,0,CUST_191,1600182,PLANT_10,PORT06,6,1.42807
1400000797.0,2026-04-09,PORT01,CARRIER_02,1,DTP,4,0,CUST_217,1600008,PLANT_09,PORT04,23,52.09377
1400000798.0,2026-09-19,PORT03,CARRIER_11,1,DTP,2,0,CUST_272,1600012,PLANT_11,PORT08,28,9.03706
1400000799.0,2026-01-26,PORT01,CARRIER_12,1,DTD,3,0,CUST_220,1600140,PLANT_06,PORT03,47,112.68016
1400000800.0,2026-06-16,PORT08,CARRIER_10,2,DTD,0,0,CUST_380,1600112,PLANT_18,PORT05,38,90.21151
1400000801.0,2026-08-07,PORT08,CARRIER_12,2,DTP,0,0,CUST_123,1600025,PLANT_18,PORT04,15,14.63603
1400000802.0,2026-09-04,PORT06,CARRIER_07,2,DTP,0,0,CUST_380,1600071,PLANT_17,PORT07,28,110.4007
1400000803.0,2026-02-09,PORT04,CARRIER_01,2,DTP,1,0,CUST_105,1600066,PLANT_15,PORT01,13,46.15814
1400000804.0,2026-01-02,PORT02,CARRIER_10,1,DTP,4,0,CUST_186,1600080,PLANT_04,PORT01,26,73.88534
1400000805.0,2026-04-11,PORT02,CARRIER_07,2,CRF,0,0,CUST_294,1600046,PLANT_01,PORT05,29,134.47161
1400000806.0,2026-02-13,PORT04,CARRIER_02,1,DTP,0,0,CUST_443,1600130,PLANT_15,PORT03,28,42.20207
1400000807.0,2026-07-05,PORT08,CARRIER_09,1,DTP,5,0,CUST_117,1600011,PLANT_06,PORT07,24,33.21499
1400000808.0,2026-12-02,PORT06,CARRIER_04,2,DTP,3,0,CUST_294,1600071,PLANT_17,PORT01,25,24.97089
1400000809.0,2026-04-15,PORT01,CARRIER_01,1,DTD,3,0,CUST_033,1600080,PLANT_19,PORT02,41,113.47795
1400000810.0,2026-06-15,PORT05,CARRIER_02,1,DTD,0,0,CUST_038,1600005,PLANT_12,PORT04,28,30.97501
1400000811.0,2026-03-20,PORT01,CARRIER_01,2,DTP,5,0,CUST_384,1600116,PLANT_18,PORT05,6,26.14553
1400000812.0,2026-01-17,PORT08,CARRIER_06,2,DTD,3,0,CUST_360,1600019,PLANT_03,PORT06,39,62.0536
1400000813.0,2026-09-14,PORT07,CARRIER_01,2,DTP,0,0,CUST_189,1600026,PLANT_14,PORT04,33,82.68354
1400000814.0,2026-04-04,PORT04,CARRIER_07,1,CRF,3,0,CUST_312,1600125,PLANT_02,PORT06,37,99.7003
1400000815.0,2026-07-19,PORT05,CARRIER_09,1,DTD,3,0,CUST_191,1600182,PLANT_12,PORT07,37,59.47632
1400000816.0,2026-09-07,PORT02,CARRIER_09,1,DTD,3,0,CUST_139,1600122,PLANT_04,PORT06,12,44.61907
1400000817.0,2026-11-03,PORT07,CARRIER_12,1,DTP,3,0,CUST_216,1600045,PLANT_10,PORT04,49,171.06671
1400000818.0,2026-03-09,PORT03,CARRIER_12,2,CRF,3,0,CUST_156,1600017,PLANT_04,PORT08,50,191.3987
1400000819.0,2026-08-01,PORT03,CARRIER_01,1,DTD,3,0,CUST_408,1600074,PLANT_17,PORT02,11,33.75911
1400000820.0,2026-11-29,PORT01,CARRIER_05,2,DTD,0,0,CUST_206,1600187,PLANT_18,PORT07,15,35.3234
1400000821.0,2026-06-26,PORT02,CARRIER_02,1,DTD,4,0,CUST_161,1600133,PLANT_04,PORT01,16,36.7951
1400000822.0,2026-01-15,PORT03,CARRIER_04,2,DTD,0,0,CUST_269,1600004,PLANT_13,PORT05,49,176.93995
1400000823.0,2026-04-06,PORT03,CARRIER_06,1,DTP,3,0,CUST_380,1600140,PLANT_08,PORT02,47,91.53122
1400000824.0,2026-10-18,PORT06,CARRIER_11,1,DTP,0,0,CUST_137,1600162,PLANT_17,PORT05,17,38.12374
1400000825.0,2026-10-17,PORT07,CARRIER_06,1,DTP,3,0,CUST_470,1600183,PLANT_16,PORT02,34,30.66761
1400000826.0,2026-04-25,PORT08,CARRIER_03,2,DTP,3,0,CUST_232,1600169,PLANT_18,PORT07,16,54.88303
1400000827.0,2026-03-13,PORT06,CARRIER_03,2,DTP,3,0,CUST_331,1600195,PLANT_05,PORT05,6,2.86159
1400000828.0,2026-04-17,PORT07,CARRIER_10,2,DTP,4,0,CUST_479,1600163,PLANT_10,PORT05,15,74.30264
1400000829.0,2026-03-30,PORT01,CARRIER_03,2,DTP,3,0,CUST_216,1600117,PLANT_19,PORT07,8,6.43451
1400000830.0,2026-09-28,PORT01,CARRIER_09,2,DTD,5,0,CUST_100,1600115,PLANT_09,PORT06,43,84.99355
1400000831.0,2026-11-04,PORT07,CARRIER_02,2,DTD,6,0,CUST_374,1600037,PLANT_16,PORT01,41,51.87013
1400000832.0,2026-01-18,PORT07,CARRIER_12,2,DTD,6,3,CUST_004,1600035,PLANT_16,PORT03,13,19.81492
1400000833.0,2026-09-28,PORT06,CARRIER_04,2,DTP,2,0,CUST_229,1600156,PLANT_19,PORT05,31,52.08065
1400000834.0,2026-10-02,PORT08,CARRIER_12,2,DTD,0,0,CUST_490,1600011,PLANT_06,PORT01,14,50.67789
1400000835.0,2026-08-12,PORT04,CARRIER_11,2,CRF,3,0,CUST_208,1600133,PLANT_13,PORT08,31,29.94821
1400000836.0,2026-11-15,PORT02,CARRIER_07,4,DTD,1,0,CUST_343,1600039,PLANT_04,PORT05,46,64.07326
1400000837.0,2026-01-15,PORT01,CARRIER_06,2,DTP,4,0,CUST_263,1600019,PLANT_03,PORT05,45,26.81594
1400000838.0,2026-09-13,PORT05,CARRIER_04,0,CRF,0,0,CUST_108,1600049,PLANT_12,PORT04,43,74.13862
1400000839.0,2026-02-16,PORT05,CARRIER_12,1,DTP,4,0,CUST_159,1600001,PLANT_17,PORT03,16,75.39335
1400000840.0,2026-11-24,PORT08,CARRIER_12,1,DTP,0,0,CUST_262,1600106,PLANT_15,PORT04,13,25.51294
1400000841.0,2026-07-02,PORT03,CARRIER_11,2,DTP,5,0,CUST_053,1600095,PLANT_04,PORT01,12,46.90749
1400000842.0,2026-02-03,PORT07,CARRIER_11,2,DTD,3,0,CUST_208,1600075,PLANT_14,PORT04,10,23.62349
1400000843.0,2026-09-30,PORT07,CARRIER_07,2,DTD,0,0,CUST_208,1600071,PLANT_14,PORT03,33,76.00027
1400000844.0,2026-10-01,PORT08,CARRIER_07,2,DTD,3,0,CUST_418,1600156,PLANT_18,PORT01,35,144.81102
1400000845.0,2026-06-19,PORT03,CARRIER_10,2,DTP,3,4,CUST_062,1600009,PLANT_08,PORT05,45,10.41369
1400000846.0,2026-04-24,PORT06,CARRIER_07,2,DTP,5,0,CUST_422,1600073,PLANT_20,PORT02,9,39.04149
1400000847.0,2026-01-07,PORT06,CARRIER_02,0,CRF,3,0,CUST_206,1600098,PLANT_20,PORT01,17,42.11786
1400000848.0,2026-11-28,PORT06,CARRIER_01,0,DTD,3,0,CUST_326,1600160,PLANT_17,PORT08,38,69.17988
1400000849.0,2026-03-09,PORT01,CARRIER_08,2,DTD,2,0,CUST_279,1600034,PLANT_01,PORT04,36,163.56569
1400000850.0,2026-11-04,PORT07,CARRIER_12,2,DTD,3,0,CUST_150,1600052,PLANT_16,PORT04,24,42.36746
1400000851.0,2026-08-03,PORT03,CARRIER_12,2,DTP,0,3,CUST_466,1600173,PLANT_04,PORT07,12,58.6886
1400000852.0,2026-09-08,PORT07,CARRIER_05,2,DTP,6,0,CUST_113,1600011,PLANT_14,PORT06,27,126.57996
1400000853.0,2026-09-11,PORT06,CARRIER_08,1,DTP,3,0,CUST_019,1600146,PLANT_20,PORT01,12,16.95388
1400000854.0,2026-11-10,PORT01,CARRIER_08,2,DTP,4,0,CUST_376,1600140,PLANT_01,PORT05,29,51.29965
1400000855.0,2026-01-13,PORT04,CARRIER_06,2,DTP,4,0,CUST_311,1600048,PLANT_07,PORT01,46,187.66256
1400000856.0,2026-12-28,PORT02,CARRIER_08,2,DTP,0,0,CUST_446,1600161,PLANT_02,PORT06,14,14.81885
1400000857.0,2026-01-16,PORT06,CARRIER_08,2,DTD,1,0,CUST_229,1600123,PLANT_19,PORT02,10,36.86563
1400000858.0,2026-12-31,PORT04,CARRIER_02,1,DTD,1,0,CUST_009,1600190,PLANT_02,PORT01,38,27.84794
1400000859.0,2026-04-06,PORT06,CARRIER_02,2,DTP,0,0,CUST_011,1600147,PLANT_02,PORT05,6,6.6448
1400000860.0,2026-11-05,PORT06,CARRIER_03,0,DTD,0,0,CUST_217,1600189,PLANT_02,PORT02,50,127.62392
1400000861.0,2026-01-31,PORT07,CARRIER_04,2,DTP,4,2,CUST_125,1600138,PLANT_07,PORT01,40,150.19282
1400000862.0,2026-06-18,PORT01,CARRIER_09,2,CRF,3,5,CUST_462,1600177,PLANT_09,PORT04,23,85.63361
1400000863.0,2026-07-17,PORT04,CARRIER_04,2,DTP,3,0,CUST_060,1600072,PLANT_15,PORT03,21,64.7581
1400000864.0,2026-12-15,PORT03,CARRIER_09,2,DTP,3,0,CUST_441,1600160,PLANT_13,PORT02,22,31.53375
1400000865.0,2026-02-15,PORT02,CARRIER_02,0,DTD,0,0,CUST_109,1600111,PLANT_02,PORT04,23,49.11309
1400000866.0,2026-01-14,PORT01,CARRIER_07,2,DTP,3,0,CUST_060,1600180,PLANT_18,PORT08,43,56.17735
1400000867.0,2026-08-25,PORT07,CARRIER_09,2,DTP,1,0,CUST_138,1600135,PLANT_16,PORT01,41,59.7528
1400000868.0,2026-01-18,PORT03,CARRIER_10,2,DTD,5,0,CUST_073,1600047,PLANT_08,PORT05,14,23.57317
1400000869.0,2026-10-11,PORT02,CARRIER_08,1,DTP,3,0,CUST_201,1600090,PLANT_09,PORT08,13,39.4466
1400000870.0,2026-01-14,PORT06,CARRIER_10,2,DTD,0,0,CUST_166,1600023,PLANT_17,PORT04,29,32.39923
1400000871.0,2026-12-21,PORT08,CARRIER_11,2,DTP,3,2,CUST_265,1600137,PLANT_15,PORT05,34,10.49208
1400000872.0,2026-07-14,PORT07,CARRIER_07,1,DTP,3,0,CUST_269,1600116,PLANT_14,PORT02,38,132.73506
1400000873.0,2026-12-13,PORT06,CARRIER_09,2,DTD,0,0,CUST_001,1600140,PLANT_02,PORT07,19,3.93018
1400000874.0,2026-02-16,PORT07,CARRIER_03,2,CRF,0,0,CUST_063,1600164,PLANT_13,PORT02,27,131.13483
1400000875.0,2026-04-10,PORT08,CARRIER_10,2,DTP,0,0,CUST_081,1600175,PLANT_08,PORT03,9,16.34759
1400000876.0,2026-06-16,PORT07,CARRIER_03,2,DTP,4,0,CUST_098,1600132,PLANT_14,PORT03,25,3.30622
1400000877.0,2026-01-11,PORT06,CARRIER_02,2,DTP,4,3,CUST_047,1600122,PLANT_02,PORT03,36,159.64085
1400000878.0,2026-02-07,PORT02,CARRIER_02,2,DTP,3,0,CUST_158,1600107,PLANT_09,PORT08,19,57.7418
1400000879.0,2026-05-01,PORT02,CARRIER_01,0,CRF,0,0,CUST_275,1600006,PLANT_04,PORT08,19,77.99922
1400000880.0,2026-09-27,PORT01,CARRIER_10,2,DTD,2,0,CUST_155,1600149,PLANT_09,PORT02,26,58.02215
1400000881.0,2026-09-16,PORT07,CARRIER_05,2,DTD,3,0,CUST_165,1600107,PLANT_10,PORT02,44,80.76161
1400000882.0,2026-02-01,PORT03,CARRIER_03,1,DTP,1,0,CUST_235,1600112,PLANT_13,PORT04,32,105.9337
1400000883.0,2026-01-22,PORT07,CARRIER_02,2,DTP,3,5,CUST_275,1600050,PLANT_16,PORT08,47,98.202
1400000884.0,2026-08-28,PORT07,CARRIER_07,2,DTP,0,0,CUST_166,1600125,PLANT_16,PORT08,7,19.77795
1400000885.0,2026-05-12,PORT04,CARRIER_10,2,DTP,0,0,CUST_111,1600046,PLANT_02,PORT08,44,64.29861
1400000886.0,2026-10-17,PORT02,CARRIER_01,2,DTP,3,0,CUST_205,1600103,PLANT_09,PORT05,7,12.10974
1400000887.0,2026-04-19,PORT06,CARRIER_06,1,DTP,1,0,CUST_013,1600158,PLANT_02,PORT08,19,9.55196
1400000888.0,2026-05-13,PORT07,CARRIER_06,1,DTD,3,0,CUST_247,1600053,PLANT_14,PORT05,24,94.28935
1400000889.0,2026-03-22,PORT08,CARRIER_12,2,DTD,4,0,CUST_471,1600074,PLANT_18,PORT01,15,27.14054
1400000890.0,2026-04-08,PORT01,CARRIER_01,2,DTP,3,0,CUST_199,1600038,PLANT_19,PORT04,50,243.87479
1400000891.0,2026-09-15,PORT08,CARRIER_02,2,DTP,6,0,CUST_055,1600159,PLANT_08,PORT04,46,63.14964
1400000892.0,2026-06-22,PORT07,CARRIER_03,2,DTD,3,0,CUST_354,1600178,PLANT_10,PORT06,31,75.2605
1400000893.0,2026-08-29,PORT04,CARRIER_12,2,DTP,4,0,CUST_064,1600110,PLANT_13,PORT03,25,39.92769
1400000894.0,2026-01-29,PORT04,CARRIER_01,2,DTP,3,0,CUST_097,1600050,PLANT_02,PORT02,40,140.00937
1400000895.0,2026-07-15,PORT05,CARRIER_09,0,CRF,4,0,CUST_074,1600001,PLANT_17,PORT01,37,150.25674
1400000896.0,2026-06-17,PORT05,CARRIER_06,2,DTD,3,0,CUST_442,1600159,PLANT_12,PORT02,27,67.13152
1400000897.0,2026-11-29,PORT01,CARRIER_10,2,CRF,3,0,CUST_491,1600054,PLANT_09,PORT05,43,81.61164
1400000898.0,2026-06-04,PORT04,CARRIER_03,2,DTD,2,0,CUST_285,1600051,PLANT_07,PORT03,13,48.74066
1400000899.0,2026-02-07,PORT02,CARRIER_06,2,DTD,3,0,CUST_309,1600157,PLANT_04,PORT07,17,17.64821
1400000900.0,2026-09-12,PORT02,CARRIER_06,2,DTP,3,0,CUST_323,1600044,PLANT_04,PORT03,5,15.18693
1400000901.0,2026-02-24,PORT02,CARRIER_05,1,DTP,6,0,CUST_306,1600119,PLANT_09,PORT01,10,36.9476
1400000902.0,2026-11-28,PORT02,CARRIER_05,1,DTP,3,0,CUST_273,1600016,PLANT_09,PORT06,14,19.8719
1400000903.0,2026-05-20,PORT07,CARRIER_09,1,DTP,2,0,CUST_494,1600190,PLANT_14,PORT08,33,109.32658
1400000904.0,2026-10-14,PORT03,CARRIER_02,2,DTD,3,0,CUST_367,1600115,PLANT_07,PORT02,44,162.91476
1400000905.0,2026-08-28,PORT05,CARRIER_12,2,DTP,4,0,CUST_045,1600101,PLANT_12,PORT07,32,21.61093
1400000906.0,2026-06-19,PORT03,CARRIER_11,2,DTP,4,0,CUST_196,1600070,PLANT_04,PORT06,25,42.17867
1400000907.0,2026-08-02,PORT02,CARRIER_01,2,DTP,3,0,CUST_488,1600036,PLANT_02,PORT03,17,35.54529
1400000908.0,2026-03-08,PORT08,CARRIER_11,2,DTD,0,0,CUST_202,1600029,PLANT_18,PORT02,9,35.11972
1400000909.0,2026-01-28,PORT01,CARRIER_08,2,DTP,5,0,CUST_103,1600183,PLANT_18,PORT04,31,89.30403
1400000910.0,2026-10-07,PORT05,CARRIER_12,2,DTP,5,0,CUST_435,1600164,PLANT_12,PORT06,11,25.33136
1400000911.0,2026-12-16,PORT03,CARRIER_03,1,DTP,5,0,CUST_312,1600189,PLANT_13,PORT08,41,68.14138
1400000912.0,2026-11-11,PORT01,CARRIER_11,2,DTP,3,0,CUST_282,1600139,PLANT_06,PORT04,23,2.75772
1400000913.0,2026-04-22,PORT07,CARRIER_05,0,DTP,0,0,CUST_211,1600137,PLANT_13,PORT08,21,4.18065
1400000914.0,2026-05-11,PORT01,CARRIER_06,0,DTP,6,0,CUST_063,1600073,PLANT_03,PORT05,6,7.66912
1400000915.0,2026-05-12,PORT07,CARRIER_07,2,DTD,0,0,CUST_192,1600186,PLANT_07,PORT01,16,10.74854
1400000916.0,2026-09-14,PORT02,CARRIER_10,2,DTP,0,0,CUST_219,1600112,PLANT_04,PORT03,5,3.42987
1400000917.0,2026-08-16,PORT05,CARRIER_03,2,DTP,3,5,CUST_466,1600075,PLANT_12,PORT06,38,116.03012
1400000918.0,2026-10-18,PORT06,CARRIER_01,2,DTP,3,0,CUST_154,1600065,PLANT_02,PORT01,27,82.80174
1400000919.0,2026-12-11,PORT03,CARRIER_01,1,DTD,4,2,CUST_075,1600189,PLANT_07,PORT01,41,13.09472
1400000920.0,2026-05-24,PORT01,CARRIER_11,1,DTP,3,0,CUST_214,1600167,PLANT_19,PORT04,31,93.31876
1400000921.0,2026-08-30,PORT05,CARRIER_01,2,DTP,0,0,CUST_499,1600051,PLANT_12,PORT07,48,39.09653
1400000922.0,2026-07-02,PORT01,CARRIER_01,2,DTP,3,0,CUST_242,1600022,PLANT_01,PORT06,41,79.88465
1400000923.0,2026-12-15,PORT04,CARRIER_01,2,DTD,5,0,CUST_190,1600065,PLANT_13,PORT05,11,54.44396
1400000924.0,2026-05-10,PORT03,CARRIER_04,2,DTP,5,0,CUST_334,1600056,PLANT_13,PORT08,10,26.57826
1400000925.0,2026-03-10,PORT05,CARRIER_01,2,DTP,0,0,CUST_325,1600014,PLANT_12,PORT04,45,12.03846
1400000926.0,2026-05-19,PORT07,CARRIER_06,1,DTP,2,1,CUST_150,1600022,PLANT_16,PORT05,17,30.65993
1400000927.0,2026-08-14,PORT01,CARRIER_02,2,DTP,0,0,CUST_484,1600168,PLANT_05,PORT07,40,135.49604
1400000928.0,2026-12-14,PORT04,CARRIER_04,2,DTP,4,0,CUST_297,1600158,PLANT_15,PORT05,33,39.61748
1400000929.0,2026-10-30,PORT01,CARRIER_06,2,DTP,3,0,CUST_029,1600055,PLANT_09,PORT07,37,178.55465
1400000930.0,2026-01-07,PORT02,CARRIER_06,2,DTP,3,0,CUST_204,1600044,PLANT_09,PORT08,17,37.12697
1400000931.0,2026-07-05,PORT07,CARRIER_06,2,CRF,1,0,CUST_462,1600183,PLANT_14,PORT01,19,3.86323
1400000932.0,2026-02-28,PORT06,CARRIER_01,2,DTD,4,0,CUST_197,1600114,PLANT_15,PORT02,30,82.46323
1400000933.0,2026-05-13,PORT07,CARRIER_01,2,CRF,4,0,CUST_284,1600060,PLANT_13,PORT05,6,20.47997
1400000934.0,2026-12-11,PORT06,CARRIER_10,1,DTP,3,0,CUST_307,1600090,PLANT_19,PORT04,19,44.35278
1400000935.0,2026-12-26,PORT06,CARRIER_01,2,DTP,0,0,CUST_353,1600162,PLANT_20,PORT08,28,130.14504
1400000936.0,2026-02-26,PORT07,CARRIER_05,2,DTD,3,0,CUST_437,1600165,PLANT_11,PORT03,14,63.27255
1400000937.0,2026-02-21,PORT07,CARRIER_04,2,DTP,5,0,CUST_075,1600149,PLANT_11,PORT05,18,14.05628
1400000938.0,2026-09-12,PORT06,CARRIER_01,2,DTP,3,0,CUST_259,1600064,PLANT_20,PORT08,50,24.5873
1400000939.0,2026-05-30,PORT06,CARRIER_01,2,DTP,4,0,CUST_267,1600000,PLANT_20,PORT05,18,29.34565
1400000940.0,2026-06-07,PORT01,CARRIER_02,2,CRF,1,0,CUST_077,1600172,PLANT_01,PORT06,46,141.6731
1400000941.0,2026-11-15,PORT07,CARRIER_03,2,DTD,2,0,CUST_337,1600162,PLANT_07,PORT03,47,143.2474
1400000942.0,2026-12-03,PORT06,CARRIER_10,2,DTP,0,0,CUST_060,1600080,PLANT_17,PORT08,35,50.08679
1400000943.0,2026-11-25,PORT07,CARRIER_01,1,DTD,2,0,CUST_229,1600118,PLANT_16,PORT02,12,57.12471
1400000944.0,2026-10-13,PORT06,CARRIER_10,2,DTD,0,0,CUST_166,1600174,PLANT_17,PORT02,14,22.48296
1400000945.0,2026-12-24,PORT04,CARRIER_02,2,DTP,3,0,CUST_078,1600107,PLANT_02,PORT05,47,189.90713
1400000946.0,2026-09-20,PORT01,CARRIER_03,1,DTP,3,0,CUST_412,1600163,PLANT_18,PORT08,5,20.88351
1400000947.0,2026-11-19,PORT05,CARRIER_08,2,DTD,4,0,CUST_123,1600051,PLANT_12,PORT02,28,16.30528
1400000948.0,2026-07-17,PORT04,CARRIER_12,2,DTP,3,0,CUST_128,1600161,PLANT_02,PORT05,32,39.6643
1400000949.0,2026-01-19,PORT06,CARRIER_02,2,DTP,0,0,CUST_428,1600069,PLANT_19,PORT04,43,49.64085
1400000950.0,2026-10-26,PORT06,CARRIER_08,2,DTP,0,0,CUST_439,1600013,PLANT_02,PORT01,46,211.88941
1400000951.0,2026-12-06,PORT04,CARRIER_06,2,DTP,1,0,CUST_018,1600146,PLANT_02,PORT03,18,32.76745
1400000952.0,2026-04-24,PORT05,CARRIER_10,2,DTD,3,2,CUST_139,1600090,PLANT_17,PORT06,28,117.56387
1400000953.0,2026-06-06,PORT05,CARRIER_10,1,DTP,3,0,CUST_355,1600014,PLANT_12,PORT01,34,83.0378
1400000954.0,2026-07-28,PORT06,CARRIER_09,2,DTD,3,0,CUST_390,1600130,PLANT_02,PORT08,49,114.67829
1400000955.0,2026-08-26,PORT03,CARRIER_01,2,DTP,5,0,CUST_500,1600023,PLANT_04,PORT08,30,135.80294
1400000956.0,2026-09-04,PORT06,CARRIER_04,2,DTP,1,0,CUST_278,1600193,PLANT_02,PORT02,10,22.60417
1400000957.0,2026-05-24,PORT01,CARRIER_04,2,DTP,3,0,CUST_004,1600084,PLANT_03,PORT05,47,176.2394
1400000958.0,2026-11-08,PORT06,CARRIER_09,1,DTP,0,6,CUST_437,1600152,PLANT_17,PORT04,28,61.02459
1400000959.0,2026-10-24,PORT05,CARRIER_08,2,DTP,0,0,CUST_081,1600195,PLANT_12,PORT07,13,7.7891
1400000960.0,2026-12-10,PORT07,CARRIER_07,2,DTP,3,0,CUST_061,1600026,PLANT_07,PORT08,13,4.68214
1400000961.0,2026-07-30,PORT01,CARRIER_03,2,DTP,3,0,CUST_338,1600145,PLANT_05,PORT02,14,15.68528
1400000962.0,2026-01-29,PORT04,CARRIER_02,1,DTP,4,0,CUST_302,1600081,PLANT_13,PORT06,38,138.28631
1400000963.0,2026-11-05,PORT07,CARRIER_07,2,DTP,2,3,CUST_030,1600027,PLANT_11,PORT08,48,92.68241
1400000964.0,2026-01-30,PORT03,CARRIER_12,2,DTD,3,0,CUST_085,1600180,PLANT_11,PORT01,25,58.12818
1400000965.0,2026-03-12,PORT07,CARRIER_09,3,DTP,5,0,CUST_295,1600073,PLANT_11,PORT06,9,5.39275
1400000966.0,2026-04-15,PORT04,CARRIER_03,2,DTP,4,0,CUST_128,1600015,PLANT_02,PORT07,45,141.87979
1400000967.0,2026-03-09,PORT07,CARRIER_12,2,CRF,3,0,CUST_343,1600003,PLANT_14,PORT04,34,137.25447
1400000968.0,2026-09-22,PORT06,CARRIER_04,2,DTP,3,0,CUST_206,1600015,PLANT_20,PORT07,31,97.98938
1400000969.0,2026-06-10,PORT04,CARRIER_12,1,DTP,2,0,CUST_295,1600029,PLANT_13,PORT07,7,34.47226
1400000970.0,2026-03-22,PORT04,CARRIER_10,2,DTP,3,0,CUST_238,1600081,PLANT_15,PORT08,49,8.82357
1400000971.0,2026-01-02,PORT07,CARRIER_02,2,DTP,0,0,CUST_183,1600032,PLANT_11,PORT04,8,1.41426
1400000972.0,2026-03-20,PORT06,CARRIER_01,1,DTD,3,0,CUST_172,1600040,PLANT_15,PORT04,33,84.15091
1400000973.0,2026-09-10,PORT08,CARRIER_11,2,DTP,0,0,CUST_349,1600047,PLANT_18,PORT07,32,44.97278
1400000974.0,2026-10-17,PORT07,CARRIER_01,1,DTP,3,4,CUST_258,1600041,PLANT_14,PORT05,28,96.98923
1400000975.0,2026-04-19,PORT08,CARRIER_01,2,DTP,3,0,CUST_298,1600077,PLANT_08,PORT06,30,119.60189
1400000976.0,2026-01-27,PORT07,CARRIER_06,2,DTP,0,0,CUST_289,1600008,PLANT_10,PORT08,23,13.84453
1400000977.0,2026-07-23,PORT02,CARRIER_06,2,DTP,3,0,CUST_104,1600103,PLANT_09,PORT08,31,142.44367
1400000978.0,2026-10-13,PORT06,CARRIER_06,1,DTP,0,0,CUST_457,1600031,PLANT_19,PORT08,21,5.17907
1400000979.0,2026-01-26,PORT08,CARRIER_06,1,DTP,4,4,CUST_282,1600016,PLANT_03,PORT06,26,90.30266
1400000980.0,2026-10-18,PORT07,CARRIER_03,2,DTD,5,0,CUST_360,1600127,PLANT_16,PORT08,36,71.42594
1400000981.0,2026-03-04,PORT01,CARRIER_02,2,DTD,2,0,CUST_441,1600169,PLANT_09,PORT06,39,131.44763
1400000982.0,2026-04-05,PORT07,CARRIER_05,1,CRF,0,0,CUST_463,1600038,PLANT_14,PORT03,12,6.94102
1400000983.0,2026-08-16,PORT07,CARRIER_04,2,DTP,5,0,CUST_334,1600144,PLANT_13,PORT04,50,234.58468
1400000984.0,2026-01-19,PORT07,CARRIER_05,2,DTD,4,0,CUST_394,1600026,PLANT_14,PORT03,9,42.23971
1400000985.0,2026-04-22,PORT01,CARRIER_10,2,DTP,4,0,CUST_236,1600073,PLANT_19,PORT07,17,44.96609
1400000986.0,2026-02-20,PORT06,CARRIER_01,1,DTP,3,0,CUST_369,1600185,PLANT_19,PORT04,20,51.93928
1400000987.0,2026-03-20,PORT04,CARRIER_03,1,DTD,0,0,CUST_161,1600034,PLANT_02,PORT08,19,61.00064
1400000988.0,2026-10-10,PORT07,CARRIER_11,2,DTP,6,0,CUST_356,1600114,PLANT_13,PORT05,21,61.7891
1400000989.0,2026-03-25,PORT08,CARRIER_08,2,DTP,3,0,CUST_043,1600174,PLANT_15,PORT03,19,52.50419
1400000990.0,2026-01-16,PORT02,CARRIER_07,2,DTP,3,0,CUST_458,1600034,PLANT_02,PORT08,25,74.67592
1400000991.0,2026-03-20,PORT07,CARRIER_12,1,DTP,4,0,CUST_123,1600044,PLANT_16,PORT06,40,172.29151
1400000992.0,2026-02-01,PORT07,CARRIER_05,2,DTD,3,0,CUST_329,1600068,PLANT_16,PORT06,43,133.05177
1400000993.0,2026-08-16,PORT02,CARRIER_01,3,DTP,0,0,CUST_006,1600052,PLANT_09,PORT04,21,22.25136
1400000994.0,2026-12-22,PORT08,CARRIER_12,1,DTP,6,0,CUST_078,1600095,PLANT_03,PORT06,16,73.2507
1400000995.0,2026-03-03,PORT02,CARRIER_01,2,DTD,3,0,CUST_494,1600069,PLANT_02,PORT04,36,41.69545
1400000996.0,2026-09-24,PORT04,CARRIER_10,2,DTP,0,0,CUST_417,1600124,PLANT_15,PORT05,7,6.36505
1400000997.0,2026-05-13,PORT05,CARRIER_04,2,DTP,0,0,CUST_112,1600042,PLANT_12,PORT03,25,124.63958
1400000998.0,2026-01-27,PORT02,CARRIER_10,2,DTP,3,0,CUST_066,1600021,PLANT_09,PORT03,15,17.18613
1400000999.0,2026-09-09,PORT08,CARRIER_02,2,DTP,3,0,CUST_408,1600000,PLANT_03,PORT04,32,18.89464
1400001000.0,2026-03-18,PORT01,CARRIER_04,2,CRF,0,0,CUST_496,1600051,PLANT_09,PORT04,8,22.83068
1400001001.0,2026-07-07,PORT07,CARRIER_02,1,CRF,3,0,CUST_085,1600071,PLANT_10,PORT04,43,178.58972
1400001002.0,2026-07-05,PORT04,CARRIER_08,2,DTP,3,0,CUST_332,1600098,PLANT_02,PORT06,17,6.76053
1400001003.0,2026-08-07,PORT07,CARRIER_05,0,DTP,3,0,CUST_142,1600067,PLANT_07,PORT05,28,70.04229
1400001004.0,2026-02-19,PORT04,CARRIER_03,1,DTP,6,0,CUST_373,1600111,PLANT_02,PORT05,31,13.50551
1400001005.0,2026-04-02,PORT02,CARRIER_08,2,DTD,1,0,CUST_210,1600150,PLANT_01,PORT06,26,57.21525
1400001006.0,2026-09-27,PORT03,CARRIER_01,2,DTP,5,0,CUST_063,1600159,PLANT_08,PORT05,25,44.63512
1400001007.0,2026-12-07,PORT01,CARRIER_09,2,DTD,2,0,CUST_163,1600019,PLANT_06,PORT07,17,13.12288
1400001008.0,2026-01-05,PORT01,CARRIER_02,1,DTP,0,0,CUST_270,1600015,PLANT_19,PORT05,40,186.48012
1400001009.0,2026-06-01,PORT07,CARRIER_02,1,DTD,0,0,CUST_400,1600037,PLANT_16,PORT02,28,89.90649
1400001010.0,2026-11-18,PORT08,CARRIER_04,1,DTP,5,0,CUST_011,1600090,PLANT_06,PORT03,14,59.23366
1400001011.0,2026-04-15,PORT02,CARRIER_07,1,DTP,0,3,CUST_479,1600058,PLANT_04,PORT05,17,77.16518
1400001012.0,2026-06-13,PORT08,CARRIER_11,1,DTP,0,0,CUST_325,1600188,PLANT_08,PORT07,25,116.4477
1400001013.0,2026-11-27,PORT03,CARRIER_09,2,DTP,2,6,CUST_438,1600150,PLANT_08,PORT01,43,161.92775
1400001014.0,2026-12-20,PORT07,CARRIER_05,2,DTP,3,0,CUST_466,1600116,PLANT_14,PORT05,49,78.59829
1400001015.0,2026-08-28,PORT02,CARRIER_08,2,CRF,3,0,CUST_077,1600185,PLANT_04,PORT05,22,91.55894
1400001016.0,2026-09-11,PORT07,CARRIER_10,1,DTP,0,0,CUST_047,1600029,PLANT_13,PORT06,23,60.92461
1400001017.0,2026-08-13,PORT03,CARRIER_06,2,DTP,3,0,CUST_389,1600192,PLANT_07,PORT04,10,14.31104
1400001018.0,2026-04-14,PORT07,CARRIER_09,1,DTP,5,0,CUST_094,1600035,PLANT_14,PORT04,30,59.70875
1400001019.0,2026-11-20,PORT06,CARRIER_06,0,DTP,5,0,CUST_074,1600194,PLANT_20,PORT03,16,25.21592
1400001020.0,2026-01-13,PORT07,CARRIER_06,2,DTP,6,0,CUST_235,1600182,PLANT_14,PORT01,42,100.14479
1400001021.0,2026-01-22,PORT05,CARRIER_10,2,CRF,2,0,CUST_457,1600143,PLANT_12,PORT04,29,113.92772
1400001022.0,2026-08-08,PORT02,CARRIER_10,2,DTP,0,0,CUST_398,1600083,PLANT_04,PORT06,15,37.13775
1400001023.0,2026-11-02,PORT02,CARRIER_03,2,DTP,0,1,CUST_259,1600172,PLANT_09,PORT06,47,66.38783
1400001024.0,2026-10-25,PORT08,CARRIER_02,2,DTP,5,1,CUST_099,1600107,PLANT_08,PORT03,42,22.18755
1400001025.0,2026-09-05,PORT04,CARRIER_03,2,DTP,3,0,CUST_169,1600170,PLANT_02,PORT05,18,77.27769
1400001026.0,2026-05-18,PORT07,CARRIER_11,1,DTD,3,0,CUST_345,1600097,PLANT_16,PORT06,10,21.45106
1400001027.0,2026-05-12,PORT05,CARRIER_01,1,DTP,3,0,CUST_079,1600122,PLANT_12,PORT06,17,38.51215
1400001028.0,2026-06-05,PORT08,CARRIER_10,2,CRF,3,0,CUST_263,1600069,PLANT_08,PORT06,22,84.52919
1400001029.0,2026-04-04,PORT07,CARRIER_05,4,DTP,3,0,CUST_006,1600104,PLANT_13,PORT01,23,98.06418
1400001030.0,2026-06-02,PORT01,CARRIER_11,1,DTP,3,0,CUST_163,1600009,PLANT_19,PORT04,42,109.39362
1400001031.0,2026-02-08,PORT06,CARRIER_08,2,DTP,3,0,CUST_124,1600177,PLANT_19,PORT03,49,156.73152
1400001032.0,2026-04-27,PORT05,CARRIER_09,2,DTP,0,0,CUST_341,1600086,PLANT_17,PORT02,39,49.60285
1400001033.0,2026-12-10,PORT03,CARRIER_07,2,DTD,0,0,CUST_458,1600199,PLANT_13,PORT04,43,201.31882
1400001034.0,2026-09-16,PORT07,CARRIER_06,1,DTP,0,0,CUST_074,1600023,PLANT_16,PORT01,10,28.82814
1400001035.0,2026-02-21,PORT07,CARRIER_02,2,DTD,6,0,CUST_399,1600084,PLANT_07,PORT04,11,39.8867
1400001036.0,2026-04-15,PORT04,CARRIER_04,2,DTP,6,0,CUST_328,1600118,PLANT_02,PORT03,46,30.34362
1400001037.0,2026-04-05,PORT07,CARRIER_12,2,DTP,4,0,CUST_485,1600079,PLANT_13,PORT01,33,106.29012
1400001038.0,2026-04-13,PORT06,CARRIER_06,2,DTP,4,0,CUST_456,1600179,PLANT_15,PORT05,15,28.61781
1400001039.0,2026-09-10,PORT06,CARRIER_05,2,DTP,0,0,CUST_051,1600125,PLANT_20,PORT01,41,94.51765
1400001040.0,2026-11-23,PORT08,CARRIER_12,1,DTP,0,1,CUST_372,1600068,PLANT_03,PORT01,13,44.75372
1400001041.0,2026-09-17,PORT01,CARRIER_01,2,CRF,0,3,CUST_297,1600060,PLANT_18,PORT02,40,160.0802
1400001042.0,2026-06-28,PORT07,CARRIER_08,2,DTP,0,0,CUST_057,1600178,PLANT_07,PORT03,45,81.53504
1400001043.0,2026-02-28,PORT07,CARRIER_08,2,DTP,3,0,CUST_129,1600074,PLANT_16,PORT03,27,118.22924
1400001044.0,2026-02-22,PORT07,CARRIER_09,2,DTD,0,0,CUST_464,1600085,PLANT_16,PORT01,35,41.05684
1400001045.0,2026-10-25,PORT07,CARRIER_01,2,DTD,5,3,CUST_272,1600071,PLANT_16,PORT02,38,108.61165
1400001046.0,2026-09-05,PORT07,CARRIER_10,2,DTP,3,0,CUST_170,1600089,PLANT_16,PORT08,45,37.85404
1400001047.0,2026-07-06,PORT07,CARRIER_11,2,DTD,0,0,CUST_161,1600116,PLANT_14,PORT06,31,47.03704
1400001048.0,2026-07-30,PORT06,CARRIER_08,2,DTP,4,0,CUST_419,1600136,PLANT_20,PORT07,18,80.77529
1400001049.0,2026-11-06,PORT05,CARRIER_08,1,DTP,4,0,CUST_142,1600024,PLANT_12,PORT02,14,2.19279
1400001050.0,2026-10-25,PORT01,CARRIER_07,2,CRF,3,0,CUST_080,1600169,PLANT_19,PORT03,21,96.31639
1400001051.0,2026-02-01,PORT07,CARRIER_04,1,DTD,0,0,CUST_287,1600149,PLANT_16,PORT03,7,11.96419
1400001052.0,2026-05-25,PORT06,CARRIER_11,2,DTD,3,0,CUST_497,1600153,PLANT_20,PORT03,37,129.84771
1400001053.0,2026-01-16,PORT03,CARRIER_05,2,DTD,3,0,CUST_092,1600140,PLANT_06,PORT02,21,11.53781
1400001054.0,2026-05-21,PORT06,CARRIER_10,2,DTP,3,0,CUST_128,1600037,PLANT_02,PORT08,37,119.96252
1400001055.0,2026-08-21,PORT04,CARRIER_02,1,DTP,1,0,CUST_235,1600112,PLANT_13,PORT07,7,31.89452
1400001056.0,2026-03-18,PORT04,CARRIER_02,2,DTP,5,0,CUST_100,1600153,PLANT_13,PORT07,19,53.5893
1400001057.0,2026-02-24,PORT07,CARRIER_06,1,DTD,1,0,CUST_326,1600009,PLANT_16,PORT01,23,43.11109
1400001058.0,2026-06-29,PORT01,CARRIER_01,2,DTP,6,0,CUST_127,1600027,PLANT_06,PORT06,9,35.89677
1400001059.0,2026-07-11,PORT02,CARRIER_07,2,CRF,0,0,CUST_065,1600189,PLANT_02,PORT04,43,154.47125
1400001060.0,2026-09-18,PORT08,CARRIER_07,2,DTP,4,0,CUST_131,1600061,PLANT_15,PORT01,32,21.65419
1400001061.0,2026-01-06,PORT01,CARRIER_02,1,DTP,0,0,CUST_466,1600002,PLANT_05,PORT02,43,144.56331
1400001062.0,2026-04-01,PORT05,CARRIER_08,2,DTP,4,0,CUST_468,1600065,PLANT_12,PORT04,41,137.62936
1400001063.0,2026-10-12,PORT03,CARRIER_09,1,DTD,5,0,CUST_253,1600174,PLANT_11,PORT01,6,22.70648
1400001064.0,2026-09-06,PORT02,CARRIER_03,2,DTP,2,0,CUST_201,1600004,PLANT_02,PORT01,44,72.59576
1400001065.0,2026-11-25,PORT04,CARRIER_04,3,DTP,0,0,CUST_410,1600047,PLANT_02,PORT08,8,16.5301
1400001066.0,2026-10-25,PORT05,CARRIER_10,1,DTP,6,0,CUST_098,1600004,PLANT_12,PORT07,45,216.18839
1400001067.0,2026-11-03,PORT01,CARRIER_01,2,DTP,6,0,CUST_327,1600169,PLANT_18,PORT06,35,101.84786
1400001068.0,2026-07-06,PORT06,CARRIER_08,1,DTP,4,0,CUST_341,1600190,PLANT_17,PORT04,42,108.85032
1400001069.0,2026-12-16,PORT04,CARRIER_03,2,DTP,3,0,CUST_356,1600047,PLANT_15,PORT08,27,133.26021
1400001070.0,2026-06-01,PORT06,CARRIER_09,2,DTP,0,0,CUST_109,1600187,PLANT_17,PORT02,12,14.69799
1400001071.0,2026-11-26,PORT01,CARRIER_01,2,DTD,3,0,CUST_359,1600192,PLANT_19,PORT04,11,22.5488
1400001072.0,2026-05-24,PORT06,CARRIER_10,2,DTP,3,0,CUST_306,1600069,PLANT_02,PORT07,10,38.23429
1400001073.0,2026-06-12,PORT03,CARRIER_11,2,DTP,0,0,CUST_438,1600156,PLANT_04,PORT07,42,150.9561
1400001074.0,2026-09-08,PORT01,CARRIER_08,2,DTP,0,0,CUST_088,1600050,PLANT_01,PORT06,29,140.26816
1400001075.0,2026-05-26,PORT06,CARRIER_06,2,DTP,5,0,CUST_307,1600067,PLANT_19,PORT01,14,46.285
1400001076.0,2026-02-23,PORT03,CARRIER_09,1,DTP,3,0,CUST_415,1600158,PLANT_11,PORT07,10,16.34165
1400001077.0,2026-11-24,PORT07,CARRIER_12,4,DTP,3,0,CUST_140,1600128,PLANT_14,PORT03,8,16.38796
1400001078.0,2026-06-15,PORT01,CARRIER_08,2,DTP,5,1,CUST_372,1600117,PLANT_06,PORT02,16,8.63349
1400001079.0,2026-12-05,PORT06,CARRIER_08,0,DTP,3,0,CUST_050,1600190,PLANT_02,PORT03,39,180.42294
1400001080.0,2026-05-26,PORT03,CARRIER_07,2,DTD,2,0,CUST_360,1600161,PLANT_11,PORT04,46,33.60177
1400001081.0,2026-12-22,PORT01,CARRIER_01,1,DTD,5,0,CUST_304,1600053,PLANT_03,PORT06,32,88.76634
1400001082.0,2026-08-09,PORT02,CARRIER_02,2,DTD,6,0,CUST_097,1600045,PLANT_09,PORT03,50,103.34181
1400001083.0,2026-10-08,PORT02,CARRIER_03,1,DTP,0,0,CUST_034,1600156,PLANT_02,PORT03,23,17.427
1400001084.0,2026-10-03,PORT04,CARRIER_01,2,DTP,2,0,CUST_373,1600125,PLANT_02,PORT08,20,30.71324
1400001085.0,2026-03-15,PORT01,CARRIER_07,2,DTP,3,0,CUST_121,1600021,PLANT_09,PORT08,36,115.36157
1400001086.0,2026-10-25,PORT08,CARRIER_05,1,DTD,0,0,CUST_249,1600016,PLANT_08,PORT05,11,2.78446
1400001087.0,2026-12-11,PORT02,CARRIER_01,2,DTD,0,0,CUST_031,1600024,PLANT_04,PORT06,46,222.33404
1400001088.0,2026-08-30,PORT06,CARRIER_07,2,CRF,0,0,CUST_482,1600005,PLANT_19,PORT07,40,182.18274
1400001089.0,2026-12-12,PORT07,CARRIER_08,2,CRF,3,0,CUST_275,1600051,PLANT_16,PORT02,6,3.08728
1400001090.0,2026-11-05,PORT03,CARRIER_03,2,DTD,0,0,CUST_466,1600192,PLANT_04,PORT06,13,56.61412
1400001091.0,2026-09-01,PORT07,CARRIER_11,2,DTP,5,0,CUST_081,1600033,PLANT_14,PORT06,33,56.42997
1400001092.0,2026-06-24,PORT01,CARRIER_04,2,CRF,3,0,CUST_103,1600029,PLANT_06,PORT03,38,16.36933
1400001093.0,2026-11-09,PORT03,CARRIER_04,1,DTP,3,0,CUST_306,1600014,PLANT_07,PORT06,15,23.99929
1400001094.0,2026-03-09,PORT02,CARRIER_12,4,DTP,4,0,CUST_303,1600073,PLANT_02,PORT05,39,158.4784
1400001095.0,2026-07-24,PORT03,CARRIER_11,2,DTD,3,0,CUST_396,1600001,PLANT_04,PORT05,26,87.42693
1400001096.0,2026-10-25,PORT03,CARRIER_05,1,DTP,4,0,CUST_465,1600041,PLANT_04,PORT02,36,45.68191
1400001097.0,2026-12-11,PORT08,CARRIER_12,1,DTP,5,0,CUST_411,1600171,PLANT_18,PORT01,24,86.97515
1400001098.0,2026-04-08,PORT08,CARRIER_08,1,DTP,4,0,CUST_071,1600091,PLANT_18,PORT06,25,89.20809
1400001099.0,2026-02-04,PORT07,CARRIER_04,2,DTD,4,0,CUST_155,1600086,PLANT_14,PORT08,22,82.28045
1400001100.0,2026-05-02,PORT05,CARRIER_06,2,DTP,3,0,CUST_457,1600049,PLANT_12,PORT08,12,32.99061
1400001101.0,2026-11-12,PORT08,CARRIER_06,2,DTP,3,0,CUST_275,1600058,PLANT_08,PORT07,13,53.46684
1400001102.0,2026-07-11,PORT07,CARRIER_01,2,DTP,3,0,CUST_434,1600088,PLANT_14,PORT06,12,38.9121
1400001103.0,2026-01-21,PORT04,CARRIER_04,2,DTP,3,0,CUST_282,1600045,PLANT_07,PORT08,41,29.2927
1400001104.0,2026-02-13,PORT08,CARRIER_08,2,DTP,6,0,CUST_025,1600009,PLANT_08,PORT06,24,97.6861
1400001105.0,2026-05-04,PORT04,CARRIER_04,2,DTD,3,0,CUST_237,1600046,PLANT_02,PORT08,22,37.1022
1400001106.0,2026-05-06,PORT05,CARRIER_08,2,DTP,0,0,CUST_413,1600052,PLANT_12,PORT07,44,156.40549
1400001107.0,2026-02-19,PORT02,CARRIER_01,1,DTP,3,0,CUST_328,1600087,PLANT_04,PORT01,45,153.36654
1400001108.0,2026-06-30,PORT08,CARRIER_03,1,DTD,3,0,CUST_067,1600188,PLANT_18,PORT01,15,26.18957
1400001109.0,2026-06-24,PORT02,CARRIER_03,2,DTP,3,0,CUST_106,1600180,PLANT_04,PORT04,21,18.73725
1400001110.0,2026-03-14,PORT08,CARRIER_08,2,DTP,3,0,CUST_428,1600126,PLANT_15,PORT05,23,80.62178
1400001111.0,2026-03-26,PORT02,CARRIER_10,1,DTP,5,0,CUST_490,1600038,PLANT_02,PORT04,43,183.18922
1400001112.0,2026-08-31,PORT07,CARRIER_05,2,DTP,1,0,CUST_377,1600026,PLANT_07,PORT05,35,147.25667
1400001113.0,2026-12-14,PORT07,CARRIER_11,2,DTD,6,0,CUST_050,1600031,PLANT_11,PORT06,30,95.09621
1400001114.0,2026-12-30,PORT07,CARRIER_12,2,CRF,4,0,CUST_310,1600017,PLANT_16,PORT08,15,18.21443
1400001115.0,2026-07-24,PORT05,CARRIER_04,2,DTD,0,0,CUST_415,1600184,PLANT_12,PORT08,22,36.28743
1400001116.0,2026-01-15,PORT03,CARRIER_05,2,CRF,1,0,CUST_321,1600135,PLANT_08,PORT06,6,22.78605
1400001117.0,2026-11-24,PORT02,CARRIER_01,2,DTP,5,0,CUST_298,1600190,PLANT_05,PORT05,37,78.18782
1400001118.0,2026-12-13,PORT06,CARRIER_05,2,DTP,4,0,CUST_234,1600120,PLANT_19,PORT02,47,173.39416
1400001119.0,2026-04-12,PORT03,CARRIER_10,2,DTD,0,0,CUST_123,1600147,PLANT_11,PORT04,41,66.2685
1400001120.0,2026-05-27,PORT01,CARRIER_10,1,DTD,3,0,CUST_141,1600046,PLANT_09,PORT08,19,2.48823
1400001121.0,2026-01-10,PORT01,CARRIER_09,2,DTP,1,0,CUST_373,1600007,PLANT_09,PORT05,27,82.54174
1400001122.0,2026-10-20,PORT03,CARRIER_06,2,DTP,3,0,CUST_035,1600039,PLANT_07,PORT04,49,149.18002
1400001123.0,2026-10-11,PORT03,CARRIER_04,2,DTP,0,0,CUST_043,1600162,PLANT_08,PORT06,24,76.20043
1400001124.0,2026-01-08,PORT03,CARRIER_07,2,DTD,3,0,CUST_199,1600054,PLANT_08,PORT08,43,60.80671
1400001125.0,2026-09-14,PORT07,CARRIER_10,1,DTD,3,0,CUST_388,1600086,PLANT_16,PORT03,31,126.30168
1400001126.0,2026-05-31,PORT07,CARRIER_11,2,DTP,3,0,CUST_329,1600014,PLANT_14,PORT02,27,67.19186
1400001127.0,2026-07-19,PORT05,CARRIER_10,2,DTP,0,0,CUST_295,1600128,PLANT_12,PORT06,31,118.90672
1400001128.0,2026-03-21,PORT04,CARRIER_06,0,DTD,3,0,CUST_268,1600189,PLANT_13,PORT02,15,46.41537
1400001129.0,2026-10-25,PORT01,CARRIER_02,2,DTP,4,0,CUST_056,1600148,PLANT_09,PORT03,24,51.32993
1400001130.0,2026-05-28,PORT06,CARRIER_09,2,DTD,3,0,CUST_166,1600127,PLANT_02,PORT02,19,65.17326
1400001131.0,2026-11-03,PORT02,CARRIER_06,2,DTD,5,0,CUST_040,1600087,PLANT_02,PORT06,39,113.77817
1400001132.0,2026-02-24,PORT02,CARRIER_01,2,CRF,4,0,CUST_380,1600025,PLANT_01,PORT04,33,85.88199
1400001133.0,2026-08-03,PORT01,CARRIER_03,2,DTP,0,4,CUST_376,1600047,PLANT_18,PORT04,23,75.39277
1400001134.0,2026-04-24,PORT05,CARRIER_12,2,DTP,0,0,CUST_130,1600160,PLANT_12,PORT08,42,21.88624
1400001135.0,2026-12-19,PORT07,CARRIER_03,2,DTP,3,0,CUST_147,1600026,PLANT_14,PORT05,25,114.00698
1400001136.0,2026-07-23,PORT01,CARRIER_06,2,DTP,3,0,CUST_159,1600050,PLANT_06,PORT07,48,83.6113
1400001137.0,2026-09-20,PORT01,CARRIER_05,2,DTP,6,0,CUST_445,1600068,PLANT_09,PORT06,32,38.43186
1400001138.0,2026-02-01,PORT01,CARRIER_06,2,DTP,0,0,CUST_245,1600145,PLANT_09,PORT02,45,174.6811
1400001139.0,2026-09-05,PORT05,CARRIER_02,1,DTP,0,0,CUST_382,1600081,PLANT_17,PORT03,50,61.64936
1400001140.0,2026-02-06,PORT08,CARRIER_05,2,DTP,4,0,CUST_225,1600002,PLANT_03,PORT01,20,99.58542
1400001141.0,2026-05-12,PORT01,CARRIER_10,2,DTP,5,0,CUST_350,1600115,PLANT_09,PORT07,16,34.56662
1400001142.0,2026-03-23,PORT01,CARRIER_02,2,DTD,3,0,CUST_265,1600039,PLANT_19,PORT05,43,66.79876
1400001143.0,2026-01-01,PORT01,CARRIER_06,2,DTD,3,0,CUST_140,1600134,PLANT_18,PORT03,15,6.06178
1400001144.0,2026-08-02,PORT07,CARRIER_10,1,DTD,5,2,CUST_439,1600175,PLANT_13,PORT04,39,11.88878
1400001145.0,2026-03-29,PORT06,CARRIER_11,2,DTD,3,0,CUST_355,1600025,PLANT_02,PORT02,13,7.36045
1400001146.0,2026-07-07,PORT02,CARRIER_11,2,DTP,4,0,CUST_385,1600136,PLANT_01,PORT03,45,5.60974
1400001147.0,2026-10-06,PORT01,CARRIER_07,2,DTP,5,1,CUST_475,1600090,PLANT_03,PORT04,36,61.29867
1400001148.0,2026-03-07,PORT07,CARRIER_01,2,DTP,1,0,CUST_125,1600089,PLANT_14,PORT08,28,45.39434
1400001149.0,2026-09-17,PORT02,CARRIER_08,2,DTP,1,0,CUST_046,1600087,PLANT_02,PORT05,25,55.18624
1400001150.0,2026-04-19,PORT02,CARRIER_12,2,DTD,5,0,CUST_292,1600079,PLANT_09,PORT08,34,42.20496
1400001151.0,2026-05-01,PORT01,CARRIER_07,2,CRF,3,0,CUST_164,1600153,PLANT_01,PORT04,22,8.9635
1400001152.0,2026-07-30,PORT03,CARRIER_09,2,DTP,0,0,CUST_218,1600131,PLANT_06,PORT04,23,10.32002
1400001153.0,2026-08-17,PORT08,CARRIER_03,2,DTP,3,0,CUST_118,1600033,PLANT_08,PORT04,14,13.89524
1400001154.0,2026-08-28,PORT05,CARRIER_09,2,DTP,3,0,CUST_200,1600012,PLANT_12,PORT08,12,19.81546
1400001155.0,2026-03-13,PORT02,CARRIER_02,2,DTD,0,0,CUST_197,1600087,PLANT_01,PORT07,45,37.13225
1400001156.0,2026-07-31,PORT02,CARRIER_05,2,DTP,3,0,CUST_176,1600061,PLANT_09,PORT05,39,73.67402
1400001157.0,2026-04-07,PORT05,CARRIER_04,0,DTP,0,0,CUST_372,1600078,PLANT_17,PORT03,25,115.47197
1400001158.0,2026-04-12,PORT03,CARRIER_01,2,DTP,0,0,CUST_297,1600141,PLANT_17,PORT02,43,59.41975
1400001159.0,2026-12-12,PORT03,CARRIER_09,2,DTP,0,0,CUST_238,1600011,PLANT_06,PORT08,32,29.60501
1400001160.0,2026-02-06,PORT08,CARRIER_02,1,DTD,3,0,CUST_057,1600089,PLANT_15,PORT07,32,107.43692
1400001161.0,2026-05-31,PORT07,CARRIER_11,1,DTP,5,0,CUST_286,1600091,PLANT_14,PORT06,10,25.05317
1400001162.0,2026-06-10,PORT04,CARRIER_11,2,DTD,3,0,CUST_088,1600147,PLANT_02,PORT07,29,9.6148
1400001163.0,2026-03-31,PORT04,CARRIER_02,2,CRF,4,0,CUST_158,1600181,PLANT_02,PORT06,9,35.6423
1400001164.0,2026-10-14,PORT02,CARRIER_06,2,DTP,0,0,CUST_208,1600102,PLANT_02,PORT01,36,129.7865
1400001165.0,2026-06-27,PORT03,CARRIER_01,2,DTD,3,0,CUST_071,1600152,PLANT_08,PORT04,8,39.1101
1400001166.0,2026-09-20,PORT07,CARRIER_03,2,DTP,3,0,CUST_195,1600183,PLANT_14,PORT06,28,131.53567
1400001167.0,2026-05-22,PORT01,CARRIER_11,1,DTP,4,0,CUST_134,1600126,PLANT_01,PORT07,21,62.21915
1400001168.0,2026-11-24,PORT07,CARRIER_05,2,DTD,3,0,CUST_425,1600097,PLANT_14,PORT03,11,38.07655
1400001169.0,2026-09-24,PORT06,CARRIER_05,2,DTD,4,0,CUST_430,1600046,PLANT_02,PORT02,26,54.77117
1400001170.0,2026-05-02,PORT08,CARRIER_11,2,DTP,2,0,CUST_003,1600036,PLANT_03,PORT04,14,62.34885
1400001171.0,2026-12-18,PORT08,CARRIER_04,2,DTD,5,0,CUST_302,1600183,PLANT_15,PORT04,16,44.94021
1400001172.0,2026-11-12,PORT03,CARRIER_03,2,DTD,4,0,CUST_321,1600172,PLANT_08,PORT05,45,76.28407
1400001173.0,2026-08-04,PORT06,CARRIER_01,1,DTP,5,0,CUST_189,1600075,PLANT_02,PORT04,21,3.07667
1400001174.0,2026-01-07,PORT07,CARRIER_10,1,DTP,1,0,CUST_235,1600133,PLANT_14,PORT03,23,68.39289
1400001175.0,2026-08-04,PORT06,CARRIER_03,2,DTP,0,0,CUST_395,1600159,PLANT_02,PORT08,5,13.37313
1400001176.0,2026-09-10,PORT08,CARRIER_06,1,DTP,3,0,CUST_189,1600178,PLANT_18,PORT05,18,73.40757
1400001177.0,2026-05-14,PORT06,CARRIER_01,2,DTP,3,3,CUST_033,1600082,PLANT_17,PORT07,21,21.34278
1400001178.0,2026-02-22,PORT02,CARRIER_07,1,CRF,4,0,CUST_187,1600092,PLANT_09,PORT07,38,155.62772
1400001179.0,2026-07-26,PORT01,CARRIER_09,2,DTD,0,0,CUST_127,1600087,PLANT_01,PORT08,10,1.7489
1400001180.0,2026-10-20,PORT02,CARRIER_04,0,DTP,3,0,CUST_192,1600160,PLANT_01,PORT03,47,139.95827
1400001181.0,2026-04-27,PORT07,CARRIER_01,2,DTP,0,0,CUST_116,1600118,PLANT_14,PORT06,10,20.44577
1400001182.0,2026-06-16,PORT07,CARRIER_03,1,DTP,3,0,CUST_075,1600137,PLANT_16,PORT04,35,60.35577
1400001183.0,2026-01-01,PORT05,CARRIER_10,2,DTP,0,0,CUST_493,1600166,PLANT_12,PORT08,5,11.11575
1400001184.0,2026-09-14,PORT06,CARRIER_11,2,DTP,5,0,CUST_065,1600170,PLANT_17,PORT07,42,50.21513
1400001185.0,2026-11-13,PORT06,CARRIER_09,1,DTD,0,0,CUST_354,1600198,PLANT_02,PORT05,37,36.95507
1400001186.0,2026-10-11,PORT05,CARRIER_12,2,DTP,3,0,CUST_359,1600014,PLANT_12,PORT03,43,173.93602
1400001187.0,2026-06-06,PORT08,CARRIER_01,1,DTD,0,0,CUST_309,1600116,PLANT_18,PORT01,47,57.15274
1400001188.0,2026-01-17,PORT01,CARRIER_10,2,DTD,0,0,CUST_456,1600012,PLANT_03,PORT05,43,159.58
1400001189.0,2026-06-29,PORT06,CARRIER_12,2,DTP,3,0,CUST_003,1600028,PLANT_19,PORT08,33,118.327
1400001190.0,2026-12-10,PORT04,CARRIER_11,2,CRF,0,0,CUST_151,1600072,PLANT_07,PORT07,43,11.33747
1400001191.0,2026-01-31,PORT01,CARRIER_12,2,CRF,3,0,CUST_093,1600002,PLANT_05,PORT08,9,39.75529
1400001192.0,2026-03-20,PORT01,CARRIER_07,2,DTP,0,0,CUST_289,1600022,PLANT_01,PORT03,34,134.90656
1400001193.0,2026-11-02,PORT06,CARRIER_12,2,DTP,3,0,CUST_318,1600195,PLANT_02,PORT04,50,200.03648
1400001194.0,2026-07-27,PORT03,CARRIER_06,1,DTD,5,0,CUST_449,1600021,PLANT_17,PORT04,22,89.4308
1400001195.0,2026-03-04,PORT03,CARRIER_03,1,DTP,4,0,CUST_190,1600015,PLANT_04,PORT04,49,144.77103
1400001196.0,2026-01-09,PORT01,CARRIER_11,0,CRF,0,0,CUST_118,1600034,PLANT_09,PORT07,28,139.09185
1400001197.0,2026-05-30,PORT04,CARRIER_09,2,DTP,3,0,CUST_463,1600106,PLANT_13,PORT07,26,25.42398
1400001198.0,2026-08-06,PORT03,CARRIER_09,1,DTD,0,0,CUST_337,1600059,PLANT_04,PORT01,18,8.18003
1400001199.0,2026-11-03,PORT06,CARRIER_06,2,DTP,3,0,CUST_383,1600098,PLANT_19,PORT04,9,31.95379
1400001200.0,2026-11-19,PORT06,CARRIER_12,2,DTP,4,0,CUST_223,1600125,PLANT_20,PORT04,45,69.31316
1400001201.0,2026-06-17,PORT08,CARRIER_05,1,DTP,0,0,CUST_224,1600158,PLANT_15,PORT04,38,117.05303
1400001202.0,2026-06-04,PORT02,CARRIER_08,2,DTP,1,0,CUST_195,1600015,PLANT_09,PORT01,23,46.44477
1400001203.0,2026-12-06,PORT08,CARRIER_06,2,DTP,4,0,CUST_375,1600069,PLANT_08,PORT07,49,84.97915
1400001204.0,2026-10-11,PORT07,CARRIER_05,2,DTP,3,0,CUST_106,1600032,PLANT_14,PORT01,13,58.19994
1400001205.0,2026-03-18,PORT03,CARRIER_09,2,DTD,0,0,CUST_488,1600046,PLANT_04,PORT08,40,31.84052
1400001206.0,2026-09-06,PORT08,CARRIER_02,1,DTP,5,0,CUST_088,1600143,PLANT_06,PORT01,25,25.65074
1400001207.0,2026-09-19,PORT04,CARRIER_02,2,DTP,0,0,CUST_231,1600029,PLANT_13,PORT02,33,111.28987
1400001208.0,2026-03-27,PORT06,CARRIER_08,2,DTP,4,0,CUST_158,1600106,PLANT_02,PORT04,6,23.60847
1400001209.0,2026-12-23,PORT01,CARRIER_06,1,DTD,0,0,CUST_322,1600052,PLANT_09,PORT05,33,137.86908
1400001210.0,2026-04-19,PORT04,CARRIER_02,0,DTP,6,0,CUST_341,1600032,PLANT_13,PORT03,36,44.37481
1400001211.0,2026-07-20,PORT02,CARRIER_12,2,CRF,4,0,CUST_460,1600017,PLANT_01,PORT06,49,216.69543
1400001212.0,2026-06-30,PORT07,CARRIER_12,0,DTD,1,0,CUST_395,1600028,PLANT_10,PORT06,20,61.73596
1400001213.0,2026-09-10,PORT02,CARRIER_08,2,CRF,6,0,CUST_125,1600019,PLANT_01,PORT05,8,33.07016
1400001214.0,2026-11-26,PORT04,CARRIER_05,2,DTP,0,0,CUST_104,1600181,PLANT_02,PORT02,7,3.0503
1400001215.0,2026-05-24,PORT02,CARRIER_12,2,DTP,5,0,CUST_444,1600055,PLANT_09,PORT01,11,20.3366
1400001216.0,2026-05-21,PORT03,CARRIER_03,2,DTD,3,0,CUST_244,1600095,PLANT_13,PORT01,18,48.093
1400001217.0,2026-10-02,PORT08,CARRIER_01,2,CRF,0,0,CUST_049,1600019,PLANT_15,PORT02,43,125.86485
1400001218.0,2026-12-14,PORT07,CARRIER_08,2,DTP,3,3,CUST_413,1600186,PLANT_16,PORT06,13,7.61086
1400001219.0,2026-11-28,PORT02,CARRIER_07,2,CRF,0,0,CUST_325,1600057,PLANT_09,PORT04,11,30.13368
1400001220.0,2026-10-02,PORT07,CARRIER_04,1,DTP,3,0,CUST_013,1600134,PLANT_11,PORT02,6,20.1653
1400001221.0,2026-09-14,PORT03,CARRIER_09,2,DTP,3,0,CUST_392,1600045,PLANT_07,PORT02,22,41.17995
1400001222.0,2026-10-08,PORT05,CARRIER_03,2,DTP,3,0,CUST_304,1600195,PLANT_12,PORT07,32,81.71591
1400001223.0,2026-12-08,PORT01,CARRIER_05,2,DTP,4,0,CUST_308,1600096,PLANT_01,PORT06,17,26.07078
1400001224.0,2026-01-04,PORT08,CARRIER_02,2,CRF,5,0,CUST_433,1600182,PLANT_03,PORT05,27,117.86719
1400001225.0,2026-08-03,PORT01,CARRIER_02,1,DTP,3,0,CUST_248,1600187,PLANT_19,PORT03,16,48.5778
1400001226.0,2026-01-13,PORT06,CARRIER_02,2,DTP,3,0,CUST_231,1600020,PLANT_20,PORT05,41,114.85093
1400001227.0,2026-07-30,PORT03,CARRIER_02,1,DTP,0,0,CUST_309,1600162,PLANT_08,PORT01,6,28.36411
1400001228.0,2026-05-25,PORT05,CARRIER_03,2,DTD,6,0,CUST_099,1600097,PLANT_17,PORT03,14,47.0143
1400001229.0,2026-04-22,PORT07,CARRIER_07,2,DTP,5,0,CUST_076,1600191,PLANT_14,PORT02,31,45.60518
1400001230.0,2026-11-22,PORT04,CARRIER_05,2,DTD,5,0,CUST_422,1600050,PLANT_02,PORT05,43,139.51737
1400001231.0,2026-09-17,PORT03,CARRIER_03,2,CRF,4,0,CUST_108,1600127,PLANT_04,PORT05,23,110.67496
1400001232.0,2026-07-27,PORT08,CARRIER_02,2,DTP,2,0,CUST_253,1600057,PLANT_08,PORT02,8,1.72348
1400001233.0,2026-11-18,PORT01,CARRIER_01,2,DTP,0,3,CUST_135,1600123,PLANT_19,PORT02,30,95.10888
1400001234.0,2026-02-05,PORT06,CARRIER_08,0,DTP,3,0,CUST_116,1600093,PLANT_20,PORT04,17,14.76435
1400001235.0,2026-08-24,PORT06,CARRIER_10,2,DTP,0,0,CUST_299,1600065,PLANT_15,PORT01,19,77.91238
1400001236.0,2026-02-27,PORT04,CARRIER_03,2,DTP,3,0,CUST_402,1600106,PLANT_15,PORT01,47,152.24965
1400001237.0,2026-03-27,PORT04,CARRIER_10,2,DTP,3,0,CUST_221,1600093,PLANT_07,PORT06,48,225.17993
1400001238.0,2026-03-09,PORT05,CARRIER_09,2,DTP,3,0,CUST_070,1600092,PLANT_12,PORT07,16,54.0949
1400001239.0,2026-07-18,PORT06,CARRIER_09,1,DTP,3,0,CUST_123,1600065,PLANT_02,PORT01,32,5.89992
1400001240.0,2026-08-18,PORT02,CARRIER_04,1,DTD,0,0,CUST_083,1600079,PLANT_02,PORT08,29,75.42128
1400001241.0,2026-10-03,PORT02,CARRIER_07,2,DTP,3,0,CUST_442,1600095,PLANT_04,PORT04,49,221.8707
1400001242.0,2026-06-10,PORT07,CARRIER_07,1,DTP,2,0,CUST_160,1600126,PLANT_10,PORT04,48,59.43767
1400001243.0,2026-12-09,PORT07,CARRIER_07,2,DTD,0,0,CUST_187,1600190,PLANT_10,PORT08,21,10.63004
1400001244.0,2026-05-17,PORT04,CARRIER_09,2,DTD,3,0,CUST_036,1600162,PLANT_07,PORT06,6,21.7647
1400001245.0,2026-02-27,PORT02,CARRIER_07,0,DTD,0,0,CUST_224,1600054,PLANT_01,PORT08,5,12.81146
1400001246.0,2026-01-14,PORT06,CARRIER_07,2,DTP,2,0,CUST_457,1600194,PLANT_20,PORT05,5,1.66608
1400001247.0,2026-02-16,PORT07,CARRIER_10,2,DTP,1,0,CUST_205,1600178,PLANT_14,PORT01,40,58.86339
1400001248.0,2026-06-12,PORT02,CARRIER_04,2,DTP,0,0,CUST_326,1600193,PLANT_04,PORT07,39,66.34167
1400001249.0,2026-05-31,PORT06,CARRIER_08,1,DTP,2,0,CUST_091,1600137,PLANT_20,PORT01,43,145.01841
1400001250.0,2026-11-08,PORT04,CARRIER_09,1,CRF,3,0,CUST_072,1600012,PLANT_15,PORT01,11,26.51925
1400001251.0,2026-02-15,PORT02,CARRIER_02,2,DTP,4,0,CUST_366,1600026,PLANT_04,PORT01,7,17.41063
1400001252.0,2026-04-06,PORT03,CARRIER_09,2,DTD,0,0,CUST_033,1600186,PLANT_11,PORT05,12,48.6283
1400001253.0,2026-12-24,PORT01,CARRIER_05,2,CRF,2,0,CUST_225,1600082,PLANT_09,PORT04,33,48.32004
1400001254.0,2026-01-11,PORT03,CARRIER_09,2,DTP,0,0,CUST_159,1600129,PLANT_08,PORT05,5,16.97803
1400001255.0,2026-06-04,PORT01,CARRIER_09,1,DTP,0,0,CUST_009,1600134,PLANT_09,PORT05,35,66.53608
1400001256.0,2026-03-14,PORT02,CARRIER_04,1,DTP,3,0,CUST_266,1600194,PLANT_01,PORT07,45,96.7506
1400001257.0,2026-07-14,PORT03,CARRIER_07,1,DTD,3,0,CUST_483,1600150,PLANT_08,PORT05,11,31.06314
1400001258.0,2026-12-22,PORT07,CARRIER_07,2,DTD,3,0,CUST_035,1600036,PLANT_11,PORT02,38,133.32944
1400001259.0,2026-03-24,PORT01,CARRIER_12,2,DTD,4,0,CUST_408,1600074,PLANT_09,PORT04,30,141.9437
1400001260.0,2026-05-16,PORT07,CARRIER_03,2,DTP,5,0,CUST_270,1600119,PLANT_16,PORT05,48,68.07143
1400001261.0,2026-06-13,PORT07,CARRIER_04,1,DTD,5,0,CUST_362,1600144,PLANT_10,PORT06,16,9.73363
1400001262.0,2026-10-19,PORT04,CARRIER_05,2,DTP,0,0,CUST_049,1600087,PLANT_15,PORT01,15,33.01621
1400001263.0,2026-12-26,PORT07,CARRIER_09,2,DTP,0,0,CUST_435,1600009,PLANT_14,PORT02,5,13.89454
1400001264.0,2026-02-05,PORT07,CARRIER_03,2,DTD,3,0,CUST_006,1600081,PLANT_13,PORT06,37,45.03705
1400001265.0,2026-06-28,PORT08,CARRIER_09,1,DTD,3,0,CUST_454,1600113,PLANT_15,PORT02,44,196.39089
1400001266.0,2026-10-02,PORT01,CARRIER_02,2,DTD,3,0,CUST_329,1600132,PLANT_03,PORT06,5,20.07175
1400001267.0,2026-01-04,PORT03,CARRIER_10,1,DTP,3,0,CUST_169,1600110,PLANT_11,PORT01,27,68.01174
1400001268.0,2026-10-22,PORT07,CARRIER_10,1,DTP,6,0,CUST_004,1600082,PLANT_16,PORT05,38,87.6019
1400001269.0,2026-03-30,PORT08,CARRIER_08,2,DTP,3,0,CUST_306,1600121,PLANT_18,PORT03,40,11.98529
1400001270.0,2026-07-09,PORT06,CARRIER_12,2,DTP,5,0,CUST_044,1600063,PLANT_17,PORT05,47,128.34571
1400001271.0,2026-12-24,PORT07,CARRIER_11,2,DTD,6,0,CUST_305,1600132,PLANT_16,PORT02,38,114.72811
1400001272.0,2026-08-20,PORT07,CARRIER_09,2,DTP,3,0,CUST_387,1600120,PLANT_14,PORT05,47,210.0428
1400001273.0,2026-12-28,PORT07,CARRIER_10,1,DTP,0,0,CUST_134,1600098,PLANT_16,PORT05,50,127.76903
1400001274.0,2026-08-09,PORT02,CARRIER_08,2,DTP,2,0,CUST_120,1600148,PLANT_04,PORT04,47,40.94402
1400001275.0,2026-03-18,PORT02,CARRIER_10,2,DTP,3,0,CUST_111,1600107,PLANT_09,PORT07,25,24.55697
1400001276.0,2026-09-10,PORT01,CARRIER_10,2,DTP,5,0,CUST_113,1600045,PLANT_09,PORT08,23,20.31706
1400001277.0,2026-08-13,PORT02,CARRIER_06,2,DTP,6,0,CUST_057,1600100,PLANT_02,PORT08,24,112.7717
1400001278.0,2026-04-24,PORT01,CARRIER_02,1,DTP,0,0,CUST_125,1600125,PLANT_01,PORT07,48,191.40515
1400001279.0,2026-01-29,PORT03,CARRIER_01,2,DTP,0,0,CUST_330,1600149,PLANT_17,PORT02,17,70.40302
1400001280.0,2026-08-25,PORT07,CARRIER_04,2,DTP,4,0,CUST_152,1600084,PLANT_07,PORT05,39,164.50685
1400001281.0,2026-07-30,PORT05,CARRIER_07,1,DTP,3,0,CUST_391,1600031,PLANT_17,PORT03,33,18.76412
1400001282.0,2026-10-10,PORT03,CARRIER_04,2,DTP,4,0,CUST_410,1600148,PLANT_04,PORT07,7,24.78467
1400001283.0,2026-02-15,PORT02,CARRIER_06,0,DTP,2,0,CUST_381,1600090,PLANT_01,PORT08,27,95.88375
1400001284.0,2026-07-16,PORT01,CARRIER_03,2,CRF,0,2,CUST_270,1600189,PLANT_18,PORT04,13,15.62114
1400001285.0,2026-10-26,PORT03,CARRIER_12,2,DTP,1,0,CUST_159,1600042,PLANT_08,PORT08,38,95.16197
1400001286.0,2026-11-22,PORT07,CARRIER_06,2,DTD,0,2,CUST_465,1600112,PLANT_16,PORT01,25,83.64778
1400001287.0,2026-12-09,PORT05,CARRIER_09,1,CRF,3,0,CUST_103,1600078,PLANT_12,PORT04,21,94.43592
1400001288.0,2026-03-19,PORT08,CARRIER_07,2,CRF,0,0,CUST_233,1600123,PLANT_18,PORT04,8,5.12868
1400001289.0,2026-03-05,PORT07,CARRIER_10,1,DTD,3,0,CUST_227,1600120,PLANT_14,PORT08,11,49.18921
1400001290.0,2026-07-30,PORT04,CARRIER_07,2,DTD,4,0,CUST_373,1600104,PLANT_13,PORT06,40,184.79333
1400001291.0,2026-06-18,PORT07,CARRIER_09,2,DTP,0,0,CUST_274,1600136,PLANT_10,PORT06,44,203.53028
1400001292.0,2026-03-27,PORT02,CARRIER_11,1,DTP,5,0,CUST_400,1600007,PLANT_05,PORT01,18,2.22644
1400001293.0,2026-02-07,PORT03,CARRIER_08,2,DTP,0,0,CUST_460,1600091,PLANT_07,PORT02,43,50.86444
1400001294.0,2026-02-22,PORT01,CARRIER_08,2,DTP,3,0,CUST_196,1600098,PLANT_01,PORT02,30,104.61305
1400001295.0,2026-05-04,PORT08,CARRIER_11,2,DTD,0,0,CUST_438,1600033,PLANT_08,PORT07,21,35.20702
1400001296.0,2026-09-27,PORT07,CARRIER_09,1,DTP,4,0,CUST_085,1600182,PLANT_10,PORT06,25,9.9827
1400001297.0,2026-01-24,PORT01,CARRIER_01,2,DTP,0,0,CUST_459,1600109,PLANT_01,PORT08,36,138.18298
1400001298.0,2026-02-08,PORT02,CARRIER_10,0,DTD,3,0,CUST_089,1600024,PLANT_09,PORT04,46,11.04468
1400001299.0,2026-04-07,PORT01,CARRIER_11,1,DTP,6,0,CUST_426,1600197,PLANT_09,PORT02,27,61.70862
1400001300.0,2026-11-15,PORT04,CARRIER_08,1,DTP,0,0,CUST_196,1600122,PLANT_02,PORT03,20,94.86246
1400001301.0,2026-12-28,PORT06,CARRIER_10,2,DTP,4,0,CUST_483,1600123,PLANT_19,PORT07,40,90.28563
1400001302.0,2026-06-10,PORT08,CARRIER_01,0,DTD,3,0,CUST_065,1600050,PLANT_06,PORT01,29,132.47918
1400001303.0,2026-01-17,PORT06,CARRIER_12,2,DTD,2,0,CUST_233,1600018,PLANT_20,PORT03,22,46.29066
1400001304.0,2026-01-05,PORT08,CARRIER_11,2,DTP,0,0,CUST_451,1600058,PLANT_15,PORT02,26,46.76781
1400001305.0,2026-11-10,PORT07,CARRIER_02,2,DTD,4,0,CUST_024,1600031,PLANT_11,PORT05,29,18.1591
1400001306.0,2026-06-12,PORT07,CARRIER_08,1,DTP,5,0,CUST_133,1600123,PLANT_14,PORT06,11,20.4011
1400001307.0,2026-01-29,PORT01,CARRIER_11,2,DTP,0,0,CUST_042,1600159,PLANT_19,PORT03,7,12.25864
1400001308.0,2026-11-01,PORT08,CARRIER_09,2,DTP,4,0,CUST_161,1600090,PLANT_06,PORT03,35,148.68353
1400001309.0,2026-07-13,PORT03,CARRIER_03,2,DTP,4,0,CUST_196,1600050,PLANT_06,PORT07,13,59.8986
1400001310.0,2026-05-08,PORT01,CARRIER_03,2,DTP,3,0,CUST_310,1600096,PLANT_03,PORT08,29,6.01627
1400001311.0,2026-06-15,PORT03,CARRIER_01,2,DTP,4,0,CUST_129,1600061,PLANT_11,PORT07,40,23.25826
1400001312.0,2026-03-24,PORT04,CARRIER_07,2,DTD,0,2,CUST_080,1600187,PLANT_02,PORT01,14,45.52547
1400001313.0,2026-12-07,PORT03,CARRIER_04,2,DTP,3,0,CUST_085,1600014,PLANT_11,PORT05,22,54.45528
1400001314.0,2026-10-15,PORT02,CARRIER_07,1,DTP,6,0,CUST_470,1600046,PLANT_04,PORT08,50,77.73527
1400001315.0,2026-03-14,PORT03,CARRIER_02,2,DTP,4,0,CUST_477,1600061,PLANT_04,PORT05,6,8.24127
1400001316.0,2026-09-26,PORT07,CARRIER_05,2,CRF,1,0,CUST_111,1600166,PLANT_13,PORT08,39,46.83531
1400001317.0,2026-03-07,PORT02,CARRIER_04,2,DTD,3,0,CUST_098,1600106,PLANT_09,PORT01,12,32.09651
1400001318.0,2026-06-15,PORT01,CARRIER_02,2,DTD,0,0,CUST_028,1600098,PLANT_01,PORT02,46,8.53998
1400001319.0,2026-10-01,PORT07,CARRIER_11,2,DTP,0,0,CUST_480,1600041,PLANT_14,PORT01,23,85.57227
1400001320.0,2026-01-14,PORT06,CARRIER_02,2,DTP,0,0,CUST_354,1600020,PLANT_20,PORT01,5,7.85951
1400001321.0,2026-09-22,PORT01,CARRIER_08,1,DTP,0,0,CUST_381,1600184,PLANT_01,PORT02,38,83.27602
1400001322.0,2026-03-24,PORT05,CARRIER_06,1,DTD,3,0,CUST_146,1600177,PLANT_12,PORT08,11,29.50811
1400001323.0,2026-09-13,PORT07,CARRIER_07,1,DTD,2,0,CUST_321,1600053,PLANT_14,PORT04,21,23.8489
1400001324.0,2026-07-02,PORT02,CARRIER_04,1,DTD,4,0,CUST_030,1600043,PLANT_04,PORT01,28,124.044
1400001325.0,2026-01-10,PORT02,CARRIER_11,2,DTD,5,0,CUST_339,1600140,PLANT_04,PORT07,39,134.24802
1400001326.0,2026-10-06,PORT03,CARRIER_05,2,DTP,3,0,CUST_290,1600098,PLANT_17,PORT08,24,104.74685
1400001327.0,2026-04-05,PORT06,CARRIER_11,2,DTP,0,0,CUST_166,1600014,PLANT_19,PORT05,44,106.90715
1400001328.0,2026-12-14,PORT03,CARRIER_05,2,DTP,6,0,CUST_356,1600112,PLANT_13,PORT06,27,59.91452
1400001329.0,2026-11-03,PORT02,CARRIER_12,2,DTP,0,0,CUST_324,1600139,PLANT_04,PORT04,20,25.23997
1400001330.0,2026-03-12,PORT07,CARRIER_09,2,DTP,3,0,CUST_220,1600085,PLANT_10,PORT08,20,55.39436
1400001331.0,2026-08-08,PORT02,CARRIER_11,2,DTP,0,0,CUST_094,1600144,PLANT_04,PORT07,41,123.26656
1400001332.0,2026-05-13,PORT06,CARRIER_02,1,DTP,5,0,CUST_012,1600018,PLANT_20,PORT04,35,75.51686
1400001333.0,2026-08-08,PORT06,CARRIER_10,2,DTP,2,0,CUST_469,1600111,PLANT_05,PORT02,10,8.12375
1400001334.0,2026-07-23,PORT08,CARRIER_09,2,DTP,6,0,CUST_141,1600122,PLANT_15,PORT06,39,56.09026
1400001335.0,2026-04-19,PORT06,CARRIER_01,0,DTP,6,0,CUST_151,1600114,PLANT_20,PORT05,24,4.07598
1400001336.0,2026-08-26,PORT05,CARRIER_01,2,DTP,5,0,CUST_341,1600126,PLANT_12,PORT06,21,34.93938
1400001337.0,2026-04-05,PORT02,CARRIER_07,2,DTP,4,0,CUST_128,1600158,PLANT_02,PORT07,9,26.51147
1400001338.0,2026-11-28,PORT03,CARRIER_08,1,DTP,3,2,CUST_188,1600019,PLANT_13,PORT02,50,239.14922
1400001339.0,2026-12-12,PORT08,CARRIER_05,2,CRF,6,0,CUST_356,1600058,PLANT_15,PORT04,7,6.80186
1400001340.0,2026-03-02,PORT05,CARRIER_12,2,DTP,0,0,CUST_298,1600125,PLANT_17,PORT04,50,18.58881
1400001341.0,2026-09-23,PORT08,CARRIER_01,2,DTP,4,0,CUST_329,1600009,PLANT_15,PORT04,7,10.86348
1400001342.0,2026-12-06,PORT04,CARRIER_05,1,DTP,0,0,CUST_003,1600177,PLANT_07,PORT05,28,24.31264
1400001343.0,2026-02-16,PORT07,CARRIER_02,1,DTP,3,0,CUST_226,1600079,PLANT_10,PORT06,9,31.57239
1400001344.0,2026-09-27,PORT07,CARRIER_12,2,DTD,3,0,CUST_238,1600118,PLANT_16,PORT08,27,3.46061
1400001345.0,2026-12-09,PORT08,CARRIER_06,2,DTP,6,0,CUST_317,1600040,PLANT_18,PORT04,43,210.9687
1400001346.0,2026-03-24,PORT06,CARRIER_01,0,DTD,2,0,CUST_076,1600098,PLANT_02,PORT05,32,137.36853
1400001347.0,2026-08-01,PORT05,CARRIER_12,2,DTP,3,0,CUST_080,1600194,PLANT_12,PORT07,30,75.12858
1400001348.0,2026-10-19,PORT06,CARRIER_09,2,DTP,3,0,CUST_382,1600004,PLANT_15,PORT04,10,46.12617
1400001349.0,2026-05-02,PORT04,CARRIER_06,2,DTP,3,0,CUST_337,1600004,PLANT_15,PORT01,48,152.51956
1400001350.0,2026-03-28,PORT05,CARRIER_08,2,DTP,0,3,CUST_406,1600182,PLANT_12,PORT01,22,109.32785
1400001351.0,2026-05-25,PORT03,CARRIER_10,2,DTP,3,0,CUST_136,1600071,PLANT_06,PORT07,29,42.44731
1400001352.0,2026-05-03,PORT03,CARRIER_04,1,DTP,3,0,CUST_499,1600096,PLANT_13,PORT04,46,229.30264
1400001353.0,2026-09-22,PORT07,CARRIER_03,2,DTP,5,0,CUST_137,1600009,PLANT_14,PORT05,33,32.44599
1400001354.0,2026-05-16,PORT01,CARRIER_11,2,DTD,6,0,CUST_326,1600196,PLANT_09,PORT02,38,69.6065
1400001355.0,2026-05-18,PORT06,CARRIER_03,2,DTP,0,0,CUST_082,1600085,PLANT_17,PORT08,13,60.88014
1400001356.0,2026-12-11,PORT03,CARRIER_08,2,DTP,0,0,CUST_460,1600014,PLANT_07,PORT05,26,49.80709
1400001357.0,2026-07-31,PORT06,CARRIER_11,2,DTP,3,0,CUST_167,1600007,PLANT_05,PORT01,29,32.71775
1400001358.0,2026-12-06,PORT01,CARRIER_01,1,CRF,3,0,CUST_402,1600093,PLANT_03,PORT07,13,5.08933
1400001359.0,2026-09-17,PORT07,CARRIER_04,1,DTP,3,0,CUST_166,1600025,PLANT_10,PORT02,22,18.2577
1400001360.0,2026-11-20,PORT01,CARRIER_01,2,DTP,4,0,CUST_396,1600019,PLANT_01,PORT03,43,79.14558
1400001361.0,2026-03-13,PORT03,CARRIER_08,0,DTP,0,0,CUST_228,1600168,PLANT_07,PORT01,47,101.70974
1400001362.0,2026-12-09,PORT07,CARRIER_03,2,DTP,5,0,CUST_032,1600089,PLANT_14,PORT02,42,115.83644
1400001363.0,2026-12-11,PORT01,CARRIER_01,1,DTD,1,0,CUST_096,1600197,PLANT_09,PORT02,47,192.06932
1400001364.0,2026-01-15,PORT06,CARRIER_10,2,DTP,6,0,CUST_342,1600193,PLANT_19,PORT01,50,8.28664
1400001365.0,2026-05-11,PORT07,CARRIER_01,2,DTP,3,0,CUST_097,1600014,PLANT_14,PORT04,14,59.10057
1400001366.0,2026-05-31,PORT06,CARRIER_07,1,DTP,5,0,CUST_138,1600060,PLANT_20,PORT02,44,128.85496
1400001367.0,2026-06-03,PORT08,CARRIER_06,1,DTP,0,0,CUST_271,1600069,PLANT_15,PORT03,33,125.6225
1400001368.0,2026-10-12,PORT08,CARRIER_04,1,DTP,3,0,CUST_127,1600031,PLANT_18,PORT07,44,167.60472
1400001369.0,2026-09-12,PORT06,CARRIER_08,1,DTP,0,0,CUST_065,1600033,PLANT_17,PORT01,34,153.87357
1400001370.0,2026-03-19,PORT07,CARRIER_08,1,DTD,3,0,CUST_313,1600035,PLANT_14,PORT02,10,5.57563
1400001371.0,2026-08-11,PORT08,CARRIER_01,2,CRF,5,0,CUST_345,1600189,PLANT_18,PORT05,30,87.01275
1400001372.0,2026-12-22,PORT03,CARRIER_02,2,DTP,4,0,CUST_367,1600007,PLANT_11,PORT05,39,177.61554
1400001373.0,2026-06-10,PORT07,CARRIER_10,2,DTP,3,0,CUST_472,1600098,PLANT_16,PORT06,10,36.24111
1400001374.0,2026-12-05,PORT08,CARRIER_02,2,DTD,0,0,CUST_063,1600040,PLANT_18,PORT05,28,16.05145
1400001375.0,2026-08-26,PORT06,CARRIER_01,2,DTD,6,0,CUST_214,1600198,PLANT_15,PORT04,35,108.79488
1400001376.0,2026-12-04,PORT08,CARRIER_03,3,DTP,2,0,CUST_117,1600044,PLANT_03,PORT03,26,104.50483
1400001377.0,2026-11-26,PORT03,CARRIER_08,2,DTP,3,0,CUST_451,1600122,PLANT_11,PORT06,41,59.31973
1400001378.0,2026-01-07,PORT03,CARRIER_03,2,DTD,1,4,CUST_270,1600038,PLANT_07,PORT04,10,31.99217
1400001379.0,2026-10-20,PORT07,CARRIER_09,2,DTP,4,0,CUST_050,1600116,PLANT_14,PORT06,20,84.3604
1400001380.0,2026-03-11,PORT08,CARRIER_12,2,DTP,3,0,CUST_347,1600133,PLANT_06,PORT04,48,128.01351
1400001381.0,2026-10-28,PORT08,CARRIER_06,2,DTP,3,0,CUST_022,1600072,PLANT_08,PORT06,28,29.44248
1400001382.0,2026-10-22,PORT07,CARRIER_12,2,DTD,0,0,CUST_138,1600032,PLANT_14,PORT08,13,36.31475
1400001383.0,2026-04-05,PORT08,CARRIER_06,2,DTP,3,0,CUST_361,1600194,PLANT_15,PORT05,10,29.81219
1400001384.0,2026-01-25,PORT01,CARRIER_11,2,DTP,1,0,CUST_254,1600106,PLANT_06,PORT02,32,66.36731
1400001385.0,2026-06-03,PORT05,CARRIER_01,2,DTP,5,0,CUST_381,1600092,PLANT_17,PORT01,47,161.21571
1400001386.0,2026-04-21,PORT07,CARRIER_09,1,DTP,4,0,CUST_286,1600086,PLANT_14,PORT08,7,15.56332
1400001387.0,2026-07-22,PORT04,CARRIER_07,3,DTP,6,2,CUST_422,1600094,PLANT_15,PORT03,10,43.99285
1400001388.0,2026-01-30,PORT06,CARRIER_11,2,DTP,3,0,CUST_282,1600120,PLANT_20,PORT02,22,87.53723
1400001389.0,2026-01-17,PORT07,CARRIER_04,1,DTP,3,0,CUST_029,1600197,PLANT_11,PORT04,14,56.60735
1400001390.0,2026-06-09,PORT01,CARRIER_11,1,DTD,3,0,CUST_036,1600182,PLANT_01,PORT05,10,26.77776
1400001391.0,2026-10-08,PORT03,CARRIER_03,2,DTP,5,0,CUST_389,1600171,PLANT_04,PORT08,18,19.11788
1400001392.0,2026-04-25,PORT02,CARRIER_06,2,CRF,2,0,CUST_020,1600131,PLANT_09,PORT03,34,124.08868
1400001393.0,2026-04-29,PORT02,CARRIER_02,2,CRF,2,0,CUST_189,1600094,PLANT_01,PORT08,42,18.38401
1400001394.0,2026-03-01,PORT02,CARRIER_03,1,DTD,3,0,CUST_009,1600195,PLANT_02,PORT03,19,50.08623
1400001395.0,2026-04-14,PORT05,CARRIER_08,1,DTP,3,0,CUST_152,1600044,PLANT_12,PORT04,37,13.30511
1400001396.0,2026-04-20,PORT06,CARRIER_05,2,DTP,5,0,CUST_298,1600012,PLANT_20,PORT07,42,112.94857
1400001397.0,2026-04-05,PORT05,CARRIER_11,2,DTP,0,0,CUST_087,1600127,PLANT_17,PORT02,5,17.30509
1400001398.0,2026-05-06,PORT08,CARRIER_12,2,DTP,3,0,CUST_234,1600112,PLANT_18,PORT03,44,94.77914
1400001399.0,2026-04-14,PORT08,CARRIER_02,0,CRF,2,0,CUST_499,1600065,PLANT_15,PORT05,13,27.85673
1400001400.0,2026-09-06,PORT08,CARRIER_10,1,DTP,0,0,CUST_036,1600086,PLANT_08,PORT05,36,25.26084
1400001401.0,2026-05-04,PORT06,CARRIER_09,1,DTD,6,0,CUST_032,1600180,PLANT_17,PORT07,39,61.58346
1400001402.0,2026-10-03,PORT01,CARRIER_08,2,CRF,4,0,CUST_136,1600155,PLANT_03,PORT08,43,97.90847
1400001403.0,2026-08-09,PORT01,CARRIER_06,2,CRF,6,0,CUST_414,1600164,PLANT_06,PORT05,23,99.62345
1400001404.0,2026-08-22,PORT05,CARRIER_08,2,DTP,3,0,CUST_203,1600079,PLANT_12,PORT04,35,157.50355
1400001405.0,2026-08-02,PORT04,CARRIER_01,2,CRF,4,0,CUST_320,1600196,PLANT_13,PORT06,6,28.63525
1400001406.0,2026-12-03,PORT07,CARRIER_03,2,DTP,3,0,CUST_017,1600161,PLANT_11,PORT03,25,14.7823
1400001407.0,2026-04-04,PORT08,CARRIER_06,0,DTD,3,0,CUST_368,1600054,PLANT_08,PORT04,49,76.02022
1400001408.0,2026-12-25,PORT04,CARRIER_11,2,DTD,0,0,CUST_034,1600030,PLANT_13,PORT08,12,28.41928
1400001409.0,2026-03-17,PORT07,CARRIER_11,0,DTP,0,0,CUST_356,1600040,PLANT_11,PORT06,11,35.68999
1400001410.0,2026-02-20,PORT03,CARRIER_07,2,DTP,0,6,CUST_074,1600087,PLANT_04,PORT02,37,131.11737
1400001411.0,2026-10-29,PORT01,CARRIER_12,2,DTP,3,0,CUST_430,1600172,PLANT_01,PORT05,28,110.64143
1400001412.0,2026-11-24,PORT07,CARRIER_12,2,DTP,4,0,CUST_149,1600003,PLANT_16,PORT05,25,63.24454
1400001413.0,2026-02-03,PORT01,CARRIER_06,2,DTD,3,0,CUST_092,1600126,PLANT_18,PORT06,16,45.23621
1400001414.0,2026-08-07,PORT06,CARRIER_01,2,DTP,0,0,CUST_169,1600190,PLANT_20,PORT02,12,57.68156
1400001415.0,2026-07-07,PORT08,CARRIER_06,2,DTP,4,0,CUST_001,1600033,PLANT_08,PORT05,38,48.49327
1400001416.0,2026-03-22,PORT03,CARRIER_09,2,DTD,0,0,CUST_083,1600144,PLANT_13,PORT05,21,84.80688
1400001417.0,2026-07-10,PORT07,CARRIER_05,1,DTP,5,0,CUST_300,1600049,PLANT_16,PORT02,40,143.51633
1400001418.0,2026-09-08,PORT08,CARRIER_11,2,DTP,3,0,CUST_151,1600111,PLANT_18,PORT07,25,19.661
1400001419.0,2026-07-29,PORT03,CARRIER_05,2,DTP,3,0,CUST_177,1600141,PLANT_04,PORT05,23,106.71561
1400001420.0,2026-07-09,PORT03,CARRIER_10,2,CRF,0,0,CUST_404,1600137,PLANT_13,PORT06,15,64.36868
1400001421.0,2026-11-20,PORT01,CARRIER_06,2,CRF,2,0,CUST_062,1600005,PLANT_01,PORT02,35,137.18505
1400001422.0,2026-03-24,PORT03,CARRIER_06,2,DTD,3,0,CUST_198,1600150,PLANT_08,PORT07,18,12.98143
1400001423.0,2026-08-16,PORT06,CARRIER_01,2,DTP,3,0,CUST_094,1600075,PLANT_02,PORT05,46,36.08174
1400001424.0,2026-04-26,PORT06,CARRIER_04,2,DTP,0,0,CUST_242,1600057,PLANT_20,PORT03,23,79.29647
1400001425.0,2026-12-22,PORT06,CARRIER_08,1,DTP,3,0,CUST_166,1600063,PLANT_15,PORT07,42,26.27617
1400001426.0,2026-04-02,PORT06,CARRIER_06,0,DTD,0,0,CUST_024,1600067,PLANT_15,PORT01,26,17.03641
1400001427.0,2026-11-15,PORT08,CARRIER_05,2,DTP,5,0,CUST_036,1600113,PLANT_15,PORT04,24,49.47287
1400001428.0,2026-08-19,PORT07,CARRIER_02,2,DTP,3,0,CUST_427,1600014,PLANT_14,PORT04,25,3.15879
1400001429.0,2026-03-20,PORT03,CARRIER_08,2,DTP,3,0,CUST_029,1600143,PLANT_06,PORT06,25,90.88172
1400001430.0,2026-10-04,PORT07,CARRIER_08,2,DTP,3,0,CUST_392,1600131,PLANT_07,PORT01,27,74.16939
1400001431.0,2026-03-30,PORT03,CARRIER_08,0,DTD,4,0,CUST_459,1600036,PLANT_04,PORT06,45,21.7374
1400001432.0,2026-04-06,PORT03,CARRIER_02,2,DTP,0,0,CUST_233,1600039,PLANT_11,PORT05,37,102.25155
1400001433.0,2026-05-06,PORT05,CARRIER_11,2,DTP,3,0,CUST_157,1600059,PLANT_12,PORT07,6,2.19018
1400001434.0,2026-09-06,PORT02,CARRIER_03,2,DTP,5,0,CUST_389,1600001,PLANT_04,PORT01,7,3.12488
1400001435.0,2026-05-23,PORT02,CARRIER_04,2,DTP,3,0,CUST_492,1600135,PLANT_09,PORT08,6,14.87271
1400001436.0,2026-07-27,PORT07,CARRIER_03,2,DTP,0,0,CUST_061,1600073,PLANT_16,PORT06,36,91.76882
1400001437.0,2026-07-21,PORT08,CARRIER_12,2,DTP,0,0,CUST_483,1600110,PLANT_18,PORT05,14,24.65504
1400001438.0,2026-03-13,PORT08,CARRIER_06,2,DTD,5,0,CUST_472,1600081,PLANT_15,PORT02,22,69.22696
1400001439.0,2026-03-26,PORT07,CARRIER_08,2,DTD,0,0,CUST_072,1600000,PLANT_16,PORT05,43,85.91642
1400001440.0,2026-04-22,PORT02,CARRIER_09,2,DTP,0,0,CUST_028,1600115,PLANT_09,PORT03,11,32.73718
1400001441.0,2026-03-23,PORT03,CARRIER_08,2,DTP,5,0,CUST_358,1600110,PLANT_11,PORT02,12,21.76735
1400001442.0,2026-12-02,PORT06,CARRIER_09,2,DTP,5,0,CUST_039,1600073,PLANT_02,PORT03,8,28.82671
1400001443.0,2026-05-20,PORT01,CARRIER_07,2,DTP,3,0,CUST_301,1600080,PLANT_19,PORT04,18,52.89304
1400001444.0,2026-05-28,PORT06,CARRIER_08,1,DTD,0,0,CUST_033,1600096,PLANT_15,PORT07,9,7.95792
1400001445.0,2026-09-03,PORT03,CARRIER_03,2,DTD,3,0,CUST_346,1600011,PLANT_06,PORT02,33,114.26967
1400001446.0,2026-10-15,PORT04,CARRIER_06,2,DTD,4,0,CUST_116,1600149,PLANT_15,PORT01,38,149.76887
1400001447.0,2026-09-09,PORT07,CARRIER_01,2,DTP,1,0,CUST_049,1600140,PLANT_10,PORT04,13,5.49618
1400001448.0,2026-07-21,PORT04,CARRIER_07,2,DTD,0,0,CUST_034,1600056,PLANT_13,PORT05,29,89.5754
1400001449.0,2026-12-23,PORT07,CARRIER_07,0,DTP,5,0,CUST_095,1600183,PLANT_14,PORT05,18,71.5159
1400001450.0,2026-11-25,PORT06,CARRIER_07,1,DTP,4,0,CUST_271,1600023,PLANT_19,PORT01,8,5.29439
1400001451.0,2026-03-15,PORT02,CARRIER_11,2,DTP,3,0,CUST_039,1600042,PLANT_02,PORT04,26,117.47052
1400001452.0,2026-02-28,PORT06,CARRIER_06,2,DTP,5,0,CUST_402,1600122,PLANT_02,PORT03,37,78.90302
1400001453.0,2026-05-24,PORT03,CARRIER_11,2,DTD,3,0,CUST_303,1600163,PLANT_11,PORT01,15,55.73123
1400001454.0,2026-11-01,PORT03,CARRIER_07,0,DTD,5,0,CUST_149,1600036,PLANT_04,PORT08,41,184.71911
1400001455.0,2026-12-19,PORT07,CARRIER_01,2,DTD,0,0,CUST_494,1600127,PLANT_14,PORT05,50,247.4611
1400001456.0,2026-09-14,PORT06,CARRIER_01,2,DTD,3,0,CUST_330,1600039,PLANT_19,PORT01,7,20.72863
1400001457.0,2026-09-09,PORT07,CARRIER_04,2,DTP,3,6,CUST_336,1600082,PLANT_16,PORT08,12,42.61131
1400001458.0,2026-03-27,PORT06,CARRIER_10,2,DTP,3,0,CUST_087,1600131,PLANT_20,PORT01,18,23.99991
1400001459.0,2026-08-05,PORT08,CARRIER_06,2,DTP,2,0,CUST_356,1600103,PLANT_18,PORT04,44,66.934
1400001460.0,2026-03-09,PORT01,CARRIER_05,2,DTP,3,0,CUST_280,1600191,PLANT_18,PORT02,11,46.95647
1400001461.0,2026-07-16,PORT01,CARRIER_06,2,DTP,3,0,CUST_493,1600135,PLANT_05,PORT06,26,53.33627
1400001462.0,2026-03-12,PORT03,CARRIER_12,2,DTD,1,0,CUST_239,1600029,PLANT_04,PORT04,29,119.76786
1400001463.0,2026-01-28,PORT07,CARRIER_03,1,DTD,3,0,CUST_340,1600101,PLANT_10,PORT01,10,3.47924
1400001464.0,2026-12-20,PORT05,CARRIER_08,2,DTP,3,0,CUST_171,1600112,PLANT_12,PORT02,6,7.01665
1400001465.0,2026-11-23,PORT07,CARRIER_09,1,DTP,3,0,CUST_021,1600049,PLANT_14,PORT01,10,9.33461
1400001466.0,2026-09-08,PORT02,CARRIER_10,0,DTP,3,0,CUST_064,1600087,PLANT_04,PORT06,7,18.77841
1400001467.0,2026-08-17,PORT07,CARRIER_06,1,DTD,1,0,CUST_434,1600101,PLANT_11,PORT04,28,13.84879
1400001468.0,2026-03-29,PORT06,CARRIER_12,0,DTP,0,0,CUST_370,1600125,PLANT_20,PORT02,48,85.67833
1400001469.0,2026-07-28,PORT02,CARRIER_11,2,DTP,4,0,CUST_183,1600179,PLANT_09,PORT08,21,103.58462
1400001470.0,2026-10-01,PORT02,CARRIER_02,1,DTD,4,0,CUST_349,1600056,PLANT_02,PORT04,16,63.86662
1400001471.0,2026-07-16,PORT01,CARRIER_04,1,DTP,3,0,CUST_003,1600050,PLANT_06,PORT08,15,57.40347
1400001472.0,2026-04-13,PORT04,CARRIER_03,1,DTP,3,0,CUST_019,1600153,PLANT_13,PORT08,50,38.1031
1400001473.0,2026-05-24,PORT07,CARRIER_11,0,CRF,0,0,CUST_254,1600154,PLANT_13,PORT08,49,92.43064
1400001474.0,2026-11-03,PORT08,CARRIER_02,2,DTP,3,0,CUST_313,1600067,PLANT_18,PORT01,34,116.78596
1400001475.0,2026-04-03,PORT03,CARRIER_10,2,DTP,3,0,CUST_469,1600114,PLANT_11,PORT05,26,5.35506
1400001476.0,2026-12-17,PORT07,CARRIER_12,2,DTP,3,0,CUST_380,1600111,PLANT_07,PORT06,12,26.71782
1400001477.0,2026-10-03,PORT08,CARRIER_05,1,DTP,0,0,CUST_129,1600192,PLANT_15,PORT01,47,218.55423
1400001478.0,2026-11-21,PORT02,CARRIER_02,2,DTD,0,0,CUST_408,1600022,PLANT_01,PORT06,5,2.51733
1400001479.0,2026-07-05,PORT02,CARRIER_10,2,DTP,5,0,CUST_246,1600143,PLANT_04,PORT03,12,54.48805
1400001480.0,2026-03-23,PORT06,CARRIER_06,1,DTP,3,0,CUST_414,1600086,PLANT_17,PORT02,36,37.91361
1400001481.0,2026-01-13,PORT04,CARRIER_08,2,DTP,5,2,CUST_087,1600148,PLANT_07,PORT08,13,13.34613
1400001482.0,2026-07-15,PORT04,CARRIER_04,2,DTD,3,0,CUST_014,1600172,PLANT_15,PORT08,9,9.51873
1400001483.0,2026-05-26,PORT02,CARRIER_06,2,DTP,4,0,CUST_029,1600140,PLANT_09,PORT08,32,149.22095
1400001484.0,2026-02-11,PORT04,CARRIER_05,2,DTP,0,0,CUST_496,1600079,PLANT_13,PORT07,6,18.3501
1400001485.0,2026-12-05,PORT05,CARRIER_07,2,DTP,0,0,CUST_041,1600079,PLANT_12,PORT04,17,64.24072
1400001486.0,2026-12-21,PORT07,CARRIER_01,1,DTP,3,0,CUST_470,1600056,PLANT_11,PORT01,34,64.44351
1400001487.0,2026-05-17,PORT01,CARRIER_07,1,DTP,3,0,CUST_364,1600089,PLANT_06,PORT03,13,56.92608
1400001488.0,2026-09-01,PORT04,CARRIER_04,2,DTP,0,6,CUST_074,1600112,PLANT_13,PORT02,39,115.10819
1400001489.0,2026-05-31,PORT08,CARRIER_03,2,DTD,3,0,CUST_433,1600053,PLANT_08,PORT02,9,27.35272
1400001490.0,2026-07-01,PORT03,CARRIER_12,2,DTD,0,0,CUST_073,1600044,PLANT_13,PORT07,33,124.95031
1400001491.0,2026-08-16,PORT01,CARRIER_02,2,DTD,0,0,CUST_072,1600067,PLANT_19,PORT04,8,31.12679
1400001492.0,2026-06-01,PORT04,CARRIER_10,2,DTD,6,0,CUST_288,1600046,PLANT_02,PORT01,38,130.763
1400001493.0,2026-10-20,PORT07,CARRIER_10,1,DTP,3,0,CUST_145,1600104,PLANT_16,PORT05,39,26.62369
1400001494.0,2026-03-11,PORT08,CARRIER_05,2,CRF,2,0,CUST_146,1600019,PLANT_06,PORT02,41,178.22537
1400001495.0,2026-09-01,PORT01,CARRIER_02,1,DTD,0,0,CUST_098,1600152,PLANT_01,PORT05,17,23.4329
1400001496.0,2026-12-25,PORT05,CARRIER_08,2,DTP,5,0,CUST_304,1600138,PLANT_12,PORT07,15,74.72027
1400001497.0,2026-11-07,PORT03,CARRIER_09,2,DTP,5,0,CUST_014,1600139,PLANT_04,PORT01,50,99.44944
1400001498.0,2026-01-17,PORT01,CARRIER_03,0,DTD,1,0,CUST_123,1600053,PLANT_09,PORT03,38,26.1435
1400001499.0,2026-02-11,PORT04,CARRIER_11,1,DTD,3,0,CUST_277,1600150,PLANT_02,PORT08,13,21.43471
1400001500.0,2026-08-18,PORT07,CARRIER_04,2,DTP,3,0,CUST_244,1600129,PLANT_11,PORT06,6,17.46191
1400001501.0,2026-12-04,PORT04,CARRIER_06,2,DTP,0,0,CUST_350,1600188,PLANT_13,PORT08,21,42.37982
1400001502.0,2026-11-05,PORT05,CARRIER_12,1,DTP,3,0,CUST_109,1600072,PLANT_17,PORT08,35,145.61891
1400001503.0,2026-11-26,PORT08,CARRIER_10,1,DTD,0,0,CUST_324,1600002,PLANT_06,PORT03,22,75.74184
1400001504.0,2026-02-24,PORT08,CARRIER_06,2,CRF,0,0,CUST_380,1600150,PLANT_08,PORT01,42,48.12813
1400001505.0,2026-07-09,PORT07,CARRIER_11,2,DTP,3,0,CUST_195,1600160,PLANT_13,PORT05,28,76.73067
1400001506.0,2026-09-22,PORT06,CARRIER_05,2,DTP,2,0,CUST_129,1600020,PLANT_15,PORT03,50,197.94534
1400001507.0,2026-08-17,PORT06,CARRIER_04,2,DTP,3,0,CUST_278,1600015,PLANT_05,PORT08,45,201.01704
1400001508.0,2026-10-11,PORT06,CARRIER_09,2,DTD,1,0,CUST_290,1600170,PLANT_20,PORT08,26,52.91591
1400001509.0,2026-03-19,PORT03,CARRIER_04,2,DTP,3,0,CUST_048,1600167,PLANT_07,PORT07,43,199.08472
1400001510.0,2026-06-16,PORT07,CARRIER_07,1,DTD,5,0,CUST_283,1600036,PLANT_14,PORT08,25,6.90626
1400001511.0,2026-06-13,PORT06,CARRIER_07,1,DTP,3,0,CUST_078,1600039,PLANT_19,PORT02,5,17.07893
1400001512.0,2026-12-10,PORT07,CARRIER_07,0,DTP,3,0,CUST_285,1600024,PLANT_14,PORT08,19,74.70278
1400001513.0,2026-03-15,PORT05,CARRIER_11,2,DTP,3,0,CUST_466,1600047,PLANT_12,PORT04,23,50.21343
1400001514.0,2026-04-30,PORT02,CARRIER_05,2,DTP,5,0,CUST_269,1600111,PLANT_02,PORT04,49,7.53497
1400001515.0,2026-01-09,PORT05,CARRIER_09,0,CRF,3,0,CUST_381,1600190,PLANT_12,PORT06,43,149.05831
1400001516.0,2026-02-25,PORT01,CARRIER_05,2,DTP,0,0,CUST_155,1600142,PLANT_09,PORT02,11,19.56421
1400001517.0,2026-12-25,PORT02,CARRIER_03,1,DTD,0,0,CUST_462,1600054,PLANT_09,PORT05,5,4.21942
1400001518.0,2026-11-06,PORT06,CARRIER_05,2,CRF,3,0,CUST_407,1600130,PLANT_19,PORT08,29,25.22516
1400001519.0,2026-04-05,PORT01,CARRIER_05,2,DTD,4,0,CUST_459,1600134,PLANT_09,PORT02,29,112.19821
1400001520.0,2026-09-14,PORT03,CARRIER_03,2,CRF,0,0,CUST_371,1600161,PLANT_08,PORT05,38,38.69191
1400001521.0,2026-08-05,PORT08,CARRIER_07,2,DTP,3,0,CUST_325,1600158,PLANT_03,PORT07,16,39.55331
1400001522.0,2026-11-27,PORT06,CARRIER_12,2,DTD,3,3,CUST_263,1600034,PLANT_19,PORT03,42,203.90613
1400001523.0,2026-04-20,PORT08,CARRIER_05,1,DTP,3,0,CUST_465,1600107,PLANT_06,PORT02,23,87.81887
1400001524.0,2026-12-29,PORT07,CARRIER_07,2,DTD,3,0,CUST_425,1600123,PLANT_14,PORT03,20,55.62498
1400001525.0,2026-05-16,PORT01,CARRIER_03,2,DTD,2,0,CUST_209,1600131,PLANT_01,PORT02,24,64.52518
1400001526.0,2026-09-19,PORT02,CARRIER_04,2,DTD,3,0,CUST_043,1600149,PLANT_05,PORT03,48,44.15541
1400001527.0,2026-05-26,PORT04,CARRIER_10,2,DTP,4,0,CUST_002,1600096,PLANT_07,PORT06,23,52.61194
1400001528.0,2026-09-03,PORT07,CARRIER_02,2,DTD,6,0,CUST_117,1600100,PLANT_10,PORT03,30,24.30025
1400001529.0,2026-05-03,PORT08,CARRIER_09,2,DTD,3,0,CUST_032,1600094,PLANT_18,PORT05,46,23.43941
1400001530.0,2026-11-04,PORT02,CARRIER_12,1,DTP,3,0,CUST_106,1600050,PLANT_01,PORT05,5,3.17386
1400001531.0,2026-08-21,PORT07,CARRIER_10,1,DTP,3,0,CUST_055,1600133,PLANT_10,PORT03,29,89.09945
1400001532.0,2026-04-16,PORT04,CARRIER_10,2,DTP,4,0,CUST_491,1600066,PLANT_02,PORT07,37,38.79116
1400001533.0,2026-12-17,PORT03,CARRIER_02,2,DTD,3,0,CUST_048,1600009,PLANT_08,PORT07,46,38.26248
1400001534.0,2026-09-16,PORT06,CARRIER_01,0,DTP,3,0,CUST_314,1600171,PLANT_19,PORT05,7,30.44259
1400001535.0,2026-06-06,PORT03,CARRIER_02,2,DTP,0,0,CUST_176,1600107,PLANT_08,PORT05,38,26.51881
1400001536.0,2026-02-19,PORT06,CARRIER_10,1,CRF,3,0,CUST_088,1600195,PLANT_15,PORT07,41,145.86209
1400001537.0,2026-12-22,PORT03,CARRIER_02,2,DTP,3,0,CUST_351,1600198,PLANT_04,PORT04,21,45.00933
1400001538.0,2026-10-03,PORT01,CARRIER_02,2,DTD,0,0,CUST_486,1600127,PLANT_06,PORT03,39,114.56214
1400001539.0,2026-09-01,PORT01,CARRIER_08,2,DTD,3,0,CUST_396,1600020,PLANT_18,PORT04,27,5.78992
1400001540.0,2026-11-01,PORT07,CARRIER_01,2,DTP,6,0,CUST_488,1600033,PLANT_16,PORT03,35,3.5033
1400001541.0,2026-08-10,PORT04,CARRIER_11,2,DTP,0,0,CUST_296,1600030,PLANT_15,PORT02,22,90.29939
1400001542.0,2026-03-26,PORT07,CARRIER_09,2,DTP,3,0,CUST_337,1600124,PLANT_16,PORT01,13,31.5856
1400001543.0,2026-03-28,PORT06,CARRIER_11,2,DTP,5,0,CUST_074,1600037,PLANT_15,PORT04,43,19.32437
1400001544.0,2026-01-29,PORT07,CARRIER_09,1,DTP,6,0,CUST_427,1600033,PLANT_10,PORT04,14,24.96109
1400001545.0,2026-01-23,PORT08,CARRIER_04,0,DTP,2,0,CUST_374,1600010,PLANT_15,PORT03,13,33.55478
1400001546.0,2026-09-23,PORT02,CARRIER_08,2,DTP,0,3,CUST_128,1600197,PLANT_09,PORT03,45,34.37631
1400001547.0,2026-11-07,PORT08,CARRIER_05,2,CRF,3,0,CUST_178,1600195,PLANT_06,PORT06,48,133.29869
1400001548.0,2026-03-01,PORT07,CARRIER_12,2,DTP,2,0,CUST_306,1600009,PLANT_16,PORT06,33,88.79899
1400001549.0,2026-07-29,PORT01,CARRIER_06,2,DTP,3,0,CUST_007,1600000,PLANT_18,PORT02,31,94.67066
1400001550.0,2026-02-15,PORT02,CARRIER_08,2,DTP,3,0,CUST_409,1600131,PLANT_09,PORT01,21,85.47594
1400001551.0,2026-06-01,PORT07,CARRIER_01,1,DTP,4,0,CUST_141,1600065,PLANT_16,PORT03,33,70.04633
1400001552.0,2026-10-16,PORT05,CARRIER_02,2,DTP,3,0,CUST_038,1600074,PLANT_12,PORT01,33,146.98016
1400001553.0,2026-10-24,PORT01,CARRIER_09,1,DTP,5,0,CUST_166,1600083,PLANT_01,PORT03,28,67.92524
1400001554.0,2026-12-13,PORT02,CARRIER_12,2,DTP,3,0,CUST_418,1600113,PLANT_02,PORT08,35,81.90105
1400001555.0,2026-04-24,PORT08,CARRIER_03,2,DTP,3,0,CUST_138,1600136,PLANT_15,PORT03,30,99.3858
1400001556.0,2026-12-13,PORT04,CARRIER_12,2,DTP,0,0,CUST_270,1600050,PLANT_07,PORT05,45,140.66343
1400001557.0,2026-10-14,PORT04,CARRIER_10,2,DTP,4,0,CUST_406,1600164,PLANT_02,PORT01,35,5.46109
1400001558.0,2026-05-04,PORT03,CARRIER_09,2,DTD,3,0,CUST_017,1600145,PLANT_11,PORT07,22,108.10602
1400001559.0,2026-04-30,PORT02,CARRIER_07,2,DTP,2,6,CUST_380,1600140,PLANT_01,PORT03,35,165.17195
1400001560.0,2026-02-09,PORT01,CARRIER_01,1,DTP,0,0,CUST_145,1600131,PLANT_05,PORT02,15,22.17452
1400001561.0,2026-12-03,PORT04,CARRIER_02,2,DTP,3,0,CUST_348,1600050,PLANT_02,PORT03,14,39.71882
1400001562.0,2026-03-16,PORT03,CARRIER_02,2,DTD,0,0,CUST_095,1600084,PLANT_13,PORT07,43,166.64123
1400001563.0,2026-04-08,PORT01,CARRIER_09,2,DTP,4,0,CUST_070,1600058,PLANT_09,PORT02,31,142.91906
1400001564.0,2026-05-31,PORT06,CARRIER_04,3,DTP,0,0,CUST_395,1600009,PLANT_15,PORT08,7,20.7966
1400001565.0,2026-02-20,PORT08,CARRIER_10,2,DTP,3,0,CUST_404,1600076,PLANT_15,PORT04,21,4.04894
1400001566.0,2026-10-22,PORT03,CARRIER_09,2,DTD,2,0,CUST_491,1600194,PLANT_13,PORT05,50,171.7661
1400001567.0,2026-09-12,PORT03,CARRIER_11,2,DTP,3,0,CUST_339,1600177,PLANT_07,PORT07,34,18.90681
1400001568.0,2026-02-27,PORT08,CARRIER_11,1,DTP,4,0,CUST_233,1600069,PLANT_18,PORT06,44,149.10593
1400001569.0,2026-03-01,PORT07,CARRIER_02,2,DTD,1,0,CUST_098,1600126,PLANT_14,PORT02,30,89.35186
1400001570.0,2026-01-09,PORT06,CARRIER_08,2,DTP,0,0,CUST_148,1600052,PLANT_02,PORT04,6,19.43569
1400001571.0,2026-12-13,PORT06,CARRIER_06,2,DTP,0,0,CUST_325,1600085,PLANT_20,PORT04,13,13.35572
1400001572.0,2026-06-09,PORT07,CARRIER_10,2,DTD,0,0,CUST_174,1600137,PLANT_16,PORT08,9,22.66819
1400001573.0,2026-08-28,PORT08,CARRIER_01,2,DTP,3,0,CUST_242,1600105,PLANT_03,PORT01,38,118.86356
1400001574.0,2026-02-24,PORT02,CARRIER_06,2,DTP,0,0,CUST_085,1600044,PLANT_04,PORT08,39,61.28598
1400001575.0,2026-03-26,PORT03,CARRIER_12,1,DTD,3,0,CUST_220,1600010,PLANT_04,PORT08,26,25.7388
1400001576.0,2026-07-17,PORT07,CARRIER_01,2,DTP,3,0,CUST_119,1600199,PLANT_10,PORT05,38,45.26315
1400001577.0,2026-03-18,PORT08,CARRIER_06,2,DTP,5,0,CUST_057,1600065,PLANT_18,PORT07,30,129.12845
1400001578.0,2026-08-12,PORT02,CARRIER_04,2,DTP,0,0,CUST_066,1600108,PLANT_09,PORT04,39,92.67427
1400001579.0,2026-12-04,PORT06,CARRIER_10,2,DTD,5,0,CUST_260,1600061,PLANT_19,PORT05,35,116.87408
1400001580.0,2026-04-22,PORT03,CARRIER_05,2,DTP,6,0,CUST_184,1600159,PLANT_08,PORT08,25,65.57389
1400001581.0,2026-08-10,PORT01,CARRIER_04,1,DTP,3,0,CUST_050,1600068,PLANT_01,PORT08,35,146.55282
1400001582.0,2026-12-01,PORT07,CARRIER_08,2,DTP,3,0,CUST_258,1600137,PLANT_16,PORT06,19,49.24087
1400001583.0,2026-11-23,PORT06,CARRIER_03,2,DTP,3,0,CUST_083,1600001,PLANT_02,PORT07,39,21.73447
1400001584.0,2026-01-03,PORT08,CARRIER_07,2,CRF,0,0,CUST_008,1600164,PLANT_15,PORT02,47,50.29587
1400001585.0,2026-02-10,PORT04,CARRIER_06,2,DTD,6,0,CUST_067,1600032,PLANT_13,PORT06,14,2.31001
1400001586.0,2026-12-26,PORT03,CARRIER_12,2,DTD,5,0,CUST_225,1600127,PLANT_06,PORT01,35,146.10641
1400001587.0,2026-12-04,PORT03,CARRIER_08,2,CRF,2,0,CUST_478,1600098,PLANT_11,PORT04,10,33.50037
1400001588.0,2026-04-28,PORT04,CARRIER_12,2,DTP,0,0,CUST_121,1600117,PLANT_07,PORT08,22,84.04197
1400001589.0,2026-07-09,PORT01,CARRIER_04,2,DTP,0,0,CUST_143,1600131,PLANT_09,PORT05,35,126.12597
1400001590.0,2026-07-29,PORT07,CARRIER_01,2,CRF,3,0,CUST_122,1600138,PLANT_11,PORT04,17,70.37916
1400001591.0,2026-09-01,PORT06,CARRIER_05,2,DTD,5,0,CUST_178,1600067,PLANT_02,PORT08,15,74.04226
1400001592.0,2026-10-01,PORT01,CARRIER_06,2,DTP,0,0,CUST_359,1600053,PLANT_03,PORT07,22,72.64421
1400001593.0,2026-05-17,PORT07,CARRIER_05,2,DTP,3,0,CUST_162,1600020,PLANT_16,PORT08,10,13.36101
1400001594.0,2026-11-21,PORT08,CARRIER_01,1,DTP,4,0,CUST_329,1600176,PLANT_15,PORT05,33,19.69477
1400001595.0,2026-01-22,PORT02,CARRIER_01,1,DTD,3,0,CUST_450,1600061,PLANT_09,PORT04,11,32.88741
1400001596.0,2026-01-12,PORT07,CARRIER_07,2,DTP,3,0,CUST_474,1600071,PLANT_14,PORT04,20,77.53419
1400001597.0,2026-12-16,PORT02,CARRIER_03,2,DTP,3,0,CUST_282,1600199,PLANT_05,PORT03,19,54.18233
1400001598.0,2026-03-06,PORT07,CARRIER_05,2,CRF,0,0,CUST_357,1600079,PLANT_11,PORT03,49,77.7835
1400001599.0,2026-12-30,PORT07,CARRIER_10,2,DTP,3,0,CUST_460,1600125,PLANT_16,PORT01,50,181.33504
1400001600.0,2026-04-15,PORT07,CARRIER_05,2,CRF,0,0,CUST_394,1600106,PLANT_13,PORT04,8,18.36052
1400001601.0,2026-05-14,PORT07,CARRIER_10,2,DTP,3,0,CUST_150,1600043,PLANT_16,PORT06,12,18.05144
1400001602.0,2026-01-11,PORT07,CARRIER_06,2,DTP,2,0,CUST_067,1600000,PLANT_16,PORT05,38,160.40993
1400001603.0,2026-12-11,PORT03,CARRIER_09,2,CRF,4,0,CUST_058,1600058,PLANT_11,PORT08,18,52.64896
1400001604.0,2026-05-12,PORT05,CARRIER_04,2,CRF,3,0,CUST_442,1600153,PLANT_12,PORT03,34,50.62244
1400001605.0,2026-03-03,PORT08,CARRIER_02,2,CRF,5,0,CUST_279,1600024,PLANT_18,PORT04,47,80.37758
1400001606.0,2026-06-26,PORT03,CARRIER_04,2,DTD,3,0,CUST_149,1600191,PLANT_17,PORT07,12,34.81391
1400001607.0,2026-02-26,PORT07,CARRIER_02,1,DTP,3,4,CUST_173,1600014,PLANT_14,PORT03,49,106.44395
1400001608.0,2026-10-16,PORT07,CARRIER_06,2,DTP,2,0,CUST_141,1600078,PLANT_14,PORT02,7,6.20581
1400001609.0,2026-01-27,PORT03,CARRIER_04,0,DTP,3,0,CUST_401,1600155,PLANT_13,PORT08,15,46.36954
1400001610.0,2026-07-02,PORT01,CARRIER_04,2,DTP,3,0,CUST_307,1600165,PLANT_03,PORT08,28,97.3459
1400001611.0,2026-05-23,PORT07,CARRIER_03,2,CRF,3,0,CUST_440,1600191,PLANT_14,PORT06,45,4.52399
1400001612.0,2026-01-14,PORT03,CARRIER_05,2,DTP,3,0,CUST_151,1600183,PLANT_06,PORT06,30,81.91979
1400001613.0,2026-01-20,PORT03,CARRIER_01,2,DTP,0,0,CUST_237,1600180,PLANT_08,PORT02,11,32.209
1400001614.0,2026-07-09,PORT05,CARRIER_05,1,DTD,0,0,CUST_061,1600069,PLANT_12,PORT01,16,27.63382
1400001615.0,2026-05-25,PORT04,CARRIER_03,0,DTP,0,0,CUST_486,1600167,PLANT_15,PORT05,40,70.39133
1400001616.0,2026-02-17,PORT07,CARRIER_07,1,DTP,0,0,CUST_256,1600081,PLANT_13,PORT05,30,49.69586
1400001617.0,2026-02-20,PORT07,CARRIER_06,2,CRF,4,0,CUST_277,1600063,PLANT_14,PORT05,5,11.41054
1400001618.0,2026-10-21,PORT07,CARRIER_06,1,DTP,3,0,CUST_207,1600156,PLANT_16,PORT05,28,114.19815
1400001619.0,2026-09-24,PORT01,CARRIER_08,1,DTP,3,0,CUST_136,1600079,PLANT_01,PORT04,23,55.15924
1400001620.0,2026-08-10,PORT03,CARRIER_01,1,DTP,0,0,CUST_475,1600055,PLANT_11,PORT01,5,24.84439
1400001621.0,2026-11-01,PORT08,CARRIER_02,2,DTP,4,4,CUST_245,1600130,PLANT_18,PORT01,16,31.09084
1400001622.0,2026-01-26,PORT06,CARRIER_06,2,DTP,0,0,CUST_338,1600030,PLANT_19,PORT08,48,169.26648
1400001623.0,2026-09-09,PORT07,CARRIER_05,1,DTD,0,0,CUST_019,1600038,PLANT_07,PORT02,37,103.22748
1400001624.0,2026-10-02,PORT02,CARRIER_04,2,DTP,4,0,CUST_138,1600158,PLANT_02,PORT08,8,30.68171
1400001625.0,2026-03-15,PORT05,CARRIER_05,2,DTP,3,0,CUST_403,1600009,PLANT_12,PORT08,5,22.26493
1400001626.0,2026-07-15,PORT02,CARRIER_03,2,DTP,0,0,CUST_044,1600000,PLANT_05,PORT05,20,52.14496
1400001627.0,2026-10-07,PORT07,CARRIER_02,2,CRF,0,0,CUST_051,1600083,PLANT_10,PORT06,26,65.59665
1400001628.0,2026-08-09,PORT05,CARRIER_03,2,DTP,3,0,CUST_405,1600079,PLANT_12,PORT01,25,117.98308
1400001629.0,2026-04-02,PORT07,CARRIER_12,2,DTP,3,0,CUST_155,1600035,PLANT_14,PORT01,37,172.97248
1400001630.0,2026-08-31,PORT07,CARRIER_02,1,DTD,0,0,CUST_137,1600031,PLANT_11,PORT03,12,59.82341
1400001631.0,2026-10-05,PORT01,CARRIER_12,2,DTD,3,0,CUST_283,1600025,PLANT_09,PORT05,7,6.06712
1400001632.0,2026-01-04,PORT03,CARRIER_09,2,DTD,3,0,CUST_098,1600020,PLANT_13,PORT07,35,4.11204
1400001633.0,2026-07-27,PORT01,CARRIER_02,0,DTD,3,0,CUST_022,1600115,PLANT_03,PORT05,46,103.16974
1400001634.0,2026-07-04,PORT07,CARRIER_10,2,DTD,3,0,CUST_003,1600105,PLANT_14,PORT04,12,44.3204
1400001635.0,2026-05-14,PORT01,CARRIER_04,1,CRF,4,0,CUST_040,1600149,PLANT_09,PORT07,21,9.59688
1400001636.0,2026-01-17,PORT01,CARRIER_06,2,DTP,0,0,CUST_080,1600023,PLANT_03,PORT05,33,63.71138
1400001637.0,2026-01-31,PORT07,CARRIER_01,2,DTP,0,0,CUST_349,1600029,PLANT_11,PORT05,12,35.38982
1400001638.0,2026-10-01,PORT08,CARRIER_01,2,DTP,0,0,CUST_149,1600020,PLANT_15,PORT04,44,50.22522
1400001639.0,2026-10-30,PORT03,CARRIER_10,0,DTD,0,0,CUST_036,1600158,PLANT_11,PORT05,15,55.23894
1400001640.0,2026-06-03,PORT06,CARRIER_08,2,CRF,2,0,CUST_008,1600071,PLANT_17,PORT08,29,35.5173
1400001641.0,2026-12-09,PORT07,CARRIER_06,1,DTP,0,0,CUST_239,1600048,PLANT_16,PORT06,20,84.38586
1400001642.0,2026-12-05,PORT01,CARRIER_12,2,DTP,4,0,CUST_421,1600187,PLANT_03,PORT08,35,63.22888
1400001643.0,2026-09-01,PORT08,CARRIER_12,2,DTP,4,0,CUST_170,1600141,PLANT_06,PORT02,14,42.46728
1400001644.0,2026-08-01,PORT08,CARRIER_12,1,DTD,3,0,CUST_032,1600134,PLANT_18,PORT06,9,24.89719
1400001645.0,2026-12-19,PORT07,CARRIER_06,2,DTP,3,0,CUST_115,1600194,PLANT_13,PORT01,28,43.47249
1400001646.0,2026-08-11,PORT06,CARRIER_10,2,DTD,3,0,CUST_250,1600166,PLANT_20,PORT03,44,99.06384
1400001647.0,2026-12-07,PORT07,CARRIER_01,2,DTP,3,0,CUST_095,1600144,PLANT_13,PORT05,34,144.33912
1400001648.0,2026-12-24,PORT02,CARRIER_09,1,DTP,3,0,CUST_490,1600081,PLANT_04,PORT06,39,108.68859
1400001649.0,2026-03-13,PORT02,CARRIER_10,1,CRF,0,0,CUST_382,1600106,PLANT_09,PORT06,24,8.93703
1400001650.0,2026-08-30,PORT08,CARRIER_01,1,DTP,5,0,CUST_173,1600134,PLANT_18,PORT04,11,39.53244
1400001651.0,2026-09-24,PORT02,CARRIER_10,2,DTP,2,0,CUST_476,1600172,PLANT_09,PORT01,24,23.85641
1400001652.0,2026-10-27,PORT06,CARRIER_11,1,DTP,1,0,CUST_163,1600149,PLANT_17,PORT08,50,124.08538
1400001653.0,2026-05-08,PORT03,CARRIER_03,1,DTP,3,0,CUST_071,1600145,PLANT_08,PORT06,40,95.83362
1400001654.0,2026-11-11,PORT05,CARRIER_12,2,DTP,0,0,CUST_470,1600065,PLANT_12,PORT01,37,91.90008
1400001655.0,2026-06-27,PORT04,CARRIER_03,2,DTP,6,0,CUST_480,1600004,PLANT_02,PORT06,18,4.53544
1400001656.0,2026-05-22,PORT07,CARRIER_12,2,DTP,3,0,CUST_157,1600144,PLANT_07,PORT08,32,45.91052
1400001657.0,2026-02-27,PORT01,CARRIER_12,2,DTP,5,0,CUST_298,1600128,PLANT_05,PORT02,33,11.50393
1400001658.0,2026-04-28,PORT05,CARRIER_06,1,CRF,6,0,CUST_087,1600086,PLANT_12,PORT04,35,74.66507
1400001659.0,2026-12-22,PORT06,CARRIER_12,2,DTP,3,0,CUST_321,1600036,PLANT_20,PORT01,46,144.6493
1400001660.0,2026-09-19,PORT07,CARRIER_07,2,DTP,4,0,CUST_346,1600003,PLANT_07,PORT04,36,118.97868
1400001661.0,2026-09-23,PORT02,CARRIER_09,2,CRF,5,0,CUST_355,1600165,PLANT_04,PORT07,15,6.24428
1400001662.0,2026-11-23,PORT01,CARRIER_06,2,DTD,0,0,CUST_285,1600123,PLANT_19,PORT03,15,10.23835
1400001663.0,2026-04-08,PORT08,CARRIER_03,1,DTD,1,0,CUST_353,1600180,PLANT_08,PORT07,33,110.26565
1400001664.0,2026-08-30,PORT01,CARRIER_04,2,DTP,3,0,CUST_278,1600132,PLANT_19,PORT02,44,118.92406
1400001665.0,2026-05-16,PORT05,CARRIER_03,0,DTP,3,0,CUST_410,1600176,PLANT_12,PORT03,48,200.8185
1400001666.0,2026-11-06,PORT08,CARRIER_03,1,DTD,4,0,CUST_090,1600073,PLANT_15,PORT01,33,36.47149
1400001667.0,2026-06-04,PORT06,CARRIER_08,2,DTP,2,0,CUST_242,1600100,PLANT_02,PORT04,29,20.00064
1400001668.0,2026-11-09,PORT08,CARRIER_01,2,DTP,4,0,CUST_209,1600084,PLANT_03,PORT04,42,78.70457
1400001669.0,2026-09-30,PORT08,CARRIER_02,2,CRF,3,0,CUST_267,1600034,PLANT_08,PORT01,49,157.85982
1400001670.0,2026-10-09,PORT05,CARRIER_12,0,DTP,3,0,CUST_072,1600189,PLANT_12,PORT03,6,14.88744
1400001671.0,2026-12-04,PORT06,CARRIER_03,2,DTD,3,0,CUST_162,1600181,PLANT_17,PORT01,19,11.07903
1400001672.0,2026-10-16,PORT03,CARRIER_08,2,DTD,5,4,CUST_478,1600197,PLANT_11,PORT01,20,8.98662
1400001673.0,2026-04-28,PORT08,CARRIER_01,2,DTD,2,0,CUST_053,1600164,PLANT_18,PORT01,30,102.62096
1400001674.0,2026-07-10,PORT07,CARRIER_09,1,DTP,3,0,CUST_318,1600182,PLANT_14,PORT05,18,27.9926
1400001675.0,2026-06-22,PORT07,CARRIER_07,2,DTD,3,0,CUST_333,1600171,PLANT_11,PORT01,19,64.22882
1400001676.0,2026-01-24,PORT07,CARRIER_01,2,DTD,3,0,CUST_238,1600136,PLANT_16,PORT01,6,9.2705
1400001677.0,2026-08-05,PORT07,CARRIER_08,1,DTD,0,0,CUST_017,1600108,PLANT_16,PORT08,5,8.21246
1400001678.0,2026-06-09,PORT03,CARRIER_02,2,DTP,5,0,CUST_018,1600021,PLANT_08,PORT04,25,28.2023
1400001679.0,2026-05-24,PORT07,CARRIER_12,2,DTP,0,0,CUST_138,1600038,PLANT_11,PORT05,50,246.01066
1400001680.0,2026-02-10,PORT04,CARRIER_07,1,DTP,0,0,CUST_052,1600143,PLANT_13,PORT02,18,3.2174
1400001681.0,2026-07-04,PORT08,CARRIER_02,2,DTD,5,0,CUST_048,1600028,PLANT_18,PORT05,16,11.57659
1400001682.0,2026-07-31,PORT07,CARRIER_06,2,CRF,3,0,CUST_081,1600196,PLANT_13,PORT06,17,71.36297
1400001683.0,2026-02-08,PORT04,CARRIER_11,2,DTP,3,0,CUST_096,1600050,PLANT_02,PORT07,49,38.07263
1400001684.0,2026-08-20,PORT02,CARRIER_10,2,DTP,3,0,CUST_420,1600145,PLANT_05,PORT01,35,51.63952
1400001685.0,2026-03-03,PORT04,CARRIER_04,2,DTD,0,0,CUST_320,1600138,PLANT_02,PORT05,35,48.56762
1400001686.0,2026-02-22,PORT07,CARRIER_07,1,CRF,0,0,CUST_016,1600003,PLANT_14,PORT08,13,45.69798
1400001687.0,2026-05-27,PORT01,CARRIER_11,2,DTP,5,0,CUST_315,1600004,PLANT_06,PORT06,46,97.28475
1400001688.0,2026-05-23,PORT08,CARRIER_05,2,DTP,0,0,CUST_069,1600175,PLANT_08,PORT04,14,59.06432
1400001689.0,2026-11-30,PORT06,CARRIER_09,2,DTD,0,0,CUST_211,1600131,PLANT_02,PORT03,49,184.35727
1400001690.0,2026-01-25,PORT02,CARRIER_06,2,DTP,4,0,CUST_020,1600017,PLANT_02,PORT08,48,129.71503
1400001691.0,2026-05-08,PORT03,CARRIER_04,2,DTP,5,0,CUST_046,1600084,PLANT_13,PORT01,31,40.93248
1400001692.0,2026-09-26,PORT07,CARRIER_02,1,CRF,3,0,CUST_067,1600050,PLANT_16,PORT08,44,175.2455
1400001693.0,2026-04-02,PORT04,CARRIER_11,2,DTD,0,0,CUST_217,1600152,PLANT_02,PORT06,50,217.16769
1400001694.0,2026-12-25,PORT02,CARRIER_07,2,DTP,1,0,CUST_232,1600015,PLANT_01,PORT04,31,130.13131
1400001695.0,2026-09-29,PORT03,CARRIER_08,2,CRF,6,0,CUST_177,1600074,PLANT_17,PORT07,40,14.1359
1400001696.0,2026-12-12,PORT07,CARRIER_01,2,DTD,3,0,CUST_311,1600057,PLANT_10,PORT05,32,112.63992
1400001697.0,2026-12-13,PORT03,CARRIER_08,2,CRF,4,0,CUST_361,1600029,PLANT_04,PORT02,29,102.92968
1400001698.0,2026-02-09,PORT04,CARRIER_03,2,DTP,3,0,CUST_365,1600158,PLANT_02,PORT06,20,94.4214
1400001699.0,2026-06-17,PORT08,CARRIER_11,2,DTP,4,0,CUST_290,1600103,PLANT_18,PORT01,35,48.68654
1400001700.0,2026-09-29,PORT04,CARRIER_08,2,DTP,6,0,CUST_273,1600008,PLANT_02,PORT03,17,67.20269
1400001701.0,2026-01-04,PORT03,CARRIER_06,2,DTP,3,0,CUST_246,1600140,PLANT_08,PORT06,13,45.19545
1400001702.0,2026-06-14,PORT03,CARRIER_05,2,DTD,2,0,CUST_119,1600075,PLANT_06,PORT01,17,74.89796
1400001703.0,2026-09-09,PORT03,CARRIER_02,2,DTP,0,0,CUST_244,1600169,PLANT_08,PORT07,5,17.48605
1400001704.0,2026-10-17,PORT02,CARRIER_09,0,DTP,3,1,CUST_006,1600145,PLANT_09,PORT01,47,201.02028
1400001705.0,2026-06-01,PORT01,CARRIER_01,2,DTP,0,0,CUST_484,1600147,PLANT_19,PORT04,16,29.79071
1400001706.0,2026-11-12,PORT04,CARRIER_12,2,DTP,1,0,CUST_186,1600126,PLANT_07,PORT02,41,35.76675
1400001707.0,2026-09-03,PORT07,CARRIER_04,2,CRF,3,0,CUST_379,1600179,PLANT_14,PORT08,25,47.01062
1400001708.0,2026-01-17,PORT01,CARRIER_11,2,DTD,3,0,CUST_479,1600089,PLANT_06,PORT06,20,81.87507
1400001709.0,2026-04-12,PORT02,CARRIER_11,1,DTP,3,0,CUST_249,1600038,PLANT_09,PORT06,15,11.17627
1400001710.0,2026-12-09,PORT07,CARRIER_06,2,DTD,5,0,CUST_431,1600074,PLANT_16,PORT03,42,135.48912
1400001711.0,2026-01-01,PORT01,CARRIER_12,2,CRF,0,0,CUST_240,1600163,PLANT_18,PORT08,28,138.29269
1400001712.0,2026-02-09,PORT02,CARRIER_09,2,DTP,3,0,CUST_067,1600141,PLANT_05,PORT07,25,112.13932
1400001713.0,2026-05-06,PORT06,CARRIER_07,0,DTD,3,0,CUST_014,1600020,PLANT_05,PORT01,35,118.60794
1400001714.0,2026-12-29,PORT05,CARRIER_03,2,DTP,3,0,CUST_068,1600116,PLANT_12,PORT04,41,163.33943
1400001715.0,2026-09-15,PORT04,CARRIER_07,2,CRF,3,0,CUST_472,1600194,PLANT_13,PORT02,35,23.47571
1400001716.0,2026-02-23,PORT08,CARRIER_08,2,DTP,3,0,CUST_238,1600073,PLANT_08,PORT01,26,66.15142
1400001717.0,2026-05-24,PORT02,CARRIER_03,2,DTD,4,0,CUST_160,1600072,PLANT_01,PORT05,46,124.49306
1400001718.0,2026-12-09,PORT02,CARRIER_07,2,DTP,4,0,CUST_224,1600036,PLANT_09,PORT01,46,181.01962
1400001719.0,2026-03-21,PORT07,CARRIER_11,2,DTP,6,0,CUST_128,1600132,PLANT_14,PORT03,49,72.75066
1400001720.0,2026-07-30,PORT07,CARRIER_06,2,DTP,5,0,CUST_436,1600019,PLANT_13,PORT05,9,5.596
1400001721.0,2026-06-19,PORT05,CARRIER_05,1,DTP,3,0,CUST_500,1600112,PLANT_12,PORT04,45,158.4341
1400001722.0,2026-10-05,PORT01,CARRIER_08,1,CRF,3,0,CUST_043,1600143,PLANT_01,PORT08,13,32.67825
1400001723.0,2026-10-02,PORT06,CARRIER_06,1,DTP,3,2,CUST_360,1600151,PLANT_20,PORT02,33,139.49895
1400001724.0,2026-11-01,PORT04,CARRIER_08,2,DTP,3,0,CUST_168,1600147,PLANT_02,PORT07,35,86.07548
1400001725.0,2026-02-13,PORT06,CARRIER_12,2,DTD,0,0,CUST_024,1600195,PLANT_19,PORT08,14,59.45418
1400001726.0,2026-06-15,PORT04,CARRIER_09,3,DTP,3,0,CUST_462,1600005,PLANT_13,PORT05,5,12.94196
1400001727.0,2026-09-10,PORT07,CARRIER_10,2,DTP,5,0,CUST_031,1600031,PLANT_11,PORT01,48,188.89069
1400001728.0,2026-06-02,PORT07,CARRIER_03,1,DTP,3,0,CUST_103,1600032,PLANT_11,PORT02,45,163.42431
1400001729.0,2026-09-01,PORT07,CARRIER_10,2,DTP,0,0,CUST_013,1600032,PLANT_16,PORT01,13,18.24946
1400001730.0,2026-08-21,PORT01,CARRIER_01,1,DTD,3,0,CUST_236,1600035,PLANT_18,PORT02,32,51.71366
1400001731.0,2026-05-16,PORT06,CARRIER_06,2,DTP,3,0,CUST_300,1600122,PLANT_02,PORT01,11,49.56664
1400001732.0,2026-02-06,PORT03,CARRIER_03,1,DTP,4,0,CUST_161,1600006,PLANT_11,PORT07,31,38.18998
1400001733.0,2026-12-21,PORT06,CARRIER_02,1,DTP,0,0,CUST_036,1600038,PLANT_19,PORT07,19,66.8373
1400001734.0,2026-10-29,PORT02,CARRIER_12,2,DTP,3,0,CUST_059,1600083,PLANT_04,PORT08,39,31.63246
1400001735.0,2026-11-23,PORT07,CARRIER_05,2,DTD,3,1,CUST_467,1600086,PLANT_16,PORT06,31,117.80856
1400001736.0,2026-04-20,PORT06,CARRIER_07,2,DTP,3,2,CUST_403,1600177,PLANT_19,PORT08,27,32.24125
1400001737.0,2026-04-26,PORT08,CARRIER_06,0,DTP,1,0,CUST_469,1600123,PLANT_03,PORT06,36,108.39313
1400001738.0,2026-04-29,PORT03,CARRIER_09,2,CRF,4,0,CUST_266,1600070,PLANT_07,PORT02,26,74.48462
1400001739.0,2026-01-12,PORT08,CARRIER_10,0,DTP,4,0,CUST_274,1600065,PLANT_18,PORT02,5,5.4861
1400001740.0,2026-03-03,PORT03,CARRIER_01,2,CRF,3,0,CUST_393,1600160,PLANT_13,PORT06,32,80.25204
1400001741.0,2026-04-23,PORT07,CARRIER_10,2,DTP,1,0,CUST_309,1600049,PLANT_16,PORT02,40,176.33261
1400001742.0,2026-12-27,PORT01,CARRIER_08,1,DTP,3,1,CUST_219,1600091,PLANT_19,PORT03,27,92.73403
1400001743.0,2026-03-16,PORT06,CARRIER_12,2,DTP,3,0,CUST_146,1600173,PLANT_20,PORT04,13,64.53209
1400001744.0,2026-07-05,PORT01,CARRIER_01,0,DTD,2,0,CUST_243,1600057,PLANT_09,PORT07,5,19.72158
1400001745.0,2026-07-19,PORT01,CARRIER_01,2,DTP,3,0,CUST_032,1600084,PLANT_01,PORT05,18,58.55277
1400001746.0,2026-05-12,PORT01,CARRIER_03,2,DTD,3,0,CUST_097,1600135,PLANT_09,PORT03,40,114.3876
1400001747.0,2026-12-02,PORT07,CARRIER_06,2,DTD,4,0,CUST_369,1600150,PLANT_16,PORT08,19,89.17461
1400001748.0,2026-02-04,PORT01,CARRIER_09,0,DTP,6,0,CUST_435,1600045,PLANT_09,PORT05,48,128.75356
1400001749.0,2026-11-14,PORT03,CARRIER_10,2,DTP,3,0,CUST_051,1600177,PLANT_04,PORT08,20,41.46193
1400001750.0,2026-09-29,PORT04,CARRIER_09,2,CRF,0,0,CUST_049,1600081,PLANT_15,PORT08,24,100.53644
1400001751.0,2026-04-22,PORT04,CARRIER_06,2,DTP,2,0,CUST_043,1600059,PLANT_02,PORT08,39,183.58071
1400001752.0,2026-10-08,PORT01,CARRIER_02,2,DTD,0,0,CUST_396,1600127,PLANT_06,PORT05,33,80.74086
1400001753.0,2026-06-06,PORT02,CARRIER_03,2,DTD,3,0,CUST_156,1600068,PLANT_04,PORT01,6,4.63481
1400001754.0,2026-12-21,PORT05,CARRIER_05,2,DTD,3,0,CUST_164,1600004,PLANT_12,PORT06,8,24.64821
1400001755.0,2026-01-14,PORT02,CARRIER_10,2,DTP,6,0,CUST_007,1600144,PLANT_04,PORT03,14,52.22452
1400001756.0,2026-01-11,PORT03,CARRIER_11,2,DTD,3,0,CUST_487,1600101,PLANT_11,PORT04,45,86.88676
1400001757.0,2026-07-18,PORT07,CARRIER_01,2,CRF,0,0,CUST_218,1600074,PLANT_16,PORT05,6,22.58764
1400001758.0,2026-12-06,PORT07,CARRIER_12,4,DTD,3,0,CUST_399,1600047,PLANT_07,PORT08,8,21.61721
1400001759.0,2026-01-24,PORT01,CARRIER_05,2,CRF,3,0,CUST_354,1600122,PLANT_01,PORT07,40,63.0658
1400001760.0,2026-10-11,PORT04,CARRIER_08,2,DTP,0,0,CUST_071,1600060,PLANT_13,PORT01,33,105.09358
1400001761.0,2026-12-09,PORT04,CARRIER_09,2,DTD,3,0,CUST_401,1600119,PLANT_13,PORT03,50,100.29215
1400001762.0,2026-06-27,PORT06,CARRIER_05,1,DTP,0,0,CUST_276,1600184,PLANT_15,PORT02,15,59.33167
1400001763.0,2026-11-13,PORT01,CARRIER_02,2,DTP,0,0,CUST_303,1600058,PLANT_09,PORT03,35,4.02822
1400001764.0,2026-10-04,PORT01,CARRIER_03,2,DTP,3,0,CUST_101,1600084,PLANT_19,PORT06,11,45.1998
1400001765.0,2026-03-20,PORT08,CARRIER_11,2,DTP,4,0,CUST_424,1600034,PLANT_08,PORT04,32,51.271
1400001766.0,2026-11-08,PORT06,CARRIER_08,2,CRF,5,0,CUST_466,1600093,PLANT_20,PORT05,9,43.21953
1400001767.0,2026-09-13,PORT05,CARRIER_05,1,DTP,1,0,CUST_204,1600123,PLANT_12,PORT03,46,175.71576
1400001768.0,2026-01-05,PORT02,CARRIER_12,2,DTP,3,0,CUST_047,1600134,PLANT_09,PORT01,24,30.74634
1400001769.0,2026-07-27,PORT01,CARRIER_05,2,CRF,4,0,CUST_425,1600167,PLANT_09,PORT02,16,78.33785
1400001770.0,2026-08-27,PORT01,CARRIER_09,2,DTP,6,0,CUST_444,1600082,PLANT_06,PORT07,50,127.39725
1400001771.0,2026-10-20,PORT03,CARRIER_12,1,DTD,4,0,CUST_254,1600148,PLANT_04,PORT06,8,21.29861
1400001772.0,2026-10-09,PORT06,CARRIER_05,2,DTP,3,0,CUST_290,1600001,PLANT_20,PORT05,41,186.82219
1400001773.0,2026-06-23,PORT06,CARRIER_02,2,DTP,5,0,CUST_112,1600173,PLANT_20,PORT05,28,128.8049
1400001774.0,2026-04-20,PORT07,CARRIER_06,1,DTP,3,0,CUST_034,1600027,PLANT_14,PORT02,36,126.53007
1400001775.0,2026-03-11,PORT01,CARRIER_06,2,DTP,0,0,CUST_473,1600183,PLANT_03,PORT02,16,78.31045
1400001776.0,2026-02-02,PORT07,CARRIER_07,2,DTD,0,0,CUST_242,1600108,PLANT_16,PORT04,45,77.0159
1400001777.0,2026-08-22,PORT03,CARRIER_07,1,CRF,5,3,CUST_138,1600079,PLANT_04,PORT01,25,30.96123
1400001778.0,2026-12-17,PORT07,CARRIER_08,4,CRF,5,0,CUST_347,1600038,PLANT_11,PORT03,24,5.84059
1400001779.0,2026-01-30,PORT08,CARRIER_02,0,DTP,3,0,CUST_014,1600106,PLANT_15,PORT05,25,44.92725
1400001780.0,2026-09-14,PORT07,CARRIER_11,2,DTP,3,0,CUST_040,1600081,PLANT_14,PORT05,18,54.95226
1400001781.0,2026-08-02,PORT03,CARRIER_04,2,DTP,2,0,CUST_122,1600070,PLANT_04,PORT06,19,30.33079
1400001782.0,2026-03-04,PORT08,CARRIER_10,2,CRF,3,0,CUST_226,1600132,PLANT_18,PORT02,11,32.34153
1400001783.0,2026-03-19,PORT07,CARRIER_07,2,DTP,3,0,CUST_184,1600130,PLANT_13,PORT02,27,9.10144
1400001784.0,2026-04-14,PORT06,CARRIER_04,2,DTD,2,0,CUST_094,1600005,PLANT_19,PORT08,26,47.7112
1400001785.0,2026-09-08,PORT08,CARRIER_12,2,CRF,3,0,CUST_176,1600104,PLANT_08,PORT01,22,82.83493
1400001786.0,2026-04-20,PORT07,CARRIER_04,2,DTP,3,1,CUST_167,1600145,PLANT_10,PORT02,50,30.56008
1400001787.0,2026-10-30,PORT04,CARRIER_06,2,DTP,5,0,CUST_263,1600095,PLANT_15,PORT06,10,36.02704
1400001788.0,2026-05-15,PORT08,CARRIER_04,2,DTP,5,0,CUST_282,1600133,PLANT_03,PORT03,46,176.65032
1400001789.0,2026-02-09,PORT02,CARRIER_07,2,DTD,0,0,CUST_442,1600125,PLANT_02,PORT04,44,127.02498
1400001790.0,2026-02-04,PORT07,CARRIER_02,0,DTP,1,0,CUST_404,1600185,PLANT_11,PORT01,6,26.65097
1400001791.0,2026-05-27,PORT02,CARRIER_09,1,DTP,1,4,CUST_147,1600118,PLANT_02,PORT08,37,176.76236
1400001792.0,2026-05-29,PORT04,CARRIER_01,1,DTP,0,0,CUST_452,1600155,PLANT_13,PORT08,14,3.77888
1400001793.0,2026-09-25,PORT05,CARRIER_02,1,DTD,3,0,CUST_261,1600131,PLANT_12,PORT04,6,20.56504
1400001794.0,2026-06-24,PORT01,CARRIER_12,2,CRF,3,0,CUST_094,1600175,PLANT_03,PORT07,44,55.53482
1400001795.0,2026-03-01,PORT08,CARRIER_02,2,DTP,0,0,CUST_171,1600113,PLANT_03,PORT01,10,21.00098
1400001796.0,2026-03-19,PORT07,CARRIER_04,2,DTP,6,0,CUST_371,1600001,PLANT_16,PORT01,18,56.76221
1400001797.0,2026-07-26,PORT08,CARRIER_06,1,DTP,4,0,CUST_411,1600004,PLANT_06,PORT04,9,32.31121
1400001798.0,2026-05-02,PORT08,CARRIER_06,2,DTP,0,0,CUST_188,1600077,PLANT_06,PORT01,11,46.38629
1400001799.0,2026-09-03,PORT02,CARRIER_08,0,CRF,3,0,CUST_079,1600152,PLANT_09,PORT01,7,24.89477
1400001800.0,2026-12-03,PORT06,CARRIER_02,1,DTP,2,0,CUST_096,1600176,PLANT_02,PORT01,43,168.09797
1400001801.0,2026-05-10,PORT05,CARRIER_04,2,DTP,3,0,CUST_052,1600051,PLANT_12,PORT07,7,21.24814
1400001802.0,2026-07-21,PORT06,CARRIER_06,1,DTD,3,0,CUST_350,1600072,PLANT_02,PORT03,39,26.26999
1400001803.0,2026-10-31,PORT03,CARRIER_01,2,CRF,0,0,CUST_252,1600020,PLANT_13,PORT08,12,2.4601
1400001804.0,2026-03-18,PORT01,CARRIER_01,2,DTP,3,0,CUST_226,1600107,PLANT_09,PORT08,47,126.70904
1400001805.0,2026-07-06,PORT06,CARRIER_10,2,DTD,6,0,CUST_336,1600159,PLANT_19,PORT03,44,158.67065
1400001806.0,2026-04-22,PORT03,CARRIER_11,1,CRF,3,0,CUST_415,1600139,PLANT_11,PORT07,33,20.90357
1400001807.0,2026-08-17,PORT02,CARRIER_09,2,DTP,3,0,CUST_398,1600082,PLANT_09,PORT05,43,94.75266
1400001808.0,2026-09-29,PORT01,CARRIER_12,2,DTD,4,0,CUST_069,1600027,PLANT_05,PORT06,18,24.39485
1400001809.0,2026-02-21,PORT02,CARRIER_11,2,DTP,4,0,CUST_295,1600023,PLANT_04,PORT08,41,118.02899
1400001810.0,2026-03-10,PORT06,CARRIER_12,2,DTP,5,0,CUST_442,1600108,PLANT_15,PORT02,15,30.20195
1400001811.0,2026-01-09,PORT03,CARRIER_10,1,DTP,0,0,CUST_387,1600198,PLANT_07,PORT04,33,35.87729
1400001812.0,2026-01-05,PORT05,CARRIER_03,2,DTP,0,0,CUST_165,1600160,PLANT_12,PORT07,47,5.71164
1400001813.0,2026-01-19,PORT03,CARRIER_09,1,DTP,4,0,CUST_197,1600035,PLANT_04,PORT01,38,63.66797
1400001814.0,2026-09-15,PORT03,CARRIER_10,2,DTP,6,0,CUST_446,1600047,PLANT_13,PORT07,17,44.69631
1400001815.0,2026-11-26,PORT06,CARRIER_07,2,DTP,3,0,CUST_017,1600040,PLANT_20,PORT02,38,176.81873
1400001816.0,2026-05-30,PORT05,CARRIER_05,0,DTP,6,0,CUST_263,1600077,PLANT_12,PORT04,45,54.65846
1400001817.0,2026-11-19,PORT02,CARRIER_12,1,DTD,3,0,CUST_059,1600035,PLANT_05,PORT07,45,117.45224
1400001818.0,2026-09-24,PORT04,CARRIER_08,2,DTP,0,0,CUST_448,1600136,PLANT_02,PORT01,39,112.15749
1400001819.0,2026-10-22,PORT01,CARRIER_09,2,DTD,5,0,CUST_020,1600149,PLANT_09,PORT02,38,124.68619
1400001820.0,2026-09-28,PORT06,CARRIER_12,2,DTP,4,0,CUST_012,1600061,PLANT_20,PORT04,41,70.10898
1400001821.0,2026-03-14,PORT03,CARRIER_02,2,DTD,3,0,CUST_165,1600093,PLANT_13,PORT02,38,22.32351
1400001822.0,2026-07-11,PORT05,CARRIER_07,2,DTP,3,2,CUST_101,1600077,PLANT_12,PORT07,11,50.7611
1400001823.0,2026-07-11,PORT03,CARRIER_10,2,DTP,3,0,CUST_248,1600180,PLANT_08,PORT04,41,195.50857
1400001824.0,2026-08-23,PORT03,CARRIER_05,4,DTP,3,0,CUST_150,1600053,PLANT_08,PORT07,13,29.21532
1400001825.0,2026-10-18,PORT01,CARRIER_03,2,DTD,3,0,CUST_179,1600058,PLANT_09,PORT03,30,88.34452
1400001826.0,2026-02-11,PORT04,CARRIER_07,2,DTP,3,0,CUST_283,1600171,PLANT_02,PORT07,20,4.84459
1400001827.0,2026-09-04,PORT08,CARRIER_10,2,DTD,3,0,CUST_281,1600169,PLANT_08,PORT07,14,4.63899
1400001828.0,2026-11-01,PORT08,CARRIER_08,2,DTP,0,0,CUST_468,1600157,PLANT_06,PORT07,17,8.0864
1400001829.0,2026-02-12,PORT07,CARRIER_12,1,CRF,0,0,CUST_241,1600031,PLANT_13,PORT01,8,29.75886
1400001830.0,2026-06-01,PORT07,CARRIER_07,2,DTP,0,0,CUST_283,1600048,PLANT_14,PORT08,25,30.33623
1400001831.0,2026-11-23,PORT07,CARRIER_02,1,DTP,3,0,CUST_339,1600033,PLANT_14,PORT01,24,24.09099
1400001832.0,2026-01-09,PORT05,CARRIER_02,2,DTD,3,0,CUST_088,1600116,PLANT_12,PORT06,23,3.23939
1400001833.0,2026-02-28,PORT04,CARRIER_01,2,DTP,3,0,CUST_334,1600165,PLANT_15,PORT02,9,1.90978
1400001834.0,2026-10-21,PORT07,CARRIER_09,1,DTP,3,0,CUST_431,1600144,PLANT_11,PORT01,32,66.76417
1400001835.0,2026-03-04,PORT06,CARRIER_10,2,DTD,0,0,CUST_160,1600022,PLANT_20,PORT03,12,33.05066
1400001836.0,2026-09-14,PORT04,CARRIER_01,2,DTD,4,0,CUST_090,1600087,PLANT_15,PORT06,44,129.24516
1400001837.0,2026-11-25,PORT01,CARRIER_10,1,DTP,3,0,CUST_174,1600036,PLANT_03,PORT02,6,14.06259
1400001838.0,2026-07-01,PORT03,CARRIER_09,2,DTP,3,0,CUST_138,1600105,PLANT_04,PORT07,7,16.46295
1400001839.0,2026-06-26,PORT06,CARRIER_09,2,DTP,0,0,CUST_293,1600054,PLANT_02,PORT03,18,68.22714
1400001840.0,2026-06-06,PORT07,CARRIER_06,2,DTP,3,0,CUST_432,1600118,PLANT_14,PORT01,23,34.93455
1400001841.0,2026-05-17,PORT02,CARRIER_06,2,DTD,3,0,CUST_299,1600149,PLANT_01,PORT01,49,61.97605
1400001842.0,2026-05-19,PORT03,CARRIER_01,2,DTP,4,4,CUST_063,1600064,PLANT_04,PORT04,29,124.29947
1400001843.0,2026-07-22,PORT04,CARRIER_11,2,DTD,0,3,CUST_158,1600180,PLANT_02,PORT01,22,76.50264
1400001844.0,2026-11-23,PORT02,CARRIER_09,2,DTD,3,0,CUST_345,1600188,PLANT_01,PORT05,43,104.77576
1400001845.0,2026-12-25,PORT07,CARRIER_08,1,DTP,6,0,CUST_166,1600040,PLANT_13,PORT04,16,23.19174
1400001846.0,2026-11-13,PORT06,CARRIER_12,2,DTP,5,0,CUST_294,1600139,PLANT_20,PORT02,46,35.38554
1400001847.0,2026-02-13,PORT03,CARRIER_11,2,DTP,5,0,CUST_348,1600194,PLANT_13,PORT06,23,6.51737
1400001848.0,2026-04-22,PORT08,CARRIER_03,1,DTP,0,0,CUST_165,1600081,PLANT_15,PORT06,19,81.25521
1400001849.0,2026-10-04,PORT08,CARRIER_05,2,DTP,3,0,CUST_324,1600094,PLANT_18,PORT01,18,54.1366
1400001850.0,2026-07-19,PORT01,CARRIER_04,1,DTP,0,0,CUST_200,1600035,PLANT_05,PORT05,5,1.62282
1400001851.0,2026-05-03,PORT03,CARRIER_05,2,CRF,3,0,CUST_068,1600108,PLANT_11,PORT07,35,30.69774
1400001852.0,2026-04-24,PORT07,CARRIER_02,0,DTD,3,0,CUST_187,1600161,PLANT_11,PORT03,31,45.56581
1400001853.0,2026-02-12,PORT08,CARRIER_08,2,DTP,3,0,CUST_221,1600024,PLANT_18,PORT07,34,47.22773
1400001854.0,2026-05-02,PORT07,CARRIER_02,2,DTP,6,0,CUST_002,1600094,PLANT_14,PORT06,34,94.76194
1400001855.0,2026-06-04,PORT05,CARRIER_09,2,DTD,6,0,CUST_447,1600126,PLANT_12,PORT04,6,12.34364
1400001856.0,2026-06-01,PORT01,CARRIER_12,2,DTP,0,0,CUST_264,1600127,PLANT_19,PORT03,45,199.02876
1400001857.0,2026-07-20,PORT03,CARRIER_02,0,DTP,5,0,CUST_019,1600154,PLANT_11,PORT07,28,101.50315
1400001858.0,2026-04-10,PORT01,CARRIER_04,0,DTD,5,0,CUST_434,1600151,PLANT_01,PORT02,36,164.25323
1400001859.0,2026-03-17,PORT01,CARRIER_02,2,DTD,3,0,CUST_428,1600099,PLANT_18,PORT04,6,25.96687
1400001860.0,2026-11-20,PORT07,CARRIER_10,1,DTP,1,0,CUST_007,1600174,PLANT_11,PORT04,40,184.58835
1400001861.0,2026-05-28,PORT07,CARRIER_10,0,DTD,0,0,CUST_082,1600035,PLANT_14,PORT06,36,176.47402
1400001862.0,2026-04-03,PORT07,CARRIER_08,2,DTD,3,0,CUST_182,1600093,PLANT_07,PORT02,21,34.17356
1400001863.0,2026-08-21,PORT03,CARRIER_07,2,DTP,0,0,CUST_254,1600070,PLANT_04,PORT02,48,54.11688
1400001864.0,2026-07-17,PORT05,CARRIER_07,0,DTD,1,0,CUST_363,1600014,PLANT_12,PORT06,34,30.91438
1400001865.0,2026-07-30,PORT02,CARRIER_03,2,DTP,0,0,CUST_213,1600038,PLANT_09,PORT06,46,146.17114
1400001866.0,2026-03-22,PORT04,CARRIER_08,1,DTP,3,0,CUST_306,1600102,PLANT_02,PORT03,42,144.34295
1400001867.0,2026-09-21,PORT01,CARRIER_05,2,DTD,3,0,CUST_006,1600115,PLANT_09,PORT04,14,7.42565
1400001868.0,2026-03-12,PORT01,CARRIER_05,0,DTP,0,0,CUST_330,1600155,PLANT_03,PORT05,50,206.16254
1400001869.0,2026-11-02,PORT01,CARRIER_10,2,DTP,5,0,CUST_458,1600111,PLANT_05,PORT03,39,153.54401
1400001870.0,2026-06-04,PORT01,CARRIER_11,1,DTP,0,0,CUST_264,1600051,PLANT_01,PORT08,13,41.33379
1400001871.0,2026-05-30,PORT03,CARRIER_03,3,DTD,3,0,CUST_228,1600048,PLANT_13,PORT04,41,91.61455
1400001872.0,2026-05-22,PORT06,CARRIER_08,1,DTD,3,0,CUST_149,1600159,PLANT_02,PORT05,24,20.4701
1400001873.0,2026-06-04,PORT07,CARRIER_08,2,DTD,3,0,CUST_478,1600160,PLANT_13,PORT08,44,113.40569
1400001874.0,2026-08-31,PORT03,CARRIER_12,2,DTD,2,0,CUST_017,1600014,PLANT_07,PORT07,12,10.55915
1400001875.0,2026-07-01,PORT06,CARRIER_07,2,CRF,3,0,CUST_144,1600190,PLANT_02,PORT04,16,49.03034
1400001876.0,2026-02-16,PORT03,CARRIER_05,1,DTP,2,0,CUST_070,1600161,PLANT_11,PORT04,20,32.37654
1400001877.0,2026-07-26,PORT05,CARRIER_12,2,DTP,1,0,CUST_434,1600101,PLANT_12,PORT04,25,32.79502
1400001878.0,2026-04-08,PORT07,CARRIER_12,2,DTP,3,0,CUST_242,1600016,PLANT_16,PORT01,34,76.87916
1400001879.0,2026-02-09,PORT07,CARRIER_10,1,DTP,0,0,CUST_462,1600094,PLANT_14,PORT02,15,44.18239
1400001880.0,2026-11-03,PORT06,CARRIER_12,1,DTP,6,0,CUST_333,1600082,PLANT_17,PORT02,37,70.32124
1400001881.0,2026-04-25,PORT04,CARRIER_09,2,DTP,3,0,CUST_279,1600183,PLANT_15,PORT06,6,28.92994
1400001882.0,2026-08-06,PORT03,CARRIER_04,2,DTP,0,0,CUST_259,1600027,PLANT_06,PORT04,20,2.57797
1400001883.0,2026-03-04,PORT05,CARRIER_10,2,CRF,4,0,CUST_102,1600139,PLANT_17,PORT04,35,160.05566
1400001884.0,2026-05-04,PORT02,CARRIER_12,2,DTD,3,0,CUST_282,1600153,PLANT_01,PORT03,17,1.75698
1400001885.0,2026-05-21,PORT04,CARRIER_12,2,DTD,3,0,CUST_343,1600113,PLANT_02,PORT06,24,27.88532
1400001886.0,2026-02-18,PORT05,CARRIER_10,1,DTP,6,0,CUST_483,1600092,PLANT_12,PORT07,32,159.42787
1400001887.0,2026-12-22,PORT06,CARRIER_04,2,DTP,3,0,CUST_275,1600160,PLANT_17,PORT05,16,58.68268
1400001888.0,2026-04-24,PORT01,CARRIER_10,2,DTP,0,0,CUST_470,1600045,PLANT_19,PORT04,49,159.64406
1400001889.0,2026-08-01,PORT03,CARRIER_01,2,DTP,4,0,CUST_473,1600158,PLANT_11,PORT05,43,157.28777
1400001890.0,2026-07-26,PORT01,CARRIER_08,2,DTP,5,0,CUST_262,1600002,PLANT_06,PORT08,49,102.93191
1400001891.0,2026-06-06,PORT02,CARRIER_04,2,DTP,1,0,CUST_220,1600175,PLANT_01,PORT06,27,106.45095
1400001892.0,2026-08-02,PORT03,CARRIER_02,2,DTP,0,0,CUST_072,1600107,PLANT_06,PORT05,20,17.17707
1400001893.0,2026-07-26,PORT03,CARRIER_11,1,DTD,3,0,CUST_135,1600046,PLANT_13,PORT06,50,199.50363
1400001894.0,2026-01-30,PORT07,CARRIER_09,2,CRF,3,0,CUST_440,1600023,PLANT_16,PORT05,38,178.73987
1400001895.0,2026-09-02,PORT07,CARRIER_09,0,DTP,1,0,CUST_070,1600139,PLANT_11,PORT03,41,176.40929
1400001896.0,2026-02-11,PORT02,CARRIER_08,1,DTP,6,0,CUST_199,1600194,PLANT_04,PORT03,13,48.4164
1400001897.0,2026-06-08,PORT04,CARRIER_02,2,DTP,0,0,CUST_350,1600160,PLANT_13,PORT01,44,144.83695
1400001898.0,2026-05-14,PORT02,CARRIER_07,2,DTP,4,0,CUST_121,1600121,PLANT_05,PORT08,29,76.9472
1400001899.0,2026-06-13,PORT01,CARRIER_05,2,DTP,5,0,CUST_488,1600151,PLANT_01,PORT03,40,81.46376
1400001900.0,2026-01-27,PORT08,CARRIER_12,1,DTP,0,0,CUST_325,1600126,PLANT_18,PORT01,42,182.35151
1400001901.0,2026-09-14,PORT01,CARRIER_08,2,DTP,3,0,CUST_015,1600099,PLANT_19,PORT05,9,29.45292
1400001902.0,2026-06-02,PORT08,CARRIER_11,2,DTP,0,0,CUST_124,1600181,PLANT_15,PORT01,9,20.0791
1400001903.0,2026-01-23,PORT06,CARRIER_02,2,DTP,3,0,CUST_371,1600087,PLANT_05,PORT08,7,27.61836
1400001904.0,2026-01-02,PORT03,CARRIER_04,2,DTP,3,0,CUST_432,1600103,PLANT_08,PORT02,34,12.41369
1400001905.0,2026-07-17,PORT06,CARRIER_08,2,DTD,4,0,CUST_464,1600042,PLANT_05,PORT05,47,191.96136
1400001906.0,2026-09-01,PORT04,CARRIER_12,1,CRF,3,0,CUST_426,1600036,PLANT_02,PORT05,6,24.43464
1400001907.0,2026-07-19,PORT06,CARRIER_01,2,DTP,3,0,CUST_038,1600004,PLANT_17,PORT08,11,13.41774
1400001908.0,2026-09-20,PORT02,CARRIER_02,1,DTD,0,0,CUST_365,1600125,PLANT_02,PORT05,27,7.68395
1400001909.0,2026-10-04,PORT02,CARRIER_09,2,DTP,0,0,CUST_056,1600162,PLANT_02,PORT08,22,79.13772
1400001910.0,2026-11-15,PORT06,CARRIER_02,2,DTP,3,0,CUST_039,1600002,PLANT_02,PORT07,9,9.71434
1400001911.0,2026-12-25,PORT05,CARRIER_04,1,DTP,5,0,CUST_346,1600074,PLANT_12,PORT04,33,164.35672
1400001912.0,2026-11-19,PORT07,CARRIER_08,1,DTP,4,0,CUST_240,1600011,PLANT_13,PORT04,46,6.66972
1400001913.0,2026-10-18,PORT05,CARRIER_06,2,DTD,3,0,CUST_324,1600141,PLANT_12,PORT08,14,17.16373
1400001914.0,2026-06-07,PORT04,CARRIER_10,2,CRF,6,0,CUST_426,1600128,PLANT_02,PORT07,5,1.53053
1400001915.0,2026-07-03,PORT07,CARRIER_01,2,DTP,0,0,CUST_035,1600116,PLANT_16,PORT04,15,59.0252
1400001916.0,2026-08-13,PORT08,CARRIER_08,2,DTD,6,0,CUST_264,1600076,PLANT_08,PORT02,13,38.1629
1400001917.0,2026-03-03,PORT06,CARRIER_08,2,DTP,0,0,CUST_418,1600178,PLANT_15,PORT04,26,110.69056
1400001918.0,2026-09-05,PORT05,CARRIER_04,2,DTD,0,0,CUST_221,1600004,PLANT_17,PORT07,9,43.35125
1400001919.0,2026-08-03,PORT03,CARRIER_09,2,DTP,5,0,CUST_262,1600019,PLANT_08,PORT01,21,64.88082
1400001920.0,2026-07-09,PORT05,CARRIER_06,2,DTP,3,0,CUST_249,1600042,PLANT_12,PORT08,10,12.35592
1400001921.0,2026-11-01,PORT02,CARRIER_11,2,DTD,5,0,CUST_454,1600042,PLANT_02,PORT06,36,19.94336
1400001922.0,2026-09-08,PORT04,CARRIER_10,1,DTP,3,0,CUST_025,1600129,PLANT_15,PORT02,26,112.96166
1400001923.0,2026-12-07,PORT02,CARRIER_09,2,DTP,0,0,CUST_439,1600064,PLANT_02,PORT03,8,10.40844
1400001924.0,2026-12-23,PORT03,CARRIER_07,1,CRF,0,0,CUST_409,1600199,PLANT_04,PORT08,7,31.34768
1400001925.0,2026-10-29,PORT01,CARRIER_09,2,DTP,3,0,CUST_407,1600127,PLANT_19,PORT04,27,118.89745
1400001926.0,2026-04-19,PORT02,CARRIER_02,1,DTP,3,0,CUST_207,1600196,PLANT_02,PORT06,32,101.64048
1400001927.0,2026-03-10,PORT08,CARRIER_06,2,DTP,3,0,CUST_258,1600047,PLANT_18,PORT06,13,39.77453
1400001928.0,2026-04-20,PORT03,CARRIER_05,2,DTD,0,0,CUST_185,1600077,PLANT_04,PORT01,19,90.42194
1400001929.0,2026-09-18,PORT02,CARRIER_01,2,DTP,0,0,CUST_126,1600074,PLANT_04,PORT04,32,121.74317
1400001930.0,2026-11-12,PORT05,CARRIER_10,2,CRF,3,0,CUST_438,1600133,PLANT_12,PORT01,26,89.6501
1400001931.0,2026-11-18,PORT07,CARRIER_08,1,DTP,0,0,CUST_253,1600193,PLANT_16,PORT01,10,22.3513
1400001932.0,2026-09-07,PORT08,CARRIER_04,2,DTP,3,0,CUST_362,1600002,PLANT_06,PORT06,22,54.37503
1400001933.0,2026-09-06,PORT02,CARRIER_01,2,DTP,0,0,CUST_051,1600046,PLANT_04,PORT05,14,28.07999
1400001934.0,2026-12-14,PORT01,CARRIER_12,2,DTP,5,0,CUST_395,1600018,PLANT_19,PORT03,47,222.63773
1400001935.0,2026-09-08,PORT04,CARRIER_08,2,DTP,3,0,CUST_330,1600134,PLANT_15,PORT02,41,132.29815
1400001936.0,2026-02-21,PORT08,CARRIER_10,2,DTP,0,0,CUST_499,1600166,PLANT_18,PORT03,19,74.55185
1400001937.0,2026-07-02,PORT07,CARRIER_01,2,DTP,4,0,CUST_067,1600001,PLANT_16,PORT03,15,4.23418
1400001938.0,2026-05-11,PORT08,CARRIER_11,2,DTD,3,0,CUST_271,1600099,PLANT_18,PORT06,11,47.04578
1400001939.0,2026-08-21,PORT04,CARRIER_01,2,DTD,3,0,CUST_256,1600036,PLANT_02,PORT05,38,81.56425
1400001940.0,2026-08-21,PORT07,CARRIER_11,2,DTP,1,0,CUST_270,1600114,PLANT_16,PORT03,47,174.46803
1400001941.0,2026-04-18,PORT03,CARRIER_07,2,DTP,3,0,CUST_028,1600141,PLANT_07,PORT04,17,5.03411
1400001942.0,2026-04-20,PORT05,CARRIER_11,2,DTP,5,0,CUST_237,1600192,PLANT_12,PORT08,34,152.31927
1400001943.0,2026-02-02,PORT07,CARRIER_12,2,DTP,0,0,CUST_150,1600123,PLANT_14,PORT06,15,49.99865
1400001944.0,2026-04-18,PORT02,CARRIER_11,1,DTP,3,0,CUST_309,1600040,PLANT_02,PORT06,47,110.06243
1400001945.0,2026-10-30,PORT08,CARRIER_09,2,DTP,0,0,CUST_117,1600111,PLANT_15,PORT07,18,28.57382
1400001946.0,2026-08-28,PORT06,CARRIER_02,1,DTP,3,0,CUST_218,1600146,PLANT_20,PORT02,9,14.61616
1400001947.0,2026-12-11,PORT02,CARRIER_09,2,DTD,3,0,CUST_311,1600050,PLANT_01,PORT07,45,71.39929
1400001948.0,2026-12-05,PORT08,CARRIER_07,4,DTP,0,2,CUST_033,1600069,PLANT_03,PORT06,48,35.61728
1400001949.0,2026-11-09,PORT01,CARRIER_10,2,DTP,0,0,CUST_394,1600021,PLANT_09,PORT04,23,54.57133
1400001950.0,2026-03-07,PORT07,CARRIER_12,2,CRF,3,0,CUST_358,1600120,PLANT_16,PORT08,46,106.81582
1400001951.0,2026-05-02,PORT08,CARRIER_06,2,DTP,3,0,CUST_029,1600026,PLANT_15,PORT04,16,33.89583
1400001952.0,2026-01-21,PORT01,CARRIER_04,2,CRF,5,0,CUST_033,1600145,PLANT_01,PORT03,17,60.26775
1400001953.0,2026-02-04,PORT02,CARRIER_09,2,DTP,3,0,CUST_426,1600051,PLANT_09,PORT07,29,62.55569
1400001954.0,2026-03-26,PORT02,CARRIER_03,2,DTP,5,0,CUST_142,1600006,PLANT_05,PORT01,32,17.15578
1400001955.0,2026-04-13,PORT04,CARRIER_06,2,DTP,5,0,CUST_431,1600084,PLANT_13,PORT01,22,94.05203
1400001956.0,2026-01-06,PORT02,CARRIER_09,1,DTP,0,0,CUST_250,1600076,PLANT_02,PORT06,41,89.50276
1400001957.0,2026-11-04,PORT01,CARRIER_12,1,DTD,5,0,CUST_172,1600094,PLANT_05,PORT07,41,135.74689
1400001958.0,2026-07-12,PORT03,CARRIER_09,0,DTP,6,0,CUST_137,1600122,PLANT_08,PORT02,10,46.56492
1400001959.0,2026-08-28,PORT04,CARRIER_09,2,DTP,3,0,CUST_330,1600110,PLANT_13,PORT07,50,193.0167
1400001960.0,2026-08-27,PORT04,CARRIER_07,2,DTP,3,1,CUST_055,1600067,PLANT_02,PORT05,12,32.88137
1400001961.0,2026-12-19,PORT01,CARRIER_04,4,DTP,2,0,CUST_202,1600015,PLANT_09,PORT06,29,80.34766
1400001962.0,2026-02-23,PORT06,CARRIER_11,2,DTP,0,0,CUST_173,1600147,PLANT_19,PORT03,24,102.30485
1400001963.0,2026-05-06,PORT04,CARRIER_05,2,DTP,1,0,CUST_078,1600170,PLANT_15,PORT02,25,103.39496
1400001964.0,2026-04-23,PORT02,CARRIER_03,2,DTP,0,0,CUST_177,1600133,PLANT_01,PORT08,10,9.75398
1400001965.0,2026-07-21,PORT07,CARRIER_08,2,DTP,3,0,CUST_265,1600063,PLANT_11,PORT03,20,63.39711
1400001966.0,2026-07-12,PORT04,CARRIER_11,2,DTD,3,0,CUST_339,1600144,PLANT_13,PORT07,6,26.05204
1400001967.0,2026-10-16,PORT01,CARRIER_06,0,DTP,0,0,CUST_044,1600120,PLANT_09,PORT04,49,197.77411
1400001968.0,2026-07-24,PORT07,CARRIER_05,2,DTD,0,0,CUST_437,1600186,PLANT_16,PORT06,11,7.82219
1400001969.0,2026-03-27,PORT01,CARRIER_02,2,DTP,0,0,CUST_440,1600043,PLANT_03,PORT07,27,60.34216
1400001970.0,2026-07-26,PORT07,CARRIER_10,1,DTD,6,0,CUST_346,1600182,PLANT_14,PORT01,14,36.95079
1400001971.0,2026-12-18,PORT04,CARRIER_08,2,DTP,4,0,CUST_463,1600026,PLANT_07,PORT02,13,17.72247
1400001972.0,2026-07-31,PORT06,CARRIER_03,2,DTP,0,0,CUST_214,1600022,PLANT_15,PORT08,22,75.45003
1400001973.0,2026-08-05,PORT07,CARRIER_08,2,DTP,4,0,CUST_411,1600135,PLANT_16,PORT06,49,119.24198
1400001974.0,2026-03-06,PORT07,CARRIER_05,2,DTD,4,0,CUST_364,1600018,PLANT_16,PORT01,26,40.50261
1400001975.0,2026-01-03,PORT06,CARRIER_01,1,DTP,4,0,CUST_282,1600151,PLANT_19,PORT05,49,85.78117
1400001976.0,2026-03-18,PORT07,CARRIER_08,2,DTP,5,0,CUST_090,1600148,PLANT_07,PORT04,43,184.80002
1400001977.0,2026-01-10,PORT01,CARRIER_05,1,DTD,3,0,CUST_279,1600178,PLANT_18,PORT06,25,108.60948
1400001978.0,2026-06-15,PORT01,CARRIER_03,2,DTP,0,0,CUST_451,1600031,PLANT_01,PORT04,46,187.70947
1400001979.0,2026-11-19,PORT03,CARRIER_09,2,DTP,5,3,CUST_493,1600082,PLANT_06,PORT06,21,96.1371
1400001980.0,2026-06-13,PORT06,CARRIER_03,2,DTP,4,0,CUST_225,1600127,PLANT_05,PORT08,28,133.45645
1400001981.0,2026-08-24,PORT01,CARRIER_03,2,DTP,1,0,CUST_124,1600168,PLANT_18,PORT02,36,90.35844
1400001982.0,2026-11-09,PORT02,CARRIER_03,0,CRF,3,0,CUST_374,1600142,PLANT_01,PORT01,32,18.36313
1400001983.0,2026-10-06,PORT01,CARRIER_11,2,DTD,3,0,CUST_038,1600102,PLANT_19,PORT04,43,172.87496
1400001984.0,2026-08-26,PORT02,CARRIER_06,2,DTP,3,0,CUST_076,1600057,PLANT_09,PORT08,12,38.4458
1400001985.0,2026-10-14,PORT01,CARRIER_07,2,DTP,3,0,CUST_281,1600171,PLANT_18,PORT07,27,53.04242
1400001986.0,2026-04-13,PORT04,CARRIER_10,1,DTD,0,0,CUST_496,1600196,PLANT_13,PORT01,35,170.80394
1400001987.0,2026-06-03,PORT02,CARRIER_05,1,DTD,3,0,CUST_165,1600125,PLANT_02,PORT04,20,35.19115
1400001988.0,2026-05-26,PORT06,CARRIER_04,2,DTP,1,0,CUST_222,1600029,PLANT_20,PORT05,44,200.08589
1400001989.0,2026-10-19,PORT07,CARRIER_12,2,DTD,0,0,CUST_162,1600039,PLANT_14,PORT04,18,54.06595
1400001990.0,2026-05-30,PORT06,CARRIER_08,2,CRF,3,0,CUST_221,1600021,PLANT_02,PORT03,18,5.03182
1400001991.0,2026-12-09,PORT08,CARRIER_08,2,DTP,3,0,CUST_004,1600056,PLANT_18,PORT01,20,86.31284
1400001992.0,2026-03-10,PORT01,CARRIER_04,4,DTD,3,0,CUST_298,1600007,PLANT_01,PORT07,36,138.05419
1400001993.0,2026-03-04,PORT04,CARRIER_12,2,DTP,0,0,CUST_299,1600119,PLANT_15,PORT05,10,32.48189
1400001994.0,2026-09-19,PORT07,CARRIER_04,2,DTD,3,0,CUST_158,1600021,PLANT_14,PORT05,11,34.22625
1400001995.0,2026-10-06,PORT01,CARRIER_12,4,DTP,1,0,CUST_133,1600184,PLANT_01,PORT03,40,46.89176
1400001996.0,2026-09-05,PORT07,CARRIER_08,2,DTP,0,0,CUST_381,1600027,PLANT_14,PORT06,14,16.11375
1400001997.0,2026-04-23,PORT03,CARRIER_06,1,DTP,4,0,CUST_094,1600165,PLANT_17,PORT02,9,2.1865
1400001998.0,2026-01-04,PORT03,CARRIER_09,2,DTP,3,4,CUST_024,1600095,PLANT_13,PORT05,17,14.53965
1400001999.0,2026-04-28,PORT02,CARRIER_05,2,DTP,3,0,CUST_021,1600117,PLANT_02,PORT05,23,40.22144
1400002000.0,2026-06-20,PORT03,CARRIER_10,1,DTP,3,0,CUST_441,1600172,PLANT_11,PORT07,6,16.49731
1400002001.0,2026-05-31,PORT08,CARRIER_11,1,DTP,2,0,CUST_183,1600176,PLANT_15,PORT04,43,31.86136
1400002002.0,2026-12-03,PORT03,CARRIER_02,1,DTD,0,0,CUST_051,1600161,PLANT_04,PORT02,10,28.32104
1400002003.0,2026-11-12,PORT02,CARRIER_01,2,DTP,3,0,CUST_440,1600055,PLANT_02,PORT06,23,31.97618
1400002004.0,2026-10-10,PORT03,CARRIER_01,2,DTD,4,0,CUST_075,1600098,PLANT_17,PORT02,14,18.82173
1400002005.0,2026-01-09,PORT01,CARRIER_06,2,DTP,3,0,CUST_169,1600117,PLANT_19,PORT07,18,85.40868
1400002006.0,2026-02-16,PORT01,CARRIER_08,2,DTP,4,0,CUST_011,1600038,PLANT_19,PORT05,7,34.73742
1400002007.0,2026-06-08,PORT04,CARRIER_08,2,DTD,5,0,CUST_340,1600167,PLANT_15,PORT03,48,195.65036
1400002008.0,2026-08-15,PORT01,CARRIER_04,2,DTP,0,5,CUST_350,1600078,PLANT_09,PORT08,48,17.59299
1400002009.0,2026-09-06,PORT03,CARRIER_10,2,DTP,5,2,CUST_379,1600029,PLANT_04,PORT01,10,36.70295
1400002010.0,2026-04-19,PORT01,CARRIER_02,0,DTP,3,0,CUST_132,1600001,PLANT_09,PORT02,14,13.64001
1400002011.0,2026-02-10,PORT01,CARRIER_09,2,DTD,3,0,CUST_165,1600007,PLANT_05,PORT06,45,130.0133
1400002012.0,2026-04-30,PORT06,CARRIER_06,1,DTD,3,0,CUST_470,1600000,PLANT_05,PORT07,24,107.50072
1400002013.0,2026-10-17,PORT02,CARRIER_01,2,DTP,3,0,CUST_411,1600133,PLANT_04,PORT07,7,13.74071
1400002014.0,2026-12-27,PORT05,CARRIER_11,2,DTP,0,0,CUST_019,1600187,PLANT_17,PORT01,11,51.16457
1400002015.0,2026-12-10,PORT06,CARRIER_09,2,CRF,0,0,CUST_346,1600015,PLANT_20,PORT05,24,85.70457
1400002016.0,2026-08-05,PORT01,CARRIER_07,1,DTP,2,3,CUST_407,1600122,PLANT_01,PORT02,30,47.24874
1400002017.0,2026-02-03,PORT04,CARRIER_08,2,DTP,0,0,CUST_280,1600053,PLANT_15,PORT03,34,19.21321
1400002018.0,2026-12-20,PORT04,CARRIER_04,4,DTD,0,0,CUST_320,1600113,PLANT_02,PORT07,12,49.14266
1400002019.0,2026-02-25,PORT07,CARRIER_01,2,DTP,0,0,CUST_001,1600114,PLANT_16,PORT06,22,51.5788
1400002020.0,2026-04-08,PORT06,CARRIER_05,1,DTD,6,0,CUST_016,1600055,PLANT_02,PORT04,17,7.75537
1400002021.0,2026-12-22,PORT01,CARRIER_04,2,DTP,0,0,CUST_018,1600018,PLANT_06,PORT04,29,17.55369
1400002022.0,2026-07-03,PORT07,CARRIER_09,2,DTP,6,0,CUST_080,1600099,PLANT_10,PORT06,19,91.9241
1400002023.0,2026-03-14,PORT07,CARRIER_06,2,DTP,3,0,CUST_496,1600063,PLANT_14,PORT08,14,18.06993
1400002024.0,2026-07-03,PORT07,CARRIER_12,2,DTD,0,0,CUST_318,1600017,PLANT_13,PORT03,42,203.12446
1400002025.0,2026-01-29,PORT03,CARRIER_08,2,DTD,0,0,CUST_392,1600094,PLANT_04,PORT01,31,106.56814
1400002026.0,2026-04-26,PORT05,CARRIER_09,1,DTP,0,0,CUST_148,1600080,PLANT_17,PORT08,26,40.88257
1400002027.0,2026-12-14,PORT08,CARRIER_09,2,DTP,3,0,CUST_469,1600157,PLANT_06,PORT07,11,21.78293
1400002028.0,2026-04-19,PORT07,CARRIER_04,1,DTP,0,0,CUST_100,1600173,PLANT_14,PORT02,8,31.25991
1400002029.0,2026-11-22,PORT07,CARRIER_07,1,DTP,4,0,CUST_452,1600144,PLANT_07,PORT02,41,91.57487
1400002030.0,2026-07-18,PORT03,CARRIER_11,2,DTP,3,0,CUST_016,1600157,PLANT_17,PORT07,49,22.84766
1400002031.0,2026-08-28,PORT01,CARRIER_12,2,DTP,3,0,CUST_011,1600020,PLANT_01,PORT02,31,38.00877
1400002032.0,2026-09-14,PORT01,CARRIER_04,2,DTP,3,4,CUST_040,1600149,PLANT_09,PORT03,6,25.89414
1400002033.0,2026-07-21,PORT04,CARRIER_09,2,DTP,3,0,CUST_396,1600053,PLANT_15,PORT03,27,94.80384
1400002034.0,2026-01-13,PORT02,CARRIER_01,0,DTP,6,0,CUST_129,1600156,PLANT_04,PORT05,17,43.43464
1400002035.0,2026-12-02,PORT03,CARRIER_02,1,DTP,3,0,CUST_226,1600119,PLANT_06,PORT04,7,9.1205
1400002036.0,2026-06-23,PORT06,CARRIER_05,2,DTD,2,0,CUST_236,1600065,PLANT_02,PORT08,11,26.68043
1400002037.0,2026-08-28,PORT06,CARRIER_09,1,DTP,6,0,CUST_395,1600124,PLANT_15,PORT05,27,107.06473
1400002038.0,2026-07-22,PORT07,CARRIER_03,4,DTD,6,0,CUST_175,1600095,PLANT_13,PORT08,24,11.98948
1400002039.0,2026-08-29,PORT06,CARRIER_03,2,DTD,4,0,CUST_004,1600110,PLANT_19,PORT02,30,149.23087
1400002040.0,2026-05-10,PORT07,CARRIER_09,2,DTD,4,0,CUST_194,1600189,PLANT_13,PORT08,36,155.26211
1400002041.0,2026-11-04,PORT07,CARRIER_03,2,DTD,3,0,CUST_145,1600191,PLANT_14,PORT06,17,28.18655
1400002042.0,2026-03-23,PORT05,CARRIER_01,2,DTD,3,0,CUST_366,1600104,PLANT_17,PORT08,18,78.58487
1400002043.0,2026-08-27,PORT01,CARRIER_08,2,DTP,3,0,CUST_376,1600020,PLANT_05,PORT02,36,123.85444
1400002044.0,2026-07-30,PORT04,CARRIER_07,2,DTP,3,0,CUST_046,1600122,PLANT_13,PORT05,14,47.11191
1400002045.0,2026-07-03,PORT05,CARRIER_07,2,DTP,4,0,CUST_397,1600184,PLANT_12,PORT03,8,6.27662
1400002046.0,2026-01-09,PORT03,CARRIER_07,1,DTP,3,0,CUST_036,1600010,PLANT_08,PORT04,44,199.71088
1400002047.0,2026-05-23,PORT02,CARRIER_12,2,DTD,3,0,CUST_310,1600125,PLANT_02,PORT08,14,32.29345
1400002048.0,2026-01-18,PORT01,CARRIER_12,1,DTP,4,0,CUST_195,1600058,PLANT_09,PORT03,10,40.35816
1400002049.0,2026-07-03,PORT03,CARRIER_07,2,DTP,0,0,CUST_151,1600134,PLANT_07,PORT02,38,59.57133
1400002050.0,2026-09-09,PORT01,CARRIER_08,4,DTP,3,0,CUST_242,1600000,PLANT_05,PORT05,29,46.66732
1400002051.0,2026-07-10,PORT07,CARRIER_07,2,DTP,4,0,CUST_156,1600115,PLANT_16,PORT02,11,53.09675
1400002052.0,2026-10-04,PORT08,CARRIER_05,1,DTP,0,0,CUST_397,1600122,PLANT_18,PORT04,44,111.47988
1400002053.0,2026-05-12,PORT08,CARRIER_02,1,DTD,1,0,CUST_484,1600016,PLANT_03,PORT01,16,6.29543
1400002054.0,2026-04-22,PORT06,CARRIER_08,2,DTP,0,1,CUST_408,1600040,PLANT_20,PORT05,36,151.01865
1400002055.0,2026-06-13,PORT05,CARRIER_11,1,DTP,0,0,CUST_220,1600165,PLANT_17,PORT06,34,41.25652
1400002056.0,2026-03-25,PORT07,CARRIER_09,2,DTP,3,0,CUST_252,1600109,PLANT_16,PORT05,43,189.45342
1400002057.0,2026-10-20,PORT05,CARRIER_04,2,CRF,3,0,CUST_224,1600077,PLANT_12,PORT04,38,174.44111
1400002058.0,2026-10-23,PORT01,CARRIER_08,2,CRF,3,0,CUST_397,1600062,PLANT_06,PORT06,37,16.89248
1400002059.0,2026-06-02,PORT07,CARRIER_06,2,DTP,3,0,CUST_277,1600075,PLANT_14,PORT06,7,20.67732
1400002060.0,2026-10-17,PORT02,CARRIER_12,2,DTP,0,0,CUST_235,1600156,PLANT_02,PORT01,48,235.65447
1400002061.0,2026-01-10,PORT02,CARRIER_07,1,CRF,4,0,CUST_205,1600171,PLANT_02,PORT01,10,46.61506
1400002062.0,2026-02-26,PORT07,CARRIER_06,2,DTD,3,0,CUST_188,1600075,PLANT_16,PORT05,16,42.77907
1400002063.0,2026-04-14,PORT04,CARRIER_12,2,DTD,3,0,CUST_277,1600194,PLANT_13,PORT02,25,85.86042
1400002064.0,2026-05-22,PORT06,CARRIER_03,2,DTP,0,0,CUST_345,1600055,PLANT_19,PORT07,18,55.09591
1400002065.0,2026-03-26,PORT02,CARRIER_04,2,DTD,4,0,CUST_217,1600115,PLANT_09,PORT06,32,35.07012
1400002066.0,2026-07-06,PORT03,CARRIER_03,2,DTD,3,0,CUST_404,1600160,PLANT_13,PORT05,7,23.09782
1400002067.0,2026-10-17,PORT01,CARRIER_09,1,DTD,6,0,CUST_414,1600197,PLANT_19,PORT03,25,43.30979
1400002068.0,2026-06-16,PORT06,CARRIER_09,2,DTD,3,0,CUST_215,1600072,PLANT_02,PORT07,21,36.87731
1400002069.0,2026-06-13,PORT06,CARRIER_09,2,DTP,5,0,CUST_455,1600131,PLANT_02,PORT03,34,73.37003
1400002070.0,2026-01-22,PORT06,CARRIER_12,2,CRF,3,0,CUST_087,1600156,PLANT_02,PORT02,28,119.71867
1400002071.0,2026-04-13,PORT07,CARRIER_01,0,CRF,0,0,CUST_467,1600073,PLANT_16,PORT04,39,49.44789
1400002072.0,2026-10-22,PORT05,CARRIER_03,2,DTP,3,0,CUST_148,1600096,PLANT_12,PORT06,12,15.94655
1400002073.0,2026-10-23,PORT07,CARRIER_05,2,CRF,0,0,CUST_283,1600081,PLANT_14,PORT01,48,6.52635
1400002074.0,2026-02-08,PORT05,CARRIER_03,0,DTP,4,0,CUST_142,1600067,PLANT_12,PORT08,23,19.76927
1400002075.0,2026-01-08,PORT01,CARRIER_01,1,DTP,2,0,CUST_222,1600165,PLANT_18,PORT05,21,102.8061
1400002076.0,2026-10-31,PORT02,CARRIER_03,2,DTP,4,3,CUST_171,1600010,PLANT_05,PORT08,30,66.77888
1400002077.0,2026-03-05,PORT06,CARRIER_02,2,DTP,3,0,CUST_353,1600099,PLANT_19,PORT08,12,12.67568
1400002078.0,2026-07-29,PORT04,CARRIER_12,2,DTP,3,0,CUST_041,1600184,PLANT_13,PORT01,42,202.93732
1400002079.0,2026-10-29,PORT06,CARRIER_01,2,CRF,3,0,CUST_420,1600113,PLANT_02,PORT07,17,3.95892
1400002080.0,2026-10-15,PORT02,CARRIER_03,2,DTP,3,0,CUST_452,1600168,PLANT_02,PORT01,47,116.20352
1400002081.0,2026-07-20,PORT07,CARRIER_04,2,CRF,3,0,CUST_282,1600023,PLANT_16,PORT05,11,44.46806
1400002082.0,2026-05-18,PORT03,CARRIER_09,2,DTP,3,0,CUST_274,1600028,PLANT_04,PORT08,44,171.02111
1400002083.0,2026-10-10,PORT07,CARRIER_09,2,DTP,3,0,CUST_350,1600199,PLANT_14,PORT06,23,23.62479
1400002084.0,2026-09-11,PORT03,CARRIER_11,2,DTP,4,0,CUST_100,1600153,PLANT_13,PORT07,32,114.18142
1400002085.0,2026-11-02,PORT05,CARRIER_02,2,DTP,2,0,CUST_375,1600124,PLANT_12,PORT04,45,141.71464
1400002086.0,2026-07-07,PORT07,CARRIER_11,2,CRF,0,0,CUST_110,1600046,PLANT_13,PORT01,10,34.08853
1400002087.0,2026-12-10,PORT03,CARRIER_05,2,DTP,3,0,CUST_339,1600017,PLANT_08,PORT06,20,28.07827
1400002088.0,2026-10-08,PORT04,CARRIER_10,1,DTP,3,0,CUST_153,1600045,PLANT_07,PORT01,48,195.48473
1400002089.0,2026-01-24,PORT01,CARRIER_07,2,DTD,5,0,CUST_374,1600180,PLANT_19,PORT05,11,31.2429
1400002090.0,2026-04-18,PORT06,CARRIER_06,1,DTP,6,0,CUST_396,1600146,PLANT_20,PORT01,9,32.87594
1400002091.0,2026-10-19,PORT06,CARRIER_03,2,DTP,5,0,CUST_105,1600166,PLANT_05,PORT01,29,136.4134
1400002092.0,2026-02-12,PORT07,CARRIER_01,1,DTP,3,0,CUST_309,1600045,PLANT_16,PORT06,6,25.75162
1400002093.0,2026-09-16,PORT07,CARRIER_04,2,DTD,4,0,CUST_250,1600018,PLANT_16,PORT01,50,196.67268
1400002094.0,2026-05-05,PORT05,CARRIER_03,1,DTP,2,0,CUST_148,1600063,PLANT_12,PORT07,46,69.88683
1400002095.0,2026-03-17,PORT07,CARRIER_07,1,DTP,0,0,CUST_295,1600101,PLANT_16,PORT02,13,4.74509
1400002096.0,2026-07-17,PORT02,CARRIER_09,2,DTD,4,0,CUST_497,1600087,PLANT_05,PORT03,12,34.98909
1400002097.0,2026-12-07,PORT01,CARRIER_09,2,DTP,4,0,CUST_002,1600164,PLANT_03,PORT02,40,10.76456
1400002098.0,2026-11-24,PORT01,CARRIER_10,1,DTD,0,0,CUST_479,1600058,PLANT_09,PORT03,28,100.78684
1400002099.0,2026-05-28,PORT03,CARRIER_06,2,CRF,5,0,CUST_428,1600017,PLANT_11,PORT08,42,155.8379
1400002100.0,2026-01-02,PORT07,CARRIER_03,2,DTP,5,0,CUST_265,1600066,PLANT_14,PORT03,49,140.05499
1400002101.0,2026-11-20,PORT07,CARRIER_05,4,DTP,2,0,CUST_306,1600020,PLANT_16,PORT08,23,21.25072
1400002102.0,2026-11-24,PORT03,CARRIER_05,2,DTP,0,6,CUST_185,1600072,PLANT_04,PORT02,16,70.25656
1400002103.0,2026-08-09,PORT02,CARRIER_11,2,DTD,5,0,CUST_065,1600031,PLANT_01,PORT05,33,99.66046
1400002104.0,2026-08-18,PORT07,CARRIER_08,2,DTP,0,0,CUST_286,1600194,PLANT_13,PORT01,34,89.181
1400002105.0,2026-07-12,PORT06,CARRIER_10,1,CRF,0,0,CUST_409,1600037,PLANT_19,PORT05,24,69.14879
1400002106.0,2026-01-05,PORT08,CARRIER_04,2,DTP,3,0,CUST_116,1600021,PLANT_08,PORT06,18,9.11064
1400002107.0,2026-02-28,PORT07,CARRIER_04,2,DTP,4,0,CUST_359,1600069,PLANT_14,PORT08,17,63.37841
1400002108.0,2026-02-22,PORT01,CARRIER_11,0,DTP,4,0,CUST_375,1600194,PLANT_01,PORT05,28,11.13841
1400002109.0,2026-11-30,PORT01,CARRIER_09,1,DTD,3,0,CUST_380,1600160,PLANT_18,PORT08,24,70.41845
1400002110.0,2026-01-19,PORT07,CARRIER_01,2,DTP,4,0,CUST_171,1600119,PLANT_13,PORT02,26,24.16335
1400002111.0,2026-07-23,PORT03,CARRIER_08,2,DTP,3,0,CUST_197,1600019,PLANT_04,PORT02,9,10.05966
1400002112.0,2026-05-13,PORT01,CARRIER_01,2,CRF,3,0,CUST_209,1600153,PLANT_18,PORT04,45,55.93256
1400002113.0,2026-01-03,PORT06,CARRIER_01,2,DTP,0,0,CUST_428,1600037,PLANT_02,PORT05,37,6.29361
1400002114.0,2026-12-02,PORT03,CARRIER_02,2,DTP,3,0,CUST_451,1600034,PLANT_08,PORT07,47,210.09048
1400002115.0,2026-01-07,PORT04,CARRIER_01,2,DTD,3,0,CUST_208,1600150,PLANT_13,PORT07,43,173.75237
1400002116.0,2026-11-09,PORT06,CARRIER_06,2,DTP,0,0,CUST_485,1600101,PLANT_20,PORT04,33,8.35902
1400002117.0,2026-10-11,PORT07,CARRIER_01,2,DTP,3,0,CUST_286,1600041,PLANT_14,PORT02,19,7.2054
1400002118.0,2026-10-17,PORT07,CARRIER_07,2,DTP,0,0,CUST_193,1600186,PLANT_16,PORT03,35,137.76338
1400002119.0,2026-03-01,PORT07,CARRIER_02,2,DTD,0,4,CUST_001,1600055,PLANT_16,PORT08,31,4.13342
1400002120.0,2026-11-18,PORT01,CARRIER_03,1,DTP,3,0,CUST_306,1600014,PLANT_19,PORT04,47,112.71045
1400002121.0,2026-08-07,PORT07,CARRIER_02,1,DTD,0,4,CUST_323,1600173,PLANT_16,PORT04,15,9.38635
1400002122.0,2026-05-27,PORT04,CARRIER_04,2,DTD,0,6,CUST_485,1600178,PLANT_15,PORT02,6,17.99399
1400002123.0,2026-09-06,PORT01,CARRIER_02,2,DTP,4,0,CUST_360,1600165,PLANT_19,PORT06,10,49.91868
1400002124.0,2026-05-05,PORT01,CARRIER_07,2,DTP,4,0,CUST_015,1600121,PLANT_19,PORT08,13,12.25777
1400002125.0,2026-04-12,PORT02,CARRIER_05,2,DTD,3,0,CUST_284,1600174,PLANT_02,PORT05,35,167.57128
1400002126.0,2026-04-16,PORT04,CARRIER_11,2,DTP,0,0,CUST_372,1600186,PLANT_15,PORT07,11,47.74929
1400002127.0,2026-07-27,PORT03,CARRIER_09,2,DTP,3,0,CUST_249,1600082,PLANT_07,PORT08,11,54.23758
1400002128.0,2026-08-08,PORT08,CARRIER_05,2,DTP,3,0,CUST_215,1600035,PLANT_06,PORT07,23,88.64946
1400002129.0,2026-03-29,PORT03,CARRIER_06,1,DTD,0,0,CUST_405,1600147,PLANT_06,PORT05,40,171.97087
1400002130.0,2026-03-31,PORT06,CARRIER_01,2,DTP,0,0,CUST_306,1600078,PLANT_02,PORT05,24,72.32468
1400002131.0,2026-12-12,PORT05,CARRIER_07,2,DTP,3,0,CUST_341,1600117,PLANT_12,PORT06,17,73.94476
1400002132.0,2026-07-07,PORT06,CARRIER_07,3,DTD,3,0,CUST_233,1600027,PLANT_17,PORT02,18,11.63538
1400002133.0,2026-11-10,PORT05,CARRIER_05,2,CRF,0,0,CUST_140,1600040,PLANT_17,PORT08,42,156.83246
1400002134.0,2026-05-01,PORT03,CARRIER_04,2,DTP,0,0,CUST_260,1600053,PLANT_17,PORT01,24,76.33789
1400002135.0,2026-04-16,PORT03,CARRIER_08,0,DTP,3,0,CUST_480,1600043,PLANT_13,PORT01,21,8.2582
1400002136.0,2026-04-14,PORT03,CARRIER_08,2,DTP,3,0,CUST_302,1600001,PLANT_07,PORT01,40,61.15171
1400002137.0,2026-07-13,PORT07,CARRIER_04,1,DTP,3,0,CUST_354,1600060,PLANT_13,PORT02,21,24.33739
1400002138.0,2026-10-12,PORT07,CARRIER_10,2,DTP,6,5,CUST_063,1600048,PLANT_16,PORT05,21,43.79255
1400002139.0,2026-07-02,PORT07,CARRIER_04,2,DTD,0,0,CUST_494,1600081,PLANT_13,PORT01,39,41.80532
1400002140.0,2026-04-18,PORT07,CARRIER_06,2,DTP,4,0,CUST_123,1600021,PLANT_14,PORT03,20,28.93331
1400002141.0,2026-12-17,PORT06,CARRIER_12,2,DTD,3,0,CUST_486,1600038,PLANT_02,PORT04,28,43.41533
1400002142.0,2026-07-28,PORT02,CARRIER_09,2,DTP,4,0,CUST_223,1600116,PLANT_01,PORT06,35,106.36757
1400002143.0,2026-05-24,PORT01,CARRIER_06,2,DTD,3,0,CUST_460,1600076,PLANT_06,PORT06,14,10.65234
1400002144.0,2026-01-04,PORT02,CARRIER_07,2,DTP,3,0,CUST_446,1600150,PLANT_02,PORT05,10,12.81396
1400002145.0,2026-07-25,PORT03,CARRIER_06,2,DTD,3,0,CUST_378,1600056,PLANT_11,PORT02,44,72.77712
1400002146.0,2026-08-15,PORT02,CARRIER_03,2,CRF,3,0,CUST_459,1600167,PLANT_01,PORT07,18,41.40779
1400002147.0,2026-12-05,PORT01,CARRIER_01,2,CRF,3,0,CUST_305,1600101,PLANT_03,PORT07,20,5.73269
1400002148.0,2026-03-26,PORT07,CARRIER_10,2,DTD,0,0,CUST_425,1600109,PLANT_14,PORT08,32,159.87636
1400002149.0,2026-03-01,PORT02,CARRIER_12,2,DTP,3,0,CUST_087,1600187,PLANT_05,PORT04,9,14.14729
1400002150.0,2026-12-31,PORT08,CARRIER_11,2,DTD,4,0,CUST_036,1600082,PLANT_18,PORT02,7,10.55593
1400002151.0,2026-07-20,PORT07,CARRIER_05,2,CRF,3,0,CUST_272,1600064,PLANT_11,PORT02,24,67.65278
1400002152.0,2026-01-10,PORT01,CARRIER_05,2,DTP,0,0,CUST_405,1600126,PLANT_03,PORT04,49,209.95313
1400002153.0,2026-02-08,PORT05,CARRIER_09,2,DTP,6,0,CUST_383,1600192,PLANT_12,PORT06,31,72.48934
1400002154.0,2026-06-23,PORT05,CARRIER_05,2,DTP,6,0,CUST_264,1600192,PLANT_12,PORT06,31,40.89867
1400002155.0,2026-08-14,PORT04,CARRIER_09,1,DTD,3,0,CUST_261,1600157,PLANT_15,PORT01,33,94.80207
1400002156.0,2026-03-30,PORT07,CARRIER_06,2,DTP,3,0,CUST_305,1600149,PLANT_16,PORT04,44,108.52241
1400002157.0,2026-05-14,PORT05,CARRIER_11,2,DTP,1,0,CUST_435,1600133,PLANT_12,PORT02,43,93.44187
1400002158.0,2026-09-26,PORT05,CARRIER_11,2,DTP,3,0,CUST_421,1600143,PLANT_12,PORT07,6,29.52616
1400002159.0,2026-12-20,PORT03,CARRIER_11,1,DTP,6,0,CUST_055,1600143,PLANT_17,PORT02,29,144.42453
1400002160.0,2026-06-29,PORT02,CARRIER_10,2,DTP,1,0,CUST_298,1600181,PLANT_04,PORT05,30,85.60574
1400002161.0,2026-06-01,PORT02,CARRIER_02,2,CRF,2,0,CUST_191,1600181,PLANT_04,PORT08,15,6.49829
1400002162.0,2026-05-12,PORT07,CARRIER_10,2,DTP,5,0,CUST_400,1600000,PLANT_16,PORT04,49,141.01691
1400002163.0,2026-02-19,PORT03,CARRIER_02,2,DTP,3,0,CUST_253,1600093,PLANT_07,PORT04,17,81.04093
1400002164.0,2026-01-20,PORT01,CARRIER_09,0,DTD,6,0,CUST_496,1600106,PLANT_09,PORT05,43,199.34342
1400002165.0,2026-11-01,PORT01,CARRIER_11,2,DTP,2,0,CUST_217,1600090,PLANT_09,PORT02,9,10.40359
1400002166.0,2026-01-14,PORT03,CARRIER_11,1,DTD,0,0,CUST_340,1600029,PLANT_04,PORT01,32,33.01073
1400002167.0,2026-10-27,PORT06,CARRIER_04,1,DTD,6,0,CUST_055,1600170,PLANT_17,PORT03,38,32.15004
1400002168.0,2026-04-01,PORT06,CARRIER_09,1,DTP,0,0,CUST_467,1600053,PLANT_17,PORT04,28,115.27441
1400002169.0,2026-09-11,PORT08,CARRIER_11,2,DTP,3,0,CUST_077,1600003,PLANT_15,PORT04,9,22.51143
1400002170.0,2026-12-14,PORT07,CARRIER_01,2,DTP,0,0,CUST_190,1600105,PLANT_14,PORT02,10,17.56428
1400002171.0,2026-10-01,PORT04,CARRIER_05,2,DTP,3,0,CUST_419,1600079,PLANT_15,PORT01,32,54.12976
1400002172.0,2026-09-24,PORT05,CARRIER_03,2,DTP,0,0,CUST_484,1600174,PLANT_12,PORT07,44,63.7791
1400002173.0,2026-04-07,PORT03,CARRIER_05,1,DTD,4,0,CUST_243,1600009,PLANT_08,PORT01,32,141.59478
1400002174.0,2026-08-07,PORT06,CARRIER_11,1,DTP,6,0,CUST_243,1600191,PLANT_17,PORT02,9,18.96688
1400002175.0,2026-08-23,PORT06,CARRIER_03,2,DTD,0,0,CUST_025,1600178,PLANT_19,PORT04,41,53.12316
1400002176.0,2026-06-05,PORT07,CARRIER_09,1,DTP,3,0,CUST_490,1600006,PLANT_11,PORT01,26,93.10557
1400002177.0,2026-01-14,PORT07,CARRIER_12,1,DTP,3,0,CUST_009,1600194,PLANT_13,PORT06,8,25.70982
1400002178.0,2026-11-30,PORT05,CARRIER_11,0,DTP,6,0,CUST_014,1600067,PLANT_12,PORT04,21,75.71112
1400002179.0,2026-03-13,PORT07,CARRIER_01,2,DTP,3,0,CUST_237,1600085,PLANT_07,PORT02,14,57.78619
1400002180.0,2026-12-22,PORT06,CARRIER_12,2,DTP,6,0,CUST_002,1600053,PLANT_15,PORT05,50,29.80226
1400002181.0,2026-12-07,PORT07,CARRIER_07,2,DTD,5,0,CUST_083,1600040,PLANT_13,PORT06,46,5.04826
1400002182.0,2026-01-07,PORT08,CARRIER_12,0,CRF,3,0,CUST_314,1600179,PLANT_03,PORT02,9,3.12997
1400002183.0,2026-09-27,PORT07,CARRIER_09,2,DTP,3,0,CUST_353,1600084,PLANT_13,PORT02,31,110.4619
1400002184.0,2026-08-20,PORT06,CARRIER_10,1,CRF,3,0,CUST_150,1600118,PLANT_17,PORT03,5,23.39517
1400002185.0,2026-03-26,PORT02,CARRIER_06,2,DTP,3,6,CUST_398,1600054,PLANT_01,PORT03,26,44.78283
1400002186.0,2026-10-24,PORT01,CARRIER_02,2,CRF,3,0,CUST_304,1600062,PLANT_18,PORT08,12,47.13422
1400002187.0,2026-02-10,PORT06,CARRIER_04,1,DTP,1,0,CUST_115,1600012,PLANT_02,PORT08,39,143.24716
1400002188.0,2026-04-01,PORT07,CARRIER_07,2,DTP,3,0,CUST_357,1600193,PLANT_16,PORT06,8,39.14001
1400002189.0,2026-12-13,PORT02,CARRIER_02,2,DTD,4,0,CUST_297,1600192,PLANT_04,PORT01,46,110.71676
1400002190.0,2026-09-29,PORT02,CARRIER_01,2,DTP,3,0,CUST_407,1600146,PLANT_02,PORT01,15,13.70636
1400002191.0,2026-02-10,PORT02,CARRIER_03,2,CRF,3,0,CUST_078,1600123,PLANT_05,PORT05,17,65.44378
1400002192.0,2026-02-22,PORT08,CARRIER_10,2,CRF,2,0,CUST_116,1600132,PLANT_15,PORT05,45,185.04956
1400002193.0,2026-04-04,PORT07,CARRIER_12,2,DTP,0,0,CUST_152,1600097,PLANT_16,PORT05,46,164.02544
1400002194.0,2026-01-26,PORT06,CARRIER_10,2,DTP,0,0,CUST_171,1600130,PLANT_17,PORT03,9,38.96631
1400002195.0,2026-03-08,PORT07,CARRIER_05,2,DTP,3,0,CUST_445,1600040,PLANT_13,PORT03,9,17.26915
1400002196.0,2026-07-28,PORT05,CARRIER_07,1,DTP,3,0,CUST_367,1600001,PLANT_17,PORT08,44,153.23191
1400002197.0,2026-01-03,PORT01,CARRIER_01,2,DTD,4,0,CUST_273,1600177,PLANT_09,PORT08,49,68.25006
1400002198.0,2026-04-15,PORT05,CARRIER_07,2,DTP,0,0,CUST_271,1600138,PLANT_12,PORT07,27,61.76403
1400002199.0,2026-04-25,PORT01,CARRIER_05,2,DTP,2,0,CUST_443,1600110,PLANT_01,PORT04,12,15.45854
1400002200.0,2026-12-21,PORT01,CARRIER_05,2,DTP,4,0,CUST_224,1600025,PLANT_09,PORT08,12,10.28658
1400002201.0,2026-12-22,PORT03,CARRIER_08,2,DTD,0,0,CUST_113,1600199,PLANT_13,PORT02,17,4.69491
1400002202.0,2026-11-05,PORT03,CARRIER_06,4,DTP,6,0,CUST_069,1600127,PLANT_04,PORT08,36,122.03924
1400002203.0,2026-05-05,PORT08,CARRIER_08,2,DTD,3,0,CUST_166,1600160,PLANT_08,PORT06,9,39.49954
1400002204.0,2026-07-12,PORT04,CARRIER_11,2,DTP,5,0,CUST_327,1600114,PLANT_07,PORT05,34,55.78228
1400002205.0,2026-07-04,PORT08,CARRIER_02,1,DTP,3,0,CUST_236,1600123,PLANT_03,PORT02,41,90.33339
1400002206.0,2026-11-10,PORT07,CARRIER_11,2,DTD,6,0,CUST_211,1600066,PLANT_14,PORT02,11,1.29118
1400002207.0,2026-09-30,PORT04,CARRIER_04,2,DTP,3,0,CUST_241,1600170,PLANT_02,PORT01,50,106.14942
1400002208.0,2026-11-27,PORT03,CARRIER_09,2,DTD,1,0,CUST_488,1600086,PLANT_08,PORT05,50,73.92392
1400002209.0,2026-07-21,PORT08,CARRIER_09,2,DTP,4,0,CUST_499,1600002,PLANT_03,PORT07,18,52.44444
1400002210.0,2026-12-02,PORT05,CARRIER_12,1,DTP,0,2,CUST_081,1600129,PLANT_17,PORT06,10,45.51734
1400002211.0,2026-09-29,PORT01,CARRIER_12,2,CRF,3,0,CUST_058,1600105,PLANT_03,PORT08,19,49.0228
1400002212.0,2026-09-27,PORT06,CARRIER_03,2,DTP,3,0,CUST_123,1600024,PLANT_20,PORT05,16,54.56176
1400002213.0,2026-08-30,PORT02,CARRIER_07,2,DTP,4,0,CUST_426,1600146,PLANT_02,PORT04,17,60.46672
1400002214.0,2026-05-03,PORT06,CARRIER_11,2,DTP,4,0,CUST_230,1600158,PLANT_20,PORT03,47,39.80507
1400002215.0,2026-08-11,PORT01,CARRIER_02,2,DTD,5,0,CUST_432,1600008,PLANT_09,PORT02,12,21.57835
1400002216.0,2026-05-11,PORT05,CARRIER_08,2,DTD,0,0,CUST_324,1600059,PLANT_12,PORT04,19,12.43385
1400002217.0,2026-08-26,PORT01,CARRIER_11,0,DTP,6,0,CUST_277,1600106,PLANT_09,PORT05,41,92.64599
1400002218.0,2026-04-03,PORT07,CARRIER_06,2,DTP,4,0,CUST_141,1600109,PLANT_10,PORT01,7,31.1339
1400002219.0,2026-10-19,PORT07,CARRIER_06,1,DTD,3,0,CUST_173,1600063,PLANT_14,PORT04,7,17.19605
1400002220.0,2026-07-28,PORT03,CARRIER_05,1,DTD,0,0,CUST_074,1600060,PLANT_06,PORT02,18,42.03269
1400002221.0,2026-09-17,PORT06,CARRIER_09,2,DTD,2,0,CUST_260,1600058,PLANT_15,PORT02,49,55.15858
1400002222.0,2026-03-22,PORT07,CARRIER_02,2,DTP,0,0,CUST_141,1600152,PLANT_16,PORT06,43,69.66278
1400002223.0,2026-10-16,PORT02,CARRIER_03,2,DTP,3,0,CUST_147,1600053,PLANT_09,PORT04,47,220.39888
1400002224.0,2026-10-20,PORT04,CARRIER_02,2,DTP,0,0,CUST_020,1600130,PLANT_02,PORT06,44,69.72579
1400002225.0,2026-02-23,PORT01,CARRIER_11,2,DTP,3,0,CUST_400,1600112,PLANT_18,PORT04,10,36.83794
1400002226.0,2026-05-08,PORT03,CARRIER_10,2,DTD,3,0,CUST_470,1600143,PLANT_13,PORT02,23,7.04937
1400002227.0,2026-09-05,PORT02,CARRIER_04,2,CRF,3,4,CUST_250,1600135,PLANT_05,PORT07,29,21.13341
1400002228.0,2026-11-15,PORT02,CARRIER_08,2,DTD,5,0,CUST_269,1600140,PLANT_09,PORT04,12,19.5149
1400002229.0,2026-09-27,PORT08,CARRIER_09,2,DTP,0,0,CUST_463,1600063,PLANT_03,PORT07,50,225.84811
1400002230.0,2026-06-22,PORT07,CARRIER_03,2,DTP,3,0,CUST_256,1600123,PLANT_14,PORT03,32,37.58493
1400002231.0,2026-04-20,PORT03,CARRIER_05,2,DTP,5,0,CUST_312,1600017,PLANT_13,PORT04,44,161.08614
1400002232.0,2026-11-29,PORT03,CARRIER_05,2,DTP,3,0,CUST_215,1600088,PLANT_07,PORT05,16,14.73392
1400002233.0,2026-11-16,PORT08,CARRIER_05,2,DTP,3,0,CUST_258,1600099,PLANT_06,PORT04,37,114.80826
1400002234.0,2026-11-24,PORT08,CARRIER_08,2,DTD,5,0,CUST_261,1600105,PLANT_03,PORT04,9,26.77912
1400002235.0,2026-04-22,PORT06,CARRIER_03,2,DTD,3,0,CUST_356,1600190,PLANT_02,PORT01,6,18.88527
1400002236.0,2026-06-09,PORT02,CARRIER_03,2,CRF,5,0,CUST_303,1600123,PLANT_09,PORT03,34,51.09367
1400002237.0,2026-03-30,PORT01,CARRIER_11,1,DTP,5,0,CUST_252,1600164,PLANT_18,PORT08,8,7.15444
1400002238.0,2026-12-15,PORT08,CARRIER_03,1,DTP,1,0,CUST_038,1600087,PLANT_15,PORT03,17,75.54426
1400002239.0,2026-11-13,PORT02,CARRIER_06,2,DTP,4,0,CUST_453,1600093,PLANT_04,PORT04,41,118.50129
1400002240.0,2026-03-05,PORT07,CARRIER_09,1,CRF,3,0,CUST_445,1600178,PLANT_14,PORT04,27,30.75331
1400002241.0,2026-04-01,PORT03,CARRIER_05,2,DTP,6,0,CUST_093,1600013,PLANT_08,PORT05,22,46.75687
1400002242.0,2026-07-21,PORT06,CARRIER_06,1,DTP,3,0,CUST_147,1600025,PLANT_02,PORT01,18,7.71747
1400002243.0,2026-06-01,PORT07,CARRIER_02,1,DTP,4,0,CUST_487,1600108,PLANT_07,PORT08,35,85.027
1400002244.0,2026-06-17,PORT02,CARRIER_06,2,DTD,2,0,CUST_161,1600116,PLANT_01,PORT01,48,104.49911
1400002245.0,2026-05-15,PORT05,CARRIER_02,2,DTP,3,0,CUST_407,1600020,PLANT_12,PORT08,39,29.26398
1400002246.0,2026-09-03,PORT02,CARRIER_02,2,DTP,4,0,CUST_393,1600195,PLANT_02,PORT07,21,47.82591
1400002247.0,2026-11-24,PORT08,CARRIER_05,0,DTD,6,0,CUST_431,1600039,PLANT_15,PORT02,24,77.609
1400002248.0,2026-12-01,PORT07,CARRIER_08,2,DTP,1,0,CUST_009,1600030,PLANT_13,PORT03,9,41.84643
1400002249.0,2026-06-16,PORT01,CARRIER_01,0,DTP,0,0,CUST_242,1600101,PLANT_03,PORT06,11,39.00168
1400002250.0,2026-10-30,PORT06,CARRIER_02,0,DTP,6,0,CUST_283,1600174,PLANT_02,PORT02,17,43.55286
1400002251.0,2026-09-11,PORT07,CARRIER_08,0,DTP,3,4,CUST_419,1600174,PLANT_10,PORT06,22,85.21151
1400002252.0,2026-03-13,PORT07,CARRIER_08,2,DTP,0,0,CUST_113,1600062,PLANT_14,PORT03,50,73.58414
1400002253.0,2026-10-17,PORT06,CARRIER_03,1,CRF,3,0,CUST_154,1600087,PLANT_02,PORT03,45,151.96634
1400002254.0,2026-05-08,PORT05,CARRIER_01,2,DTP,5,0,CUST_090,1600179,PLANT_12,PORT07,10,1.24805
1400002255.0,2026-08-18,PORT08,CARRIER_09,2,DTP,6,0,CUST_381,1600040,PLANT_08,PORT04,20,9.11001
1400002256.0,2026-09-21,PORT08,CARRIER_12,1,DTP,2,0,CUST_500,1600016,PLANT_08,PORT04,7,22.11231
1400002257.0,2026-12-11,PORT03,CARRIER_08,2,DTP,4,0,CUST_071,1600064,PLANT_04,PORT05,7,7.30445
1400002258.0,2026-12-13,PORT05,CARRIER_03,2,DTP,3,0,CUST_117,1600151,PLANT_12,PORT02,22,76.44505
1400002259.0,2026-10-20,PORT07,CARRIER_06,2,DTD,3,0,CUST_154,1600003,PLANT_14,PORT03,49,157.78446
1400002260.0,2026-07-04,PORT06,CARRIER_11,2,DTD,4,0,CUST_445,1600121,PLANT_02,PORT04,13,5.35557
1400002261.0,2026-05-27,PORT02,CARRIER_03,2,DTP,1,0,CUST_223,1600108,PLANT_09,PORT07,36,72.83641
1400002262.0,2026-06-11,PORT01,CARRIER_01,2,DTD,3,0,CUST_141,1600142,PLANT_01,PORT07,23,71.38535
1400002263.0,2026-12-14,PORT05,CARRIER_10,2,DTP,0,0,CUST_162,1600112,PLANT_12,PORT02,29,104.28574
1400002264.0,2026-03-16,PORT03,CARRIER_08,2,DTP,0,0,CUST_300,1600130,PLANT_06,PORT01,44,180.34775
1400002265.0,2026-07-11,PORT03,CARRIER_12,2,DTP,3,0,CUST_194,1600005,PLANT_13,PORT06,43,73.92432
1400002266.0,2026-09-06,PORT07,CARRIER_06,2,DTP,6,0,CUST_071,1600100,PLANT_11,PORT01,43,180.59607
1400002267.0,2026-01-09,PORT02,CARRIER_09,2,DTP,3,0,CUST_411,1600064,PLANT_04,PORT01,23,42.22447
1400002268.0,2026-08-20,PORT04,CARRIER_06,2,DTD,3,0,CUST_212,1600128,PLANT_02,PORT08,7,0.93965
1400002269.0,2026-04-05,PORT03,CARRIER_09,2,DTD,1,0,CUST_129,1600161,PLANT_06,PORT08,50,154.45145
1400002270.0,2026-04-13,PORT07,CARRIER_09,2,CRF,5,1,CUST_365,1600165,PLANT_14,PORT06,50,64.20881
1400002271.0,2026-08-15,PORT07,CARRIER_03,2,DTP,3,0,CUST_373,1600154,PLANT_14,PORT04,44,31.21661
1400002272.0,2026-01-04,PORT04,CARRIER_11,2,DTD,6,0,CUST_078,1600175,PLANT_07,PORT05,26,35.51478
1400002273.0,2026-02-27,PORT03,CARRIER_05,1,DTD,2,0,CUST_037,1600071,PLANT_07,PORT08,17,70.66524
1400002274.0,2026-06-16,PORT08,CARRIER_06,2,DTP,3,0,CUST_023,1600082,PLANT_08,PORT06,13,59.52188
1400002275.0,2026-08-02,PORT07,CARRIER_01,2,DTP,0,0,CUST_383,1600192,PLANT_07,PORT01,22,105.8709
1400002276.0,2026-02-09,PORT04,CARRIER_04,2,DTD,0,0,CUST_313,1600153,PLANT_13,PORT07,20,31.67738
1400002277.0,2026-05-12,PORT01,CARRIER_01,2,DTP,3,0,CUST_397,1600029,PLANT_19,PORT06,17,39.67886
1400002278.0,2026-04-23,PORT08,CARRIER_12,2,DTP,4,0,CUST_314,1600118,PLANT_15,PORT04,48,193.55414
1400002279.0,2026-07-15,PORT06,CARRIER_06,1,DTP,0,0,CUST_201,1600062,PLANT_19,PORT08,35,58.02031
1400002280.0,2026-04-20,PORT06,CARRIER_02,2,DTP,3,0,CUST_295,1600065,PLANT_02,PORT01,15,29.80802
1400002281.0,2026-01-01,PORT07,CARRIER_04,2,CRF,3,5,CUST_362,1600101,PLANT_16,PORT04,34,42.92993
1400002282.0,2026-07-13,PORT01,CARRIER_08,2,DTP,3,0,CUST_200,1600154,PLANT_06,PORT02,37,107.47019
1400002283.0,2026-11-06,PORT01,CARRIER_08,1,CRF,4,0,CUST_458,1600090,PLANT_06,PORT08,29,96.5818
1400002284.0,2026-08-02,PORT04,CARRIER_08,2,DTP,3,0,CUST_450,1600095,PLANT_02,PORT05,48,79.69696
1400002285.0,2026-05-13,PORT06,CARRIER_12,2,DTP,5,5,CUST_401,1600162,PLANT_02,PORT01,49,10.71775
1400002286.0,2026-06-26,PORT01,CARRIER_12,2,DTP,4,0,CUST_497,1600055,PLANT_09,PORT04,24,88.94276
1400002287.0,2026-02-21,PORT07,CARRIER_06,2,DTD,5,0,CUST_196,1600081,PLANT_13,PORT04,26,81.15449
1400002288.0,2026-03-28,PORT08,CARRIER_09,1,DTP,3,0,CUST_058,1600183,PLANT_18,PORT03,14,16.42332
1400002289.0,2026-06-09,PORT05,CARRIER_02,2,DTP,4,0,CUST_243,1600021,PLANT_17,PORT02,41,67.31272
1400002290.0,2026-08-05,PORT07,CARRIER_01,2,DTP,6,0,CUST_373,1600035,PLANT_14,PORT04,47,225.12326
1400002291.0,2026-06-27,PORT06,CARRIER_03,0,CRF,0,0,CUST_390,1600070,PLANT_02,PORT08,35,111.57991
1400002292.0,2026-12-18,PORT02,CARRIER_05,1,DTP,3,0,CUST_195,1600044,PLANT_09,PORT03,14,42.24977
1400002293.0,2026-08-21,PORT04,CARRIER_06,2,DTP,5,0,CUST_147,1600188,PLANT_13,PORT03,28,90.56557
1400002294.0,2026-01-09,PORT03,CARRIER_12,1,DTD,3,0,CUST_223,1600029,PLANT_11,PORT04,41,195.84791
1400002295.0,2026-07-11,PORT07,CARRIER_06,2,DTP,3,0,CUST_402,1600003,PLANT_10,PORT03,6,10.59186
1400002296.0,2026-08-01,PORT07,CARRIER_06,2,DTP,3,0,CUST_031,1600155,PLANT_13,PORT01,32,47.24763
1400002297.0,2026-01-16,PORT07,CARRIER_07,2,DTP,4,0,CUST_165,1600025,PLANT_16,PORT06,35,68.11134
1400002298.0,2026-05-21,PORT03,CARRIER_02,2,DTP,0,0,CUST_115,1600040,PLANT_13,PORT01,29,116.71487
1400002299.0,2026-11-15,PORT05,CARRIER_11,2,DTP,3,0,CUST_403,1600143,PLANT_12,PORT07,34,23.55175
1400002300.0,2026-05-11,PORT06,CARRIER_04,2,DTP,3,0,CUST_235,1600193,PLANT_02,PORT08,46,51.21829
1400002301.0,2026-06-16,PORT07,CARRIER_11,2,DTP,0,1,CUST_044,1600057,PLANT_16,PORT03,10,12.18403
1400002302.0,2026-03-22,PORT01,CARRIER_09,2,DTP,0,0,CUST_131,1600052,PLANT_09,PORT07,31,99.76573
1400002303.0,2026-01-29,PORT08,CARRIER_08,2,DTD,3,0,CUST_023,1600035,PLANT_18,PORT06,41,132.99403
1400002304.0,2026-04-27,PORT06,CARRIER_11,1,DTP,5,0,CUST_238,1600174,PLANT_02,PORT07,42,80.73422
1400002305.0,2026-10-10,PORT02,CARRIER_02,2,DTP,6,0,CUST_499,1600113,PLANT_04,PORT05,26,37.7869
1400002306.0,2026-12-25,PORT02,CARRIER_09,2,CRF,6,0,CUST_284,1600007,PLANT_09,PORT01,50,189.88972
1400002307.0,2026-08-29,PORT05,CARRIER_03,2,DTD,6,0,CUST_435,1600050,PLANT_17,PORT08,19,4.85374
1400002308.0,2026-10-31,PORT03,CARRIER_12,1,DTP,0,0,CUST_372,1600043,PLANT_04,PORT04,25,92.99537
1400002309.0,2026-08-26,PORT01,CARRIER_04,2,DTD,3,0,CUST_442,1600049,PLANT_06,PORT08,42,47.47439
1400002310.0,2026-08-29,PORT01,CARRIER_05,2,DTP,0,0,CUST_156,1600130,PLANT_18,PORT08,25,113.09019
1400002311.0,2026-06-05,PORT07,CARRIER_09,2,DTP,3,0,CUST_476,1600027,PLANT_14,PORT04,20,42.54194
1400002312.0,2026-01-23,PORT02,CARRIER_05,2,DTP,6,0,CUST_120,1600015,PLANT_04,PORT06,30,97.41764
1400002313.0,2026-05-30,PORT01,CARRIER_11,1,DTP,0,0,CUST_220,1600019,PLANT_03,PORT06,33,22.86074
1400002314.0,2026-11-12,PORT07,CARRIER_05,1,CRF,3,0,CUST_341,1600085,PLANT_10,PORT05,49,65.85765
1400002315.0,2026-07-15,PORT04,CARRIER_08,2,DTP,3,0,CUST_144,1600101,PLANT_13,PORT07,33,116.58841
1400002316.0,2026-10-06,PORT05,CARRIER_03,3,DTD,0,0,CUST_133,1600033,PLANT_12,PORT01,13,36.35764
1400002317.0,2026-01-19,PORT07,CARRIER_11,1,DTP,4,0,CUST_066,1600008,PLANT_14,PORT06,7,27.12737
1400002318.0,2026-03-15,PORT05,CARRIER_01,1,DTP,3,0,CUST_003,1600014,PLANT_12,PORT07,49,140.1729
1400002319.0,2026-04-20,PORT04,CARRIER_03,2,DTP,3,0,CUST_251,1600147,PLANT_02,PORT02,24,69.35335
1400002320.0,2026-05-12,PORT07,CARRIER_10,1,DTP,6,0,CUST_494,1600063,PLANT_14,PORT06,14,60.27657
1400002321.0,2026-12-27,PORT06,CARRIER_09,2,DTP,0,0,CUST_111,1600042,PLANT_02,PORT03,15,32.71471
1400002322.0,2026-06-18,PORT06,CARRIER_03,2,DTP,3,0,CUST_221,1600035,PLANT_15,PORT03,9,40.37147
1400002323.0,2026-08-30,PORT05,CARRIER_04,2,DTP,4,0,CUST_468,1600054,PLANT_17,PORT02,14,26.93397
1400002324.0,2026-08-24,PORT01,CARRIER_04,2,DTP,3,0,CUST_387,1600099,PLANT_19,PORT03,40,68.40446
1400002325.0,2026-06-02,PORT02,CARRIER_08,1,DTP,3,0,CUST_003,1600141,PLANT_04,PORT05,35,137.17075
1400002326.0,2026-12-19,PORT03,CARRIER_05,2,DTP,3,0,CUST_251,1600152,PLANT_13,PORT04,32,5.01048
1400002327.0,2026-03-23,PORT07,CARRIER_01,2,DTD,1,0,CUST_072,1600011,PLANT_14,PORT02,5,4.71871
1400002328.0,2026-01-13,PORT06,CARRIER_05,1,DTD,0,0,CUST_124,1600174,PLANT_19,PORT01,35,15.80782
1400002329.0,2026-09-30,PORT07,CARRIER_08,2,DTD,5,0,CUST_124,1600197,PLANT_16,PORT04,49,127.85643
1400002330.0,2026-08-27,PORT03,CARRIER_05,2,CRF,1,0,CUST_307,1600100,PLANT_06,PORT04,47,149.34475
1400002331.0,2026-04-06,PORT04,CARRIER_11,1,DTP,6,0,CUST_100,1600159,PLANT_02,PORT06,23,3.46937
1400002332.0,2026-11-13,PORT01,CARRIER_08,2,DTP,0,0,CUST_126,1600123,PLANT_19,PORT07,32,28.51748
1400002333.0,2026-03-01,PORT02,CARRIER_04,2,DTP,5,0,CUST_113,1600186,PLANT_02,PORT07,18,28.48415
1400002334.0,2026-04-02,PORT03,CARRIER_08,1,DTP,5,0,CUST_179,1600001,PLANT_11,PORT07,45,69.37691
1400002335.0,2026-02-26,PORT05,CARRIER_11,2,DTP,0,0,CUST_329,1600050,PLANT_17,PORT06,47,27.06966
1400002336.0,2026-03-09,PORT08,CARRIER_12,0,CRF,3,0,CUST_200,1600133,PLANT_03,PORT02,15,14.20429
1400002337.0,2026-09-24,PORT03,CARRIER_01,2,DTP,4,0,CUST_164,1600106,PLANT_06,PORT07,27,114.76495
1400002338.0,2026-09-14,PORT01,CARRIER_04,2,DTD,3,0,CUST_259,1600130,PLANT_01,PORT06,15,52.99271
1400002339.0,2026-08-23,PORT07,CARRIER_08,2,DTP,5,0,CUST_308,1600078,PLANT_14,PORT03,33,51.17846
1400002340.0,2026-11-11,PORT01,CARRIER_01,1,DTD,0,0,CUST_008,1600130,PLANT_06,PORT07,18,25.03254
1400002341.0,2026-01-26,PORT02,CARRIER_06,2,DTP,5,0,CUST_446,1600149,PLANT_09,PORT06,37,18.24012
1400002342.0,2026-08-15,PORT01,CARRIER_08,2,DTP,3,0,CUST_459,1600055,PLANT_09,PORT03,50,90.48195
1400002343.0,2026-02-11,PORT02,CARRIER_01,2,CRF,2,0,CUST_302,1600150,PLANT_05,PORT05,45,92.27433
1400002344.0,2026-12-15,PORT02,CARRIER_02,2,DTD,3,0,CUST_288,1600097,PLANT_05,PORT05,13,58.89637
1400002345.0,2026-08-20,PORT04,CARRIER_08,1,DTP,2,0,CUST_348,1600118,PLANT_02,PORT06,10,37.41267
1400002346.0,2026-10-05,PORT04,CARRIER_06,2,DTP,3,0,CUST_221,1600052,PLANT_02,PORT01,42,102.80985
1400002347.0,2026-07-28,PORT02,CARRIER_02,2,DTP,0,0,CUST_183,1600184,PLANT_05,PORT03,8,6.0864
1400002348.0,2026-05-21,PORT03,CARRIER_01,1,DTP,4,0,CUST_177,1600104,PLANT_13,PORT06,23,76.24942
1400002349.0,2026-09-08,PORT07,CARRIER_06,2,DTP,3,0,CUST_080,1600025,PLANT_16,PORT01,50,234.32302
1400002350.0,2026-11-02,PORT07,CARRIER_12,2,CRF,3,0,CUST_421,1600082,PLANT_07,PORT04,25,12.06049
1400002351.0,2026-03-06,PORT01,CARRIER_03,2,DTP,5,0,CUST_161,1600018,PLANT_19,PORT03,5,21.29089
1400002352.0,2026-11-15,PORT05,CARRIER_06,2,DTP,5,0,CUST_143,1600067,PLANT_12,PORT06,49,48.1455
1400002353.0,2026-09-23,PORT03,CARRIER_02,2,DTD,4,0,CUST_483,1600088,PLANT_11,PORT05,37,130.84223
1400002354.0,2026-02-01,PORT05,CARRIER_05,2,DTP,0,0,CUST_254,1600101,PLANT_12,PORT02,20,20.01789
1400002355.0,2026-12-08,PORT03,CARRIER_02,2,DTD,5,0,CUST_311,1600189,PLANT_11,PORT02,33,100.32219
1400002356.0,2026-03-07,PORT02,CARRIER_03,2,DTP,0,0,CUST_123,1600012,PLANT_02,PORT07,33,41.7239
1400002357.0,2026-08-08,PORT01,CARRIER_08,2,DTP,3,0,CUST_139,1600002,PLANT_05,PORT08,30,82.62962
1400002358.0,2026-02-17,PORT06,CARRIER_06,1,DTP,5,0,CUST_365,1600187,PLANT_02,PORT07,49,148.9979
1400002359.0,2026-03-13,PORT07,CARRIER_03,2,DTP,0,0,CUST_226,1600048,PLANT_16,PORT03,41,128.36073
1400002360.0,2026-08-23,PORT06,CARRIER_02,2,CRF,0,0,CUST_074,1600073,PLANT_20,PORT02,16,55.13143
1400002361.0,2026-09-06,PORT06,CARRIER_04,2,DTP,3,0,CUST_418,1600199,PLANT_17,PORT03,50,21.91225
1400002362.0,2026-09-08,PORT06,CARRIER_10,2,DTD,3,0,CUST_202,1600167,PLANT_20,PORT08,49,173.78332
1400002363.0,2026-05-06,PORT08,CARRIER_03,1,CRF,3,0,CUST_335,1600059,PLANT_06,PORT05,7,6.0027
1400002364.0,2026-10-27,PORT02,CARRIER_04,2,DTP,4,0,CUST_171,1600120,PLANT_09,PORT05,18,61.51426
1400002365.0,2026-01-18,PORT03,CARRIER_02,1,DTP,5,0,CUST_281,1600013,PLANT_17,PORT02,33,23.35688
1400002366.0,2026-11-08,PORT07,CARRIER_08,2,DTP,6,0,CUST_388,1600123,PLANT_16,PORT06,45,110.21094
1400002367.0,2026-04-21,PORT07,CARRIER_01,2,CRF,0,4,CUST_443,1600105,PLANT_16,PORT05,37,73.82112
1400002368.0,2026-08-15,PORT02,CARRIER_03,2,DTP,3,0,CUST_104,1600175,PLANT_02,PORT08,31,150.03991
1400002369.0,2026-11-27,PORT02,CARRIER_06,4,DTP,5,0,CUST_337,1600052,PLANT_09,PORT07,19,60.62833
1400002370.0,2026-04-04,PORT07,CARRIER_08,2,DTP,0,0,CUST_458,1600115,PLANT_16,PORT06,9,4.78988
1400002371.0,2026-05-31,PORT02,CARRIER_10,1,DTD,3,0,CUST_322,1600058,PLANT_09,PORT06,46,162.57981
1400002372.0,2026-10-30,PORT07,CARRIER_09,2,DTP,0,0,CUST_072,1600000,PLANT_16,PORT02,29,30.48707
1400002373.0,2026-11-12,PORT07,CARRIER_01,2,DTP,0,0,CUST_095,1600164,PLANT_14,PORT03,26,39.05556
1400002374.0,2026-03-27,PORT05,CARRIER_08,2,DTP,0,0,CUST_102,1600135,PLANT_17,PORT02,50,97.71854
1400002375.0,2026-07-05,PORT01,CARRIER_03,1,DTP,3,0,CUST_054,1600171,PLANT_18,PORT06,12,46.84206
1400002376.0,2026-05-02,PORT01,CARRIER_08,2,DTP,3,0,CUST_377,1600196,PLANT_18,PORT02,16,75.61595
1400002377.0,2026-07-08,PORT07,CARRIER_11,1,DTP,0,0,CUST_483,1600174,PLANT_10,PORT06,44,203.68666
1400002378.0,2026-05-19,PORT03,CARRIER_01,2,DTP,3,0,CUST_259,1600063,PLANT_11,PORT01,18,16.8543
1400002379.0,2026-01-02,PORT03,CARRIER_11,2,DTP,0,0,CUST_300,1600193,PLANT_04,PORT02,48,19.00925
1400002380.0,2026-12-04,PORT08,CARRIER_12,2,CRF,0,0,CUST_387,1600157,PLANT_15,PORT07,44,183.03172
1400002381.0,2026-08-21,PORT01,CARRIER_12,2,DTP,5,0,CUST_208,1600079,PLANT_09,PORT06,9,13.61043
1400002382.0,2026-06-18,PORT01,CARRIER_01,0,DTP,3,0,CUST_237,1600190,PLANT_18,PORT04,26,76.85205
1400002383.0,2026-02-09,PORT07,CARRIER_08,2,DTP,4,0,CUST_295,1600033,PLANT_16,PORT08,39,190.91571
1400002384.0,2026-01-27,PORT06,CARRIER_04,2,DTP,2,0,CUST_153,1600131,PLANT_02,PORT02,27,27.36363
1400002385.0,2026-06-24,PORT07,CARRIER_01,2,DTP,0,0,CUST_031,1600156,PLANT_11,PORT05,14,27.11511
1400002386.0,2026-08-25,PORT04,CARRIER_01,2,CRF,5,0,CUST_284,1600033,PLANT_02,PORT02,7,30.45864
1400002387.0,2026-04-06,PORT08,CARRIER_02,1,DTP,0,0,CUST_412,1600153,PLANT_18,PORT02,5,16.42452
1400002388.0,2026-09-29,PORT01,CARRIER_05,2,DTD,2,0,CUST_037,1600167,PLANT_09,PORT04,13,61.02213
1400002389.0,2026-05-24,PORT06,CARRIER_03,1,DTD,3,0,CUST_109,1600154,PLANT_19,PORT03,16,51.12679
1400002390.0,2026-01-05,PORT04,CARRIER_01,2,DTP,3,0,CUST_132,1600170,PLANT_15,PORT07,18,28.57487
1400002391.0,2026-07-16,PORT02,CARRIER_05,2,DTD,5,0,CUST_403,1600043,PLANT_05,PORT07,44,177.98142
1400002392.0,2026-03-08,PORT03,CARRIER_06,2,DTP,6,0,CUST_253,1600007,PLANT_11,PORT01,28,106.97099
1400002393.0,2026-01-06,PORT07,CARRIER_05,2,DTP,0,0,CUST_268,1600139,PLANT_14,PORT04,11,51.42206
1400002394.0,2026-02-17,PORT05,CARRIER_08,2,DTP,0,0,CUST_323,1600066,PLANT_12,PORT03,8,19.46574
1400002395.0,2026-04-14,PORT03,CARRIER_03,2,DTP,3,0,CUST_139,1600032,PLANT_13,PORT07,11,28.20304
1400002396.0,2026-07-07,PORT06,CARRIER_04,1,DTP,0,0,CUST_357,1600136,PLANT_02,PORT08,19,32.04793
1400002397.0,2026-12-28,PORT07,CARRIER_03,1,CRF,3,0,CUST_016,1600099,PLANT_10,PORT04,38,53.8428
1400002398.0,2026-03-21,PORT08,CARRIER_03,2,DTP,3,0,CUST_057,1600102,PLANT_15,PORT03,7,34.8809
1400002399.0,2026-01-21,PORT02,CARRIER_12,2,CRF,5,0,CUST_408,1600195,PLANT_05,PORT01,23,112.4367
1400002400.0,2026-03-11,PORT01,CARRIER_08,2,DTP,5,0,CUST_330,1600030,PLANT_19,PORT05,25,67.38169
1400002401.0,2026-04-27,PORT05,CARRIER_02,2,DTD,1,0,CUST_089,1600165,PLANT_17,PORT06,11,52.57911
1400002402.0,2026-03-16,PORT07,CARRIER_03,2,DTP,0,0,CUST_220,1600153,PLANT_07,PORT04,7,12.91613
1400002403.0,2026-04-28,PORT07,CARRIER_01,2,DTP,6,0,CUST_026,1600182,PLANT_16,PORT06,15,63.97458
1400002404.0,2026-12-20,PORT03,CARRIER_11,2,DTD,0,0,CUST_336,1600027,PLANT_08,PORT04,11,35.31939
1400002405.0,2026-05-19,PORT03,CARRIER_01,0,DTP,0,0,CUST_378,1600159,PLANT_08,PORT06,41,148.15858
1400002406.0,2026-08-20,PORT04,CARRIER_01,1,DTD,1,0,CUST_140,1600119,PLANT_13,PORT02,47,170.10214
1400002407.0,2026-09-07,PORT01,CARRIER_07,1,DTP,2,0,CUST_176,1600036,PLANT_09,PORT08,33,106.11349
1400002408.0,2026-02-17,PORT02,CARRIER_06,1,DTP,0,0,CUST_119,1600184,PLANT_05,PORT03,39,166.77988
1400002409.0,2026-04-01,PORT07,CARRIER_03,2,DTD,2,0,CUST_195,1600128,PLANT_14,PORT01,40,80.8346
1400002410.0,2026-06-01,PORT05,CARRIER_06,2,DTP,0,0,CUST_137,1600077,PLANT_12,PORT01,45,191.74616
1400002411.0,2026-06-17,PORT01,CARRIER_06,1,DTD,4,0,CUST_124,1600179,PLANT_03,PORT04,9,8.98861
1400002412.0,2026-01-05,PORT01,CARRIER_02,2,DTP,1,0,CUST_216,1600098,PLANT_19,PORT05,50,53.99006
1400002413.0,2026-08-24,PORT03,CARRIER_06,2,DTD,4,0,CUST_430,1600130,PLANT_17,PORT01,26,93.98953
1400002414.0,2026-04-20,PORT06,CARRIER_10,2,DTD,3,0,CUST_382,1600194,PLANT_20,PORT03,29,109.49346
1400002415.0,2026-04-28,PORT02,CARRIER_11,2,CRF,3,0,CUST_149,1600096,PLANT_04,PORT08,41,185.37229
1400002416.0,2026-08-09,PORT01,CARRIER_08,2,DTP,6,0,CUST_472,1600102,PLANT_01,PORT05,27,39.04055
1400002417.0,2026-12-13,PORT03,CARRIER_02,0,DTP,3,0,CUST_106,1600086,PLANT_17,PORT08,17,6.37059
1400002418.0,2026-11-12,PORT05,CARRIER_10,2,DTP,0,0,CUST_456,1600081,PLANT_12,PORT04,5,12.93306
1400002419.0,2026-12-24,PORT07,CARRIER_04,2,DTD,3,0,CUST_155,1600071,PLANT_14,PORT01,12,52.67002
1400002420.0,2026-05-31,PORT01,CARRIER_02,2,DTP,0,0,CUST_271,1600079,PLANT_01,PORT06,8,38.88146
1400002421.0,2026-02-13,PORT01,CARRIER_09,2,DTD,1,0,CUST_102,1600117,PLANT_18,PORT03,22,94.67367
1400002422.0,2026-03-20,PORT08,CARRIER_03,2,CRF,5,0,CUST_382,1600027,PLANT_08,PORT01,40,100.03146
1400002423.0,2026-05-06,PORT07,CARRIER_07,2,CRF,5,0,CUST_159,1600163,PLANT_10,PORT02,20,86.61146
1400002424.0,2026-04-20,PORT08,CARRIER_07,1,DTP,3,4,CUST_437,1600094,PLANT_15,PORT02,32,36.75064
1400002425.0,2026-03-17,PORT01,CARRIER_08,2,DTP,3,0,CUST_042,1600007,PLANT_09,PORT08,13,59.97851
1400002426.0,2026-02-25,PORT03,CARRIER_05,3,DTP,3,4,CUST_252,1600029,PLANT_04,PORT07,32,92.08145
1400002427.0,2026-03-10,PORT01,CARRIER_06,2,CRF,0,0,CUST_080,1600126,PLANT_01,PORT08,48,96.37832
1400002428.0,2026-08-29,PORT07,CARRIER_02,2,DTD,1,0,CUST_445,1600078,PLANT_14,PORT04,19,56.05079
1400002429.0,2026-06-29,PORT04,CARRIER_10,2,DTP,3,2,CUST_209,1600181,PLANT_13,PORT06,27,106.42429
1400002430.0,2026-01-14,PORT04,CARRIER_09,1,DTP,2,0,CUST_338,1600181,PLANT_13,PORT06,49,62.55318
1400002431.0,2026-07-25,PORT03,CARRIER_02,2,CRF,0,0,CUST_440,1600056,PLANT_07,PORT08,32,19.17475
1400002432.0,2026-11-04,PORT07,CARRIER_10,2,DTP,3,0,CUST_268,1600021,PLANT_14,PORT01,23,84.92264
1400002433.0,2026-06-05,PORT08,CARRIER_12,2,DTP,3,0,CUST_029,1600083,PLANT_06,PORT06,10,47.67098
1400002434.0,2026-04-27,PORT07,CARRIER_10,2,DTD,2,0,CUST_111,1600118,PLANT_14,PORT03,48,154.61725
1400002435.0,2026-04-10,PORT02,CARRIER_03,2,DTP,5,0,CUST_107,1600090,PLANT_09,PORT06,33,26.35574
1400002436.0,2026-05-19,PORT05,CARRIER_09,1,DTP,4,0,CUST_458,1600059,PLANT_12,PORT08,7,22.76812
1400002437.0,2026-04-12,PORT07,CARRIER_03,2,CRF,3,0,CUST_455,1600004,PLANT_13,PORT03,30,20.14492
1400002438.0,2026-12-04,PORT02,CARRIER_10,0,DTP,0,0,CUST_239,1600110,PLANT_01,PORT03,49,77.77629
1400002439.0,2026-12-29,PORT06,CARRIER_03,1,DTP,3,0,CUST_446,1600008,PLANT_02,PORT01,47,11.97695
1400002440.0,2026-05-06,PORT04,CARRIER_12,1,DTD,3,0,CUST_124,1600165,PLANT_15,PORT05,14,34.84261
1400002441.0,2026-12-04,PORT07,CARRIER_09,2,DTP,3,0,CUST_340,1600134,PLANT_07,PORT01,23,38.51662
1400002442.0,2026-11-08,PORT06,CARRIER_10,2,DTP,3,0,CUST_196,1600046,PLANT_20,PORT08,50,28.89286
1400002443.0,2026-01-28,PORT07,CARRIER_08,1,DTD,0,0,CUST_121,1600094,PLANT_16,PORT02,40,64.56935
1400002444.0,2026-06-29,PORT06,CARRIER_02,2,DTP,2,0,CUST_126,1600120,PLANT_20,PORT04,30,98.19281
1400002445.0,2026-08-28,PORT08,CARRIER_02,2,DTP,5,0,CUST_210,1600033,PLANT_08,PORT03,18,27.29699
1400002446.0,2026-06-04,PORT01,CARRIER_10,2,DTP,0,0,CUST_170,1600083,PLANT_03,PORT02,40,32.04214
1400002447.0,2026-06-16,PORT03,CARRIER_11,2,CRF,3,0,CUST_106,1600130,PLANT_06,PORT01,31,85.85473
1400002448.0,2026-06-30,PORT07,CARRIER_05,2,DTD,5,0,CUST_168,1600038,PLANT_14,PORT03,29,109.9336
1400002449.0,2026-09-09,PORT06,CARRIER_12,2,DTP,0,0,CUST_065,1600059,PLANT_02,PORT01,47,195.88155
1400002450.0,2026-04-18,PORT02,CARRIER_04,2,DTP,6,0,CUST_485,1600064,PLANT_02,PORT03,22,53.09207
1400002451.0,2026-08-06,PORT07,CARRIER_06,2,DTD,5,0,CUST_190,1600023,PLANT_16,PORT01,33,118.28041
1400002452.0,2026-03-30,PORT05,CARRIER_06,2,DTD,3,0,CUST_054,1600060,PLANT_12,PORT03,7,29.28314
1400002453.0,2026-11-21,PORT03,CARRIER_01,2,DTP,3,0,CUST_288,1600068,PLANT_04,PORT02,37,125.69482
1400002454.0,2026-01-31,PORT07,CARRIER_04,2,DTD,5,0,CUST_442,1600004,PLANT_16,PORT01,30,80.5089
1400002455.0,2026-01-25,PORT02,CARRIER_07,2,DTP,0,0,CUST_180,1600117,PLANT_05,PORT01,45,17.71663
1400002456.0,2026-01-14,PORT07,CARRIER_01,2,DTP,3,4,CUST_423,1600042,PLANT_16,PORT03,20,30.42337
1400002457.0,2026-05-08,PORT03,CARRIER_07,2,CRF,2,0,CUST_306,1600196,PLANT_04,PORT05,47,78.35343
1400002458.0,2026-08-10,PORT05,CARRIER_07,2,DTP,5,0,CUST_370,1600195,PLANT_12,PORT06,31,63.10221
1400002459.0,2026-12-26,PORT06,CARRIER_03,1,DTP,3,0,CUST_149,1600125,PLANT_20,PORT01,14,66.63124
1400002460.0,2026-06-15,PORT08,CARRIER_07,2,DTP,4,0,CUST_019,1600158,PLANT_15,PORT04,12,13.48187
1400002461.0,2026-03-08,PORT05,CARRIER_01,2,DTP,0,0,CUST_173,1600092,PLANT_12,PORT08,14,38.55067
1400002462.0,2026-05-15,PORT07,CARRIER_08,0,CRF,0,0,CUST_463,1600034,PLANT_16,PORT01,18,89.22544
1400002463.0,2026-02-16,PORT08,CARRIER_06,2,DTP,4,3,CUST_396,1600047,PLANT_08,PORT04,30,93.9628
1400002464.0,2026-06-22,PORT04,CARRIER_05,1,DTD,3,0,CUST_393,1600112,PLANT_13,PORT07,44,49.44115
1400002465.0,2026-09-24,PORT07,CARRIER_11,1,DTD,3,5,CUST_440,1600108,PLANT_11,PORT06,50,240.24678
1400002466.0,2026-01-13,PORT05,CARRIER_11,2,DTD,3,0,CUST_187,1600133,PLANT_12,PORT02,36,62.92203
1400002467.0,2026-10-11,PORT02,CARRIER_03,1,DTD,0,0,CUST_162,1600108,PLANT_02,PORT05,27,9.03329
1400002468.0,2026-03-25,PORT02,CARRIER_07,2,DTD,2,4,CUST_463,1600156,PLANT_02,PORT03,33,73.0512
1400002469.0,2026-09-03,PORT07,CARRIER_05,1,DTP,2,3,CUST_286,1600173,PLANT_14,PORT05,20,25.58426
1400002470.0,2026-10-25,PORT02,CARRIER_11,1,DTP,5,0,CUST_149,1600088,PLANT_02,PORT01,16,65.79892
1400002471.0,2026-10-11,PORT07,CARRIER_11,2,CRF,0,0,CUST_140,1600110,PLANT_10,PORT08,29,34.15572
1400002472.0,2026-09-02,PORT01,CARRIER_10,2,DTP,3,0,CUST_439,1600135,PLANT_09,PORT06,43,177.04324
1400002473.0,2026-09-11,PORT03,CARRIER_08,2,DTP,6,0,CUST_027,1600080,PLANT_11,PORT01,7,1.94067
1400002474.0,2026-03-10,PORT02,CARRIER_12,1,DTP,4,0,CUST_031,1600192,PLANT_04,PORT03,10,46.52871
1400002475.0,2026-02-19,PORT05,CARRIER_07,2,DTP,3,0,CUST_369,1600093,PLANT_17,PORT01,13,3.98773
1400002476.0,2026-05-20,PORT02,CARRIER_08,2,DTP,3,0,CUST_001,1600192,PLANT_04,PORT03,14,65.78383
1400002477.0,2026-08-11,PORT04,CARRIER_04,1,DTP,4,0,CUST_086,1600193,PLANT_02,PORT03,11,5.07196
1400002478.0,2026-08-14,PORT06,CARRIER_09,2,DTP,5,0,CUST_496,1600084,PLANT_02,PORT07,10,43.7566
1400002479.0,2026-10-11,PORT06,CARRIER_12,2,DTP,5,0,CUST_213,1600060,PLANT_02,PORT01,6,25.04116
1400002480.0,2026-04-23,PORT02,CARRIER_07,2,CRF,3,0,CUST_364,1600042,PLANT_02,PORT07,21,63.26621
1400002481.0,2026-11-12,PORT06,CARRIER_09,2,DTP,3,0,CUST_244,1600173,PLANT_15,PORT08,38,10.50061
1400002482.0,2026-06-13,PORT02,CARRIER_04,2,CRF,4,0,CUST_046,1600054,PLANT_02,PORT06,12,37.7232
1400002483.0,2026-03-31,PORT08,CARRIER_02,0,DTP,4,0,CUST_093,1600102,PLANT_18,PORT03,19,59.4215
1400002484.0,2026-09-26,PORT06,CARRIER_05,2,DTP,3,0,CUST_381,1600108,PLANT_15,PORT07,49,138.68311
1400002485.0,2026-02-16,PORT06,CARRIER_01,2,DTP,0,0,CUST_048,1600064,PLANT_20,PORT04,12,38.3337
1400002486.0,2026-05-28,PORT07,CARRIER_12,2,DTP,4,0,CUST_298,1600066,PLANT_14,PORT05,50,242.18631
1400002487.0,2026-10-13,PORT07,CARRIER_08,2,CRF,3,0,CUST_175,1600155,PLANT_16,PORT05,28,139.38359
1400002488.0,2026-10-09,PORT08,CARRIER_09,0,DTP,0,0,CUST_186,1600042,PLANT_18,PORT02,38,100.71632
1400002489.0,2026-04-04,PORT01,CARRIER_04,2,DTD,0,0,CUST_477,1600067,PLANT_19,PORT07,19,10.44664
1400002490.0,2026-03-02,PORT01,CARRIER_08,2,DTD,0,0,CUST_303,1600063,PLANT_03,PORT08,19,14.37252
1400002491.0,2026-01-12,PORT08,CARRIER_02,1,DTP,3,0,CUST_308,1600099,PLANT_15,PORT06,23,83.48354
1400002492.0,2026-02-02,PORT02,CARRIER_12,2,DTP,0,1,CUST_176,1600143,PLANT_04,PORT05,10,49.11622
1400002493.0,2026-10-29,PORT08,CARRIER_09,2,DTP,3,0,CUST_191,1600154,PLANT_15,PORT05,19,42.49674
1400002494.0,2026-10-14,PORT07,CARRIER_04,2,DTP,6,0,CUST_343,1600136,PLANT_16,PORT08,46,26.69793
1400002495.0,2026-07-04,PORT01,CARRIER_11,2,DTD,0,0,CUST_020,1600151,PLANT_09,PORT04,5,9.14959
1400002496.0,2026-07-28,PORT03,CARRIER_07,1,DTP,0,0,CUST_119,1600010,PLANT_04,PORT07,31,61.58306
1400002497.0,2026-04-30,PORT04,CARRIER_06,0,CRF,0,0,CUST_301,1600066,PLANT_07,PORT05,36,179.39942
1400002498.0,2026-03-12,PORT04,CARRIER_07,1,DTD,4,0,CUST_312,1600147,PLANT_02,PORT03,11,38.10684
1400002499.0,2026-01-05,PORT07,CARRIER_04,2,DTP,1,0,CUST_047,1600175,PLANT_13,PORT08,10,6.77544
1400002500.0,2026-09-03,PORT06,CARRIER_05,1,DTP,0,0,CUST_394,1600022,PLANT_02,PORT03,30,52.55028
1400002501.0,2026-01-13,PORT07,CARRIER_02,2,DTP,0,0,CUST_272,1600041,PLANT_14,PORT04,15,5.06907
1400002502.0,2026-02-08,PORT07,CARRIER_02,2,DTP,0,0,CUST_119,1600109,PLANT_10,PORT01,49,161.69983
1400002503.0,2026-10-17,PORT01,CARRIER_09,2,DTP,3,0,CUST_376,1600197,PLANT_01,PORT07,13,44.15349
1400002504.0,2026-08-01,PORT01,CARRIER_08,0,DTP,3,0,CUST_496,1600016,PLANT_09,PORT04,11,4.19907
1400002505.0,2026-06-28,PORT07,CARRIER_01,0,CRF,2,0,CUST_212,1600043,PLANT_13,PORT08,20,34.88095
1400002506.0,2026-03-21,PORT02,CARRIER_05,3,DTP,3,0,CUST_142,1600102,PLANT_05,PORT04,20,90.47816
1400002507.0,2026-02-24,PORT07,CARRIER_09,2,DTP,3,0,CUST_150,1600137,PLANT_16,PORT02,12,49.81678
1400002508.0,2026-06-20,PORT01,CARRIER_02,1,DTP,6,0,CUST_297,1600114,PLANT_06,PORT07,35,101.97746
1400002509.0,2026-05-11,PORT08,CARRIER_12,0,DTP,3,0,CUST_024,1600108,PLANT_18,PORT03,20,49.49309
1400002510.0,2026-07-14,PORT02,CARRIER_04,2,DTP,4,3,CUST_242,1600093,PLANT_04,PORT01,29,143.98426
1400002511.0,2026-03-02,PORT04,CARRIER_05,2,DTP,6,0,CUST_013,1600088,PLANT_02,PORT08,16,58.22013
1400002512.0,2026-03-26,PORT07,CARRIER_08,2,DTP,3,0,CUST_020,1600130,PLANT_13,PORT08,9,42.91121
1400002513.0,2026-02-11,PORT08,CARRIER_09,2,CRF,0,0,CUST_216,1600172,PLANT_06,PORT05,7,3.15537
1400002514.0,2026-06-04,PORT01,CARRIER_05,2,DTP,3,0,CUST_373,1600068,PLANT_09,PORT07,7,7.97678
1400002515.0,2026-04-11,PORT02,CARRIER_01,0,DTP,0,0,CUST_442,1600072,PLANT_04,PORT08,45,11.35998
1400002516.0,2026-03-23,PORT03,CARRIER_07,2,DTP,3,0,CUST_044,1600171,PLANT_11,PORT04,17,73.99754
1400002517.0,2026-07-20,PORT03,CARRIER_05,1,DTP,3,0,CUST_123,1600113,PLANT_04,PORT02,19,66.53295
1400002518.0,2026-07-01,PORT07,CARRIER_03,1,CRF,3,0,CUST_211,1600143,PLANT_13,PORT03,31,30.08529
1400002519.0,2026-03-18,PORT02,CARRIER_06,2,DTP,3,0,CUST_288,1600077,PLANT_02,PORT04,9,43.86181
1400002520.0,2026-09-13,PORT06,CARRIER_02,1,CRF,3,0,CUST_494,1600073,PLANT_02,PORT04,32,153.069
1400002521.0,2026-05-06,PORT07,CARRIER_08,2,DTP,0,0,CUST_343,1600035,PLANT_16,PORT01,28,33.61482
1400002522.0,2026-05-05,PORT02,CARRIER_09,2,DTP,0,0,CUST_270,1600185,PLANT_04,PORT08,41,134.08426
1400002523.0,2026-06-24,PORT05,CARRIER_04,2,DTD,3,0,CUST_031,1600052,PLANT_12,PORT04,10,33.73704
1400002524.0,2026-02-20,PORT07,CARRIER_05,2,DTP,0,0,CUST_041,1600144,PLANT_11,PORT02,5,0.59841
1400002525.0,2026-06-03,PORT08,CARRIER_08,1,DTD,6,0,CUST_077,1600058,PLANT_15,PORT07,40,139.00084
1400002526.0,2026-08-01,PORT06,CARRIER_11,2,DTP,3,0,CUST_331,1600002,PLANT_02,PORT08,22,26.06047
1400002527.0,2026-02-16,PORT02,CARRIER_09,2,DTP,5,0,CUST_166,1600069,PLANT_09,PORT08,7,31.61523
1400002528.0,2026-07-26,PORT01,CARRIER_11,2,DTP,6,0,CUST_121,1600151,PLANT_01,PORT03,30,126.26055
1400002529.0,2026-01-15,PORT08,CARRIER_02,1,DTP,3,0,CUST_336,1600182,PLANT_03,PORT05,26,117.9344
1400002530.0,2026-08-09,PORT08,CARRIER_04,2,DTD,3,0,CUST_408,1600073,PLANT_03,PORT02,48,182.97669
1400002531.0,2026-01-13,PORT05,CARRIER_11,1,DTP,5,0,CUST_220,1600122,PLANT_12,PORT03,48,43.58576
1400002532.0,2026-03-05,PORT08,CARRIER_03,1,DTP,0,5,CUST_441,1600096,PLANT_15,PORT01,29,54.13477
1400002533.0,2026-05-08,PORT07,CARRIER_09,1,DTP,3,0,CUST_368,1600071,PLANT_16,PORT05,12,42.88517
1400002534.0,2026-08-13,PORT02,CARRIER_01,2,DTP,1,0,CUST_359,1600083,PLANT_01,PORT08,39,65.68742
1400002535.0,2026-09-20,PORT07,CARRIER_12,1,DTP,4,0,CUST_434,1600043,PLANT_16,PORT01,14,50.10826
1400002536.0,2026-06-21,PORT07,CARRIER_04,0,DTP,4,0,CUST_092,1600187,PLANT_10,PORT05,43,75.12864
1400002537.0,2026-02-17,PORT04,CARRIER_10,2,DTP,3,0,CUST_380,1600081,PLANT_13,PORT07,32,31.06798
1400002538.0,2026-05-22,PORT07,CARRIER_10,2,DTP,3,0,CUST_479,1600026,PLANT_14,PORT03,21,55.41906
1400002539.0,2026-10-15,PORT01,CARRIER_10,1,DTP,3,0,CUST_497,1600126,PLANT_18,PORT03,50,173.1258
1400002540.0,2026-02-02,PORT07,CARRIER_04,2,CRF,3,0,CUST_290,1600026,PLANT_07,PORT06,28,73.75925
1400002541.0,2026-09-19,PORT07,CARRIER_01,2,DTP,3,0,CUST_378,1600126,PLANT_10,PORT08,22,71.39329
1400002542.0,2026-05-21,PORT01,CARRIER_12,1,DTP,5,0,CUST_445,1600197,PLANT_09,PORT05,13,29.20385
1400002543.0,2026-01-02,PORT03,CARRIER_06,1,DTP,0,0,CUST_427,1600082,PLANT_08,PORT07,34,133.07
1400002544.0,2026-09-11,PORT02,CARRIER_09,2,DTD,0,0,CUST_449,1600039,PLANT_09,PORT03,17,55.8422
1400002545.0,2026-01-10,PORT07,CARRIER_04,4,DTP,0,0,CUST_417,1600064,PLANT_11,PORT02,12,34.98687
1400002546.0,2026-05-15,PORT07,CARRIER_12,2,DTD,3,0,CUST_191,1600083,PLANT_11,PORT03,10,22.33321
1400002547.0,2026-03-13,PORT01,CARRIER_10,2,DTP,5,0,CUST_366,1600037,PLANT_19,PORT04,34,92.65221
1400002548.0,2026-08-02,PORT02,CARRIER_08,2,DTP,2,0,CUST_206,1600049,PLANT_04,PORT04,47,16.44754
1400002549.0,2026-01-21,PORT07,CARRIER_08,2,DTD,3,0,CUST_401,1600000,PLANT_13,PORT08,16,53.87082
1400002550.0,2026-02-03,PORT01,CARRIER_01,2,DTP,6,0,CUST_406,1600140,PLANT_06,PORT07,14,15.42264
1400002551.0,2026-07-13,PORT08,CARRIER_07,2,DTP,0,0,CUST_468,1600101,PLANT_08,PORT03,33,142.38609
1400002552.0,2026-12-29,PORT07,CARRIER_04,2,DTP,5,0,CUST_295,1600120,PLANT_16,PORT03,11,44.88533
1400002553.0,2026-01-15,PORT07,CARRIER_05,2,DTP,6,0,CUST_238,1600192,PLANT_14,PORT01,9,24.1828
1400002554.0,2026-06-18,PORT03,CARRIER_07,2,DTP,4,4,CUST_083,1600101,PLANT_13,PORT08,34,144.53204
1400002555.0,2026-10-20,PORT07,CARRIER_02,2,DTP,2,0,CUST_320,1600064,PLANT_13,PORT02,29,98.22114
1400002556.0,2026-04-17,PORT03,CARRIER_10,1,DTP,3,0,CUST_284,1600023,PLANT_13,PORT01,6,4.75305
1400002557.0,2026-06-29,PORT05,CARRIER_04,2,DTD,1,0,CUST_258,1600013,PLANT_17,PORT03,15,55.9468
1400002558.0,2026-11-03,PORT06,CARRIER_06,2,DTD,0,0,CUST_339,1600065,PLANT_19,PORT02,14,69.71232
1400002559.0,2026-09-23,PORT07,CARRIER_08,3,DTD,0,0,CUST_426,1600189,PLANT_13,PORT02,36,10.8284
1400002560.0,2026-04-18,PORT03,CARRIER_02,1,CRF,0,0,CUST_075,1600084,PLANT_17,PORT01,35,45.50368
1400002561.0,2026-10-02,PORT02,CARRIER_04,1,DTP,6,0,CUST_216,1600127,PLANT_01,PORT06,39,118.12826
1400002562.0,2026-09-04,PORT08,CARRIER_03,2,DTD,3,0,CUST_362,1600067,PLANT_08,PORT01,9,19.21008
1400002563.0,2026-07-04,PORT07,CARRIER_02,1,DTP,2,0,CUST_410,1600074,PLANT_11,PORT02,44,141.85712
1400002564.0,2026-06-11,PORT07,CARRIER_09,2,DTD,3,0,CUST_390,1600105,PLANT_14,PORT01,14,41.62734
1400002565.0,2026-12-04,PORT08,CARRIER_01,2,DTP,3,0,CUST_400,1600076,PLANT_08,PORT03,50,198.05742
1400002566.0,2026-11-16,PORT02,CARRIER_02,2,DTD,0,0,CUST_428,1600174,PLANT_02,PORT01,45,20.13409
1400002567.0,2026-12-28,PORT01,CARRIER_11,2,DTP,1,0,CUST_481,1600131,PLANT_18,PORT03,26,58.73449
1400002568.0,2026-09-04,PORT01,CARRIER_08,2,DTD,3,0,CUST_305,1600056,PLANT_18,PORT04,41,176.88481
1400002569.0,2026-05-12,PORT07,CARRIER_03,2,DTP,4,0,CUST_125,1600155,PLANT_16,PORT06,35,65.71367
1400002570.0,2026-02-10,PORT06,CARRIER_10,1,DTP,0,0,CUST_282,1600018,PLANT_02,PORT03,40,102.74261
1400002571.0,2026-02-15,PORT06,CARRIER_12,2,DTD,5,0,CUST_355,1600096,PLANT_15,PORT04,5,1.02868
1400002572.0,2026-12-14,PORT04,CARRIER_05,2,DTP,3,5,CUST_051,1600051,PLANT_07,PORT05,8,9.58762
1400002573.0,2026-05-13,PORT08,CARRIER_01,1,DTP,3,0,CUST_379,1600187,PLANT_03,PORT04,46,109.10786
1400002574.0,2026-02-10,PORT02,CARRIER_07,0,DTP,0,0,CUST_273,1600159,PLANT_02,PORT04,40,82.19775
1400002575.0,2026-03-23,PORT02,CARRIER_06,2,DTD,3,2,CUST_469,1600129,PLANT_04,PORT03,33,118.85969
1400002576.0,2026-01-08,PORT08,CARRIER_03,2,DTD,3,0,CUST_106,1600115,PLANT_08,PORT02,19,58.86603
1400002577.0,2026-07-13,PORT07,CARRIER_06,2,DTP,0,0,CUST_454,1600130,PLANT_10,PORT04,24,105.92122
1400002578.0,2026-08-04,PORT02,CARRIER_05,1,DTP,5,0,CUST_225,1600054,PLANT_01,PORT06,23,98.63266
1400002579.0,2026-05-19,PORT04,CARRIER_05,1,CRF,3,0,CUST_287,1600108,PLANT_07,PORT06,24,30.76745
1400002580.0,2026-09-29,PORT08,CARRIER_04,2,DTP,0,0,CUST_331,1600077,PLANT_08,PORT04,33,6.15218
1400002581.0,2026-06-25,PORT02,CARRIER_02,1,DTD,2,0,CUST_290,1600166,PLANT_05,PORT06,39,167.18936
1400002582.0,2026-12-17,PORT01,CARRIER_05,4,DTP,0,0,CUST_452,1600122,PLANT_01,PORT06,22,37.67923
1400002583.0,2026-10-06,PORT07,CARRIER_11,2,DTP,5,0,CUST_084,1600091,PLANT_14,PORT08,43,77.43602
1400002584.0,2026-01-28,PORT04,CARRIER_11,2,DTP,0,3,CUST_365,1600072,PLANT_02,PORT06,9,7.88521
1400002585.0,2026-04-11,PORT07,CARRIER_12,2,DTD,3,0,CUST_488,1600160,PLANT_16,PORT03,42,146.8209
1400002586.0,2026-10-03,PORT07,CARRIER_04,2,DTP,3,0,CUST_111,1600191,PLANT_14,PORT06,36,53.01121
1400002587.0,2026-07-16,PORT03,CARRIER_10,2,DTD,0,0,CUST_128,1600152,PLANT_13,PORT02,28,27.04915
1400002588.0,2026-10-02,PORT02,CARRIER_01,2,DTP,3,0,CUST_238,1600167,PLANT_01,PORT08,22,56.46552
1400002589.0,2026-05-03,PORT07,CARRIER_02,2,DTP,3,0,CUST_363,1600035,PLANT_14,PORT03,22,83.09483
1400002590.0,2026-01-14,PORT06,CARRIER_10,2,CRF,5,0,CUST_480,1600176,PLANT_02,PORT05,21,29.8417
1400002591.0,2026-10-14,PORT05,CARRIER_04,1,DTP,3,1,CUST_398,1600029,PLANT_12,PORT08,48,174.62357
1400002592.0,2026-10-14,PORT04,CARRIER_11,4,DTP,0,0,CUST_398,1600164,PLANT_02,PORT08,6,14.18207
1400002593.0,2026-08-22,PORT02,CARRIER_04,0,DTP,2,0,CUST_221,1600079,PLANT_02,PORT04,34,70.66854
1400002594.0,2026-05-28,PORT02,CARRIER_08,2,DTP,3,0,CUST_323,1600163,PLANT_09,PORT03,50,93.08261
1400002595.0,2026-01-04,PORT07,CARRIER_12,2,DTD,3,0,CUST_106,1600192,PLANT_14,PORT01,30,24.4004
1400002596.0,2026-09-23,PORT08,CARRIER_07,2,DTP,5,0,CUST_232,1600010,PLANT_08,PORT05,34,58.81679
1400002597.0,2026-08-29,PORT06,CARRIER_10,2,DTD,0,0,CUST_095,1600064,PLANT_02,PORT01,32,141.06664
1400002598.0,2026-09-01,PORT01,CARRIER_12,2,DTP,2,0,CUST_014,1600105,PLANT_19,PORT03,28,16.8173
1400002599.0,2026-03-04,PORT01,CARRIER_06,1,DTD,3,0,CUST_429,1600119,PLANT_09,PORT04,33,158.25711
1400002600.0,2026-09-24,PORT02,CARRIER_06,1,DTP,0,0,CUST_403,1600010,PLANT_01,PORT01,46,28.82972
1400002601.0,2026-09-22,PORT02,CARRIER_07,1,DTP,3,0,CUST_256,1600042,PLANT_02,PORT03,37,69.33634
1400002602.0,2026-11-09,PORT03,CARRIER_09,2,DTD,0,0,CUST_008,1600171,PLANT_08,PORT01,44,135.11961
1400002603.0,2026-07-27,PORT06,CARRIER_10,1,DTP,4,0,CUST_046,1600035,PLANT_02,PORT08,30,126.16269
1400002604.0,2026-09-25,PORT05,CARRIER_03,2,DTP,1,0,CUST_056,1600067,PLANT_12,PORT04,40,32.14223
1400002605.0,2026-05-27,PORT07,CARRIER_01,1,DTD,3,0,CUST_359,1600142,PLANT_16,PORT08,45,35.61304
1400002606.0,2026-09-12,PORT07,CARRIER_06,2,CRF,3,0,CUST_102,1600023,PLANT_16,PORT05,14,44.50674
1400002607.0,2026-09-11,PORT02,CARRIER_05,2,DTP,2,0,CUST_126,1600105,PLANT_01,PORT06,44,67.51617
1400002608.0,2026-10-12,PORT02,CARRIER_07,2,DTD,3,0,CUST_431,1600120,PLANT_02,PORT03,36,117.29017
1400002609.0,2026-11-09,PORT04,CARRIER_01,2,DTD,3,0,CUST_439,1600170,PLANT_02,PORT07,25,103.02144
1400002610.0,2026-01-02,PORT07,CARRIER_02,2,CRF,4,0,CUST_382,1600049,PLANT_16,PORT02,40,19.06662
1400002611.0,2026-10-12,PORT02,CARRIER_11,2,DTD,3,0,CUST_155,1600167,PLANT_09,PORT03,12,50.85625
1400002612.0,2026-10-17,PORT05,CARRIER_07,1,DTP,3,0,CUST_290,1600065,PLANT_12,PORT08,37,10.51423
1400002613.0,2026-07-19,PORT07,CARRIER_06,2,CRF,3,0,CUST_101,1600016,PLANT_16,PORT06,31,139.6317
1400002614.0,2026-07-09,PORT02,CARRIER_08,2,DTP,3,0,CUST_429,1600116,PLANT_04,PORT06,45,219.6238
1400002615.0,2026-09-21,PORT04,CARRIER_03,1,DTP,3,0,CUST_043,1600038,PLANT_15,PORT08,33,111.22751
1400002616.0,2026-06-16,PORT01,CARRIER_04,2,DTP,0,0,CUST_373,1600037,PLANT_09,PORT03,29,142.76268
1400002617.0,2026-06-01,PORT04,CARRIER_12,2,DTP,3,0,CUST_256,1600128,PLANT_02,PORT03,29,119.70504
1400002618.0,2026-10-21,PORT02,CARRIER_03,2,DTP,5,0,CUST_379,1600041,PLANT_04,PORT04,30,9.52173
1400002619.0,2026-10-15,PORT07,CARRIER_11,2,DTP,3,0,CUST_226,1600046,PLANT_14,PORT06,45,5.34031
1400002620.0,2026-03-17,PORT07,CARRIER_02,2,DTD,3,0,CUST_080,1600067,PLANT_07,PORT08,41,8.27842
1400002621.0,2026-10-30,PORT04,CARRIER_07,2,DTP,4,0,CUST_376,1600055,PLANT_02,PORT03,9,20.8291
1400002622.0,2026-04-30,PORT07,CARRIER_10,0,DTP,3,0,CUST_316,1600118,PLANT_14,PORT05,29,91.48267
1400002623.0,2026-02-20,PORT01,CARRIER_12,2,DTD,3,0,CUST_233,1600199,PLANT_01,PORT03,18,44.26581
1400002624.0,2026-11-17,PORT02,CARRIER_03,2,CRF,0,0,CUST_187,1600099,PLANT_02,PORT08,12,41.01526
1400002625.0,2026-03-28,PORT01,CARRIER_03,1,DTP,0,0,CUST_172,1600154,PLANT_06,PORT08,44,101.33433
1400002626.0,2026-03-16,PORT04,CARRIER_05,2,DTP,0,0,CUST_241,1600156,PLANT_02,PORT08,44,13.57676
1400002627.0,2026-04-09,PORT02,CARRIER_10,0,CRF,3,0,CUST_131,1600190,PLANT_01,PORT04,48,57.99441
1400002628.0,2026-06-29,PORT07,CARRIER_02,0,DTP,3,0,CUST_142,1600005,PLANT_11,PORT03,23,114.16875
1400002629.0,2026-03-02,PORT02,CARRIER_10,1,DTP,5,0,CUST_140,1600061,PLANT_04,PORT04,24,43.07359
1400002630.0,2026-02-28,PORT06,CARRIER_07,1,DTP,0,0,CUST_007,1600196,PLANT_02,PORT07,40,67.65408
1400002631.0,2026-05-24,PORT02,CARRIER_08,2,CRF,0,0,CUST_464,1600135,PLANT_05,PORT05,13,11.03285
1400002632.0,2026-03-21,PORT01,CARRIER_09,2,DTP,3,0,CUST_119,1600143,PLANT_18,PORT02,7,34.55903
1400002633.0,2026-03-12,PORT02,CARRIER_05,1,DTD,0,0,CUST_083,1600055,PLANT_02,PORT08,24,29.50202
1400002634.0,2026-11-29,PORT07,CARRIER_05,2,DTP,3,0,CUST_076,1600178,PLANT_14,PORT02,33,107.89186
1400002635.0,2026-08-06,PORT06,CARRIER_04,2,DTP,0,0,CUST_495,1600043,PLANT_19,PORT02,25,7.65081
1400002636.0,2026-01-06,PORT07,CARRIER_01,1,DTD,0,0,CUST_239,1600099,PLANT_10,PORT01,14,5.96
1400002637.0,2026-02-07,PORT03,CARRIER_08,2,DTP,3,0,CUST_164,1600107,PLANT_08,PORT06,28,101.13833
1400002638.0,2026-10-25,PORT05,CARRIER_09,1,DTD,3,0,CUST_202,1600160,PLANT_12,PORT08,48,154.19155
1400002639.0,2026-04-09,PORT07,CARRIER_04,2,DTP,0,0,CUST_045,1600063,PLANT_11,PORT06,17,58.35753
1400002640.0,2026-02-25,PORT07,CARRIER_12,2,DTD,1,0,CUST_157,1600088,PLANT_14,PORT02,23,28.33036
1400002641.0,2026-08-31,PORT07,CARRIER_02,2,DTP,1,0,CUST_125,1600051,PLANT_16,PORT02,19,93.59316
1400002642.0,2026-11-02,PORT02,CARRIER_11,1,DTP,0,0,CUST_402,1600113,PLANT_02,PORT05,18,51.04869
1400002643.0,2026-05-26,PORT03,CARRIER_11,1,DTD,6,6,CUST_030,1600190,PLANT_17,PORT04,35,169.77751
1400002644.0,2026-09-29,PORT01,CARRIER_01,2,DTD,3,0,CUST_213,1600043,PLANT_19,PORT03,22,19.89759
1400002645.0,2026-06-03,PORT08,CARRIER_10,1,DTD,0,0,CUST_396,1600107,PLANT_18,PORT03,33,68.80459
1400002646.0,2026-02-09,PORT02,CARRIER_02,2,DTP,3,0,CUST_417,1600141,PLANT_05,PORT01,5,8.7243
1400002647.0,2026-10-19,PORT03,CARRIER_04,2,DTP,0,0,CUST_257,1600188,PLANT_13,PORT01,35,132.99535
1400002648.0,2026-12-02,PORT08,CARRIER_09,2,DTP,0,0,CUST_112,1600127,PLANT_03,PORT06,9,33.8679
1400002649.0,2026-12-26,PORT07,CARRIER_01,1,DTP,5,0,CUST_169,1600049,PLANT_14,PORT03,22,54.64942
1400002650.0,2026-02-06,PORT07,CARRIER_03,2,CRF,0,0,CUST_112,1600086,PLANT_16,PORT08,45,8.06063
1400002651.0,2026-07-26,PORT06,CARRIER_03,2,DTD,5,0,CUST_332,1600010,PLANT_02,PORT03,20,19.17016
1400002652.0,2026-08-16,PORT07,CARRIER_01,2,DTP,4,0,CUST_147,1600173,PLANT_14,PORT03,37,12.81317
1400002653.0,2026-01-29,PORT06,CARRIER_07,2,DTP,3,0,CUST_316,1600026,PLANT_15,PORT04,21,89.2578
1400002654.0,2026-12-14,PORT01,CARRIER_08,2,DTP,3,0,CUST_328,1600009,PLANT_06,PORT08,46,69.91451
1400002655.0,2026-02-07,PORT02,CARRIER_09,1,DTP,1,0,CUST_470,1600184,PLANT_01,PORT08,48,32.5354
1400002656.0,2026-04-09,PORT03,CARRIER_09,2,CRF,4,0,CUST_186,1600001,PLANT_04,PORT04,46,84.43045
1400002657.0,2026-12-20,PORT06,CARRIER_05,2,DTP,4,0,CUST_481,1600030,PLANT_20,PORT02,23,11.01051
1400002658.0,2026-07-22,PORT03,CARRIER_05,2,DTP,3,0,CUST_201,1600136,PLANT_08,PORT06,19,93.0316
1400002659.0,2026-09-05,PORT07,CARRIER_11,2,DTP,0,0,CUST_341,1600130,PLANT_10,PORT02,32,52.59324
1400002660.0,2026-06-30,PORT02,CARRIER_01,2,DTP,0,0,CUST_331,1600060,PLANT_04,PORT04,42,196.22513
1400002661.0,2026-10-02,PORT07,CARRIER_04,2,DTP,0,0,CUST_409,1600095,PLANT_13,PORT03,29,99.91575
1400002662.0,2026-01-30,PORT02,CARRIER_04,2,DTP,0,0,CUST_235,1600130,PLANT_02,PORT06,38,109.20912
1400002663.0,2026-09-04,PORT01,CARRIER_12,1,DTP,3,0,CUST_397,1600052,PLANT_09,PORT07,45,109.34709
1400002664.0,2026-01-25,PORT07,CARRIER_03,2,CRF,5,0,CUST_178,1600101,PLANT_10,PORT01,39,135.25834
1400002665.0,2026-03-07,PORT02,CARRIER_08,2,DTP,3,0,CUST_246,1600006,PLANT_02,PORT04,21,72.71773
1400002666.0,2026-07-04,PORT04,CARRIER_05,2,DTD,3,0,CUST_250,1600157,PLANT_13,PORT05,16,2.42485
1400002667.0,2026-06-13,PORT02,CARRIER_09,2,DTP,3,0,CUST_353,1600037,PLANT_02,PORT07,24,109.15537
1400002668.0,2026-02-25,PORT04,CARRIER_05,2,DTP,3,0,CUST_310,1600159,PLANT_02,PORT08,31,58.99364
1400002669.0,2026-10-19,PORT04,CARRIER_07,1,DTP,3,0,CUST_040,1600188,PLANT_13,PORT01,43,78.73465
1400002670.0,2026-04-21,PORT08,CARRIER_02,2,DTP,4,1,CUST_405,1600080,PLANT_15,PORT05,18,37.66129
1400002671.0,2026-11-13,PORT02,CARRIER_12,2,DTP,2,0,CUST_380,1600159,PLANT_02,PORT06,12,41.49463
1400002672.0,2026-01-06,PORT02,CARRIER_02,0,DTP,5,0,CUST_053,1600172,PLANT_09,PORT07,19,36.90725
1400002673.0,2026-03-28,PORT06,CARRIER_02,1,DTP,0,0,CUST_481,1600045,PLANT_20,PORT08,32,61.81671
1400002674.0,2026-04-19,PORT08,CARRIER_06,1,DTD,3,0,CUST_331,1600154,PLANT_15,PORT07,15,6.16467
1400002675.0,2026-08-06,PORT07,CARRIER_06,1,DTP,3,0,CUST_043,1600075,PLANT_14,PORT05,23,49.25552
1400002676.0,2026-05-27,PORT01,CARRIER_06,2,DTP,3,0,CUST_246,1600185,PLANT_19,PORT07,16,13.31911
1400002677.0,2026-02-27,PORT04,CARRIER_04,2,DTD,3,0,CUST_419,1600176,PLANT_07,PORT06,50,214.61937
1400002678.0,2026-07-28,PORT02,CARRIER_03,2,DTP,0,0,CUST_140,1600105,PLANT_04,PORT05,28,48.69492
1400002679.0,2026-12-16,PORT03,CARRIER_04,3,DTP,4,0,CUST_467,1600181,PLANT_17,PORT08,38,182.71351
1400002680.0,2026-02-18,PORT07,CARRIER_06,2,DTP,3,0,CUST_210,1600073,PLANT_11,PORT03,28,96.71724
1400002681.0,2026-04-03,PORT03,CARRIER_10,2,DTD,3,0,CUST_114,1600046,PLANT_11,PORT07,5,19.02571
1400002682.0,2026-06-24,PORT06,CARRIER_02,1,CRF,4,0,CUST_179,1600007,PLANT_05,PORT01,17,80.64767
1400002683.0,2026-09-23,PORT04,CARRIER_07,1,CRF,3,0,CUST_263,1600014,PLANT_07,PORT06,43,54.64356
1400002684.0,2026-02-19,PORT07,CARRIER_05,2,DTP,5,0,CUST_345,1600105,PLANT_14,PORT05,28,80.63232
1400002685.0,2026-03-26,PORT03,CARRIER_02,2,DTP,0,0,CUST_464,1600089,PLANT_04,PORT01,37,11.08359
1400002686.0,2026-03-27,PORT02,CARRIER_05,2,DTD,1,0,CUST_098,1600126,PLANT_01,PORT03,40,23.7487
1400002687.0,2026-08-13,PORT01,CARRIER_12,2,DTD,0,0,CUST_481,1600046,PLANT_06,PORT02,30,56.88828
1400002688.0,2026-01-31,PORT05,CARRIER_02,2,DTP,5,0,CUST_264,1600003,PLANT_12,PORT01,31,106.77203
1400002689.0,2026-08-29,PORT03,CARRIER_02,2,DTP,4,0,CUST_064,1600044,PLANT_17,PORT02,15,62.62948
1400002690.0,2026-06-05,PORT07,CARRIER_12,2,DTP,4,0,CUST_464,1600139,PLANT_14,PORT05,16,21.70209
1400002691.0,2026-04-30,PORT06,CARRIER_09,2,DTP,3,0,CUST_175,1600001,PLANT_20,PORT04,11,41.47526
1400002692.0,2026-11-11,PORT07,CARRIER_05,2,DTP,0,0,CUST_311,1600110,PLANT_10,PORT04,18,21.58248
1400002693.0,2026-10-26,PORT04,CARRIER_09,2,DTD,3,0,CUST_350,1600166,PLANT_13,PORT01,33,4.27919
1400002694.0,2026-10-21,PORT05,CARRIER_08,2,DTD,3,0,CUST_007,1600096,PLANT_12,PORT07,47,17.23132
1400002695.0,2026-11-20,PORT04,CARRIER_10,2,DTP,0,0,CUST_111,1600011,PLANT_02,PORT02,25,74.23093
1400002696.0,2026-03-27,PORT02,CARRIER_05,2,DTP,3,0,CUST_344,1600027,PLANT_04,PORT03,32,81.15274
1400002697.0,2026-11-09,PORT01,CARRIER_08,2,DTP,5,0,CUST_163,1600056,PLANT_18,PORT04,44,62.70368
1400002698.0,2026-03-06,PORT07,CARRIER_03,2,DTP,2,0,CUST_005,1600106,PLANT_16,PORT02,36,4.75504
1400002699.0,2026-05-01,PORT02,CARRIER_05,2,DTP,3,0,CUST_012,1600039,PLANT_09,PORT05,17,49.01526
1400002700.0,2026-07-22,PORT03,CARRIER_02,2,DTP,3,0,CUST_414,1600189,PLANT_11,PORT08,17,69.80663
1400002701.0,2026-09-29,PORT02,CARRIER_03,2,DTD,0,0,CUST_077,1600196,PLANT_09,PORT01,34,14.81958
1400002702.0,2026-07-30,PORT04,CARRIER_10,2,DTD,1,0,CUST_051,1600080,PLANT_13,PORT07,18,66.75705
1400002703.0,2026-07-24,PORT01,CARRIER_07,2,CRF,3,0,CUST_282,1600033,PLANT_18,PORT07,16,51.34814
1400002704.0,2026-05-18,PORT04,CARRIER_02,2,DTD,3,0,CUST_060,1600155,PLANT_07,PORT02,32,78.36283
1400002705.0,2026-08-05,PORT02,CARRIER_01,2,DTD,3,0,CUST_327,1600167,PLANT_02,PORT07,34,11.45367
1400002706.0,2026-06-23,PORT07,CARRIER_12,2,DTD,0,0,CUST_273,1600048,PLANT_14,PORT06,16,74.008
1400002707.0,2026-06-24,PORT03,CARRIER_07,1,DTD,0,0,CUST_325,1600122,PLANT_08,PORT07,7,17.07623
1400002708.0,2026-08-02,PORT01,CARRIER_05,1,DTP,3,0,CUST_246,1600025,PLANT_03,PORT04,40,82.32296
1400002709.0,2026-08-08,PORT04,CARRIER_03,0,DTP,3,0,CUST_390,1600101,PLANT_13,PORT05,23,99.38828
1400002710.0,2026-05-01,PORT06,CARRIER_03,2,DTP,3,0,CUST_323,1600009,PLANT_19,PORT08,34,144.27333
1400002711.0,2026-02-19,PORT07,CARRIER_08,1,DTD,0,0,CUST_208,1600053,PLANT_14,PORT04,12,43.96294
1400002712.0,2026-04-20,PORT06,CARRIER_01,2,DTP,4,0,CUST_008,1600147,PLANT_02,PORT02,19,79.11341
1400002713.0,2026-05-30,PORT01,CARRIER_05,1,DTP,2,0,CUST_137,1600076,PLANT_06,PORT08,32,22.69471
1400002714.0,2026-02-28,PORT04,CARRIER_10,1,DTD,0,0,CUST_066,1600117,PLANT_02,PORT02,10,38.28486
1400002715.0,2026-03-06,PORT01,CARRIER_10,2,DTP,3,0,CUST_008,1600044,PLANT_19,PORT02,19,32.43997
1400002716.0,2026-12-14,PORT06,CARRIER_05,2,DTP,3,0,CUST_137,1600071,PLANT_19,PORT01,38,165.32753
1400002717.0,2026-04-13,PORT04,CARRIER_08,2,CRF,5,0,CUST_104,1600077,PLANT_02,PORT01,40,76.56537
1400002718.0,2026-09-27,PORT07,CARRIER_09,2,DTP,6,0,CUST_039,1600081,PLANT_14,PORT04,21,7.68788
1400002719.0,2026-02-16,PORT04,CARRIER_06,0,DTP,3,0,CUST_157,1600147,PLANT_02,PORT06,10,21.30463
1400002720.0,2026-12-21,PORT06,CARRIER_09,2,DTD,3,0,CUST_254,1600038,PLANT_20,PORT05,6,22.84924
1400002721.0,2026-03-19,PORT08,CARRIER_08,1,CRF,3,0,CUST_090,1600095,PLANT_15,PORT01,30,76.63701
1400002722.0,2026-05-24,PORT03,CARRIER_04,2,DTP,3,0,CUST_137,1600017,PLANT_08,PORT08,36,138.30502
1400002723.0,2026-10-13,PORT07,CARRIER_03,0,DTP,0,0,CUST_011,1600067,PLANT_16,PORT05,32,8.73092
1400002724.0,2026-03-15,PORT06,CARRIER_04,0,DTP,3,0,CUST_026,1600064,PLANT_20,PORT02,23,22.26641
1400002725.0,2026-07-20,PORT05,CARRIER_12,2,DTP,6,0,CUST_079,1600151,PLANT_12,PORT03,6,17.17007
1400002726.0,2026-10-14,PORT02,CARRIER_02,2,DTD,0,0,CUST_227,1600113,PLANT_09,PORT03,15,29.82056
1400002727.0,2026-01-09,PORT06,CARRIER_01,1,CRF,2,0,CUST_334,1600058,PLANT_19,PORT04,6,20.59717
1400002728.0,2026-01-10,PORT07,CARRIER_09,2,DTD,0,0,CUST_395,1600135,PLANT_16,PORT05,26,125.22941
1400002729.0,2026-10-15,PORT07,CARRIER_05,2,DTP,3,0,CUST_315,1600053,PLANT_14,PORT05,19,63.33315
1400002730.0,2026-04-06,PORT02,CARRIER_10,2,DTD,3,0,CUST_309,1600116,PLANT_05,PORT05,8,17.16063
1400002731.0,2026-11-28,PORT06,CARRIER_01,2,DTP,3,0,CUST_468,1600109,PLANT_05,PORT07,33,91.00026
1400002732.0,2026-12-05,PORT02,CARRIER_10,2,DTP,3,0,CUST_128,1600142,PLANT_09,PORT07,22,100.60269
1400002733.0,2026-11-18,PORT06,CARRIER_08,2,DTP,4,0,CUST_400,1600117,PLANT_02,PORT04,49,166.48472
1400002734.0,2026-12-30,PORT03,CARRIER_01,2,DTP,0,0,CUST_469,1600117,PLANT_07,PORT08,24,96.85391
1400002735.0,2026-10-28,PORT04,CARRIER_05,1,DTP,4,0,CUST_284,1600175,PLANT_13,PORT03,9,14.19696
1400002736.0,2026-05-20,PORT06,CARRIER_01,1,DTD,4,0,CUST_421,1600039,PLANT_20,PORT04,37,138.64543
1400002737.0,2026-12-29,PORT07,CARRIER_01,2,DTP,3,0,CUST_069,1600085,PLANT_10,PORT06,37,28.97891
1400002738.0,2026-05-07,PORT07,CARRIER_01,2,DTP,2,0,CUST_440,1600013,PLANT_10,PORT03,47,177.37332
1400002739.0,2026-08-03,PORT06,CARRIER_09,2,DTP,5,0,CUST_283,1600136,PLANT_02,PORT08,36,159.10694
1400002740.0,2026-01-03,PORT06,CARRIER_06,2,DTP,3,0,CUST_111,1600170,PLANT_02,PORT07,21,94.73392
1400002741.0,2026-12-18,PORT04,CARRIER_12,1,DTP,0,0,CUST_031,1600131,PLANT_07,PORT03,35,23.4952
1400002742.0,2026-08-05,PORT08,CARRIER_09,2,CRF,0,0,CUST_360,1600072,PLANT_06,PORT04,41,170.8233
1400002743.0,2026-12-13,PORT06,CARRIER_02,0,DTP,5,0,CUST_216,1600063,PLANT_20,PORT03,28,17.88329
1400002744.0,2026-05-09,PORT02,CARRIER_11,2,DTD,0,0,CUST_156,1600068,PLANT_01,PORT08,41,100.20995
1400002745.0,2026-04-25,PORT08,CARRIER_03,2,DTP,3,0,CUST_196,1600091,PLANT_18,PORT07,49,168.77342
1400002746.0,2026-07-10,PORT02,CARRIER_04,2,DTP,3,0,CUST_496,1600058,PLANT_09,PORT05,39,96.44001
1400002747.0,2026-11-12,PORT01,CARRIER_04,2,DTP,3,0,CUST_214,1600096,PLANT_01,PORT04,28,49.4356
1400002748.0,2026-07-20,PORT02,CARRIER_05,1,DTP,3,0,CUST_040,1600001,PLANT_09,PORT08,27,93.16954
1400002749.0,2026-10-17,PORT08,CARRIER_09,2,DTD,2,0,CUST_140,1600154,PLANT_15,PORT04,43,143.54716
1400002750.0,2026-03-20,PORT08,CARRIER_03,2,DTP,3,0,CUST_073,1600146,PLANT_15,PORT07,45,133.02783
1400002751.0,2026-10-11,PORT03,CARRIER_05,1,DTD,0,0,CUST_343,1600080,PLANT_17,PORT08,17,45.71811
1400002752.0,2026-09-25,PORT06,CARRIER_11,2,DTD,1,0,CUST_401,1600126,PLANT_02,PORT07,5,17.79063
1400002753.0,2026-11-24,PORT07,CARRIER_10,2,DTP,0,0,CUST_421,1600038,PLANT_11,PORT04,42,87.14503
1400002754.0,2026-01-22,PORT07,CARRIER_04,2,DTP,3,0,CUST_317,1600064,PLANT_11,PORT04,15,6.55447
1400002755.0,2026-05-21,PORT05,CARRIER_06,2,DTP,0,0,CUST_385,1600003,PLANT_12,PORT02,50,136.67635
1400002756.0,2026-02-02,PORT03,CARRIER_09,1,DTD,3,0,CUST_209,1600077,PLANT_04,PORT06,6,21.86959
1400002757.0,2026-05-27,PORT08,CARRIER_01,2,DTD,0,0,CUST_314,1600057,PLANT_18,PORT06,46,72.03064
1400002758.0,2026-10-04,PORT08,CARRIER_10,2,DTP,3,0,CUST_054,1600180,PLANT_03,PORT01,36,28.4285
1400002759.0,2026-08-22,PORT07,CARRIER_03,2,DTP,0,0,CUST_270,1600150,PLANT_16,PORT03,18,82.22439
1400002760.0,2026-10-02,PORT02,CARRIER_05,1,DTD,3,0,CUST_279,1600167,PLANT_09,PORT03,6,25.99424
1400002761.0,2026-09-27,PORT03,CARRIER_04,2,DTP,4,0,CUST_016,1600135,PLANT_11,PORT07,43,134.60409
1400002762.0,2026-12-29,PORT07,CARRIER_02,2,DTP,2,0,CUST_275,1600020,PLANT_16,PORT01,10,39.54375
1400002763.0,2026-11-18,PORT02,CARRIER_08,2,DTP,3,0,CUST_362,1600026,PLANT_04,PORT07,9,43.62431
1400002764.0,2026-08-02,PORT03,CARRIER_04,2,DTP,3,0,CUST_184,1600125,PLANT_11,PORT04,41,118.46413
1400002765.0,2026-11-16,PORT02,CARRIER_09,2,DTD,0,0,CUST_273,1600028,PLANT_09,PORT01,36,46.67365
1400002766.0,2026-01-18,PORT04,CARRIER_04,2,DTD,2,0,CUST_144,1600050,PLANT_02,PORT08,10,32.30179
1400002767.0,2026-09-21,PORT02,CARRIER_08,2,DTP,2,0,CUST_136,1600047,PLANT_01,PORT01,20,91.63018
1400002768.0,2026-07-10,PORT08,CARRIER_12,2,DTD,3,6,CUST_065,1600175,PLANT_03,PORT02,35,121.86042
1400002769.0,2026-12-16,PORT04,CARRIER_01,2,DTD,0,0,CUST_164,1600131,PLANT_07,PORT08,35,8.00023
1400002770.0,2026-07-03,PORT03,CARRIER_01,2,DTP,6,0,CUST_402,1600104,PLANT_08,PORT05,21,96.47294
1400002771.0,2026-03-07,PORT03,CARRIER_05,2,DTP,3,0,CUST_468,1600170,PLANT_08,PORT02,23,87.2392
1400002772.0,2026-09-22,PORT04,CARRIER_10,2,DTP,3,0,CUST_318,1600065,PLANT_13,PORT03,8,16.55178
1400002773.0,2026-12-13,PORT05,CARRIER_08,2,DTD,6,0,CUST_313,1600003,PLANT_12,PORT01,5,24.69355
1400002774.0,2026-01-06,PORT07,CARRIER_12,0,DTP,0,0,CUST_307,1600188,PLANT_13,PORT04,49,178.17521
1400002775.0,2026-01-24,PORT03,CARRIER_08,1,DTD,4,0,CUST_238,1600096,PLANT_04,PORT08,15,62.16992
1400002776.0,2026-08-30,PORT06,CARRIER_11,2,DTP,1,0,CUST_212,1600065,PLANT_02,PORT03,47,221.91126
1400002777.0,2026-07-22,PORT06,CARRIER_07,2,DTD,3,0,CUST_311,1600197,PLANT_17,PORT05,6,1.76361
1400002778.0,2026-07-20,PORT04,CARRIER_03,2,DTD,0,0,CUST_393,1600152,PLANT_02,PORT03,50,194.73286
1400002779.0,2026-02-02,PORT08,CARRIER_06,2,DTP,4,0,CUST_207,1600186,PLANT_03,PORT03,24,47.83434
1400002780.0,2026-07-28,PORT06,CARRIER_08,2,DTD,3,0,CUST_283,1600070,PLANT_02,PORT05,42,183.05564
1400002781.0,2026-07-27,PORT02,CARRIER_01,2,DTD,3,0,CUST_236,1600076,PLANT_09,PORT04,43,189.48336
1400002782.0,2026-11-06,PORT01,CARRIER_05,2,DTP,5,0,CUST_143,1600100,PLANT_19,PORT04,21,87.36484
1400002783.0,2026-05-23,PORT08,CARRIER_07,2,DTP,0,0,CUST_146,1600115,PLANT_03,PORT05,38,148.88715
1400002784.0,2026-05-07,PORT01,CARRIER_06,2,DTD,6,0,CUST_040,1600054,PLANT_09,PORT06,20,79.83972
1400002785.0,2026-01-30,PORT03,CARRIER_04,2,CRF,3,0,CUST_220,1600088,PLANT_11,PORT07,41,63.6774
1400002786.0,2026-07-26,PORT06,CARRIER_06,2,DTP,4,0,CUST_357,1600142,PLANT_19,PORT02,49,102.50742
1400002787.0,2026-08-25,PORT02,CARRIER_05,2,DTP,3,0,CUST_343,1600007,PLANT_01,PORT08,42,27.8783
1400002788.0,2026-04-13,PORT06,CARRIER_09,2,DTP,4,0,CUST_493,1600180,PLANT_20,PORT08,38,158.45614
1400002789.0,2026-09-24,PORT07,CARRIER_08,1,DTP,5,0,CUST_020,1600120,PLANT_14,PORT05,22,71.8395
1400002790.0,2026-12-09,PORT05,CARRIER_12,2,DTP,3,0,CUST_381,1600059,PLANT_12,PORT02,9,27.92081
1400002791.0,2026-03-05,PORT08,CARRIER_06,2,DTD,3,0,CUST_398,1600177,PLANT_06,PORT07,28,36.56191
1400002792.0,2026-07-29,PORT06,CARRIER_08,1,DTP,6,0,CUST_219,1600078,PLANT_19,PORT05,10,31.13677
1400002793.0,2026-09-11,PORT07,CARRIER_06,2,DTD,4,0,CUST_142,1600036,PLANT_14,PORT04,28,65.1645
1400002794.0,2026-01-07,PORT01,CARRIER_09,3,DTP,6,0,CUST_179,1600131,PLANT_18,PORT03,44,218.97995
1400002795.0,2026-03-07,PORT06,CARRIER_05,2,DTP,3,0,CUST_342,1600015,PLANT_17,PORT03,10,43.29035
1400002796.0,2026-05-25,PORT03,CARRIER_10,2,DTP,2,0,CUST_432,1600171,PLANT_06,PORT08,46,123.15654
1400002797.0,2026-02-20,PORT02,CARRIER_10,0,DTD,4,0,CUST_322,1600066,PLANT_02,PORT01,32,129.96583
1400002798.0,2026-05-10,PORT02,CARRIER_03,0,DTD,3,0,CUST_258,1600061,PLANT_09,PORT04,7,6.34252
1400002799.0,2026-02-23,PORT07,CARRIER_06,2,DTD,0,0,CUST_327,1600106,PLANT_16,PORT01,38,22.68077
1400002800.0,2026-11-24,PORT08,CARRIER_10,2,DTP,0,0,CUST_036,1600142,PLANT_03,PORT07,5,15.95094
1400002801.0,2026-08-07,PORT06,CARRIER_08,2,DTD,1,0,CUST_305,1600099,PLANT_02,PORT07,33,120.82127
1400002802.0,2026-05-01,PORT07,CARRIER_08,1,DTP,3,0,CUST_022,1600075,PLANT_11,PORT06,28,10.07934
1400002803.0,2026-10-12,PORT02,CARRIER_02,2,DTP,4,0,CUST_480,1600082,PLANT_09,PORT01,39,42.3041
1400002804.0,2026-01-07,PORT04,CARRIER_11,2,DTD,4,0,CUST_445,1600175,PLANT_13,PORT07,22,60.11749
1400002805.0,2026-08-06,PORT07,CARRIER_08,2,DTP,0,0,CUST_255,1600134,PLANT_07,PORT01,10,4.07801
1400002806.0,2026-09-07,PORT05,CARRIER_01,2,DTD,0,0,CUST_188,1600086,PLANT_12,PORT01,22,47.9129
1400002807.0,2026-10-23,PORT08,CARRIER_01,2,DTP,1,4,CUST_367,1600086,PLANT_15,PORT01,40,98.48764
1400002808.0,2026-03-23,PORT04,CARRIER_03,2,DTP,3,0,CUST_319,1600125,PLANT_02,PORT03,48,221.60965
1400002809.0,2026-08-04,PORT02,CARRIER_10,1,DTP,4,0,CUST_353,1600036,PLANT_04,PORT07,14,23.05541
1400002810.0,2026-10-08,PORT01,CARRIER_09,2,CRF,5,0,CUST_258,1600046,PLANT_09,PORT08,21,19.45599
1400002811.0,2026-10-19,PORT01,CARRIER_01,0,DTP,0,0,CUST_119,1600110,PLANT_18,PORT08,45,6.15557
1400002812.0,2026-03-06,PORT01,CARRIER_04,2,DTP,4,0,CUST_037,1600084,PLANT_19,PORT08,19,13.22171
1400002813.0,2026-12-23,PORT01,CARRIER_09,2,CRF,3,0,CUST_142,1600042,PLANT_05,PORT05,16,60.46789
1400002814.0,2026-04-10,PORT07,CARRIER_03,1,DTP,5,0,CUST_265,1600002,PLANT_10,PORT03,43,98.04504
1400002815.0,2026-05-23,PORT03,CARRIER_07,2,DTP,4,0,CUST_213,1600127,PLANT_13,PORT01,27,28.99132
1400002816.0,2026-03-12,PORT07,CARRIER_10,2,DTD,3,0,CUST_254,1600115,PLANT_16,PORT02,31,144.82691
1400002817.0,2026-02-24,PORT03,CARRIER_09,2,DTP,4,0,CUST_139,1600157,PLANT_13,PORT05,27,106.89132
1400002818.0,2026-04-04,PORT04,CARRIER_12,2,DTP,2,3,CUST_469,1600092,PLANT_07,PORT03,32,21.13238
1400002819.0,2026-02-19,PORT04,CARRIER_03,2,DTD,4,0,CUST_184,1600179,PLANT_15,PORT02,17,24.10415
1400002820.0,2026-09-25,PORT07,CARRIER_07,1,DTP,4,0,CUST_424,1600044,PLANT_16,PORT02,38,161.966
1400002821.0,2026-08-07,PORT06,CARRIER_07,2,DTP,5,0,CUST_196,1600014,PLANT_15,PORT07,21,73.35122
1400002822.0,2026-05-23,PORT08,CARRIER_06,1,DTP,0,0,CUST_222,1600101,PLANT_03,PORT05,29,137.26197
1400002823.0,2026-07-19,PORT07,CARRIER_11,2,DTP,4,0,CUST_302,1600193,PLANT_16,PORT03,13,6.15709
1400002824.0,2026-08-09,PORT03,CARRIER_05,2,DTD,0,0,CUST_132,1600026,PLANT_04,PORT07,5,19.49757
1400002825.0,2026-03-09,PORT08,CARRIER_03,2,CRF,4,0,CUST_110,1600017,PLANT_15,PORT07,31,14.70689
1400002826.0,2026-04-19,PORT02,CARRIER_01,2,DTP,5,0,CUST_190,1600051,PLANT_09,PORT01,11,19.24608
1400002827.0,2026-11-18,PORT07,CARRIER_01,1,DTP,0,0,CUST_403,1600195,PLANT_10,PORT03,46,173.80074
1400002828.0,2026-01-05,PORT06,CARRIER_02,2,DTP,3,0,CUST_073,1600146,PLANT_20,PORT08,49,175.61349
1400002829.0,2026-12-16,PORT03,CARRIER_10,2,DTP,3,0,CUST_219,1600148,PLANT_11,PORT02,19,2.09717
1400002830.0,2026-12-18,PORT03,CARRIER_07,2,DTD,4,0,CUST_337,1600129,PLANT_11,PORT08,18,19.61137
1400002831.0,2026-04-03,PORT03,CARRIER_09,1,DTD,0,0,CUST_354,1600045,PLANT_04,PORT01,28,109.62031
1400002832.0,2026-04-28,PORT04,CARRIER_03,2,DTP,5,0,CUST_218,1600199,PLANT_13,PORT01,14,10.05372
1400002833.0,2026-03-17,PORT01,CARRIER_02,2,DTP,6,0,CUST_041,1600068,PLANT_01,PORT06,44,74.76729
1400002834.0,2026-07-24,PORT07,CARRIER_10,2,DTP,3,0,CUST_008,1600056,PLANT_11,PORT08,9,9.00953
1400002835.0,2026-03-20,PORT02,CARRIER_05,2,DTD,3,0,CUST_235,1600138,PLANT_02,PORT05,25,16.15318
1400002836.0,2026-10-16,PORT07,CARRIER_10,2,DTP,3,0,CUST_406,1600111,PLANT_07,PORT03,13,54.59306
1400002837.0,2026-05-22,PORT06,CARRIER_06,2,DTP,0,0,CUST_015,1600081,PLANT_17,PORT03,43,17.22471
1400002838.0,2026-12-20,PORT04,CARRIER_02,2,DTD,4,0,CUST_444,1600039,PLANT_07,PORT08,11,29.99309
1400002839.0,2026-11-08,PORT08,CARRIER_01,2,DTP,0,0,CUST_338,1600152,PLANT_06,PORT07,25,87.35214
1400002840.0,2026-05-27,PORT03,CARRIER_02,0,DTP,2,0,CUST_005,1600084,PLANT_17,PORT08,43,16.43426
1400002841.0,2026-08-06,PORT03,CARRIER_05,0,DTP,0,0,CUST_172,1600148,PLANT_17,PORT05,25,80.09478
1400002842.0,2026-01-09,PORT07,CARRIER_04,1,DTP,3,0,CUST_111,1600119,PLANT_13,PORT05,13,22.57997
1400002843.0,2026-01-25,PORT06,CARRIER_02,1,DTP,3,0,CUST_475,1600044,PLANT_20,PORT08,12,50.21246
1400002844.0,2026-07-04,PORT05,CARRIER_03,2,DTP,3,0,CUST_278,1600023,PLANT_12,PORT08,32,128.27303
1400002845.0,2026-06-22,PORT07,CARRIER_12,1,CRF,0,0,CUST_163,1600100,PLANT_10,PORT08,10,39.90135
1400002846.0,2026-05-26,PORT01,CARRIER_08,0,DTP,3,0,CUST_140,1600017,PLANT_01,PORT04,21,43.12247
1400002847.0,2026-02-02,PORT07,CARRIER_12,2,DTP,3,0,CUST_282,1600161,PLANT_10,PORT05,33,136.30604
1400002848.0,2026-11-03,PORT01,CARRIER_07,2,DTD,3,0,CUST_003,1600197,PLANT_19,PORT07,22,70.11206
1400002849.0,2026-05-29,PORT04,CARRIER_07,2,DTD,0,0,CUST_129,1600057,PLANT_07,PORT07,43,84.08863
1400002850.0,2026-06-21,PORT07,CARRIER_06,2,DTP,3,0,CUST_083,1600086,PLANT_14,PORT01,36,17.83018
1400002851.0,2026-05-28,PORT02,CARRIER_06,2,DTD,3,0,CUST_311,1600007,PLANT_01,PORT03,11,4.70154
1400002852.0,2026-07-01,PORT02,CARRIER_04,1,DTP,5,0,CUST_335,1600055,PLANT_09,PORT07,42,55.93846
1400002853.0,2026-08-25,PORT07,CARRIER_12,2,DTD,3,0,CUST_234,1600097,PLANT_14,PORT06,46,72.12638
1400002854.0,2026-10-06,PORT02,CARRIER_01,1,DTD,0,0,CUST_071,1600188,PLANT_05,PORT08,14,65.02844
1400002855.0,2026-07-20,PORT01,CARRIER_09,2,DTP,0,0,CUST_186,1600005,PLANT_19,PORT02,21,104.99363
1400002856.0,2026-03-02,PORT03,CARRIER_11,1,DTP,1,0,CUST_422,1600161,PLANT_04,PORT06,23,18.49204
1400002857.0,2026-11-16,PORT07,CARRIER_02,2,DTP,0,0,CUST_102,1600101,PLANT_16,PORT06,24,113.26955
1400002858.0,2026-04-14,PORT01,CARRIER_12,2,DTP,4,0,CUST_082,1600109,PLANT_01,PORT08,26,92.6132
1400002859.0,2026-01-06,PORT07,CARRIER_03,2,DTP,3,0,CUST_056,1600022,PLANT_07,PORT02,46,116.98628
1400002860.0,2026-01-15,PORT02,CARRIER_12,2,DTD,0,0,CUST_409,1600010,PLANT_01,PORT08,34,162.45079
1400002861.0,2026-10-10,PORT06,CARRIER_08,2,DTP,5,0,CUST_060,1600063,PLANT_17,PORT03,46,165.46644
1400002862.0,2026-05-22,PORT04,CARRIER_06,0,DTP,0,0,CUST_291,1600157,PLANT_13,PORT02,21,63.18705
1400002863.0,2026-01-09,PORT06,CARRIER_12,2,DTD,4,0,CUST_500,1600044,PLANT_17,PORT04,29,32.67375
1400002864.0,2026-10-24,PORT07,CARRIER_03,2,DTP,0,0,CUST_321,1600156,PLANT_16,PORT03,9,11.67998
1400002865.0,2026-04-22,PORT05,CARRIER_04,1,DTP,3,0,CUST_207,1600126,PLANT_12,PORT01,17,77.62809
1400002866.0,2026-12-23,PORT01,CARRIER_08,1,DTP,4,0,CUST_104,1600120,PLANT_09,PORT03,31,35.76439
1400002867.0,2026-11-18,PORT06,CARRIER_02,2,CRF,1,5,CUST_001,1600046,PLANT_17,PORT02,12,3.09959
1400002868.0,2026-01-18,PORT01,CARRIER_02,2,CRF,0,0,CUST_078,1600132,PLANT_05,PORT08,49,68.82113
1400002869.0,2026-09-10,PORT01,CARRIER_10,2,DTP,4,0,CUST_477,1600086,PLANT_06,PORT06,17,41.73029
1400002870.0,2026-08-09,PORT07,CARRIER_02,2,DTP,3,0,CUST_072,1600044,PLANT_16,PORT01,12,23.65953
1400002871.0,2026-03-04,PORT07,CARRIER_03,0,DTD,5,0,CUST_010,1600138,PLANT_16,PORT08,40,187.41739
1400002872.0,2026-05-06,PORT03,CARRIER_11,2,DTD,3,0,CUST_409,1600176,PLANT_11,PORT06,9,19.35912
1400002873.0,2026-06-29,PORT05,CARRIER_02,1,DTP,0,0,CUST_210,1600179,PLANT_12,PORT07,19,84.67081
1400002874.0,2026-02-23,PORT02,CARRIER_08,2,DTP,3,0,CUST_179,1600142,PLANT_05,PORT06,14,42.19388
1400002875.0,2026-09-21,PORT01,CARRIER_09,2,DTP,4,0,CUST_359,1600199,PLANT_01,PORT05,36,96.05559
1400002876.0,2026-04-12,PORT02,CARRIER_02,2,DTP,0,0,CUST_262,1600095,PLANT_02,PORT08,43,38.05322
1400002877.0,2026-12-09,PORT03,CARRIER_07,2,DTP,0,0,CUST_458,1600195,PLANT_06,PORT01,13,18.56473
1400002878.0,2026-10-20,PORT03,CARRIER_05,2,DTP,3,0,CUST_234,1600168,PLANT_07,PORT01,24,104.37881
1400002879.0,2026-08-20,PORT07,CARRIER_06,1,DTP,4,0,CUST_357,1600190,PLANT_10,PORT08,27,105.88834
1400002880.0,2026-02-13,PORT03,CARRIER_04,1,DTP,3,0,CUST_440,1600149,PLANT_11,PORT01,36,82.52548
1400002881.0,2026-01-10,PORT05,CARRIER_01,1,DTP,3,0,CUST_232,1600097,PLANT_17,PORT04,21,95.63838
1400002882.0,2026-02-23,PORT08,CARRIER_07,1,DTP,0,0,CUST_143,1600051,PLANT_18,PORT04,29,119.30529
1400002883.0,2026-07-02,PORT02,CARRIER_01,2,DTP,3,0,CUST_488,1600049,PLANT_01,PORT08,28,18.17797
1400002884.0,2026-10-13,PORT06,CARRIER_06,2,DTP,3,0,CUST_114,1600170,PLANT_02,PORT07,5,15.3453
1400002885.0,2026-02-25,PORT07,CARRIER_05,2,DTP,0,0,CUST_020,1600030,PLANT_14,PORT01,31,124.44428
1400002886.0,2026-09-16,PORT07,CARRIER_08,2,DTP,2,0,CUST_290,1600068,PLANT_16,PORT08,31,125.88747
1400002887.0,2026-01-18,PORT07,CARRIER_08,2,DTD,3,0,CUST_494,1600139,PLANT_14,PORT05,50,27.37859
1400002888.0,2026-04-07,PORT07,CARRIER_10,1,DTD,2,0,CUST_044,1600178,PLANT_07,PORT01,28,33.61665
1400002889.0,2026-08-07,PORT07,CARRIER_11,2,CRF,5,0,CUST_425,1600173,PLANT_14,PORT03,46,97.69906
1400002890.0,2026-10-30,PORT01,CARRIER_07,2,DTP,6,0,CUST_416,1600067,PLANT_18,PORT08,21,27.99284
1400002891.0,2026-10-11,PORT06,CARRIER_08,2,CRF,3,0,CUST_465,1600128,PLANT_02,PORT05,37,23.45049
1400002892.0,2026-07-14,PORT02,CARRIER_07,2,DTD,4,0,CUST_211,1600082,PLANT_09,PORT01,46,146.33162
1400002893.0,2026-01-14,PORT04,CARRIER_06,2,DTP,5,0,CUST_128,1600066,PLANT_02,PORT05,12,31.03944
1400002894.0,2026-04-18,PORT05,CARRIER_08,2,DTP,3,0,CUST_257,1600095,PLANT_12,PORT08,31,26.64294
1400002895.0,2026-10-14,PORT08,CARRIER_03,2,DTP,4,0,CUST_072,1600105,PLANT_15,PORT07,47,139.74377
1400002896.0,2026-01-30,PORT01,CARRIER_01,2,DTD,0,0,CUST_422,1600174,PLANT_19,PORT06,30,12.1162
1400002897.0,2026-09-15,PORT02,CARRIER_02,2,DTP,4,0,CUST_332,1600002,PLANT_02,PORT07,46,90.93745
1400002898.0,2026-09-14,PORT03,CARRIER_03,2,DTP,1,0,CUST_242,1600107,PLANT_08,PORT08,24,95.60011
1400002899.0,2026-10-02,PORT02,CARRIER_08,2,DTD,0,0,CUST_258,1600127,PLANT_04,PORT05,45,200.75594
1400002900.0,2026-03-21,PORT08,CARRIER_02,1,DTD,3,0,CUST_357,1600016,PLANT_15,PORT05,33,42.95444
1400002901.0,2026-03-31,PORT01,CARRIER_05,2,DTP,0,0,CUST_262,1600044,PLANT_03,PORT05,27,116.41301
1400002902.0,2026-03-14,PORT07,CARRIER_02,2,DTP,0,0,CUST_420,1600001,PLANT_16,PORT01,14,62.57458
1400002903.0,2026-05-24,PORT04,CARRIER_02,2,DTP,3,0,CUST_463,1600081,PLANT_15,PORT01,12,36.88468
1400002904.0,2026-07-11,PORT02,CARRIER_08,3,DTD,0,0,CUST_475,1600121,PLANT_04,PORT03,18,88.42809
1400002905.0,2026-02-13,PORT08,CARRIER_05,2,DTD,5,0,CUST_311,1600048,PLANT_15,PORT03,39,50.9442
1400002906.0,2026-07-27,PORT05,CARRIER_10,2,DTP,6,0,CUST_372,1600194,PLANT_12,PORT08,26,11.38732
1400002907.0,2026-03-29,PORT03,CARRIER_09,1,DTD,3,0,CUST_156,1600026,PLANT_17,PORT07,22,93.12317
1400002908.0,2026-07-25,PORT04,CARRIER_03,2,DTP,1,0,CUST_020,1600104,PLANT_13,PORT05,26,65.14457
1400002909.0,2026-04-21,PORT01,CARRIER_01,2,DTP,3,0,CUST_201,1600142,PLANT_03,PORT08,20,35.95248
1400002910.0,2026-12-15,PORT07,CARRIER_12,2,DTP,0,0,CUST_436,1600037,PLANT_16,PORT06,42,15.56692
1400002911.0,2026-04-27,PORT03,CARRIER_02,2,CRF,3,3,CUST_067,1600040,PLANT_08,PORT07,22,9.16652
1400002912.0,2026-11-15,PORT02,CARRIER_09,2,DTP,1,0,CUST_273,1600130,PLANT_02,PORT04,26,14.15728
1400002913.0,2026-03-05,PORT01,CARRIER_08,1,DTP,3,0,CUST_097,1600115,PLANT_09,PORT02,30,29.99545
1400002914.0,2026-01-31,PORT07,CARRIER_10,0,DTP,0,0,CUST_215,1600013,PLANT_11,PORT05,34,165.06879
1400002915.0,2026-03-10,PORT05,CARRIER_07,1,CRF,6,0,CUST_072,1600093,PLANT_17,PORT01,20,29.57761
1400002916.0,2026-06-03,PORT08,CARRIER_01,2,CRF,0,0,CUST_368,1600194,PLANT_15,PORT02,8,32.82825
1400002917.0,2026-11-26,PORT01,CARRIER_02,1,DTD,3,0,CUST_406,1600116,PLANT_05,PORT03,36,7.02459
1400002918.0,2026-03-06,PORT07,CARRIER_10,0,DTP,1,0,CUST_380,1600178,PLANT_10,PORT06,30,50.30681
1400002919.0,2026-10-14,PORT08,CARRIER_08,2,DTP,3,0,CUST_353,1600184,PLANT_15,PORT01,34,154.37166
1400002920.0,2026-09-12,PORT07,CARRIER_10,2,DTD,5,0,CUST_118,1600195,PLANT_11,PORT08,30,30.201
1400002921.0,2026-05-06,PORT01,CARRIER_08,2,DTP,0,0,CUST_266,1600079,PLANT_01,PORT03,28,41.76803
1400002922.0,2026-05-03,PORT04,CARRIER_12,2,DTP,0,0,CUST_053,1600130,PLANT_02,PORT03,48,199.1963
1400002923.0,2026-12-12,PORT01,CARRIER_01,2,DTP,0,0,CUST_188,1600021,PLANT_18,PORT06,7,4.86373
1400002924.0,2026-09-18,PORT01,CARRIER_01,2,DTP,3,0,CUST_253,1600147,PLANT_19,PORT03,9,3.24538
1400002925.0,2026-03-29,PORT01,CARRIER_09,2,DTP,3,0,CUST_335,1600178,PLANT_19,PORT08,48,231.99773
1400002926.0,2026-11-29,PORT07,CARRIER_01,2,DTP,4,0,CUST_049,1600020,PLANT_11,PORT05,45,93.75658
1400002927.0,2026-05-29,PORT03,CARRIER_02,2,DTP,4,0,CUST_407,1600199,PLANT_13,PORT05,23,76.44209
1400002928.0,2026-01-30,PORT07,CARRIER_09,1,DTD,0,0,CUST_230,1600089,PLANT_11,PORT04,29,20.96317
1400002929.0,2026-10-24,PORT04,CARRIER_10,2,DTD,5,0,CUST_441,1600150,PLANT_02,PORT01,25,29.47173
1400002930.0,2026-11-14,PORT07,CARRIER_11,2,DTP,4,0,CUST_264,1600189,PLANT_16,PORT03,50,117.69529
1400002931.0,2026-06-11,PORT04,CARRIER_03,1,DTP,3,0,CUST_274,1600124,PLANT_15,PORT05,25,85.20627
1400002932.0,2026-09-14,PORT01,CARRIER_09,2,DTP,2,0,CUST_347,1600197,PLANT_09,PORT05,39,59.93968
1400002933.0,2026-03-27,PORT02,CARRIER_03,2,DTP,3,0,CUST_410,1600136,PLANT_01,PORT05,21,93.12881
1400002934.0,2026-11-07,PORT03,CARRIER_12,2,DTP,3,0,CUST_079,1600016,PLANT_08,PORT01,22,86.40732
1400002935.0,2026-05-15,PORT04,CARRIER_09,1,DTD,3,0,CUST_256,1600011,PLANT_13,PORT05,36,100.89481
1400002936.0,2026-04-08,PORT05,CARRIER_10,2,DTP,0,0,CUST_015,1600033,PLANT_17,PORT04,23,54.0531
1400002937.0,2026-07-02,PORT07,CARRIER_08,1,DTP,3,0,CUST_238,1600097,PLANT_16,PORT04,5,15.67879
1400002938.0,2026-04-08,PORT01,CARRIER_12,2,DTP,3,0,CUST_407,1600164,PLANT_06,PORT08,12,44.22179
1400002939.0,2026-08-15,PORT03,CARRIER_04,2,DTP,0,0,CUST_433,1600175,PLANT_07,PORT08,45,34.25654
1400002940.0,2026-09-30,PORT07,CARRIER_10,2,DTD,5,0,CUST_142,1600086,PLANT_11,PORT05,21,89.8368
1400002941.0,2026-05-29,PORT06,CARRIER_12,2,DTP,0,0,CUST_194,1600174,PLANT_02,PORT08,9,22.48266
1400002942.0,2026-10-13,PORT06,CARRIER_03,2,DTP,1,0,CUST_276,1600064,PLANT_20,PORT05,48,224.79291
1400002943.0,2026-06-07,PORT08,CARRIER_05,2,DTD,3,0,CUST_198,1600040,PLANT_08,PORT04,50,239.10789
1400002944.0,2026-12-21,PORT02,CARRIER_09,2,DTP,3,0,CUST_090,1600048,PLANT_01,PORT06,27,6.76384
1400002945.0,2026-04-07,PORT03,CARRIER_05,2,DTP,0,0,CUST_153,1600104,PLANT_17,PORT01,33,65.47057
1400002946.0,2026-09-15,PORT08,CARRIER_09,1,DTD,3,0,CUST_203,1600133,PLANT_03,PORT05,39,104.46129
1400002947.0,2026-07-15,PORT05,CARRIER_03,1,CRF,3,0,CUST_260,1600086,PLANT_12,PORT02,8,21.95214
1400002948.0,2026-12-11,PORT07,CARRIER_01,2,DTD,0,0,CUST_461,1600154,PLANT_13,PORT04,18,74.33509
1400002949.0,2026-03-22,PORT04,CARRIER_01,1,DTP,0,6,CUST_273,1600164,PLANT_13,PORT08,30,23.74229
1400002950.0,2026-03-13,PORT07,CARRIER_03,2,DTP,3,0,CUST_194,1600118,PLANT_14,PORT02,30,94.50496
1400002951.0,2026-11-13,PORT01,CARRIER_10,1,DTP,3,0,CUST_331,1600079,PLANT_19,PORT04,20,94.3745
1400002952.0,2026-11-25,PORT03,CARRIER_09,1,DTP,0,0,CUST_387,1600011,PLANT_13,PORT08,5,24.91893
1400002953.0,2026-09-30,PORT05,CARRIER_05,1,DTD,3,0,CUST_216,1600014,PLANT_12,PORT06,48,7.17212
1400002954.0,2026-06-23,PORT02,CARRIER_09,0,DTP,3,0,CUST_245,1600141,PLANT_01,PORT07,33,160.56413
1400002955.0,2026-05-30,PORT03,CARRIER_06,1,DTP,6,0,CUST_109,1600055,PLANT_04,PORT08,39,27.25434
1400002956.0,2026-09-01,PORT07,CARRIER_03,2,DTP,3,0,CUST_433,1600011,PLANT_16,PORT01,25,68.27644
1400002957.0,2026-09-30,PORT07,CARRIER_10,2,DTP,0,0,CUST_434,1600193,PLANT_16,PORT05,28,36.60194
1400002958.0,2026-04-11,PORT06,CARRIER_01,2,DTP,3,0,CUST_088,1600038,PLANT_20,PORT01,25,76.7829
1400002959.0,2026-01-03,PORT06,CARRIER_02,2,DTP,0,0,CUST_174,1600085,PLANT_20,PORT03,24,6.75433
1400002960.0,2026-01-27,PORT03,CARRIER_04,2,CRF,3,0,CUST_136,1600142,PLANT_11,PORT06,35,44.37405
1400002961.0,2026-05-06,PORT06,CARRIER_08,2,DTD,2,0,CUST_462,1600109,PLANT_02,PORT07,50,78.64103
1400002962.0,2026-09-06,PORT02,CARRIER_05,1,DTP,5,0,CUST_033,1600123,PLANT_05,PORT01,40,183.45901
1400002963.0,2026-06-10,PORT02,CARRIER_05,1,DTP,3,0,CUST_104,1600117,PLANT_02,PORT05,35,103.59247
1400002964.0,2026-08-14,PORT06,CARRIER_07,2,CRF,4,0,CUST_158,1600138,PLANT_02,PORT02,5,17.85114
1400002965.0,2026-06-21,PORT03,CARRIER_11,2,DTP,3,0,CUST_281,1600097,PLANT_11,PORT01,28,95.54928
1400002966.0,2026-04-02,PORT08,CARRIER_04,1,DTP,3,0,CUST_125,1600163,PLANT_08,PORT07,48,97.06622
1400002967.0,2026-10-01,PORT07,CARRIER_05,2,DTP,0,0,CUST_269,1600192,PLANT_14,PORT04,23,3.88017
1400002968.0,2026-09-22,PORT04,CARRIER_01,2,DTP,0,0,CUST_374,1600156,PLANT_02,PORT06,30,18.73205
1400002969.0,2026-12-18,PORT08,CARRIER_12,1,DTP,4,0,CUST_415,1600031,PLANT_18,PORT02,19,44.61507
1400002970.0,2026-10-29,PORT02,CARRIER_11,1,DTP,5,0,CUST_050,1600100,PLANT_04,PORT06,13,61.26048
1400002971.0,2026-05-19,PORT04,CARRIER_05,2,DTD,2,0,CUST_070,1600039,PLANT_07,PORT02,37,48.79979
1400002972.0,2026-09-15,PORT08,CARRIER_11,2,DTP,3,0,CUST_048,1600158,PLANT_18,PORT02,19,66.91347
1400002973.0,2026-05-08,PORT01,CARRIER_01,2,DTP,1,0,CUST_455,1600058,PLANT_09,PORT08,32,132.81023
1400002974.0,2026-11-15,PORT08,CARRIER_01,1,CRF,3,0,CUST_327,1600072,PLANT_08,PORT05,32,145.38393
1400002975.0,2026-08-11,PORT07,CARRIER_07,1,DTP,5,0,CUST_266,1600143,PLANT_07,PORT04,44,67.67567
1400002976.0,2026-11-01,PORT07,CARRIER_07,1,DTP,0,0,CUST_396,1600039,PLANT_14,PORT02,48,223.8378
1400002977.0,2026-04-13,PORT06,CARRIER_02,2,DTP,1,0,CUST_294,1600135,PLANT_05,PORT01,30,92.37339
1400002978.0,2026-01-06,PORT02,CARRIER_07,2,DTP,3,0,CUST_118,1600061,PLANT_02,PORT05,7,18.13835
1400002979.0,2026-02-21,PORT07,CARRIER_02,2,DTD,2,0,CUST_256,1600011,PLANT_14,PORT02,31,121.33784
1400002980.0,2026-07-13,PORT04,CARRIER_06,1,DTD,0,0,CUST_352,1600096,PLANT_13,PORT01,45,57.13613
1400002981.0,2026-12-17,PORT08,CARRIER_06,1,DTP,3,0,CUST_019,1600095,PLANT_03,PORT07,26,106.12272
1400002982.0,2026-08-17,PORT07,CARRIER_03,1,DTP,3,0,CUST_304,1600020,PLANT_16,PORT05,30,98.54452
1400002983.0,2026-10-23,PORT08,CARRIER_04,2,DTP,6,0,CUST_249,1600000,PLANT_18,PORT05,40,160.67576
1400002984.0,2026-06-21,PORT07,CARRIER_07,2,DTD,5,0,CUST_035,1600130,PLANT_16,PORT08,25,107.32597
1400002985.0,2026-12-16,PORT05,CARRIER_07,2,DTP,3,0,CUST_132,1600112,PLANT_17,PORT04,24,75.00006
1400002986.0,2026-12-10,PORT01,CARRIER_12,2,DTP,4,0,CUST_225,1600072,PLANT_01,PORT07,27,7.56005
1400002987.0,2026-03-21,PORT07,CARRIER_08,2,CRF,3,0,CUST_172,1600044,PLANT_11,PORT06,44,68.5944
1400002988.0,2026-11-11,PORT04,CARRIER_10,2,DTP,3,0,CUST_146,1600107,PLANT_07,PORT06,27,118.86201
1400002989.0,2026-01-07,PORT07,CARRIER_11,2,DTD,0,0,CUST_325,1600182,PLANT_10,PORT05,20,63.44174
1400002990.0,2026-08-05,PORT07,CARRIER_05,2,DTP,1,0,CUST_203,1600173,PLANT_16,PORT08,32,142.76084
1400002991.0,2026-06-09,PORT07,CARRIER_04,1,DTP,3,1,CUST_249,1600085,PLANT_07,PORT02,36,71.43083
1400002992.0,2026-04-20,PORT02,CARRIER_08,2,CRF,6,0,CUST_400,1600142,PLANT_01,PORT05,46,118.36557
1400002993.0,2026-12-07,PORT02,CARRIER_07,2,DTD,3,0,CUST_047,1600174,PLANT_02,PORT08,46,199.02834
1400002994.0,2026-08-30,PORT07,CARRIER_08,1,DTP,5,0,CUST_180,1600035,PLANT_14,PORT02,41,157.1921
1400002995.0,2026-02-20,PORT07,CARRIER_10,2,DTP,1,0,CUST_037,1600007,PLANT_11,PORT03,40,77.99022
1400002996.0,2026-02-20,PORT01,CARRIER_08,2,DTP,0,0,CUST_464,1600044,PLANT_03,PORT07,25,5.27221
1400002997.0,2026-02-12,PORT08,CARRIER_07,2,DTP,6,0,CUST_093,1600082,PLANT_18,PORT06,20,88.27328
1400002998.0,2026-04-21,PORT07,CARRIER_10,2,DTD,2,0,CUST_410,1600033,PLANT_16,PORT08,30,118.59446
1400002999.0,2026-01-26,PORT07,CARRIER_05,1,DTP,3,0,CUST_096,1600093,PLANT_13,PORT08,37,85.13286
1400003000.0,2026-04-07,PORT07,CARRIER_03,2,DTP,0,0,CUST_163,1600153,PLANT_10,PORT02,28,77.74419
1400003001.0,2026-10-07,PORT07,CARRIER_02,2,DTD,5,0,CUST_305,1600135,PLANT_11,PORT03,14,15.4158
1400003002.0,2026-11-15,PORT05,CARRIER_03,3,DTP,0,0,CUST_416,1600027,PLANT_12,PORT07,5,10.59648
1400003003.0,2026-10-14,PORT04,CARRIER_03,1,DTP,5,0,CUST_089,1600167,PLANT_15,PORT05,7,6.2976
1400003004.0,2026-07-01,PORT01,CARRIER_06,2,DTP,0,0,CUST_107,1600083,PLANT_03,PORT06,24,27.16298
1400003005.0,2026-09-11,PORT06,CARRIER_01,2,CRF,0,0,CUST_441,1600064,PLANT_02,PORT05,41,174.13563
1400003006.0,2026-12-11,PORT07,CARRIER_10,2,DTP,4,0,CUST_161,1600135,PLANT_16,PORT04,41,76.9207
1400003007.0,2026-01-20,PORT07,CARRIER_08,1,DTP,3,0,CUST_105,1600006,PLANT_11,PORT01,42,171.87006
1400003008.0,2026-11-27,PORT07,CARRIER_04,1,DTP,1,0,CUST_372,1600052,PLANT_16,PORT01,37,89.61805
1400003009.0,2026-09-22,PORT01,CARRIER_07,2,DTP,3,0,CUST_046,1600151,PLANT_09,PORT06,6,2.68087
1400003010.0,2026-05-22,PORT06,CARRIER_02,2,DTP,1,0,CUST_434,1600034,PLANT_17,PORT07,45,84.21675
1400003011.0,2026-06-13,PORT02,CARRIER_04,2,CRF,1,0,CUST_438,1600017,PLANT_02,PORT06,48,42.02592
1400003012.0,2026-06-10,PORT02,CARRIER_06,1,DTP,0,0,CUST_429,1600005,PLANT_01,PORT04,44,153.93507
1400003013.0,2026-02-27,PORT03,CARRIER_12,2,DTP,3,0,CUST_148,1600056,PLANT_11,PORT07,25,114.14577
1400003014.0,2026-03-26,PORT06,CARRIER_08,2,CRF,0,0,CUST_058,1600117,PLANT_19,PORT02,14,53.74698
1400003015.0,2026-04-18,PORT06,CARRIER_07,1,DTP,4,0,CUST_213,1600066,PLANT_17,PORT04,46,180.05984
1400003016.0,2026-01-03,PORT08,CARRIER_12,1,CRF,4,0,CUST_168,1600034,PLANT_15,PORT05,13,56.2009
1400003017.0,2026-07-02,PORT02,CARRIER_12,2,DTD,1,0,CUST_480,1600007,PLANT_09,PORT05,41,160.13193
1400003018.0,2026-06-23,PORT05,CARRIER_07,2,DTD,3,0,CUST_316,1600026,PLANT_17,PORT04,49,141.41444
1400003019.0,2026-05-01,PORT05,CARRIER_05,0,DTP,3,0,CUST_473,1600058,PLANT_12,PORT03,46,165.59788
1400003020.0,2026-03-06,PORT02,CARRIER_05,2,DTP,3,0,CUST_376,1600111,PLANT_05,PORT08,28,59.86899
1400003021.0,2026-12-20,PORT07,CARRIER_08,2,DTP,3,0,CUST_358,1600119,PLANT_11,PORT01,43,19.21503
1400003022.0,2026-09-05,PORT07,CARRIER_10,2,DTP,3,0,CUST_056,1600095,PLANT_13,PORT01,43,152.96566
1400003023.0,2026-06-23,PORT02,CARRIER_04,2,DTD,0,0,CUST_035,1600045,PLANT_04,PORT04,49,178.1708
1400003024.0,2026-09-21,PORT01,CARRIER_11,2,DTP,3,0,CUST_024,1600137,PLANT_19,PORT08,21,25.12105
1400003025.0,2026-05-16,PORT04,CARRIER_12,1,DTP,0,0,CUST_297,1600111,PLANT_15,PORT07,33,157.55235
1400003026.0,2026-03-20,PORT06,CARRIER_07,1,DTP,5,0,CUST_101,1600115,PLANT_19,PORT07,42,15.00685
1400003027.0,2026-09-03,PORT06,CARRIER_04,1,DTP,3,0,CUST_495,1600154,PLANT_19,PORT07,15,55.59299
1400003028.0,2026-10-09,PORT07,CARRIER_04,2,DTP,3,0,CUST_067,1600138,PLANT_07,PORT02,15,72.68316
1400003029.0,2026-08-26,PORT02,CARRIER_03,2,DTD,3,0,CUST_474,1600199,PLANT_05,PORT06,22,35.52635
1400003030.0,2026-07-26,PORT01,CARRIER_04,1,DTP,0,0,CUST_334,1600020,PLANT_09,PORT05,21,95.99269
1400003031.0,2026-01-01,PORT05,CARRIER_08,2,DTP,0,0,CUST_054,1600000,PLANT_12,PORT04,39,161.83197
1400003032.0,2026-08-21,PORT03,CARRIER_01,2,DTD,1,0,CUST_030,1600006,PLANT_11,PORT08,48,179.81455
1400003033.0,2026-08-14,PORT07,CARRIER_04,2,DTP,3,0,CUST_198,1600112,PLANT_16,PORT05,12,57.28294
1400003034.0,2026-05-31,PORT04,CARRIER_11,0,DTD,3,0,CUST_170,1600108,PLANT_15,PORT02,19,62.79271
1400003035.0,2026-03-30,PORT01,CARRIER_11,2,DTD,0,0,CUST_158,1600015,PLANT_09,PORT07,47,118.67101
1400003036.0,2026-12-24,PORT01,CARRIER_01,2,DTP,3,0,CUST_265,1600184,PLANT_01,PORT07,32,109.14678
1400003037.0,2026-05-17,PORT08,CARRIER_02,1,DTP,3,0,CUST_065,1600102,PLANT_15,PORT05,14,29.65111
1400003038.0,2026-04-10,PORT08,CARRIER_03,1,DTD,3,0,CUST_065,1600121,PLANT_18,PORT01,32,54.14231
1400003039.0,2026-09-15,PORT04,CARRIER_01,1,DTP,2,0,CUST_348,1600130,PLANT_02,PORT01,45,22.63516
1400003040.0,2026-06-25,PORT06,CARRIER_07,2,CRF,5,0,CUST_496,1600002,PLANT_02,PORT08,22,42.94932
1400003041.0,2026-07-23,PORT04,CARRIER_01,2,DTP,3,0,CUST_137,1600177,PLANT_07,PORT06,27,108.96271
1400003042.0,2026-08-25,PORT02,CARRIER_03,2,CRF,3,0,CUST_466,1600064,PLANT_04,PORT03,33,156.17697
1400003043.0,2026-05-15,PORT01,CARRIER_04,2,CRF,3,0,CUST_173,1600149,PLANT_05,PORT08,43,209.76447
1400003044.0,2026-02-25,PORT01,CARRIER_11,3,DTP,4,0,CUST_168,1600002,PLANT_05,PORT06,30,33.3593
1400003045.0,2026-03-03,PORT04,CARRIER_10,2,DTP,3,0,CUST_046,1600102,PLANT_02,PORT07,49,142.10077
1400003046.0,2026-12-09,PORT06,CARRIER_09,2,DTP,0,0,CUST_212,1600065,PLANT_02,PORT05,39,113.92547
1400003047.0,2026-07-04,PORT07,CARRIER_12,2,DTP,0,0,CUST_249,1600162,PLANT_11,PORT04,24,23.10319
1400003048.0,2026-06-02,PORT06,CARRIER_12,2,DTP,2,0,CUST_332,1600084,PLANT_02,PORT02,27,79.64941
1400003049.0,2026-04-27,PORT05,CARRIER_11,2,DTP,3,0,CUST_080,1600190,PLANT_12,PORT02,37,69.4689
1400003050.0,2026-09-21,PORT02,CARRIER_12,4,DTD,3,0,CUST_095,1600016,PLANT_09,PORT08,8,37.74233
1400003051.0,2026-11-30,PORT03,CARRIER_12,2,DTP,1,0,CUST_217,1600004,PLANT_13,PORT08,15,20.25736
1400003052.0,2026-10-08,PORT07,CARRIER_03,2,DTD,0,0,CUST_035,1600110,PLANT_13,PORT06,15,62.86965
1400003053.0,2026-07-15,PORT04,CARRIER_04,2,DTP,3,0,CUST_072,1600065,PLANT_13,PORT01,41,184.2783
1400003054.0,2026-06-23,PORT01,CARRIER_06,2,DTD,3,0,CUST_315,1600138,PLANT_19,PORT07,42,155.64251
1400003055.0,2026-11-13,PORT07,CARRIER_07,2,DTP,4,0,CUST_477,1600123,PLANT_14,PORT08,42,48.38058
1400003056.0,2026-11-09,PORT03,CARRIER_06,2,DTP,3,0,CUST_287,1600088,PLANT_07,PORT04,9,12.38228
1400003057.0,2026-05-23,PORT03,CARRIER_05,2,DTD,0,0,CUST_073,1600163,PLANT_17,PORT08,18,87.4526
1400003058.0,2026-12-18,PORT02,CARRIER_06,1,DTP,3,0,CUST_496,1600021,PLANT_09,PORT03,19,8.95969
1400003059.0,2026-10-30,PORT02,CARRIER_09,2,DTP,3,0,CUST_261,1600122,PLANT_02,PORT01,6,4.04233
1400003060.0,2026-11-05,PORT06,CARRIER_09,1,DTP,3,0,CUST_359,1600071,PLANT_17,PORT04,16,78.31987
1400003061.0,2026-01-21,PORT04,CARRIER_11,2,DTP,3,0,CUST_099,1600074,PLANT_15,PORT01,24,93.76283
1400003062.0,2026-02-17,PORT01,CARRIER_10,1,DTP,4,0,CUST_290,1600017,PLANT_01,PORT07,45,169.07764
1400003063.0,2026-04-19,PORT07,CARRIER_02,1,DTP,0,0,CUST_039,1600185,PLANT_14,PORT04,12,10.62022
1400003064.0,2026-10-05,PORT08,CARRIER_03,1,CRF,0,0,CUST_313,1600062,PLANT_18,PORT06,44,109.81521
1400003065.0,2026-01-29,PORT07,CARRIER_06,2,DTP,0,0,CUST_102,1600097,PLANT_16,PORT01,42,177.22894
1400003066.0,2026-01-31,PORT02,CARRIER_11,2,DTD,4,0,CUST_455,1600010,PLANT_02,PORT04,12,20.5376
1400003067.0,2026-01-12,PORT04,CARRIER_06,2,DTD,3,0,CUST_028,1600089,PLANT_02,PORT08,17,17.75734
1400003068.0,2026-03-12,PORT06,CARRIER_02,2,DTP,1,0,CUST_327,1600008,PLANT_02,PORT02,26,3.99443
1400003069.0,2026-12-02,PORT07,CARRIER_11,2,DTP,0,0,CUST_070,1600161,PLANT_16,PORT04,48,151.22199
1400003070.0,2026-09-21,PORT02,CARRIER_08,2,DTP,0,0,CUST_344,1600015,PLANT_01,PORT04,41,63.12649
1400003071.0,2026-09-19,PORT04,CARRIER_11,2,DTP,3,0,CUST_247,1600017,PLANT_02,PORT06,49,212.26775
1400003072.0,2026-04-17,PORT07,CARRIER_05,2,DTD,3,0,CUST_484,1600130,PLANT_16,PORT04,19,28.29553
1400003073.0,2026-08-17,PORT05,CARRIER_11,2,DTP,3,0,CUST_326,1600070,PLANT_17,PORT08,46,38.76519
1400003074.0,2026-10-12,PORT05,CARRIER_01,2,DTD,3,0,CUST_186,1600006,PLANT_12,PORT04,48,230.69725
1400003075.0,2026-07-14,PORT01,CARRIER_09,1,DTP,4,0,CUST_044,1600007,PLANT_19,PORT06,32,154.47704
1400003076.0,2026-11-09,PORT05,CARRIER_12,2,DTD,3,0,CUST_298,1600187,PLANT_17,PORT03,12,41.4794
1400003077.0,2026-07-27,PORT07,CARRIER_12,1,DTP,4,0,CUST_221,1600144,PLANT_11,PORT02,17,79.03453
1400003078.0,2026-04-29,PORT07,CARRIER_06,2,CRF,3,0,CUST_027,1600086,PLANT_11,PORT01,10,8.92985
1400003079.0,2026-08-22,PORT04,CARRIER_12,2,DTD,3,0,CUST_291,1600050,PLANT_02,PORT02,42,98.93815
1400003080.0,2026-12-11,PORT08,CARRIER_12,2,DTP,3,0,CUST_105,1600171,PLANT_08,PORT05,19,20.90719
1400003081.0,2026-10-29,PORT07,CARRIER_02,1,DTD,5,0,CUST_118,1600186,PLANT_16,PORT03,37,90.5034
1400003082.0,2026-07-01,PORT01,CARRIER_06,2,DTP,3,0,CUST_005,1600188,PLANT_06,PORT04,17,67.60513
1400003083.0,2026-08-06,PORT04,CARRIER_11,2,DTD,3,0,CUST_187,1600084,PLANT_13,PORT08,49,207.76718
1400003084.0,2026-12-23,PORT02,CARRIER_11,2,DTP,3,0,CUST_110,1600048,PLANT_09,PORT07,40,4.81622
1400003085.0,2026-10-01,PORT06,CARRIER_07,2,DTD,6,0,CUST_036,1600010,PLANT_15,PORT04,22,44.18847
1400003086.0,2026-07-03,PORT01,CARRIER_03,1,DTP,0,0,CUST_218,1600055,PLANT_19,PORT05,26,129.24435
1400003087.0,2026-04-13,PORT07,CARRIER_04,3,DTD,3,0,CUST_111,1600154,PLANT_14,PORT08,7,20.9135
1400003088.0,2026-11-27,PORT01,CARRIER_02,3,DTP,0,0,CUST_068,1600163,PLANT_19,PORT04,11,17.06496
1400003089.0,2026-12-23,PORT05,CARRIER_07,2,DTP,5,0,CUST_234,1600145,PLANT_12,PORT06,50,100.30359
1400003090.0,2026-01-26,PORT01,CARRIER_01,2,DTD,4,0,CUST_032,1600055,PLANT_19,PORT02,42,70.58362
1400003091.0,2026-01-12,PORT03,CARRIER_06,2,DTP,3,0,CUST_496,1600040,PLANT_13,PORT04,43,98.60899
1400003092.0,2026-02-12,PORT05,CARRIER_03,1,DTP,3,0,CUST_236,1600116,PLANT_12,PORT07,34,77.45147
1400003093.0,2026-05-22,PORT06,CARRIER_07,1,DTP,3,0,CUST_499,1600145,PLANT_19,PORT04,15,38.75445
1400003094.0,2026-02-28,PORT07,CARRIER_01,1,DTP,3,0,CUST_441,1600156,PLANT_16,PORT02,9,21.38471
1400003095.0,2026-11-18,PORT03,CARRIER_05,2,DTP,1,0,CUST_490,1600174,PLANT_17,PORT07,38,99.90037
1400003096.0,2026-11-30,PORT03,CARRIER_05,2,DTP,4,0,CUST_272,1600095,PLANT_11,PORT05,20,4.74292
1400003097.0,2026-03-07,PORT02,CARRIER_08,2,DTP,3,0,CUST_212,1600054,PLANT_09,PORT08,5,1.83346
1400003098.0,2026-10-30,PORT08,CARRIER_09,2,DTP,1,0,CUST_360,1600066,PLANT_15,PORT04,6,11.51163
1400003099.0,2026-02-21,PORT06,CARRIER_09,2,DTP,3,0,CUST_041,1600012,PLANT_20,PORT02,30,133.08641
1400003100.0,2026-10-15,PORT03,CARRIER_06,2,DTP,0,0,CUST_421,1600060,PLANT_13,PORT04,43,170.92837
1400003101.0,2026-05-14,PORT08,CARRIER_01,2,DTP,3,0,CUST_162,1600039,PLANT_06,PORT04,21,13.43481
1400003102.0,2026-01-15,PORT05,CARRIER_11,2,DTP,3,0,CUST_004,1600014,PLANT_12,PORT01,50,126.23358
1400003103.0,2026-06-06,PORT06,CARRIER_10,2,CRF,3,0,CUST_119,1600080,PLANT_17,PORT04,22,67.37451
1400003104.0,2026-10-28,PORT03,CARRIER_09,2,DTP,0,0,CUST_122,1600112,PLANT_13,PORT08,38,93.39744
1400003105.0,2026-12-07,PORT02,CARRIER_07,2,DTD,3,0,CUST_008,1600002,PLANT_05,PORT03,16,56.28922
1400003106.0,2026-02-14,PORT03,CARRIER_07,2,DTP,3,0,CUST_335,1600010,PLANT_08,PORT02,32,159.57086
1400003107.0,2026-11-02,PORT01,CARRIER_11,2,DTD,3,0,CUST_048,1600169,PLANT_19,PORT05,17,9.7363
1400003108.0,2026-04-18,PORT04,CARRIER_04,2,DTP,3,0,CUST_424,1600035,PLANT_02,PORT07,40,105.04467
1400003109.0,2026-06-19,PORT01,CARRIER_08,2,DTP,3,0,CUST_227,1600101,PLANT_03,PORT07,25,65.2655
1400003110.0,2026-02-09,PORT08,CARRIER_12,2,DTP,3,0,CUST_360,1600188,PLANT_18,PORT04,6,17.13394
1400003111.0,2026-12-22,PORT07,CARRIER_12,2,DTD,0,0,CUST_170,1600189,PLANT_16,PORT05,16,14.69025
1400003112.0,2026-10-16,PORT04,CARRIER_10,2,DTP,0,0,CUST_066,1600141,PLANT_13,PORT05,21,67.78702
1400003113.0,2026-08-23,PORT03,CARRIER_09,0,DTP,3,0,CUST_091,1600161,PLANT_04,PORT01,26,8.24903
1400003114.0,2026-09-23,PORT01,CARRIER_02,2,DTD,4,0,CUST_323,1600123,PLANT_09,PORT05,17,63.43559
1400003115.0,2026-11-15,PORT02,CARRIER_06,1,DTD,2,0,CUST_359,1600113,PLANT_01,PORT08,31,103.83393
1400003116.0,2026-02-22,PORT06,CARRIER_11,1,DTP,3,0,CUST_134,1600049,PLANT_19,PORT05,49,84.23472
1400003117.0,2026-03-31,PORT03,CARRIER_03,1,DTD,3,0,CUST_179,1600030,PLANT_13,PORT05,37,183.00377
1400003118.0,2026-01-14,PORT07,CARRIER_05,2,DTD,3,0,CUST_473,1600163,PLANT_10,PORT08,19,79.05927
1400003119.0,2026-06-28,PORT06,CARRIER_08,2,DTP,0,0,CUST_426,1600111,PLANT_02,PORT05,36,98.77409
1400003120.0,2026-06-30,PORT06,CARRIER_12,2,DTD,3,0,CUST_207,1600190,PLANT_20,PORT02,49,242.72155
1400003121.0,2026-01-11,PORT06,CARRIER_06,2,DTP,3,0,CUST_121,1600195,PLANT_19,PORT02,16,66.67911
1400003122.0,2026-08-30,PORT01,CARRIER_10,2,DTP,0,0,CUST_151,1600177,PLANT_19,PORT07,15,11.64133
1400003123.0,2026-01-04,PORT06,CARRIER_06,2,DTP,4,0,CUST_270,1600110,PLANT_19,PORT08,6,17.97718
1400003124.0,2026-10-17,PORT07,CARRIER_08,2,DTP,6,0,CUST_284,1600178,PLANT_14,PORT05,43,126.6867
1400003125.0,2026-09-15,PORT04,CARRIER_10,2,DTP,0,0,CUST_093,1600127,PLANT_13,PORT03,43,141.87555
1400003126.0,2026-10-25,PORT06,CARRIER_11,2,DTP,0,0,CUST_033,1600176,PLANT_19,PORT01,24,113.03298
1400003127.0,2026-02-13,PORT06,CARRIER_12,2,DTP,3,0,CUST_248,1600060,PLANT_20,PORT05,45,112.99304
1400003128.0,2026-11-14,PORT07,CARRIER_11,2,DTD,6,0,CUST_399,1600026,PLANT_14,PORT01,34,16.29175
1400003129.0,2026-07-19,PORT01,CARRIER_06,1,DTP,5,0,CUST_077,1600062,PLANT_06,PORT04,50,122.43618
1400003130.0,2026-11-12,PORT04,CARRIER_02,2,DTP,5,0,CUST_205,1600140,PLANT_02,PORT06,47,186.12905
1400003131.0,2026-09-12,PORT07,CARRIER_01,2,CRF,3,0,CUST_081,1600071,PLANT_16,PORT01,49,91.00197
1400003132.0,2026-08-28,PORT05,CARRIER_12,2,DTP,6,0,CUST_122,1600179,PLANT_12,PORT08,23,5.35472
1400003133.0,2026-01-12,PORT02,CARRIER_11,2,DTP,3,0,CUST_307,1600080,PLANT_04,PORT04,34,53.92032
1400003134.0,2026-09-10,PORT07,CARRIER_04,1,DTP,0,0,CUST_144,1600066,PLANT_14,PORT03,12,41.31042
1400003135.0,2026-06-13,PORT04,CARRIER_01,1,DTP,3,0,CUST_132,1600186,PLANT_02,PORT02,46,23.98653
1400003136.0,2026-11-06,PORT06,CARRIER_08,2,CRF,3,0,CUST_498,1600161,PLANT_15,PORT07,19,36.90232
1400003137.0,2026-09-07,PORT02,CARRIER_06,2,DTD,4,0,CUST_087,1600175,PLANT_02,PORT07,25,18.80853
1400003138.0,2026-01-28,PORT01,CARRIER_06,2,DTD,3,0,CUST_095,1600103,PLANT_09,PORT06,32,77.8256
1400003139.0,2026-11-21,PORT08,CARRIER_04,1,CRF,4,0,CUST_465,1600018,PLANT_15,PORT02,41,32.53006
1400003140.0,2026-01-23,PORT04,CARRIER_01,2,DTP,2,4,CUST_276,1600037,PLANT_02,PORT05,38,24.10268
1400003141.0,2026-04-20,PORT05,CARRIER_05,4,DTD,1,0,CUST_022,1600150,PLANT_12,PORT03,48,168.92228
1400003142.0,2026-03-21,PORT02,CARRIER_05,1,DTP,4,0,CUST_213,1600053,PLANT_01,PORT01,37,32.34569
1400003143.0,2026-12-22,PORT04,CARRIER_08,2,DTP,3,0,CUST_283,1600102,PLANT_02,PORT01,41,35.19848
1400003144.0,2026-02-25,PORT06,CARRIER_03,2,DTD,0,0,CUST_127,1600127,PLANT_02,PORT02,31,93.10366
1400003145.0,2026-11-05,PORT03,CARRIER_11,1,DTD,3,0,CUST_275,1600157,PLANT_13,PORT01,24,7.52663
1400003146.0,2026-03-23,PORT06,CARRIER_10,2,DTP,4,0,CUST_325,1600030,PLANT_15,PORT04,47,12.2982
1400003147.0,2026-08-26,PORT02,CARRIER_09,2,DTD,5,0,CUST_126,1600038,PLANT_09,PORT08,22,48.70991
1400003148.0,2026-02-02,PORT08,CARRIER_05,2,DTP,4,0,CUST_407,1600178,PLANT_18,PORT04,33,62.33594
1400003149.0,2026-05-24,PORT05,CARRIER_06,2,CRF,3,0,CUST_227,1600124,PLANT_17,PORT07,18,49.83543
1400003150.0,2026-08-16,PORT03,CARRIER_12,1,DTP,4,0,CUST_482,1600164,PLANT_06,PORT02,27,134.13801
1400003151.0,2026-09-17,PORT02,CARRIER_10,2,DTP,0,0,CUST_044,1600176,PLANT_01,PORT01,21,46.8313
1400003152.0,2026-11-15,PORT06,CARRIER_07,0,DTD,3,0,CUST_163,1600076,PLANT_02,PORT05,16,46.76298
1400003153.0,2026-10-25,PORT01,CARRIER_08,2,DTD,3,0,CUST_361,1600090,PLANT_01,PORT07,42,193.38034
1400003154.0,2026-07-09,PORT03,CARRIER_12,1,DTP,5,0,CUST_448,1600168,PLANT_04,PORT02,40,98.7031
1400003155.0,2026-04-21,PORT01,CARRIER_06,2,DTP,0,0,CUST_111,1600061,PLANT_09,PORT05,37,145.31715
1400003156.0,2026-04-06,PORT02,CARRIER_05,2,DTP,6,0,CUST_491,1600045,PLANT_09,PORT05,8,22.30718
1400003157.0,2026-12-29,PORT04,CARRIER_05,1,DTD,3,0,CUST_097,1600093,PLANT_13,PORT05,16,51.55705
1400003158.0,2026-08-11,PORT08,CARRIER_11,2,DTP,0,0,CUST_209,1600159,PLANT_08,PORT06,15,70.03893
1400003159.0,2026-11-28,PORT07,CARRIER_06,2,DTP,3,0,CUST_158,1600081,PLANT_13,PORT01,37,3.82759
1400003160.0,2026-06-08,PORT06,CARRIER_05,1,DTP,0,0,CUST_213,1600072,PLANT_19,PORT02,46,207.67185
1400003161.0,2026-06-27,PORT05,CARRIER_10,2,DTP,3,0,CUST_452,1600090,PLANT_12,PORT04,22,55.8512
1400003162.0,2026-10-29,PORT02,CARRIER_11,2,DTP,3,0,CUST_367,1600090,PLANT_09,PORT08,20,61.46291
1400003163.0,2026-09-21,PORT03,CARRIER_09,2,CRF,4,0,CUST_399,1600133,PLANT_04,PORT08,30,69.15852
1400003164.0,2026-03-15,PORT01,CARRIER_11,2,CRF,3,0,CUST_127,1600191,PLANT_19,PORT07,50,68.92506
1400003165.0,2026-07-11,PORT02,CARRIER_10,2,DTP,4,0,CUST_474,1600026,PLANT_04,PORT01,22,9.31558
1400003166.0,2026-03-19,PORT07,CARRIER_09,0,CRF,3,0,CUST_218,1600189,PLANT_07,PORT04,17,80.42897
1400003167.0,2026-10-05,PORT07,CARRIER_12,2,DTD,5,0,CUST_326,1600075,PLANT_14,PORT08,28,88.39582
1400003168.0,2026-01-11,PORT03,CARRIER_05,2,DTD,5,0,CUST_349,1600076,PLANT_11,PORT08,47,205.86031
1400003169.0,2026-10-29,PORT02,CARRIER_12,2,DTP,3,0,CUST_332,1600131,PLANT_02,PORT07,38,57.9485
1400003170.0,2026-12-06,PORT03,CARRIER_05,2,DTD,1,0,CUST_301,1600129,PLANT_08,PORT07,28,40.94146
1400003171.0,2026-01-09,PORT07,CARRIER_12,1,CRF,6,0,CUST_241,1600154,PLANT_14,PORT06,38,66.32306
1400003172.0,2026-08-19,PORT07,CARRIER_09,1,DTD,4,0,CUST_324,1600196,PLANT_16,PORT03,5,6.16044
1400003173.0,2026-01-29,PORT07,CARRIER_10,2,DTP,5,0,CUST_453,1600002,PLANT_11,PORT06,39,99.0622
1400003174.0,2026-05-12,PORT02,CARRIER_12,1,DTP,0,0,CUST_195,1600020,PLANT_09,PORT01,9,42.18825
1400003175.0,2026-05-03,PORT04,CARRIER_12,2,DTP,4,0,CUST_256,1600118,PLANT_02,PORT07,22,96.63956
1400003176.0,2026-07-09,PORT07,CARRIER_11,1,DTP,0,0,CUST_091,1600025,PLANT_16,PORT01,21,53.04584
1400003177.0,2026-12-01,PORT07,CARRIER_06,0,DTP,3,0,CUST_178,1600049,PLANT_16,PORT02,36,65.1217
1400003178.0,2026-06-18,PORT01,CARRIER_06,1,DTP,3,0,CUST_387,1600147,PLANT_01,PORT06,16,49.55632
1400003179.0,2026-05-26,PORT07,CARRIER_02,2,DTD,3,0,CUST_321,1600069,PLANT_14,PORT06,15,46.50097
1400003180.0,2026-02-03,PORT01,CARRIER_05,2,DTD,0,0,CUST_106,1600172,PLANT_09,PORT04,45,155.26998
1400003181.0,2026-11-20,PORT07,CARRIER_10,2,DTD,3,0,CUST_274,1600176,PLANT_11,PORT06,26,70.83544
1400003182.0,2026-04-25,PORT06,CARRIER_08,2,DTP,1,0,CUST_406,1600105,PLANT_19,PORT01,39,9.01293
1400003183.0,2026-06-18,PORT03,CARRIER_03,1,DTP,3,0,CUST_063,1600119,PLANT_11,PORT04,31,14.65147
1400003184.0,2026-02-03,PORT03,CARRIER_04,2,DTD,0,0,CUST_031,1600173,PLANT_04,PORT06,33,160.75942
1400003185.0,2026-04-16,PORT07,CARRIER_07,2,DTD,3,0,CUST_197,1600022,PLANT_16,PORT04,36,135.23591
1400003186.0,2026-07-21,PORT03,CARRIER_04,2,DTP,3,0,CUST_329,1600055,PLANT_11,PORT06,35,166.12434
1400003187.0,2026-11-25,PORT07,CARRIER_11,2,DTD,6,0,CUST_157,1600155,PLANT_16,PORT08,46,81.12907
1400003188.0,2026-05-01,PORT07,CARRIER_10,3,DTP,3,0,CUST_411,1600134,PLANT_07,PORT05,41,111.57134
1400003189.0,2026-07-24,PORT03,CARRIER_10,2,DTP,3,0,CUST_424,1600148,PLANT_17,PORT04,19,31.87372
1400003190.0,2026-11-16,PORT01,CARRIER_10,2,DTD,6,0,CUST_267,1600084,PLANT_06,PORT06,12,54.64538
1400003191.0,2026-05-12,PORT06,CARRIER_04,2,DTD,5,0,CUST_190,1600062,PLANT_20,PORT08,43,64.92542
1400003192.0,2026-04-18,PORT03,CARRIER_02,2,DTP,3,0,CUST_021,1600101,PLANT_13,PORT04,22,76.99286
1400003193.0,2026-01-17,PORT04,CARRIER_03,2,DTP,3,0,CUST_411,1600172,PLANT_07,PORT06,19,18.19767
1400003194.0,2026-11-28,PORT03,CARRIER_02,0,CRF,1,0,CUST_448,1600074,PLANT_04,PORT08,10,6.15732
1400003195.0,2026-02-10,PORT06,CARRIER_08,1,DTP,3,0,CUST_222,1600050,PLANT_15,PORT05,30,25.87828
1400003196.0,2026-03-20,PORT04,CARRIER_03,3,DTP,4,0,CUST_259,1600019,PLANT_13,PORT02,28,75.44126
1400003197.0,2026-02-20,PORT04,CARRIER_10,2,DTP,6,0,CUST_377,1600119,PLANT_13,PORT02,43,182.2448
1400003198.0,2026-09-16,PORT02,CARRIER_10,0,DTP,0,0,CUST_348,1600151,PLANT_09,PORT07,39,194.86236
1400003199.0,2026-05-14,PORT07,CARRIER_10,2,DTD,1,0,CUST_068,1600003,PLANT_07,PORT06,38,119.74358
1400003200.0,2026-09-15,PORT05,CARRIER_04,2,DTP,5,5,CUST_337,1600163,PLANT_17,PORT06,29,78.72506
1400003201.0,2026-08-10,PORT05,CARRIER_10,0,DTP,5,0,CUST_463,1600197,PLANT_17,PORT04,44,174.05189
1400003202.0,2026-01-06,PORT01,CARRIER_03,2,DTP,3,0,CUST_376,1600102,PLANT_18,PORT05,50,20.61733
1400003203.0,2026-04-23,PORT07,CARRIER_01,2,DTD,0,0,CUST_241,1600014,PLANT_14,PORT06,42,170.77395
1400003204.0,2026-01-02,PORT01,CARRIER_09,2,DTP,3,0,CUST_262,1600199,PLANT_06,PORT06,21,80.13725
1400003205.0,2026-01-24,PORT02,CARRIER_09,2,DTD,3,0,CUST_130,1600092,PLANT_09,PORT05,17,45.81081
1400003206.0,2026-06-22,PORT05,CARRIER_10,2,DTD,3,0,CUST_331,1600145,PLANT_12,PORT04,5,1.06318
1400003207.0,2026-04-07,PORT01,CARRIER_08,2,DTP,1,1,CUST_121,1600036,PLANT_09,PORT05,50,54.53826
1400003208.0,2026-02-02,PORT05,CARRIER_06,2,DTD,2,0,CUST_171,1600166,PLANT_12,PORT03,38,72.64049
1400003209.0,2026-05-30,PORT03,CARRIER_05,2,DTP,3,0,CUST_133,1600148,PLANT_17,PORT07,48,226.17547
1400003210.0,2026-06-14,PORT06,CARRIER_09,2,DTP,0,0,CUST_168,1600094,PLANT_19,PORT04,41,132.3724
1400003211.0,2026-12-29,PORT03,CARRIER_12,2,DTD,3,0,CUST_184,1600129,PLANT_17,PORT04,24,62.38689
1400003212.0,2026-08-30,PORT02,CARRIER_06,2,DTP,0,0,CUST_042,1600140,PLANT_09,PORT03,11,27.42618
1400003213.0,2026-05-24,PORT07,CARRIER_06,2,DTP,3,0,CUST_359,1600064,PLANT_13,PORT01,7,27.45317
1400003214.0,2026-06-22,PORT03,CARRIER_03,1,DTD,6,0,CUST_221,1600052,PLANT_06,PORT04,41,69.11732
1400003215.0,2026-02-02,PORT01,CARRIER_01,2,DTP,3,0,CUST_475,1600130,PLANT_01,PORT08,18,10.13709
1400003216.0,2026-05-22,PORT01,CARRIER_09,0,CRF,0,0,CUST_091,1600069,PLANT_19,PORT02,22,75.18527
1400003217.0,2026-08-01,PORT08,CARRIER_01,2,DTP,3,0,CUST_335,1600161,PLANT_03,PORT07,43,73.62367
1400003218.0,2026-01-08,PORT05,CARRIER_01,1,DTP,0,0,CUST_090,1600116,PLANT_12,PORT04,27,45.77593
1400003219.0,2026-12-02,PORT07,CARRIER_06,2,DTP,3,0,CUST_274,1600136,PLANT_16,PORT05,48,111.74902
1400003220.0,2026-07-08,PORT07,CARRIER_08,2,DTP,1,0,CUST_246,1600198,PLANT_13,PORT04,30,38.6819
1400003221.0,2026-10-15,PORT03,CARRIER_08,2,DTD,5,3,CUST_225,1600157,PLANT_13,PORT04,43,198.50272
1400003222.0,2026-04-11,PORT02,CARRIER_12,2,DTP,0,0,CUST_328,1600006,PLANT_02,PORT08,10,42.50155
1400003223.0,2026-11-02,PORT01,CARRIER_12,1,DTP,5,6,CUST_415,1600110,PLANT_01,PORT03,23,113.99565
1400003224.0,2026-05-14,PORT01,CARRIER_05,1,DTD,3,0,CUST_159,1600119,PLANT_05,PORT08,13,62.74176
1400003225.0,2026-12-05,PORT07,CARRIER_06,1,CRF,3,0,CUST_425,1600097,PLANT_14,PORT02,7,11.48582
1400003226.0,2026-07-10,PORT06,CARRIER_04,2,DTD,5,0,CUST_093,1600193,PLANT_19,PORT01,50,98.2465
1400003227.0,2026-08-21,PORT07,CARRIER_07,2,DTP,3,0,CUST_147,1600024,PLANT_14,PORT08,28,98.601
1400003228.0,2026-03-16,PORT05,CARRIER_08,1,DTP,3,0,CUST_156,1600085,PLANT_12,PORT01,21,3.73054
1400003229.0,2026-12-30,PORT01,CARRIER_11,2,DTP,4,4,CUST_477,1600136,PLANT_18,PORT05,22,109.34122
1400003230.0,2026-03-12,PORT06,CARRIER_05,0,DTP,1,0,CUST_060,1600065,PLANT_19,PORT07,16,2.4501
1400003231.0,2026-01-13,PORT02,CARRIER_09,2,CRF,0,0,CUST_198,1600171,PLANT_04,PORT01,10,27.04281
1400003232.0,2026-06-10,PORT05,CARRIER_02,2,DTD,5,0,CUST_213,1600082,PLANT_17,PORT06,47,158.70168
1400003233.0,2026-11-01,PORT02,CARRIER_11,2,DTP,0,0,CUST_401,1600087,PLANT_02,PORT04,9,41.21385
1400003234.0,2026-12-03,PORT06,CARRIER_02,2,DTP,5,0,CUST_243,1600001,PLANT_02,PORT04,22,71.6379
1400003235.0,2026-11-09,PORT05,CARRIER_08,2,DTP,2,0,CUST_484,1600060,PLANT_12,PORT03,12,36.30177
1400003236.0,2026-07-21,PORT04,CARRIER_02,2,DTP,3,0,CUST_371,1600156,PLANT_15,PORT06,47,73.87275
1400003237.0,2026-12-01,PORT02,CARRIER_12,1,DTP,3,0,CUST_352,1600167,PLANT_01,PORT08,14,41.93721
1400003238.0,2026-06-29,PORT02,CARRIER_11,1,DTD,3,0,CUST_377,1600131,PLANT_01,PORT03,23,86.79136
1400003239.0,2026-06-24,PORT03,CARRIER_08,2,DTP,6,0,CUST_081,1600021,PLANT_17,PORT04,39,102.42957
1400003240.0,2026-03-07,PORT05,CARRIER_06,2,DTP,0,0,CUST_225,1600070,PLANT_12,PORT04,31,121.5266
1400003241.0,2026-10-15,PORT07,CARRIER_02,2,DTP,3,0,CUST_294,1600021,PLANT_14,PORT03,22,9.70429
1400003242.0,2026-04-26,PORT05,CARRIER_12,1,DTP,1,0,CUST_105,1600088,PLANT_12,PORT07,30,52.30049
1400003243.0,2026-03-13,PORT06,CARRIER_05,1,DTP,0,0,CUST_060,1600151,PLANT_20,PORT03,25,120.07721
1400003244.0,2026-05-15,PORT01,CARRIER_02,2,DTP,1,0,CUST_068,1600106,PLANT_01,PORT02,18,30.3278
1400003245.0,2026-08-09,PORT07,CARRIER_06,2,DTP,3,0,CUST_395,1600067,PLANT_07,PORT03,32,100.70691
1400003246.0,2026-04-09,PORT01,CARRIER_01,2,DTP,3,0,CUST_329,1600094,PLANT_19,PORT05,21,55.59614
1400003247.0,2026-05-11,PORT06,CARRIER_10,2,DTP,1,0,CUST_141,1600152,PLANT_15,PORT05,49,229.78343
1400003248.0,2026-05-01,PORT08,CARRIER_06,2,DTP,6,0,CUST_369,1600157,PLANT_06,PORT05,26,23.33714
1400003249.0,2026-08-06,PORT02,CARRIER_04,1,DTD,3,0,CUST_348,1600032,PLANT_09,PORT08,39,61.11307
1400003250.0,2026-09-18,PORT01,CARRIER_04,1,CRF,4,0,CUST_409,1600110,PLANT_19,PORT05,15,64.88473
1400003251.0,2026-09-04,PORT06,CARRIER_06,1,DTD,0,0,CUST_456,1600061,PLANT_17,PORT03,34,114.38934
1400003252.0,2026-02-21,PORT07,CARRIER_02,1,DTP,3,5,CUST_442,1600030,PLANT_14,PORT08,30,82.82826
1400003253.0,2026-05-07,PORT05,CARRIER_03,2,DTP,2,0,CUST_091,1600090,PLANT_17,PORT06,39,79.36546
1400003254.0,2026-08-25,PORT04,CARRIER_04,2,DTD,3,0,CUST_385,1600153,PLANT_13,PORT05,26,55.00159
1400003255.0,2026-03-20,PORT04,CARRIER_05,2,CRF,4,0,CUST_197,1600157,PLANT_13,PORT08,38,177.8826
1400003256.0,2026-01-26,PORT01,CARRIER_01,2,CRF,3,0,CUST_202,1600169,PLANT_19,PORT05,7,23.71789
1400003257.0,2026-04-28,PORT05,CARRIER_04,2,DTD,3,0,CUST_324,1600142,PLANT_12,PORT01,36,167.49296
1400003258.0,2026-09-05,PORT08,CARRIER_05,2,DTD,3,0,CUST_302,1600108,PLANT_18,PORT04,39,189.68477
1400003259.0,2026-08-31,PORT08,CARRIER_12,1,DTP,3,0,CUST_210,1600170,PLANT_08,PORT07,27,75.06916
1400003260.0,2026-02-17,PORT08,CARRIER_11,2,DTP,0,0,CUST_500,1600133,PLANT_03,PORT07,6,18.53073
1400003261.0,2026-09-05,PORT06,CARRIER_11,1,DTP,3,0,CUST_088,1600042,PLANT_02,PORT05,31,102.80183
1400003262.0,2026-03-12,PORT06,CARRIER_03,2,DTP,5,0,CUST_049,1600104,PLANT_17,PORT02,40,168.47712
1400003263.0,2026-09-28,PORT07,CARRIER_09,2,DTD,0,0,CUST_015,1600011,PLANT_14,PORT05,26,86.56574
1400003264.0,2026-07-26,PORT01,CARRIER_01,2,DTP,3,0,CUST_408,1600042,PLANT_18,PORT06,9,5.95595
1400003265.0,2026-02-16,PORT05,CARRIER_02,2,DTD,4,0,CUST_204,1600085,PLANT_12,PORT01,23,108.51187
1400003266.0,2026-05-08,PORT02,CARRIER_01,2,DTD,3,0,CUST_219,1600024,PLANT_01,PORT05,50,166.92892
1400003267.0,2026-10-26,PORT08,CARRIER_12,1,DTD,3,2,CUST_325,1600123,PLANT_18,PORT01,17,74.16411
1400003268.0,2026-06-07,PORT01,CARRIER_04,2,CRF,0,0,CUST_218,1600051,PLANT_18,PORT08,29,63.25523
1400003269.0,2026-09-09,PORT05,CARRIER_02,2,DTD,0,0,CUST_287,1600062,PLANT_12,PORT04,21,50.94831
1400003270.0,2026-10-01,PORT08,CARRIER_02,2,DTD,3,0,CUST_030,1600140,PLANT_06,PORT03,37,128.58966
1400003271.0,2026-01-12,PORT02,CARRIER_01,1,DTD,3,0,CUST_079,1600184,PLANT_05,PORT01,24,93.70511
1400003272.0,2026-12-06,PORT02,CARRIER_02,1,DTP,2,0,CUST_467,1600008,PLANT_04,PORT06,22,10.65785
1400003273.0,2026-05-03,PORT04,CARRIER_01,2,DTD,3,0,CUST_226,1600070,PLANT_02,PORT03,31,64.97538
1400003274.0,2026-10-17,PORT06,CARRIER_08,2,CRF,3,0,CUST_084,1600187,PLANT_02,PORT01,31,120.04118
1400003275.0,2026-06-20,PORT06,CARRIER_04,1,DTP,0,0,CUST_185,1600070,PLANT_02,PORT03,27,133.97281
1400003276.0,2026-07-30,PORT08,CARRIER_12,2,DTP,3,0,CUST_168,1600059,PLANT_15,PORT03,16,2.51277
1400003277.0,2026-05-12,PORT06,CARRIER_02,2,DTP,3,0,CUST_138,1600164,PLANT_15,PORT01,9,12.57804
1400003278.0,2026-11-08,PORT06,CARRIER_03,1,DTP,3,0,CUST_147,1600190,PLANT_02,PORT04,36,85.59929
1400003279.0,2026-02-12,PORT02,CARRIER_03,2,DTP,3,0,CUST_365,1600002,PLANT_02,PORT05,20,23.84829
1400003280.0,2026-11-24,PORT02,CARRIER_05,2,DTD,3,0,CUST_054,1600106,PLANT_09,PORT06,33,7.65332
1400003281.0,2026-03-17,PORT07,CARRIER_04,2,DTP,3,0,CUST_155,1600049,PLANT_14,PORT08,22,60.36274
1400003282.0,2026-11-19,PORT03,CARRIER_12,2,DTP,4,0,CUST_234,1600031,PLANT_11,PORT05,44,144.41034
1400003283.0,2026-01-09,PORT07,CARRIER_11,1,DTD,3,0,CUST_271,1600142,PLANT_16,PORT02,37,79.13205
1400003284.0,2026-01-06,PORT03,CARRIER_02,2,CRF,3,0,CUST_441,1600042,PLANT_04,PORT05,23,43.98526
1400003285.0,2026-02-03,PORT07,CARRIER_11,2,DTP,0,0,CUST_462,1600106,PLANT_13,PORT05,20,98.58983
1400003286.0,2026-07-19,PORT06,CARRIER_12,2,DTP,4,0,CUST_149,1600017,PLANT_15,PORT07,39,95.1557
1400003287.0,2026-04-08,PORT02,CARRIER_11,2,DTP,2,0,CUST_270,1600157,PLANT_04,PORT05,5,20.0527
1400003288.0,2026-08-07,PORT02,CARRIER_11,2,DTP,0,0,CUST_012,1600111,PLANT_05,PORT04,7,10.55007
1400003289.0,2026-10-27,PORT07,CARRIER_10,1,DTP,0,0,CUST_309,1600079,PLANT_10,PORT06,8,33.34338
1400003290.0,2026-01-10,PORT01,CARRIER_04,2,DTP,4,0,CUST_077,1600114,PLANT_19,PORT07,20,82.72257
1400003291.0,2026-07-12,PORT03,CARRIER_08,1,DTP,3,0,CUST_037,1600071,PLANT_08,PORT01,27,38.11699
1400003292.0,2026-09-27,PORT08,CARRIER_03,2,DTP,4,0,CUST_336,1600159,PLANT_08,PORT02,18,59.64641
1400003293.0,2026-06-04,PORT06,CARRIER_08,2,DTP,3,0,CUST_090,1600158,PLANT_02,PORT01,13,44.74435
1400003294.0,2026-12-04,PORT06,CARRIER_01,2,CRF,5,0,CUST_239,1600129,PLANT_15,PORT02,19,43.10751
1400003295.0,2026-08-30,PORT07,CARRIER_12,1,CRF,3,0,CUST_051,1600160,PLANT_16,PORT08,27,105.0711
1400003296.0,2026-01-13,PORT04,CARRIER_01,2,DTD,3,0,CUST_373,1600077,PLANT_02,PORT02,18,28.86728
1400003297.0,2026-07-17,PORT07,CARRIER_04,1,DTP,0,0,CUST_383,1600063,PLANT_14,PORT04,31,76.66089
1400003298.0,2026-05-21,PORT07,CARRIER_02,1,DTP,3,0,CUST_288,1600160,PLANT_16,PORT01,22,108.93835
1400003299.0,2026-02-18,PORT04,CARRIER_09,2,DTP,3,0,CUST_418,1600044,PLANT_13,PORT06,47,45.84901
1400003300.0,2026-12-13,PORT03,CARRIER_08,1,DTP,0,0,CUST_219,1600153,PLANT_13,PORT01,50,41.20677
1400003301.0,2026-03-23,PORT05,CARRIER_01,1,DTD,0,0,CUST_094,1600048,PLANT_12,PORT06,35,27.88707
1400003302.0,2026-01-31,PORT03,CARRIER_08,2,DTD,2,0,CUST_076,1600106,PLANT_13,PORT04,30,149.72206
1400003303.0,2026-03-23,PORT01,CARRIER_02,2,DTP,0,0,CUST_110,1600038,PLANT_19,PORT08,6,5.30145
1400003304.0,2026-10-28,PORT03,CARRIER_09,2,DTP,3,0,CUST_101,1600049,PLANT_04,PORT06,33,34.06168
1400003305.0,2026-08-07,PORT04,CARRIER_08,3,DTP,3,0,CUST_162,1600029,PLANT_13,PORT08,22,77.09799
1400003306.0,2026-10-27,PORT08,CARRIER_01,2,DTD,5,0,CUST_108,1600017,PLANT_18,PORT02,18,68.7876
1400003307.0,2026-06-18,PORT01,CARRIER_11,1,DTP,3,0,CUST_296,1600016,PLANT_18,PORT04,41,109.98662
1400003308.0,2026-02-12,PORT01,CARRIER_01,2,DTP,3,0,CUST_075,1600170,PLANT_18,PORT02,6,29.49047
1400003309.0,2026-05-22,PORT05,CARRIER_11,2,DTP,3,0,CUST_311,1600187,PLANT_17,PORT07,16,4.65046
1400003310.0,2026-03-14,PORT02,CARRIER_09,2,DTP,3,0,CUST_168,1600121,PLANT_05,PORT03,40,125.68089
1400003311.0,2026-07-23,PORT06,CARRIER_01,0,DTD,2,0,CUST_344,1600135,PLANT_20,PORT01,47,144.36988
1400003312.0,2026-04-09,PORT07,CARRIER_05,1,DTP,3,0,CUST_257,1600102,PLANT_11,PORT08,28,46.87478
1400003313.0,2026-12-21,PORT02,CARRIER_04,1,DTD,0,0,CUST_453,1600110,PLANT_04,PORT04,29,130.71049
1400003314.0,2026-05-18,PORT05,CARRIER_11,2,DTP,3,0,CUST_220,1600195,PLANT_12,PORT08,49,137.6469
1400003315.0,2026-04-25,PORT01,CARRIER_11,2,DTP,2,0,CUST_148,1600052,PLANT_09,PORT06,9,11.76361
1400003316.0,2026-12-26,PORT02,CARRIER_05,2,DTD,3,0,CUST_295,1600028,PLANT_01,PORT07,27,14.38983
1400003317.0,2026-07-09,PORT08,CARRIER_07,1,CRF,5,3,CUST_330,1600099,PLANT_15,PORT01,16,9.99812
1400003318.0,2026-03-04,PORT08,CARRIER_03,2,CRF,3,0,CUST_220,1600142,PLANT_03,PORT02,26,116.91975
1400003319.0,2026-06-25,PORT08,CARRIER_02,1,DTD,1,0,CUST_280,1600027,PLANT_08,PORT06,46,61.0196
1400003320.0,2026-04-03,PORT01,CARRIER_04,0,DTP,3,0,CUST_236,1600127,PLANT_19,PORT05,32,145.41843
1400003321.0,2026-09-19,PORT02,CARRIER_06,2,DTP,3,0,CUST_153,1600084,PLANT_01,PORT01,50,34.42889
1400003322.0,2026-07-29,PORT03,CARRIER_01,1,CRF,5,0,CUST_157,1600125,PLANT_08,PORT01,28,137.79592
1400003323.0,2026-09-24,PORT07,CARRIER_10,2,DTP,4,0,CUST_454,1600024,PLANT_14,PORT08,44,184.07006
1400003324.0,2026-12-10,PORT06,CARRIER_10,2,DTD,2,0,CUST_338,1600137,PLANT_19,PORT03,12,8.03425
1400003325.0,2026-09-24,PORT06,CARRIER_10,1,DTP,5,0,CUST_048,1600087,PLANT_15,PORT07,19,9.91186
1400003326.0,2026-05-05,PORT02,CARRIER_09,1,DTD,0,0,CUST_482,1600116,PLANT_05,PORT04,17,68.62632
1400003327.0,2026-03-15,PORT01,CARRIER_11,1,DTD,1,0,CUST_357,1600132,PLANT_19,PORT07,40,19.30099
1400003328.0,2026-07-13,PORT06,CARRIER_02,2,DTP,0,0,CUST_026,1600022,PLANT_05,PORT03,28,38.77123
1400003329.0,2026-06-13,PORT07,CARRIER_01,1,CRF,2,0,CUST_364,1600166,PLANT_13,PORT01,15,60.39186
1400003330.0,2026-04-25,PORT08,CARRIER_06,2,DTP,3,0,CUST_295,1600019,PLANT_06,PORT06,12,54.5657
1400003331.0,2026-10-24,PORT07,CARRIER_04,2,DTP,0,0,CUST_458,1600115,PLANT_16,PORT03,22,84.95289
1400003332.0,2026-11-28,PORT06,CARRIER_10,2,DTP,0,0,CUST_245,1600190,PLANT_05,PORT04,12,53.5257
1400003333.0,2026-05-20,PORT05,CARRIER_04,1,DTP,0,0,CUST_260,1600107,PLANT_12,PORT01,37,105.20775
1400003334.0,2026-09-06,PORT07,CARRIER_06,2,DTD,5,0,CUST_158,1600063,PLANT_14,PORT06,44,172.48417
1400003335.0,2026-12-26,PORT08,CARRIER_04,2,DTP,3,0,CUST_161,1600174,PLANT_06,PORT03,49,87.53914
1400003336.0,2026-01-05,PORT04,CARRIER_10,0,DTD,3,0,CUST_309,1600056,PLANT_13,PORT03,15,59.21323
1400003337.0,2026-05-14,PORT01,CARRIER_06,1,DTP,4,0,CUST_414,1600018,PLANT_06,PORT02,25,85.76826
1400003338.0,2026-09-27,PORT04,CARRIER_08,2,DTP,3,0,CUST_446,1600095,PLANT_02,PORT02,28,81.66668
1400003339.0,2026-07-01,PORT01,CARRIER_05,2,DTD,0,0,CUST_386,1600134,PLANT_18,PORT02,27,133.98146
1400003340.0,2026-10-17,PORT07,CARRIER_09,2,DTP,5,0,CUST_305,1600151,PLANT_16,PORT04,25,60.04799
1400003341.0,2026-06-23,PORT01,CARRIER_05,2,DTP,3,0,CUST_251,1600051,PLANT_09,PORT06,15,47.01467
1400003342.0,2026-01-24,PORT05,CARRIER_11,2,DTP,3,3,CUST_170,1600004,PLANT_12,PORT04,10,25.98538
1400003343.0,2026-06-08,PORT07,CARRIER_06,1,DTP,5,0,CUST_384,1600138,PLANT_16,PORT01,23,31.65963
1400003344.0,2026-05-28,PORT01,CARRIER_05,2,DTP,0,0,CUST_160,1600171,PLANT_06,PORT05,9,15.46912
1400003345.0,2026-11-05,PORT04,CARRIER_04,2,DTP,2,0,CUST_134,1600095,PLANT_15,PORT02,7,34.27235
1400003346.0,2026-02-23,PORT02,CARRIER_10,2,DTP,5,0,CUST_434,1600088,PLANT_04,PORT04,29,58.6189
1400003347.0,2026-02-26,PORT06,CARRIER_12,2,DTD,3,0,CUST_295,1600015,PLANT_19,PORT05,44,150.87999
1400003348.0,2026-02-21,PORT05,CARRIER_07,2,DTD,3,0,CUST_178,1600127,PLANT_12,PORT03,29,83.48452
1400003349.0,2026-07-27,PORT07,CARRIER_07,2,DTP,6,0,CUST_433,1600100,PLANT_16,PORT04,6,26.76027
1400003350.0,2026-12-30,PORT07,CARRIER_12,0,DTP,5,0,CUST_482,1600178,PLANT_14,PORT03,43,163.9453
1400003351.0,2026-08-14,PORT08,CARRIER_06,1,CRF,5,0,CUST_159,1600191,PLANT_15,PORT05,36,17.82691
1400003352.0,2026-10-25,PORT02,CARRIER_11,2,DTP,0,0,CUST_261,1600171,PLANT_02,PORT04,18,33.14997
1400003353.0,2026-11-07,PORT07,CARRIER_03,2,DTD,4,0,CUST_242,1600091,PLANT_14,PORT03,17,61.0024
1400003354.0,2026-08-08,PORT05,CARRIER_02,2,DTP,3,0,CUST_351,1600150,PLANT_12,PORT08,46,40.96982
1400003355.0,2026-08-11,PORT06,CARRIER_04,2,DTD,3,0,CUST_476,1600147,PLANT_02,PORT07,26,66.73815
1400003356.0,2026-03-30,PORT07,CARRIER_02,2,DTP,0,0,CUST_275,1600020,PLANT_16,PORT01,11,18.22775
1400003357.0,2026-12-17,PORT05,CARRIER_10,2,DTP,3,0,CUST_400,1600072,PLANT_12,PORT08,17,7.09403
1400003358.0,2026-10-15,PORT03,CARRIER_02,2,DTD,0,0,CUST_298,1600124,PLANT_17,PORT07,17,84.76227
1400003359.0,2026-11-15,PORT01,CARRIER_05,1,DTP,5,0,CUST_444,1600119,PLANT_09,PORT08,23,107.03939
1400003360.0,2026-12-26,PORT08,CARRIER_10,2,DTD,3,0,CUST_203,1600134,PLANT_15,PORT02,20,75.25756
1400003361.0,2026-05-08,PORT01,CARRIER_04,2,DTP,3,0,CUST_193,1600123,PLANT_03,PORT05,30,32.5508
1400003362.0,2026-02-22,PORT07,CARRIER_11,2,DTP,0,0,CUST_212,1600182,PLANT_14,PORT01,19,93.93179
1400003363.0,2026-11-10,PORT05,CARRIER_03,2,DTP,3,0,CUST_499,1600160,PLANT_12,PORT08,34,108.48999
1400003364.0,2026-06-22,PORT08,CARRIER_09,2,DTP,3,4,CUST_306,1600019,PLANT_03,PORT02,27,130.51178
1400003365.0,2026-12-16,PORT07,CARRIER_12,2,DTP,4,0,CUST_077,1600194,PLANT_16,PORT03,48,14.81456
1400003366.0,2026-09-11,PORT07,CARRIER_04,2,DTD,3,0,CUST_021,1600075,PLANT_14,PORT02,43,40.85028
1400003367.0,2026-04-04,PORT04,CARRIER_05,2,DTP,0,0,CUST_260,1600072,PLANT_02,PORT01,20,68.37019
1400003368.0,2026-05-10,PORT03,CARRIER_09,2,DTP,3,0,CUST_403,1600078,PLANT_07,PORT07,6,27.27108
1400003369.0,2026-08-11,PORT04,CARRIER_03,2,DTP,1,0,CUST_240,1600106,PLANT_15,PORT08,31,29.80132
1400003370.0,2026-05-24,PORT01,CARRIER_08,2,DTD,3,1,CUST_281,1600156,PLANT_18,PORT06,20,33.07563
1400003371.0,2026-04-13,PORT04,CARRIER_09,2,DTP,3,0,CUST_400,1600151,PLANT_07,PORT05,46,137.17517
1400003372.0,2026-03-18,PORT01,CARRIER_12,2,DTD,0,0,CUST_259,1600077,PLANT_06,PORT07,23,114.9618
1400003373.0,2026-08-26,PORT02,CARRIER_11,2,DTD,0,0,CUST_455,1600142,PLANT_09,PORT08,18,72.33046
1400003374.0,2026-01-13,PORT02,CARRIER_03,2,DTP,3,0,CUST_319,1600008,PLANT_09,PORT03,20,92.50915
1400003375.0,2026-02-04,PORT08,CARRIER_10,2,DTP,3,0,CUST_366,1600158,PLANT_15,PORT05,44,149.9327
1400003376.0,2026-01-16,PORT06,CARRIER_10,2,DTP,0,0,CUST_391,1600097,PLANT_05,PORT03,10,43.99119
1400003377.0,2026-09-25,PORT07,CARRIER_05,2,DTP,3,0,CUST_314,1600091,PLANT_14,PORT04,49,126.64151
1400003378.0,2026-01-11,PORT07,CARRIER_11,4,DTD,3,0,CUST_026,1600007,PLANT_11,PORT06,15,10.62566
1400003379.0,2026-06-03,PORT08,CARRIER_09,2,DTP,0,0,CUST_214,1600059,PLANT_15,PORT07,43,153.80375
1400003380.0,2026-02-14,PORT04,CARRIER_06,2,DTP,0,0,CUST_071,1600158,PLANT_15,PORT02,30,91.41681
1400003381.0,2026-08-03,PORT01,CARRIER_04,1,DTP,2,0,CUST_256,1600037,PLANT_09,PORT06,31,76.82467
1400003382.0,2026-01-13,PORT01,CARRIER_02,2,DTP,4,0,CUST_072,1600111,PLANT_18,PORT03,14,20.26438
1400003383.0,2026-01-10,PORT06,CARRIER_06,2,DTP,0,0,CUST_255,1600018,PLANT_20,PORT03,38,149.8186
1400003384.0,2026-05-31,PORT05,CARRIER_02,2,DTP,5,0,CUST_172,1600060,PLANT_12,PORT03,34,140.08032
1400003385.0,2026-09-11,PORT08,CARRIER_02,0,CRF,3,0,CUST_011,1600150,PLANT_18,PORT04,27,50.88176
1400003386.0,2026-02-10,PORT05,CARRIER_09,2,CRF,4,0,CUST_063,1600151,PLANT_12,PORT07,26,120.79746
1400003387.0,2026-07-01,PORT06,CARRIER_04,2,DTP,6,0,CUST_252,1600106,PLANT_02,PORT02,32,61.1755
1400003388.0,2026-10-23,PORT02,CARRIER_07,1,DTP,1,0,CUST_040,1600114,PLANT_09,PORT06,26,16.30346
1400003389.0,2026-08-17,PORT01,CARRIER_07,2,DTP,3,0,CUST_428,1600193,PLANT_18,PORT07,49,44.88346
1400003390.0,2026-10-01,PORT04,CARRIER_07,2,DTP,2,0,CUST_380,1600189,PLANT_07,PORT07,6,15.13875
1400003391.0,2026-04-26,PORT04,CARRIER_01,2,DTP,0,0,CUST_355,1600036,PLANT_15,PORT05,16,7.86126
1400003392.0,2026-12-10,PORT06,CARRIER_07,2,DTP,4,0,CUST_087,1600058,PLANT_19,PORT07,44,159.28974
1400003393.0,2026-02-23,PORT01,CARRIER_09,2,DTP,0,0,CUST_398,1600085,PLANT_01,PORT04,41,163.83476
1400003394.0,2026-08-09,PORT07,CARRIER_10,1,DTP,5,0,CUST_318,1600196,PLANT_13,PORT05,21,58.64029
1400003395.0,2026-06-08,PORT07,CARRIER_05,2,DTP,4,0,CUST_196,1600002,PLANT_10,PORT08,28,125.36741
1400003396.0,2026-01-12,PORT07,CARRIER_06,3,DTP,3,0,CUST_001,1600126,PLANT_10,PORT04,6,28.65602
1400003397.0,2026-12-11,PORT03,CARRIER_07,2,DTP,3,0,CUST_265,1600100,PLANT_11,PORT01,13,29.81092
1400003398.0,2026-09-14,PORT08,CARRIER_08,0,DTP,4,0,CUST_398,1600152,PLANT_15,PORT07,48,25.76271
1400003399.0,2026-03-25,PORT03,CARRIER_06,2,DTD,0,0,CUST_017,1600007,PLANT_11,PORT06,34,41.9286
1400003400.0,2026-01-20,PORT07,CARRIER_08,1,DTP,3,0,CUST_027,1600089,PLANT_14,PORT04,6,19.93391
1400003401.0,2026-09-04,PORT03,CARRIER_09,2,DTP,0,0,CUST_192,1600144,PLANT_04,PORT01,41,85.62208
1400003402.0,2026-07-18,PORT07,CARRIER_09,1,DTP,0,0,CUST_256,1600192,PLANT_14,PORT05,23,79.50056
1400003403.0,2026-01-19,PORT07,CARRIER_08,1,DTP,2,0,CUST_238,1600116,PLANT_13,PORT02,31,104.37707
1400003404.0,2026-12-26,PORT01,CARRIER_12,1,DTP,2,0,CUST_214,1600024,PLANT_18,PORT05,44,134.91737
1400003405.0,2026-09-20,PORT06,CARRIER_09,2,DTD,0,0,CUST_128,1600125,PLANT_02,PORT03,43,37.55532
1400003406.0,2026-06-18,PORT01,CARRIER_12,2,DTP,3,0,CUST_030,1600147,PLANT_19,PORT08,11,16.51083
1400003407.0,2026-03-29,PORT08,CARRIER_03,2,DTP,3,0,CUST_016,1600179,PLANT_15,PORT06,21,40.98196
1400003408.0,2026-04-09,PORT01,CARRIER_08,2,DTP,5,0,CUST_050,1600137,PLANT_03,PORT06,17,70.37402
1400003409.0,2026-06-14,PORT02,CARRIER_08,2,DTP,4,0,CUST_346,1600149,PLANT_01,PORT08,47,161.81592
1400003410.0,2026-01-21,PORT04,CARRIER_05,2,DTD,4,0,CUST_393,1600150,PLANT_13,PORT07,40,130.40712
1400003411.0,2026-05-15,PORT01,CARRIER_07,1,DTP,5,0,CUST_218,1600179,PLANT_09,PORT06,34,115.37808
1400003412.0,2026-03-21,PORT02,CARRIER_05,2,DTP,4,0,CUST_039,1600056,PLANT_02,PORT05,7,17.95983
1400003413.0,2026-02-11,PORT01,CARRIER_01,2,DTD,0,0,CUST_208,1600068,PLANT_09,PORT07,41,12.06201
1400003414.0,2026-02-15,PORT07,CARRIER_05,2,DTP,0,0,CUST_493,1600143,PLANT_13,PORT01,30,32.56474
1400003415.0,2026-05-07,PORT07,CARRIER_01,2,DTP,3,0,CUST_125,1600127,PLANT_13,PORT01,17,13.38717
1400003416.0,2026-05-20,PORT04,CARRIER_11,2,DTP,2,0,CUST_246,1600085,PLANT_07,PORT03,25,10.33959
1400003417.0,2026-05-08,PORT07,CARRIER_07,0,CRF,5,0,CUST_269,1600192,PLANT_14,PORT01,25,41.63589
1400003418.0,2026-09-09,PORT01,CARRIER_08,2,DTD,3,0,CUST_165,1600180,PLANT_18,PORT06,18,71.2778
1400003419.0,2026-07-10,PORT06,CARRIER_08,2,DTD,5,0,CUST_220,1600161,PLANT_17,PORT08,46,30.55071
1400003420.0,2026-03-12,PORT02,CARRIER_05,2,DTP,3,0,CUST_236,1600092,PLANT_09,PORT05,47,30.36061
1400003421.0,2026-12-21,PORT08,CARRIER_10,1,DTP,5,0,CUST_237,1600170,PLANT_15,PORT06,7,4.96226
1400003422.0,2026-09-24,PORT02,CARRIER_05,1,CRF,0,0,CUST_359,1600043,PLANT_05,PORT01,48,68.26206
1400003423.0,2026-06-21,PORT02,CARRIER_10,2,CRF,3,0,CUST_291,1600148,PLANT_09,PORT07,23,25.08874
1400003424.0,2026-01-18,PORT04,CARRIER_06,2,DTP,5,0,CUST_027,1600152,PLANT_02,PORT02,41,6.90479
1400003425.0,2026-11-30,PORT07,CARRIER_06,1,DTP,3,0,CUST_004,1600062,PLANT_14,PORT03,40,58.19445
1400003426.0,2026-09-29,PORT03,CARRIER_04,2,DTP,3,0,CUST_206,1600087,PLANT_08,PORT07,32,159.41897
1400003427.0,2026-06-18,PORT02,CARRIER_06,2,DTP,3,0,CUST_454,1600108,PLANT_02,PORT03,39,68.20256
1400003428.0,2026-03-01,PORT08,CARRIER_03,2,DTP,4,0,CUST_019,1600141,PLANT_06,PORT05,36,40.86609
1400003429.0,2026-02-09,PORT03,CARRIER_05,2,DTP,3,0,CUST_036,1600047,PLANT_17,PORT07,44,111.27592
1400003430.0,2026-04-16,PORT05,CARRIER_05,2,DTP,4,0,CUST_340,1600096,PLANT_12,PORT02,24,29.37373
1400003431.0,2026-03-26,PORT08,CARRIER_12,2,DTP,3,0,CUST_226,1600096,PLANT_03,PORT02,39,110.8482
1400003432.0,2026-03-18,PORT07,CARRIER_05,2,DTP,3,0,CUST_116,1600081,PLANT_13,PORT02,50,103.16068
1400003433.0,2026-05-29,PORT02,CARRIER_09,2,DTP,3,0,CUST_104,1600082,PLANT_09,PORT03,48,215.73708
1400003434.0,2026-01-18,PORT07,CARRIER_05,2,DTD,3,1,CUST_333,1600038,PLANT_14,PORT05,11,51.11485
1400003435.0,2026-04-29,PORT01,CARRIER_05,2,DTP,3,0,CUST_262,1600147,PLANT_19,PORT05,27,97.038
1400003436.0,2026-11-14,PORT03,CARRIER_05,1,CRF,0,0,CUST_320,1600044,PLANT_13,PORT04,28,32.39325
1400003437.0,2026-11-13,PORT02,CARRIER_09,2,DTP,4,0,CUST_141,1600111,PLANT_05,PORT07,33,79.9294
1400003438.0,2026-01-04,PORT08,CARRIER_03,2,DTP,3,0,CUST_264,1600063,PLANT_03,PORT03,34,54.2835
1400003439.0,2026-09-05,PORT04,CARRIER_07,1,DTP,0,0,CUST_431,1600091,PLANT_13,PORT01,43,172.49706
1400003440.0,2026-12-28,PORT05,CARRIER_07,1,CRF,3,0,CUST_159,1600199,PLANT_12,PORT06,29,7.04564
1400003441.0,2026-07-31,PORT08,CARRIER_07,2,DTP,3,0,CUST_199,1600164,PLANT_18,PORT01,37,123.80974
1400003442.0,2026-05-23,PORT05,CARRIER_02,2,DTP,3,0,CUST_082,1600095,PLANT_12,PORT03,46,77.45533
1400003443.0,2026-06-29,PORT07,CARRIER_11,2,DTP,6,0,CUST_320,1600167,PLANT_14,PORT01,9,22.1123
1400003444.0,2026-03-19,PORT01,CARRIER_04,0,DTD,3,0,CUST_017,1600132,PLANT_19,PORT07,34,57.21096
1400003445.0,2026-05-26,PORT03,CARRIER_08,2,DTP,6,0,CUST_125,1600060,PLANT_06,PORT07,21,39.63689
1400003446.0,2026-12-08,PORT01,CARRIER_04,2,DTP,3,0,CUST_357,1600192,PLANT_09,PORT02,46,156.60134
1400003447.0,2026-08-12,PORT04,CARRIER_11,2,DTD,3,0,CUST_010,1600143,PLANT_07,PORT02,30,90.53767
1400003448.0,2026-06-07,PORT01,CARRIER_12,2,DTP,3,0,CUST_495,1600166,PLANT_18,PORT07,32,41.47319
1400003449.0,2026-02-15,PORT06,CARRIER_07,2,DTP,0,0,CUST_203,1600093,PLANT_20,PORT04,39,12.23915
1400003450.0,2026-11-27,PORT02,CARRIER_11,0,DTP,6,0,CUST_200,1600087,PLANT_05,PORT06,16,68.71211
1400003451.0,2026-03-01,PORT07,CARRIER_10,2,DTP,3,1,CUST_269,1600053,PLANT_14,PORT02,30,75.36908
1400003452.0,2026-09-21,PORT01,CARRIER_12,1,DTP,0,5,CUST_320,1600114,PLANT_09,PORT08,40,125.27112
1400003453.0,2026-04-21,PORT07,CARRIER_07,1,DTP,3,0,CUST_230,1600020,PLANT_11,PORT01,40,99.74586
1400003454.0,2026-04-12,PORT06,CARRIER_08,1,DTD,0,0,CUST_443,1600174,PLANT_02,PORT08,15,46.99211
1400003455.0,2026-03-04,PORT04,CARRIER_07,2,DTD,0,0,CUST_482,1600156,PLANT_02,PORT08,43,136.4031
1400003456.0,2026-05-17,PORT04,CARRIER_09,2,DTD,0,0,CUST_101,1600137,PLANT_15,PORT07,12,2.08438
1400003457.0,2026-09-05,PORT03,CARRIER_06,2,DTP,5,0,CUST_354,1600083,PLANT_04,PORT04,17,46.12048
1400003458.0,2026-06-02,PORT04,CARRIER_05,2,DTP,0,0,CUST_151,1600065,PLANT_13,PORT02,44,112.65448
1400003459.0,2026-01-10,PORT02,CARRIER_08,2,DTP,3,2,CUST_498,1600139,PLANT_01,PORT01,33,18.79369
1400003460.0,2026-04-07,PORT01,CARRIER_11,2,CRF,3,0,CUST_127,1600153,PLANT_19,PORT05,29,108.88981
1400003461.0,2026-02-28,PORT05,CARRIER_01,2,DTP,5,0,CUST_148,1600058,PLANT_12,PORT02,30,37.67133
1400003462.0,2026-05-27,PORT04,CARRIER_12,0,DTD,5,0,CUST_358,1600039,PLANT_15,PORT02,49,17.99154
1400003463.0,2026-11-26,PORT03,CARRIER_09,1,DTP,5,0,CUST_395,1600131,PLANT_06,PORT06,15,60.53218
1400003464.0,2026-12-18,PORT06,CARRIER_01,1,DTP,3,0,CUST_065,1600040,PLANT_20,PORT07,18,78.10462
1400003465.0,2026-12-31,PORT02,CARRIER_07,2,DTP,3,0,CUST_278,1600007,PLANT_01,PORT04,27,34.54392
1400003466.0,2026-02-11,PORT06,CARRIER_12,2,DTD,4,0,CUST_173,1600125,PLANT_17,PORT07,43,149.16584
1400003467.0,2026-06-27,PORT02,CARRIER_09,2,DTP,0,0,CUST_306,1600143,PLANT_04,PORT01,30,3.72775
1400003468.0,2026-01-17,PORT06,CARRIER_07,2,DTP,0,3,CUST_279,1600007,PLANT_19,PORT01,38,138.07812
1400003469.0,2026-06-30,PORT03,CARRIER_01,2,DTP,5,0,CUST_493,1600165,PLANT_08,PORT05,42,99.86005
1400003470.0,2026-07-30,PORT08,CARRIER_06,1,DTD,0,0,CUST_467,1600164,PLANT_06,PORT02,46,183.22569
1400003471.0,2026-10-10,PORT06,CARRIER_04,4,DTP,3,0,CUST_327,1600020,PLANT_15,PORT05,26,52.67253
1400003472.0,2026-05-03,PORT08,CARRIER_10,2,DTP,0,0,CUST_340,1600152,PLANT_15,PORT03,26,47.32705
1400003473.0,2026-01-14,PORT07,CARRIER_07,2,DTP,0,0,CUST_450,1600028,PLANT_16,PORT02,8,33.75877
1400003474.0,2026-06-15,PORT02,CARRIER_04,2,DTD,6,2,CUST_092,1600179,PLANT_04,PORT03,8,2.31495
1400003475.0,2026-06-05,PORT06,CARRIER_06,2,DTD,0,0,CUST_363,1600050,PLANT_19,PORT04,27,27.46193
1400003476.0,2026-08-16,PORT02,CARRIER_09,2,DTP,3,0,CUST_387,1600041,PLANT_04,PORT04,39,82.65783
1400003477.0,2026-02-06,PORT08,CARRIER_02,2,DTP,1,0,CUST_064,1600162,PLANT_15,PORT04,43,129.94845
1400003478.0,2026-08-12,PORT04,CARRIER_06,1,DTP,3,0,CUST_441,1600059,PLANT_15,PORT08,23,2.87618
1400003479.0,2026-05-27,PORT07,CARRIER_01,3,DTP,4,0,CUST_350,1600094,PLANT_14,PORT02,31,90.46493
1400003480.0,2026-09-27,PORT05,CARRIER_03,2,DTP,3,0,CUST_174,1600033,PLANT_12,PORT03,42,82.09376
1400003481.0,2026-12-26,PORT06,CARRIER_05,2,DTP,3,0,CUST_243,1600062,PLANT_20,PORT08,19,60.55319
1400003482.0,2026-03-25,PORT02,CARRIER_08,1,DTP,3,0,CUST_245,1600073,PLANT_01,PORT08,12,54.53006
1400003483.0,2026-10-03,PORT05,CARRIER_05,2,DTP,0,0,CUST_460,1600138,PLANT_12,PORT02,47,106.23282
1400003484.0,2026-02-16,PORT01,CARRIER_12,2,DTP,3,0,CUST_485,1600097,PLANT_05,PORT03,30,84.52306
1400003485.0,2026-12-26,PORT07,CARRIER_05,2,DTP,5,0,CUST_404,1600034,PLANT_16,PORT03,12,28.41205
1400003486.0,2026-06-25,PORT02,CARRIER_08,2,DTD,4,0,CUST_327,1600107,PLANT_09,PORT04,16,10.89213
1400003487.0,2026-09-30,PORT03,CARRIER_12,2,DTP,0,0,CUST_053,1600140,PLANT_04,PORT02,20,79.72507
1400003488.0,2026-10-11,PORT05,CARRIER_08,2,DTD,4,0,CUST_458,1600132,PLANT_17,PORT07,14,62.12443
1400003489.0,2026-08-10,PORT06,CARRIER_03,2,DTP,4,0,CUST_067,1600010,PLANT_02,PORT02,25,101.90466
1400003490.0,2026-05-21,PORT07,CARRIER_01,2,DTP,4,0,CUST_084,1600086,PLANT_14,PORT08,42,199.21538
1400003491.0,2026-10-03,PORT08,CARRIER_09,2,DTP,4,0,CUST_035,1600129,PLANT_15,PORT02,38,90.94691
1400003492.0,2026-06-23,PORT04,CARRIER_03,2,DTP,6,0,CUST_474,1600093,PLANT_07,PORT01,47,154.9297
1400003493.0,2026-08-29,PORT02,CARRIER_03,2,DTP,0,0,CUST_247,1600001,PLANT_09,PORT08,43,39.76958
1400003494.0,2026-08-12,PORT05,CARRIER_11,2,DTP,3,0,CUST_118,1600129,PLANT_17,PORT04,19,92.84084
1400003495.0,2026-06-19,PORT06,CARRIER_01,2,DTP,6,0,CUST_041,1600007,PLANT_15,PORT05,7,20.613
1400003496.0,2026-02-12,PORT04,CARRIER_04,1,DTD,3,0,CUST_206,1600066,PLANT_15,PORT08,11,15.20364
1400003497.0,2026-04-17,PORT04,CARRIER_08,2,DTD,3,0,CUST_362,1600053,PLANT_15,PORT02,41,165.89969
1400003498.0,2026-12-09,PORT02,CARRIER_11,2,DTP,3,0,CUST_498,1600083,PLANT_04,PORT07,20,59.47613
1400003499.0,2026-07-09,PORT04,CARRIER_11,2,DTP,0,0,CUST_277,1600025,PLANT_02,PORT07,38,180.62948
1400003500.0,2026-08-21,PORT03,CARRIER_08,1,DTP,6,0,CUST_304,1600095,PLANT_13,PORT04,26,100.69512
1400003501.0,2026-04-05,PORT02,CARRIER_04,2,DTP,3,0,CUST_418,1600074,PLANT_04,PORT07,46,202.33549
1400003502.0,2026-09-15,PORT06,CARRIER_03,0,DTD,3,0,CUST_451,1600058,PLANT_15,PORT01,28,77.80038
1400003503.0,2026-06-27,PORT04,CARRIER_07,2,DTD,0,0,CUST_140,1600045,PLANT_15,PORT02,46,121.20132
1400003504.0,2026-03-21,PORT07,CARRIER_08,2,DTP,6,0,CUST_496,1600110,PLANT_13,PORT06,16,60.9744
1400003505.0,2026-02-23,PORT07,CARRIER_08,2,DTP,1,0,CUST_260,1600099,PLANT_10,PORT04,40,24.58274
1400003506.0,2026-05-25,PORT06,CARRIER_12,2,DTP,5,0,CUST_466,1600190,PLANT_20,PORT08,29,10.57789
1400003507.0,2026-07-26,PORT07,CARRIER_09,2,DTP,1,0,CUST_059,1600020,PLANT_16,PORT01,13,63.96183
1400003508.0,2026-04-13,PORT01,CARRIER_02,2,DTP,5,0,CUST_049,1600176,PLANT_03,PORT06,15,68.84772
1400003509.0,2026-03-31,PORT03,CARRIER_08,2,CRF,3,0,CUST_443,1600097,PLANT_11,PORT01,19,90.87203
1400003510.0,2026-04-09,PORT03,CARRIER_10,2,DTP,5,0,CUST_337,1600161,PLANT_11,PORT05,12,4.86701
1400003511.0,2026-04-18,PORT03,CARRIER_11,1,DTP,3,0,CUST_088,1600017,PLANT_13,PORT05,48,68.13969
1400003512.0,2026-09-27,PORT07,CARRIER_05,2,DTP,0,0,CUST_448,1600188,PLANT_13,PORT05,14,63.24581
1400003513.0,2026-07-02,PORT04,CARRIER_03,2,DTP,1,0,CUST_052,1600161,PLANT_15,PORT02,32,17.2304
1400003514.0,2026-06-21,PORT06,CARRIER_05,2,DTP,4,0,CUST_342,1600131,PLANT_17,PORT08,31,71.6729
1400003515.0,2026-03-01,PORT02,CARRIER_09,2,DTP,3,0,CUST_103,1600104,PLANT_01,PORT01,29,51.3975
1400003516.0,2026-07-18,PORT05,CARRIER_03,2,DTP,3,0,CUST_036,1600195,PLANT_12,PORT07,33,145.57182
1400003517.0,2026-12-18,PORT06,CARRIER_12,1,DTD,0,4,CUST_404,1600085,PLANT_05,PORT01,47,124.01293
1400003518.0,2026-09-30,PORT02,CARRIER_10,1,DTD,4,0,CUST_424,1600116,PLANT_04,PORT03,49,74.61884
1400003519.0,2026-06-13,PORT01,CARRIER_05,2,DTP,3,0,CUST_053,1600073,PLANT_18,PORT06,45,120.10841
1400003520.0,2026-04-23,PORT02,CARRIER_06,2,DTP,3,0,CUST_047,1600077,PLANT_02,PORT03,26,16.92565
1400003521.0,2026-05-09,PORT06,CARRIER_10,2,DTD,3,0,CUST_308,1600047,PLANT_02,PORT01,38,139.94995
1400003522.0,2026-01-10,PORT02,CARRIER_08,2,DTP,3,0,CUST_015,1600051,PLANT_01,PORT07,13,40.6881
1400003523.0,2026-01-11,PORT07,CARRIER_08,1,DTP,3,0,CUST_374,1600181,PLANT_13,PORT06,45,136.95629
1400003524.0,2026-10-11,PORT06,CARRIER_03,1,DTP,0,0,CUST_458,1600139,PLANT_05,PORT04,13,29.19069
1400003525.0,2026-11-04,PORT07,CARRIER_04,2,DTP,5,0,CUST_376,1600085,PLANT_16,PORT08,10,15.41796
1400003526.0,2026-12-20,PORT05,CARRIER_03,2,DTP,3,0,CUST_116,1600127,PLANT_12,PORT04,43,18.0757
1400003527.0,2026-08-17,PORT01,CARRIER_05,2,DTD,3,0,CUST_096,1600079,PLANT_09,PORT05,39,184.87791
1400003528.0,2026-12-06,PORT03,CARRIER_08,2,DTD,3,0,CUST_341,1600086,PLANT_11,PORT05,11,23.55226
1400003529.0,2026-06-01,PORT03,CARRIER_11,2,CRF,3,0,CUST_031,1600098,PLANT_07,PORT05,49,123.9708
1400003530.0,2026-04-03,PORT07,CARRIER_12,2,CRF,3,0,CUST_269,1600163,PLANT_14,PORT01,10,19.41257
1400003531.0,2026-03-31,PORT01,CARRIER_06,2,DTP,3,0,CUST_225,1600101,PLANT_01,PORT02,7,34.58419
1400003532.0,2026-03-28,PORT02,CARRIER_06,2,DTP,4,0,CUST_373,1600158,PLANT_02,PORT08,48,192.05966
1400003533.0,2026-09-29,PORT03,CARRIER_04,1,DTD,0,4,CUST_102,1600034,PLANT_13,PORT08,15,8.53838
1400003534.0,2026-01-04,PORT01,CARRIER_11,1,CRF,5,0,CUST_382,1600113,PLANT_03,PORT03,15,46.20087
1400003535.0,2026-12-12,PORT02,CARRIER_12,2,DTD,6,5,CUST_350,1600013,PLANT_02,PORT05,41,101.46309
1400003536.0,2026-10-10,PORT03,CARRIER_05,2,DTP,6,0,CUST_120,1600078,PLANT_17,PORT04,32,127.5976
1400003537.0,2026-05-19,PORT05,CARRIER_04,0,DTP,0,0,CUST_179,1600124,PLANT_17,PORT06,28,139.63176
1400003538.0,2026-09-14,PORT07,CARRIER_12,2,CRF,3,0,CUST_034,1600089,PLANT_14,PORT02,50,187.35515
1400003539.0,2026-02-19,PORT01,CARRIER_01,2,DTP,5,0,CUST_225,1600008,PLANT_01,PORT06,8,34.70521
1400003540.0,2026-06-07,PORT07,CARRIER_06,1,CRF,4,0,CUST_131,1600156,PLANT_16,PORT01,47,120.45696
1400003541.0,2026-02-09,PORT07,CARRIER_03,2,DTP,0,0,CUST_057,1600183,PLANT_14,PORT08,17,32.82071
1400003542.0,2026-02-10,PORT06,CARRIER_08,1,CRF,5,0,CUST_280,1600042,PLANT_05,PORT02,33,107.31832
1400003543.0,2026-01-03,PORT07,CARRIER_12,2,DTP,4,0,CUST_284,1600132,PLANT_14,PORT06,19,71.67085
1400003544.0,2026-10-18,PORT04,CARRIER_01,2,CRF,4,4,CUST_043,1600076,PLANT_02,PORT01,18,21.86849
1400003545.0,2026-09-29,PORT06,CARRIER_04,2,DTP,3,0,CUST_093,1600082,PLANT_20,PORT05,19,48.76537
1400003546.0,2026-11-22,PORT08,CARRIER_01,2,DTD,3,0,CUST_042,1600157,PLANT_06,PORT03,30,19.72728
1400003547.0,2026-12-25,PORT02,CARRIER_11,2,DTP,3,0,CUST_340,1600042,PLANT_01,PORT08,45,52.2058
1400003548.0,2026-12-19,PORT02,CARRIER_02,1,DTP,3,0,CUST_170,1600110,PLANT_01,PORT08,10,44.21109
1400003549.0,2026-12-29,PORT03,CARRIER_11,2,DTP,4,0,CUST_036,1600125,PLANT_08,PORT06,35,28.32154
1400003550.0,2026-01-06,PORT02,CARRIER_05,2,DTD,1,0,CUST_096,1600000,PLANT_09,PORT05,44,179.32668
1400003551.0,2026-10-14,PORT06,CARRIER_01,1,DTP,0,0,CUST_488,1600109,PLANT_19,PORT03,38,73.17733
1400003552.0,2026-09-21,PORT07,CARRIER_06,2,DTD,5,0,CUST_128,1600060,PLANT_13,PORT08,50,167.56274
1400003553.0,2026-03-01,PORT07,CARRIER_09,1,DTP,2,0,CUST_343,1600021,PLANT_07,PORT04,5,22.803
1400003554.0,2026-02-19,PORT01,CARRIER_03,2,DTP,0,0,CUST_235,1600172,PLANT_09,PORT06,21,82.45447
1400003555.0,2026-12-23,PORT05,CARRIER_07,2,DTP,4,0,CUST_091,1600092,PLANT_12,PORT04,24,99.53068
1400003556.0,2026-11-19,PORT06,CARRIER_05,2,CRF,4,0,CUST_154,1600161,PLANT_02,PORT04,29,40.00928
1400003557.0,2026-04-30,PORT04,CARRIER_08,2,DTP,4,0,CUST_008,1600084,PLANT_02,PORT07,19,35.57191
1400003558.0,2026-01-28,PORT01,CARRIER_03,2,CRF,2,0,CUST_374,1600019,PLANT_01,PORT04,16,59.05089
1400003559.0,2026-05-02,PORT01,CARRIER_06,2,DTP,3,0,CUST_168,1600188,PLANT_06,PORT02,44,171.97178
1400003560.0,2026-01-02,PORT07,CARRIER_11,2,DTP,0,0,CUST_250,1600033,PLANT_16,PORT05,15,59.56884
1400003561.0,2026-09-08,PORT02,CARRIER_02,2,DTD,0,0,CUST_077,1600125,PLANT_01,PORT04,48,178.8734
1400003562.0,2026-05-19,PORT03,CARRIER_04,2,DTP,1,0,CUST_413,1600097,PLANT_08,PORT08,6,7.4097
1400003563.0,2026-01-18,PORT03,CARRIER_02,2,DTP,3,0,CUST_110,1600185,PLANT_11,PORT01,24,36.39659
1400003564.0,2026-12-24,PORT04,CARRIER_05,2,DTP,3,0,CUST_284,1600012,PLANT_02,PORT01,33,155.62803
1400003565.0,2026-10-29,PORT06,CARRIER_01,2,DTD,0,0,CUST_437,1600161,PLANT_15,PORT05,49,137.88188
1400003566.0,2026-11-27,PORT03,CARRIER_01,2,DTP,5,0,CUST_357,1600136,PLANT_04,PORT01,40,151.87228
1400003567.0,2026-12-31,PORT01,CARRIER_04,2,DTP,6,0,CUST_302,1600115,PLANT_19,PORT05,5,15.18029
1400003568.0,2026-01-06,PORT04,CARRIER_09,2,CRF,0,0,CUST_445,1600156,PLANT_02,PORT07,39,180.57231
1400003569.0,2026-10-10,PORT07,CARRIER_08,1,DTP,4,0,CUST_089,1600134,PLANT_11,PORT03,19,82.78359
1400003570.0,2026-10-15,PORT02,CARRIER_07,1,DTP,3,0,CUST_482,1600195,PLANT_04,PORT05,44,60.75241
1400003571.0,2026-10-13,PORT07,CARRIER_04,2,DTD,3,0,CUST_279,1600011,PLANT_14,PORT01,40,177.40306
1400003572.0,2026-04-07,PORT02,CARRIER_12,0,DTP,3,0,CUST_205,1600118,PLANT_02,PORT04,13,20.41251
1400003573.0,2026-05-23,PORT03,CARRIER_05,1,DTP,3,0,CUST_128,1600112,PLANT_13,PORT07,21,47.47689
1400003574.0,2026-12-06,PORT03,CARRIER_08,2,DTP,0,0,CUST_373,1600065,PLANT_13,PORT07,42,179.38387
1400003575.0,2026-01-25,PORT01,CARRIER_08,2,CRF,3,3,CUST_489,1600126,PLANT_06,PORT02,47,79.32159
1400003576.0,2026-08-22,PORT07,CARRIER_11,1,CRF,1,0,CUST_346,1600123,PLANT_14,PORT05,32,48.79304
1400003577.0,2026-10-17,PORT06,CARRIER_08,2,CRF,0,0,CUST_017,1600036,PLANT_05,PORT02,15,50.64628
1400003578.0,2026-10-19,PORT07,CARRIER_06,2,DTP,3,0,CUST_235,1600127,PLANT_14,PORT05,22,109.96511
1400003579.0,2026-08-06,PORT07,CARRIER_11,2,DTP,1,0,CUST_367,1600196,PLANT_16,PORT02,41,30.42935
1400003580.0,2026-10-07,PORT07,CARRIER_08,2,CRF,3,0,CUST_199,1600091,PLANT_14,PORT03,32,113.12631
1400003581.0,2026-11-28,PORT04,CARRIER_05,1,DTD,3,0,CUST_387,1600085,PLANT_15,PORT08,14,37.54914
1400003582.0,2026-10-07,PORT04,CARRIER_01,4,DTP,0,0,CUST_354,1600142,PLANT_15,PORT03,18,38.01646
1400003583.0,2026-02-12,PORT07,CARRIER_09,2,DTP,5,0,CUST_034,1600032,PLANT_13,PORT06,14,52.84031
1400003584.0,2026-03-31,PORT01,CARRIER_10,2,DTP,2,0,CUST_279,1600165,PLANT_09,PORT05,26,73.28615
1400003585.0,2026-04-22,PORT01,CARRIER_05,0,DTD,3,0,CUST_086,1600129,PLANT_06,PORT05,25,100.23187
1400003586.0,2026-05-06,PORT05,CARRIER_08,2,DTP,1,0,CUST_244,1600105,PLANT_12,PORT01,29,108.60165
1400003587.0,2026-05-12,PORT07,CARRIER_09,2,DTP,0,0,CUST_193,1600197,PLANT_16,PORT01,48,236.49999
1400003588.0,2026-03-22,PORT07,CARRIER_10,2,DTD,5,0,CUST_404,1600112,PLANT_16,PORT04,34,138.49025
1400003589.0,2026-09-07,PORT01,CARRIER_12,2,DTP,5,0,CUST_435,1600192,PLANT_03,PORT03,31,13.24689
1400003590.0,2026-02-10,PORT07,CARRIER_08,2,DTP,3,1,CUST_231,1600075,PLANT_16,PORT03,21,82.31871
1400003591.0,2026-10-15,PORT01,CARRIER_05,2,DTP,2,0,CUST_269,1600016,PLANT_09,PORT03,34,111.64056
1400003592.0,2026-08-29,PORT08,CARRIER_06,1,DTD,3,0,CUST_314,1600133,PLANT_06,PORT01,48,25.91869
1400003593.0,2026-12-17,PORT03,CARRIER_06,0,DTP,0,0,CUST_328,1600116,PLANT_11,PORT08,5,15.33449
1400003594.0,2026-01-03,PORT02,CARRIER_03,1,CRF,5,0,CUST_318,1600058,PLANT_09,PORT01,21,79.35769
1400003595.0,2026-04-18,PORT03,CARRIER_03,1,DTD,0,0,CUST_392,1600051,PLANT_07,PORT05,7,7.46377
1400003596.0,2026-11-24,PORT04,CARRIER_03,1,DTP,0,0,CUST_491,1600122,PLANT_02,PORT08,14,31.23494
1400003597.0,2026-06-30,PORT06,CARRIER_07,2,DTP,0,0,CUST_415,1600054,PLANT_19,PORT03,8,22.06546
1400003598.0,2026-07-24,PORT08,CARRIER_06,2,DTP,2,0,CUST_068,1600156,PLANT_18,PORT04,32,67.98235
1400003599.0,2026-01-11,PORT04,CARRIER_07,0,DTP,5,4,CUST_239,1600017,PLANT_15,PORT02,42,184.48179
1400003600.0,2026-10-06,PORT05,CARRIER_01,2,DTP,3,0,CUST_231,1600137,PLANT_12,PORT01,48,44.52603
1400003601.0,2026-04-03,PORT03,CARRIER_10,2,DTD,0,0,CUST_255,1600024,PLANT_13,PORT08,15,58.20933
1400003602.0,2026-12-18,PORT06,CARRIER_11,1,DTP,0,0,CUST_265,1600055,PLANT_17,PORT03,37,144.76793
1400003603.0,2026-05-17,PORT01,CARRIER_10,0,DTP,1,0,CUST_360,1600009,PLANT_19,PORT03,20,45.90694
1400003604.0,2026-03-10,PORT07,CARRIER_09,2,DTP,3,4,CUST_211,1600165,PLANT_14,PORT03,19,52.1254
1400003605.0,2026-08-05,PORT07,CARRIER_05,2,DTP,3,0,CUST_132,1600006,PLANT_16,PORT05,33,28.13105
1400003606.0,2026-06-24,PORT04,CARRIER_02,2,DTP,0,0,CUST_229,1600192,PLANT_07,PORT07,36,38.0258
1400003607.0,2026-06-21,PORT01,CARRIER_03,0,DTP,4,0,CUST_428,1600136,PLANT_06,PORT02,31,83.85988
1400003608.0,2026-12-13,PORT06,CARRIER_04,2,DTD,3,0,CUST_156,1600018,PLANT_15,PORT02,9,10.80842
1400003609.0,2026-05-14,PORT06,CARRIER_04,2,DTP,6,0,CUST_011,1600030,PLANT_20,PORT01,23,93.18865
1400003610.0,2026-05-26,PORT07,CARRIER_04,1,DTP,3,0,CUST_489,1600146,PLANT_16,PORT08,18,56.15043
1400003611.0,2026-08-16,PORT01,CARRIER_07,2,DTP,2,0,CUST_098,1600176,PLANT_19,PORT02,5,1.88618
1400003612.0,2026-03-04,PORT02,CARRIER_06,2,CRF,0,0,CUST_302,1600018,PLANT_05,PORT05,6,11.12157
1400003613.0,2026-10-30,PORT07,CARRIER_12,1,DTD,5,0,CUST_401,1600078,PLANT_14,PORT08,25,107.65718
1400003614.0,2026-03-25,PORT07,CARRIER_02,2,DTP,0,0,CUST_138,1600183,PLANT_16,PORT08,9,13.13528
1400003615.0,2026-03-30,PORT07,CARRIER_09,1,DTP,2,0,CUST_171,1600101,PLANT_10,PORT02,38,137.81147
1400003616.0,2026-01-04,PORT05,CARRIER_03,2,DTD,3,0,CUST_141,1600128,PLANT_12,PORT08,7,3.91734
1400003617.0,2026-05-06,PORT07,CARRIER_04,2,DTP,3,0,CUST_075,1600008,PLANT_14,PORT01,15,69.89422
1400003618.0,2026-08-01,PORT01,CARRIER_06,1,DTD,3,0,CUST_077,1600032,PLANT_09,PORT05,50,115.08969
1400003619.0,2026-09-15,PORT05,CARRIER_12,2,DTP,3,0,CUST_094,1600138,PLANT_12,PORT01,37,92.82085
1400003620.0,2026-11-24,PORT07,CARRIER_12,0,DTD,0,0,CUST_230,1600142,PLANT_16,PORT03,30,86.76503
1400003621.0,2026-10-11,PORT02,CARRIER_11,1,DTD,3,0,CUST_266,1600139,PLANT_01,PORT07,5,9.40409
1400003622.0,2026-04-28,PORT06,CARRIER_01,2,DTP,5,0,CUST_008,1600080,PLANT_15,PORT03,7,25.57729
1400003623.0,2026-10-29,PORT08,CARRIER_06,2,DTD,0,0,CUST_424,1600108,PLANT_15,PORT06,46,7.88714
1400003624.0,2026-03-13,PORT01,CARRIER_10,2,DTP,0,4,CUST_338,1600061,PLANT_19,PORT08,41,36.68684
1400003625.0,2026-03-18,PORT07,CARRIER_09,1,DTP,6,0,CUST_036,1600017,PLANT_16,PORT06,48,49.21068
1400003626.0,2026-05-11,PORT06,CARRIER_05,2,DTP,2,0,CUST_422,1600071,PLANT_17,PORT03,42,134.95301
1400003627.0,2026-07-16,PORT06,CARRIER_02,3,DTP,3,0,CUST_016,1600175,PLANT_05,PORT01,5,22.31972
1400003628.0,2026-03-16,PORT01,CARRIER_06,2,DTD,2,0,CUST_281,1600166,PLANT_19,PORT03,42,17.29706
1400003629.0,2026-11-25,PORT07,CARRIER_12,1,DTP,3,0,CUST_233,1600106,PLANT_16,PORT06,26,111.20323
1400003630.0,2026-04-09,PORT03,CARRIER_04,2,DTP,3,0,CUST_252,1600172,PLANT_13,PORT04,36,148.1622
1400003631.0,2026-05-24,PORT01,CARRIER_02,2,DTP,4,0,CUST_479,1600139,PLANT_05,PORT02,24,11.41118
1400003632.0,2026-08-09,PORT06,CARRIER_10,2,DTP,3,0,CUST_464,1600132,PLANT_19,PORT05,38,30.46913
1400003633.0,2026-06-06,PORT05,CARRIER_11,2,DTP,1,0,CUST_140,1600017,PLANT_12,PORT04,43,78.05455
1400003634.0,2026-05-28,PORT07,CARRIER_10,2,DTD,3,0,CUST_290,1600032,PLANT_11,PORT01,49,32.43217
1400003635.0,2026-12-26,PORT04,CARRIER_06,2,DTP,3,0,CUST_480,1600108,PLANT_02,PORT06,29,110.65246
1400003636.0,2026-06-09,PORT06,CARRIER_06,2,CRF,3,0,CUST_365,1600124,PLANT_02,PORT03,17,43.68897
1400003637.0,2026-02-11,PORT07,CARRIER_09,2,DTD,3,0,CUST_444,1600014,PLANT_11,PORT03,33,69.72064
1400003638.0,2026-09-24,PORT06,CARRIER_01,2,DTP,5,0,CUST_218,1600094,PLANT_19,PORT05,27,98.61057
1400003639.0,2026-09-15,PORT02,CARRIER_04,2,DTP,0,0,CUST_142,1600169,PLANT_01,PORT07,14,21.49262
1400003640.0,2026-03-21,PORT06,CARRIER_02,1,DTP,0,0,CUST_256,1600120,PLANT_02,PORT05,38,166.07915
1400003641.0,2026-11-07,PORT02,CARRIER_07,2,DTP,4,0,CUST_409,1600015,PLANT_09,PORT01,8,26.4355
1400003642.0,2026-05-24,PORT02,CARRIER_12,2,DTP,3,0,CUST_465,1600136,PLANT_01,PORT03,23,41.35115
1400003643.0,2026-02-25,PORT03,CARRIER_08,2,DTP,0,0,CUST_343,1600165,PLANT_11,PORT08,36,98.83354
1400003644.0,2026-03-04,PORT08,CARRIER_01,2,DTP,5,0,CUST_354,1600183,PLANT_18,PORT05,47,64.45098
1400003645.0,2026-09-18,PORT07,CARRIER_05,2,DTP,3,0,CUST_256,1600178,PLANT_14,PORT05,33,162.57139
1400003646.0,2026-03-20,PORT08,CARRIER_08,2,DTP,3,0,CUST_160,1600071,PLANT_18,PORT07,50,111.72306
1400003647.0,2026-06-21,PORT02,CARRIER_06,2,DTP,4,0,CUST_212,1600070,PLANT_02,PORT03,43,193.25031
1400003648.0,2026-09-25,PORT07,CARRIER_06,2,DTP,3,0,CUST_249,1600108,PLANT_11,PORT01,15,73.3845
1400003649.0,2026-11-08,PORT07,CARRIER_12,2,DTP,3,0,CUST_408,1600195,PLANT_10,PORT04,43,117.19147
1400003650.0,2026-06-28,PORT03,CARRIER_03,2,DTP,1,0,CUST_278,1600070,PLANT_07,PORT08,20,73.53957
1400003651.0,2026-11-28,PORT08,CARRIER_06,2,DTD,3,0,CUST_397,1600083,PLANT_03,PORT05,34,98.73631
1400003652.0,2026-04-21,PORT04,CARRIER_05,2,DTD,3,0,CUST_014,1600123,PLANT_15,PORT01,14,7.68154
1400003653.0,2026-11-15,PORT03,CARRIER_02,1,DTD,3,0,CUST_379,1600007,PLANT_11,PORT04,29,138.23861
1400003654.0,2026-04-02,PORT06,CARRIER_12,2,DTP,3,0,CUST_254,1600159,PLANT_19,PORT08,36,84.15067
1400003655.0,2026-01-24,PORT06,CARRIER_06,2,DTD,0,0,CUST_500,1600090,PLANT_15,PORT05,47,210.60274
1400003656.0,2026-09-22,PORT05,CARRIER_06,2,DTP,3,0,CUST_236,1600095,PLANT_12,PORT04,48,158.99838
1400003657.0,2026-10-04,PORT08,CARRIER_11,4,DTP,0,0,CUST_240,1600061,PLANT_03,PORT03,41,25.23285
1400003658.0,2026-12-05,PORT01,CARRIER_04,2,DTP,4,0,CUST_064,1600093,PLANT_19,PORT02,30,64.30679
1400003659.0,2026-12-03,PORT03,CARRIER_04,1,DTP,3,0,CUST_404,1600163,PLANT_17,PORT02,45,47.68452
1400003660.0,2026-02-07,PORT02,CARRIER_11,1,CRF,3,0,CUST_351,1600097,PLANT_05,PORT08,9,8.39082
1400003661.0,2026-08-15,PORT03,CARRIER_04,3,DTP,3,0,CUST_432,1600092,PLANT_07,PORT04,50,180.19674
1400003662.0,2026-09-15,PORT04,CARRIER_06,2,DTP,0,0,CUST_047,1600124,PLANT_02,PORT01,14,3.45937
1400003663.0,2026-08-08,PORT01,CARRIER_04,2,DTP,3,0,CUST_106,1600028,PLANT_01,PORT08,23,111.18404
1400003664.0,2026-01-07,PORT04,CARRIER_04,0,DTP,0,0,CUST_439,1600040,PLANT_02,PORT06,46,106.01273
1400003665.0,2026-01-17,PORT08,CARRIER_05,1,CRF,3,0,CUST_022,1600053,PLANT_08,PORT07,37,92.49307
1400003666.0,2026-09-02,PORT03,CARRIER_04,1,DTP,0,0,CUST_255,1600107,PLANT_04,PORT06,44,68.95687
1400003667.0,2026-11-09,PORT07,CARRIER_06,2,DTP,3,0,CUST_203,1600114,PLANT_13,PORT06,36,18.70268
1400003668.0,2026-03-07,PORT06,CARRIER_10,1,DTP,0,0,CUST_470,1600157,PLANT_15,PORT03,32,95.43645
1400003669.0,2026-01-17,PORT05,CARRIER_05,2,DTP,0,0,CUST_429,1600018,PLANT_12,PORT01,13,23.26086
1400003670.0,2026-05-28,PORT01,CARRIER_04,2,DTP,3,0,CUST_449,1600018,PLANT_01,PORT04,50,157.89779
1400003671.0,2026-04-25,PORT02,CARRIER_03,2,DTP,3,0,CUST_145,1600144,PLANT_01,PORT08,34,95.99125
1400003672.0,2026-12-25,PORT06,CARRIER_06,2,DTP,0,0,CUST_294,1600138,PLANT_02,PORT01,35,40.70021
1400003673.0,2026-12-04,PORT03,CARRIER_05,2,DTP,3,0,CUST_351,1600040,PLANT_11,PORT06,24,56.6905
1400003674.0,2026-07-23,PORT02,CARRIER_05,0,DTP,4,0,CUST_484,1600192,PLANT_09,PORT07,48,77.25642
1400003675.0,2026-12-13,PORT07,CARRIER_05,2,CRF,3,0,CUST_004,1600183,PLANT_14,PORT01,25,31.8662
1400003676.0,2026-03-25,PORT02,CARRIER_07,2,DTP,3,0,CUST_489,1600038,PLANT_02,PORT01,13,50.33017
1400003677.0,2026-12-29,PORT07,CARRIER_06,1,DTP,0,0,CUST_178,1600186,PLANT_16,PORT02,13,2.05845
1400003678.0,2026-06-13,PORT03,CARRIER_03,3,DTP,0,0,CUST_065,1600010,PLANT_08,PORT02,37,52.44846
1400003679.0,2026-06-23,PORT07,CARRIER_08,0,DTP,0,0,CUST_308,1600167,PLANT_14,PORT08,39,105.39047
1400003680.0,2026-01-19,PORT02,CARRIER_07,1,DTP,6,1,CUST_391,1600134,PLANT_02,PORT07,14,34.06361
1400003681.0,2026-03-06,PORT07,CARRIER_09,2,DTD,0,0,CUST_065,1600038,PLANT_14,PORT08,37,174.15197
1400003682.0,2026-03-12,PORT07,CARRIER_10,2,DTP,0,0,CUST_021,1600199,PLANT_13,PORT03,50,211.69608
1400003683.0,2026-06-28,PORT06,CARRIER_10,1,DTP,0,0,CUST_449,1600174,PLANT_02,PORT05,29,109.70273
1400003684.0,2026-03-11,PORT05,CARRIER_09,3,DTP,4,0,CUST_467,1600127,PLANT_17,PORT08,49,128.33016
1400003685.0,2026-02-07,PORT08,CARRIER_04,1,DTD,3,0,CUST_079,1600000,PLANT_03,PORT05,12,26.41972
1400003686.0,2026-08-09,PORT08,CARRIER_02,2,DTP,4,0,CUST_453,1600018,PLANT_03,PORT06,23,6.42139
1400003687.0,2026-11-15,PORT04,CARRIER_08,1,DTD,3,0,CUST_455,1600042,PLANT_02,PORT07,30,123.78523
1400003688.0,2026-01-26,PORT03,CARRIER_03,1,DTP,4,0,CUST_499,1600120,PLANT_17,PORT06,21,46.42036
1400003689.0,2026-07-24,PORT07,CARRIER_03,2,DTP,5,6,CUST_109,1600057,PLANT_16,PORT06,9,15.05466
1400003690.0,2026-12-17,PORT05,CARRIER_08,2,CRF,3,0,CUST_290,1600085,PLANT_17,PORT02,26,79.88522
1400003691.0,2026-05-28,PORT01,CARRIER_08,2,DTP,6,0,CUST_498,1600077,PLANT_06,PORT05,20,75.90551
1400003692.0,2026-03-08,PORT03,CARRIER_03,2,DTP,5,3,CUST_452,1600036,PLANT_11,PORT08,14,37.28132
1400003693.0,2026-01-30,PORT08,CARRIER_12,0,DTP,0,0,CUST_303,1600154,PLANT_18,PORT02,22,18.32507
1400003694.0,2026-12-08,PORT06,CARRIER_02,2,DTD,3,0,CUST_099,1600081,PLANT_15,PORT08,24,110.78562
1400003695.0,2026-05-28,PORT07,CARRIER_11,1,DTP,3,0,CUST_043,1600101,PLANT_10,PORT02,45,29.38331
1400003696.0,2026-02-08,PORT03,CARRIER_10,2,DTD,4,0,CUST_130,1600046,PLANT_13,PORT04,27,130.97433
1400003697.0,2026-11-13,PORT07,CARRIER_08,0,DTP,3,0,CUST_033,1600167,PLANT_11,PORT01,24,54.43531
1400003698.0,2026-10-20,PORT07,CARRIER_05,1,DTD,3,3,CUST_098,1600068,PLANT_16,PORT08,22,104.24598
1400003699.0,2026-09-14,PORT02,CARRIER_04,1,CRF,1,0,CUST_038,1600148,PLANT_09,PORT04,32,146.61708
1400003700.0,2026-01-31,PORT03,CARRIER_07,1,DTD,4,0,CUST_382,1600199,PLANT_04,PORT08,17,35.54206
1400003701.0,2026-01-31,PORT06,CARRIER_02,2,DTP,0,0,CUST_295,1600121,PLANT_19,PORT03,45,180.90558
1400003702.0,2026-03-21,PORT03,CARRIER_10,2,CRF,3,0,CUST_259,1600144,PLANT_04,PORT07,24,12.95725
1400003703.0,2026-02-28,PORT06,CARRIER_06,2,DTP,0,0,CUST_405,1600171,PLANT_19,PORT03,24,12.12955
1400003704.0,2026-07-14,PORT07,CARRIER_07,1,DTD,4,0,CUST_206,1600051,PLANT_16,PORT06,7,12.90931
1400003705.0,2026-05-24,PORT04,CARRIER_05,2,DTP,4,3,CUST_202,1600161,PLANT_15,PORT02,45,138.95761
1400003706.0,2026-10-07,PORT07,CARRIER_02,2,DTP,0,0,CUST_104,1600071,PLANT_14,PORT03,26,3.7875
1400003707.0,2026-02-07,PORT01,CARRIER_09,1,DTD,4,0,CUST_223,1600186,PLANT_03,PORT02,11,28.86794
1400003708.0,2026-09-23,PORT01,CARRIER_09,1,DTP,4,0,CUST_088,1600042,PLANT_18,PORT06,12,58.56804
1400003709.0,2026-12-07,PORT07,CARRIER_02,0,CRF,0,0,CUST_295,1600187,PLANT_10,PORT03,21,90.43403
1400003710.0,2026-02-17,PORT08,CARRIER_05,0,DTP,3,0,CUST_499,1600126,PLANT_18,PORT07,40,49.56424
1400003711.0,2026-08-27,PORT03,CARRIER_01,2,DTD,0,0,CUST_267,1600195,PLANT_04,PORT01,9,24.18783
1400003712.0,2026-07-05,PORT08,CARRIER_05,1,DTP,0,0,CUST_150,1600118,PLANT_18,PORT04,10,9.39903
1400003713.0,2026-02-04,PORT08,CARRIER_09,2,DTP,4,0,CUST_345,1600135,PLANT_18,PORT05,30,41.69924
1400003714.0,2026-04-17,PORT03,CARRIER_07,2,DTP,1,0,CUST_411,1600158,PLANT_11,PORT05,27,124.81301
1400003715.0,2026-10-15,PORT02,CARRIER_08,2,DTP,3,0,CUST_236,1600133,PLANT_01,PORT05,49,244.46653
1400003716.0,2026-11-14,PORT02,CARRIER_08,1,DTD,0,0,CUST_126,1600158,PLANT_02,PORT07,39,50.2534
1400003717.0,2026-05-15,PORT07,CARRIER_05,2,DTP,0,0,CUST_357,1600168,PLANT_07,PORT06,35,39.86964
1400003718.0,2026-02-08,PORT01,CARRIER_05,2,DTD,3,0,CUST_094,1600077,PLANT_06,PORT03,20,39.61821
1400003719.0,2026-03-31,PORT03,CARRIER_09,3,CRF,3,0,CUST_499,1600181,PLANT_11,PORT07,33,75.39498
1400003720.0,2026-11-04,PORT03,CARRIER_09,0,DTD,5,0,CUST_159,1600122,PLANT_11,PORT05,31,16.65687
1400003721.0,2026-07-28,PORT07,CARRIER_06,1,DTD,0,0,CUST_176,1600082,PLANT_16,PORT02,17,14.00413
1400003722.0,2026-06-07,PORT06,CARRIER_09,2,DTD,3,0,CUST_364,1600127,PLANT_19,PORT08,22,47.99638
1400003723.0,2026-01-05,PORT08,CARRIER_10,1,DTP,3,0,CUST_007,1600073,PLANT_18,PORT04,47,58.91736
1400003724.0,2026-10-13,PORT05,CARRIER_05,1,DTP,3,0,CUST_102,1600193,PLANT_12,PORT02,29,122.96523
1400003725.0,2026-06-19,PORT04,CARRIER_11,2,CRF,3,0,CUST_063,1600020,PLANT_15,PORT07,26,98.34703
1400003726.0,2026-07-19,PORT03,CARRIER_02,2,DTP,0,3,CUST_196,1600124,PLANT_07,PORT01,41,111.85039
1400003727.0,2026-11-04,PORT07,CARRIER_09,2,DTP,4,0,CUST_277,1600132,PLANT_14,PORT06,17,37.73802
1400003728.0,2026-07-25,PORT01,CARRIER_07,0,DTP,3,0,CUST_090,1600079,PLANT_01,PORT06,15,62.5776
1400003729.0,2026-12-05,PORT01,CARRIER_12,1,DTP,4,0,CUST_173,1600193,PLANT_19,PORT04,50,45.66886
1400003730.0,2026-07-24,PORT01,CARRIER_03,1,DTD,0,0,CUST_387,1600135,PLANT_09,PORT06,41,182.37622
1400003731.0,2026-05-06,PORT03,CARRIER_01,2,CRF,0,0,CUST_470,1600079,PLANT_13,PORT05,24,8.1715
1400003732.0,2026-12-03,PORT08,CARRIER_01,2,DTD,3,0,CUST_008,1600140,PLANT_15,PORT04,48,221.98238
1400003733.0,2026-08-23,PORT06,CARRIER_02,2,DTD,3,0,CUST_314,1600070,PLANT_02,PORT02,22,17.16372
1400003734.0,2026-10-05,PORT01,CARRIER_07,2,DTD,0,0,CUST_013,1600152,PLANT_03,PORT05,36,146.85427
1400003735.0,2026-03-24,PORT04,CARRIER_10,3,DTP,0,0,CUST_261,1600038,PLANT_07,PORT07,6,1.13053
1400003736.0,2026-09-02,PORT07,CARRIER_10,1,DTP,0,0,CUST_440,1600085,PLANT_10,PORT01,37,151.47367
1400003737.0,2026-07-24,PORT07,CARRIER_09,2,DTP,0,0,CUST_400,1600154,PLANT_14,PORT04,13,38.50531
1400003738.0,2026-02-08,PORT02,CARRIER_04,2,CRF,0,0,CUST_117,1600001,PLANT_01,PORT01,16,3.09229
1400003739.0,2026-04-03,PORT06,CARRIER_06,2,DTP,4,0,CUST_130,1600134,PLANT_05,PORT05,42,163.53237
1400003740.0,2026-11-29,PORT08,CARRIER_01,2,DTD,5,0,CUST_392,1600159,PLANT_15,PORT04,14,8.36683
1400003741.0,2026-07-28,PORT03,CARRIER_07,2,DTD,3,0,CUST_410,1600138,PLANT_07,PORT07,27,74.12949
1400003742.0,2026-10-10,PORT06,CARRIER_10,2,DTP,0,0,CUST_141,1600046,PLANT_20,PORT03,47,81.16051
1400003743.0,2026-03-04,PORT07,CARRIER_03,1,DTP,2,0,CUST_002,1600152,PLANT_16,PORT06,48,183.35638
1400003744.0,2026-03-21,PORT06,CARRIER_07,2,DTP,4,0,CUST_223,1600054,PLANT_20,PORT08,25,107.01964
1400003745.0,2026-12-10,PORT06,CARRIER_05,2,DTP,5,0,CUST_310,1600061,PLANT_15,PORT05,8,18.99965
1400003746.0,2026-06-03,PORT08,CARRIER_11,2,DTP,0,0,CUST_222,1600140,PLANT_15,PORT04,18,68.65033
1400003747.0,2026-11-20,PORT02,CARRIER_01,2,DTP,0,0,CUST_468,1600180,PLANT_02,PORT07,33,151.51825
1400003748.0,2026-10-23,PORT02,CARRIER_09,2,DTD,2,0,CUST_407,1600094,PLANT_04,PORT05,20,69.54165
1400003749.0,2026-05-03,PORT02,CARRIER_01,2,DTD,3,3,CUST_394,1600088,PLANT_02,PORT01,38,63.75463
1400003750.0,2026-12-13,PORT03,CARRIER_06,2,CRF,0,0,CUST_011,1600177,PLANT_08,PORT06,50,118.51146
1400003751.0,2026-10-11,PORT07,CARRIER_08,2,DTD,3,0,CUST_427,1600175,PLANT_16,PORT08,33,40.49063
1400003752.0,2026-02-16,PORT08,CARRIER_06,2,DTD,0,0,CUST_378,1600040,PLANT_15,PORT02,33,77.42463
1400003753.0,2026-02-04,PORT01,CARRIER_08,2,DTP,0,0,CUST_199,1600113,PLANT_03,PORT04,29,37.84104
1400003754.0,2026-02-16,PORT03,CARRIER_08,2,DTP,3,0,CUST_295,1600136,PLANT_04,PORT08,13,52.72181
1400003755.0,2026-09-28,PORT03,CARRIER_09,2,DTP,4,0,CUST_413,1600101,PLANT_17,PORT02,31,95.74646
1400003756.0,2026-02-22,PORT03,CARRIER_01,2,DTD,0,0,CUST_454,1600087,PLANT_08,PORT01,47,150.53655
1400003757.0,2026-04-14,PORT07,CARRIER_05,2,DTP,4,0,CUST_276,1600089,PLANT_14,PORT08,36,23.05044
1400003758.0,2026-06-08,PORT07,CARRIER_07,1,DTD,1,0,CUST_021,1600132,PLANT_14,PORT06,39,4.17906
1400003759.0,2026-02-19,PORT05,CARRIER_10,2,DTP,2,0,CUST_310,1600124,PLANT_12,PORT08,44,174.54864
1400003760.0,2026-05-01,PORT02,CARRIER_08,2,DTP,0,0,CUST_341,1600175,PLANT_04,PORT03,22,60.66063
1400003761.0,2026-09-05,PORT04,CARRIER_05,2,DTP,0,0,CUST_030,1600066,PLANT_07,PORT08,20,93.29223
1400003762.0,2026-12-21,PORT03,CARRIER_10,0,DTD,0,0,CUST_409,1600067,PLANT_08,PORT06,49,133.89114
1400003763.0,2026-06-21,PORT03,CARRIER_04,1,DTP,3,0,CUST_101,1600093,PLANT_17,PORT05,26,29.95004
1400003764.0,2026-09-30,PORT07,CARRIER_10,1,DTP,5,0,CUST_446,1600182,PLANT_14,PORT03,38,133.85634
1400003765.0,2026-07-13,PORT04,CARRIER_08,1,DTP,0,0,CUST_276,1600139,PLANT_07,PORT03,34,120.18376
1400003766.0,2026-06-20,PORT03,CARRIER_10,1,DTP,1,0,CUST_162,1600175,PLANT_08,PORT01,10,4.2111
1400003767.0,2026-07-09,PORT07,CARRIER_07,2,DTP,2,0,CUST_030,1600153,PLANT_13,PORT02,19,66.4789
1400003768.0,2026-12-16,PORT06,CARRIER_10,2,CRF,3,0,CUST_009,1600035,PLANT_02,PORT04,20,22.82777
1400003769.0,2026-01-22,PORT08,CARRIER_09,2,DTP,4,0,CUST_371,1600100,PLANT_18,PORT06,13,17.51296
1400003770.0,2026-07-07,PORT06,CARRIER_07,2,DTP,0,0,CUST_189,1600130,PLANT_19,PORT02,40,10.15728
1400003771.0,2026-01-19,PORT07,CARRIER_06,2,DTD,3,0,CUST_421,1600052,PLANT_16,PORT03,49,155.53207
1400003772.0,2026-11-16,PORT07,CARRIER_06,2,DTP,3,0,CUST_116,1600134,PLANT_11,PORT06,49,180.58823
1400003773.0,2026-08-08,PORT07,CARRIER_12,1,DTP,4,0,CUST_461,1600105,PLANT_14,PORT08,13,15.98232
1400003774.0,2026-01-18,PORT07,CARRIER_08,2,DTP,2,0,CUST_471,1600119,PLANT_16,PORT04,25,99.58602
1400003775.0,2026-08-16,PORT01,CARRIER_06,2,DTD,0,0,CUST_051,1600130,PLANT_19,PORT06,15,57.5093
1400003776.0,2026-06-09,PORT05,CARRIER_04,2,DTD,0,0,CUST_324,1600065,PLANT_12,PORT04,7,14.75498
1400003777.0,2026-01-18,PORT03,CARRIER_01,2,DTP,3,0,CUST_470,1600119,PLANT_11,PORT04,33,14.33201
1400003778.0,2026-12-24,PORT07,CARRIER_03,2,CRF,3,0,CUST_162,1600012,PLANT_11,PORT06,44,64.80796
1400003779.0,2026-05-19,PORT06,CARRIER_07,2,DTP,3,0,CUST_034,1600067,PLANT_02,PORT05,8,7.28482
1400003780.0,2026-01-09,PORT06,CARRIER_01,1,DTP,0,0,CUST_438,1600120,PLANT_20,PORT07,34,163.13912
1400003781.0,2026-08-12,PORT01,CARRIER_10,1,DTD,0,0,CUST_238,1600061,PLANT_01,PORT06,6,24.64168
1400003782.0,2026-05-17,PORT04,CARRIER_05,2,DTD,3,0,CUST_014,1600064,PLANT_13,PORT05,43,20.81392
1400003783.0,2026-08-28,PORT01,CARRIER_06,1,DTP,0,0,CUST_421,1600161,PLANT_19,PORT02,7,18.31168
1400003784.0,2026-03-01,PORT03,CARRIER_07,0,DTP,5,0,CUST_340,1600076,PLANT_11,PORT06,25,35.19358
1400003785.0,2026-10-30,PORT03,CARRIER_04,1,DTP,4,0,CUST_036,1600077,PLANT_06,PORT01,10,2.57378
1400003786.0,2026-06-03,PORT02,CARRIER_08,2,DTP,0,0,CUST_130,1600100,PLANT_04,PORT03,23,38.62335
1400003787.0,2026-06-03,PORT03,CARRIER_07,2,DTP,3,0,CUST_010,1600066,PLANT_17,PORT04,24,17.40403
1400003788.0,2026-10-21,PORT05,CARRIER_04,2,DTP,0,0,CUST_478,1600087,PLANT_17,PORT01,29,34.55022
1400003789.0,2026-07-20,PORT01,CARRIER_09,2,DTP,5,0,CUST_013,1600185,PLANT_06,PORT06,43,73.10208
1400003790.0,2026-01-01,PORT07,CARRIER_04,2,DTP,3,0,CUST_398,1600074,PLANT_11,PORT08,50,105.17816
1400003791.0,2026-07-31,PORT06,CARRIER_08,2,DTD,2,0,CUST_256,1600195,PLANT_02,PORT08,20,47.90736
1400003792.0,2026-08-24,PORT02,CARRIER_01,2,DTP,3,0,CUST_292,1600100,PLANT_04,PORT04,47,124.50143
1400003793.0,2026-04-24,PORT01,CARRIER_05,2,DTP,0,0,CUST_406,1600104,PLANT_01,PORT06,24,45.91209
1400003794.0,2026-03-07,PORT03,CARRIER_06,1,DTP,1,0,CUST_448,1600162,PLANT_17,PORT08,10,25.41913
1400003795.0,2026-01-20,PORT07,CARRIER_05,2,DTP,0,0,CUST_064,1600046,PLANT_14,PORT06,32,68.72021
1400003796.0,2026-11-05,PORT07,CARRIER_11,2,DTD,2,0,CUST_009,1600178,PLANT_14,PORT02,38,183.37854
1400003797.0,2026-01-02,PORT08,CARRIER_10,2,DTP,0,0,CUST_063,1600055,PLANT_15,PORT04,18,7.76592
1400003798.0,2026-08-01,PORT04,CARRIER_09,1,DTP,6,0,CUST_342,1600110,PLANT_13,PORT03,32,95.07717
1400003799.0,2026-11-02,PORT04,CARRIER_04,1,DTD,3,0,CUST_285,1600070,PLANT_15,PORT03,24,25.17291
1400003800.0,2026-05-09,PORT01,CARRIER_05,2,DTD,5,0,CUST_042,1600169,PLANT_19,PORT07,11,21.3361
1400003801.0,2026-03-15,PORT03,CARRIER_05,1,DTP,0,0,CUST_118,1600047,PLANT_17,PORT02,22,61.10901
1400003802.0,2026-09-18,PORT04,CARRIER_09,4,DTP,4,0,CUST_269,1600101,PLANT_13,PORT06,24,91.75359
1400003803.0,2026-08-19,PORT06,CARRIER_08,2,DTP,3,0,CUST_366,1600030,PLANT_20,PORT01,20,97.81765
1400003804.0,2026-01-06,PORT08,CARRIER_02,2,CRF,3,0,CUST_172,1600016,PLANT_03,PORT07,47,118.38107
1400003805.0,2026-07-30,PORT06,CARRIER_05,2,DTD,4,0,CUST_475,1600012,PLANT_20,PORT08,22,29.90235
1400003806.0,2026-01-01,PORT02,CARRIER_08,2,DTD,3,5,CUST_497,1600092,PLANT_09,PORT05,33,131.29771
1400003807.0,2026-05-26,PORT02,CARRIER_05,1,DTP,3,0,CUST_384,1600041,PLANT_01,PORT05,5,5.92853
1400003808.0,2026-04-21,PORT03,CARRIER_01,2,DTP,5,0,CUST_228,1600136,PLANT_08,PORT07,19,49.17997
1400003809.0,2026-11-01,PORT02,CARRIER_02,2,DTP,0,0,CUST_439,1600004,PLANT_09,PORT01,45,191.19984
1400003810.0,2026-12-23,PORT01,CARRIER_12,2,DTD,0,0,CUST_364,1600140,PLANT_01,PORT07,46,95.61618
1400003811.0,2026-09-12,PORT08,CARRIER_07,2,DTP,6,0,CUST_260,1600083,PLANT_08,PORT04,49,138.63036
1400003812.0,2026-09-26,PORT07,CARRIER_02,1,DTP,5,0,CUST_222,1600017,PLANT_13,PORT03,7,4.80057
1400003813.0,2026-01-09,PORT06,CARRIER_12,2,DTP,3,0,CUST_417,1600062,PLANT_20,PORT04,44,16.46665
1400003814.0,2026-01-24,PORT03,CARRIER_12,2,CRF,4,3,CUST_279,1600138,PLANT_11,PORT07,17,83.85733
1400003815.0,2026-10-11,PORT06,CARRIER_11,2,DTP,5,0,CUST_092,1600118,PLANT_15,PORT03,5,4.88294
1400003816.0,2026-06-06,PORT02,CARRIER_07,2,DTP,3,0,CUST_500,1600095,PLANT_04,PORT08,9,15.69771
1400003817.0,2026-07-05,PORT02,CARRIER_10,2,DTP,0,0,CUST_035,1600173,PLANT_04,PORT03,39,100.34528
1400003818.0,2026-09-10,PORT04,CARRIER_12,2,DTP,3,0,CUST_348,1600059,PLANT_02,PORT03,32,61.91715
1400003819.0,2026-05-07,PORT03,CARRIER_06,2,DTP,3,3,CUST_328,1600060,PLANT_04,PORT02,31,17.8858
1400003820.0,2026-09-06,PORT01,CARRIER_12,2,CRF,0,0,CUST_294,1600020,PLANT_18,PORT02,45,47.91956
1400003821.0,2026-09-23,PORT04,CARRIER_10,2,DTP,6,0,CUST_026,1600192,PLANT_15,PORT06,9,22.66104
1400003822.0,2026-03-29,PORT02,CARRIER_08,2,DTP,3,0,CUST_247,1600106,PLANT_09,PORT08,8,18.00102
1400003823.0,2026-09-08,PORT01,CARRIER_11,2,CRF,4,0,CUST_447,1600087,PLANT_01,PORT06,47,188.52404
1400003824.0,2026-03-03,PORT07,CARRIER_05,2,DTP,3,0,CUST_120,1600021,PLANT_10,PORT05,32,52.08835
1400003825.0,2026-04-24,PORT06,CARRIER_03,1,DTP,1,5,CUST_346,1600153,PLANT_20,PORT05,40,188.30176
1400003826.0,2026-10-12,PORT03,CARRIER_12,2,DTP,3,0,CUST_430,1600072,PLANT_17,PORT02,29,43.08735
1400003827.0,2026-12-25,PORT07,CARRIER_06,2,DTP,3,0,CUST_477,1600148,PLANT_10,PORT03,11,18.957
1400003828.0,2026-01-24,PORT02,CARRIER_09,2,DTP,3,0,CUST_259,1600107,PLANT_09,PORT05,29,137.79742
1400003829.0,2026-08-25,PORT07,CARRIER_11,2,DTD,0,0,CUST_157,1600052,PLANT_16,PORT01,49,206.70006
1400003830.0,2026-07-27,PORT01,CARRIER_02,2,DTP,4,0,CUST_350,1600172,PLANT_09,PORT05,10,16.53143
1400003831.0,2026-08-10,PORT05,CARRIER_10,2,DTP,1,0,CUST_244,1600123,PLANT_17,PORT06,10,20.36895
1400003832.0,2026-10-15,PORT02,CARRIER_09,2,DTP,3,0,CUST_314,1600074,PLANT_04,PORT07,20,84.54151
1400003833.0,2026-01-26,PORT08,CARRIER_11,2,DTD,3,0,CUST_371,1600115,PLANT_03,PORT03,25,13.04596
1400003834.0,2026-09-27,PORT01,CARRIER_03,2,DTP,6,0,CUST_356,1600115,PLANT_09,PORT02,33,50.94916
1400003835.0,2026-04-12,PORT05,CARRIER_12,2,DTP,2,0,CUST_122,1600112,PLANT_12,PORT01,12,32.4555
1400003836.0,2026-02-26,PORT05,CARRIER_02,0,DTD,0,0,CUST_378,1600085,PLANT_12,PORT03,47,195.59663
1400003837.0,2026-06-13,PORT06,CARRIER_04,2,DTP,6,0,CUST_271,1600120,PLANT_17,PORT04,11,31.53284
1400003838.0,2026-01-10,PORT05,CARRIER_07,2,CRF,6,0,CUST_466,1600025,PLANT_12,PORT06,14,34.99883
1400003839.0,2026-08-19,PORT06,CARRIER_08,2,DTD,0,0,CUST_330,1600136,PLANT_02,PORT07,49,235.90443
1400003840.0,2026-07-26,PORT03,CARRIER_11,2,DTP,4,0,CUST_446,1600144,PLANT_13,PORT07,22,14.74904
1400003841.0,2026-07-07,PORT07,CARRIER_02,2,CRF,5,0,CUST_490,1600060,PLANT_13,PORT01,31,121.59201
1400003842.0,2026-01-12,PORT08,CARRIER_12,2,DTD,0,0,CUST_498,1600025,PLANT_18,PORT04,25,18.06177
1400003843.0,2026-10-06,PORT02,CARRIER_07,1,DTP,4,0,CUST_373,1600092,PLANT_09,PORT07,16,59.05367
1400003844.0,2026-01-13,PORT03,CARRIER_09,2,DTD,0,0,CUST_299,1600045,PLANT_04,PORT04,28,77.3119
1400003845.0,2026-04-06,PORT07,CARRIER_01,2,DTP,4,0,CUST_060,1600083,PLANT_14,PORT05,40,55.87066
1400003846.0,2026-05-25,PORT02,CARRIER_03,2,DTD,0,0,CUST_194,1600115,PLANT_09,PORT08,5,13.81176
1400003847.0,2026-09-14,PORT02,CARRIER_06,2,DTP,3,0,CUST_238,1600013,PLANT_05,PORT03,45,198.41125
1400003848.0,2026-05-29,PORT03,CARRIER_07,2,DTD,4,0,CUST_391,1600044,PLANT_08,PORT07,13,31.3781
1400003849.0,2026-10-26,PORT07,CARRIER_07,2,DTD,0,0,CUST_295,1600075,PLANT_16,PORT05,47,6.21504
1400003850.0,2026-12-08,PORT07,CARRIER_02,2,DTD,4,0,CUST_220,1600138,PLANT_10,PORT04,49,18.49101
1400003851.0,2026-10-07,PORT07,CARRIER_09,2,DTP,0,0,CUST_074,1600114,PLANT_11,PORT08,47,150.3963
1400003852.0,2026-01-15,PORT02,CARRIER_03,1,DTP,0,0,CUST_358,1600118,PLANT_01,PORT08,34,116.3434
1400003853.0,2026-10-09,PORT04,CARRIER_03,1,DTD,5,0,CUST_216,1600153,PLANT_13,PORT07,46,95.16006
1400003854.0,2026-03-17,PORT03,CARRIER_02,2,CRF,5,0,CUST_019,1600106,PLANT_04,PORT02,44,56.74345
1400003855.0,2026-11-21,PORT04,CARRIER_11,1,DTD,3,0,CUST_143,1600061,PLANT_02,PORT02,34,122.68003
1400003856.0,2026-12-24,PORT02,CARRIER_09,1,DTP,5,0,CUST_440,1600014,PLANT_04,PORT07,46,73.15793
1400003857.0,2026-01-31,PORT02,CARRIER_01,1,DTD,0,0,CUST_060,1600133,PLANT_04,PORT03,20,9.25314
1400003858.0,2026-02-05,PORT07,CARRIER_02,1,DTP,3,0,CUST_204,1600030,PLANT_14,PORT02,43,90.60494
1400003859.0,2026-09-12,PORT02,CARRIER_08,1,DTD,5,0,CUST_257,1600177,PLANT_09,PORT04,47,128.86362
1400003860.0,2026-02-22,PORT02,CARRIER_08,2,DTP,5,0,CUST_042,1600027,PLANT_04,PORT08,34,164.27376
1400003861.0,2026-12-20,PORT04,CARRIER_11,2,DTD,3,0,CUST_083,1600171,PLANT_02,PORT06,10,30.01886
1400003862.0,2026-07-17,PORT05,CARRIER_12,2,DTP,2,0,CUST_471,1600096,PLANT_17,PORT03,14,15.69076
1400003863.0,2026-07-29,PORT04,CARRIER_11,2,DTP,3,0,CUST_296,1600197,PLANT_15,PORT05,12,50.13298
1400003864.0,2026-11-11,PORT01,CARRIER_11,1,DTD,0,0,CUST_106,1600126,PLANT_06,PORT08,29,44.31959
1400003865.0,2026-03-21,PORT06,CARRIER_07,1,DTP,4,0,CUST_085,1600045,PLANT_20,PORT04,24,115.21111
1400003866.0,2026-07-22,PORT01,CARRIER_12,2,DTP,0,0,CUST_213,1600159,PLANT_19,PORT08,43,72.84329
1400003867.0,2026-12-31,PORT06,CARRIER_02,2,DTD,3,0,CUST_362,1600019,PLANT_02,PORT05,18,82.01948
1400003868.0,2026-01-09,PORT08,CARRIER_08,2,DTP,0,0,CUST_366,1600111,PLANT_18,PORT02,12,52.88249
1400003869.0,2026-03-05,PORT06,CARRIER_02,2,DTP,3,0,CUST_098,1600088,PLANT_02,PORT07,33,143.00763
1400003870.0,2026-02-23,PORT07,CARRIER_10,2,DTD,6,0,CUST_363,1600079,PLANT_13,PORT06,11,3.22287
1400003871.0,2026-05-03,PORT01,CARRIER_09,2,DTD,3,3,CUST_449,1600133,PLANT_03,PORT07,46,196.16069
1400003872.0,2026-02-17,PORT08,CARRIER_12,1,DTP,6,0,CUST_114,1600020,PLANT_18,PORT01,8,29.07496
1400003873.0,2026-03-04,PORT01,CARRIER_02,2,DTP,3,3,CUST_014,1600078,PLANT_19,PORT06,27,46.92766
1400003874.0,2026-11-08,PORT06,CARRIER_09,2,DTP,1,0,CUST_480,1600064,PLANT_02,PORT03,48,120.07115
1400003875.0,2026-06-19,PORT03,CARRIER_01,2,CRF,4,0,CUST_261,1600086,PLANT_04,PORT02,30,97.06751
1400003876.0,2026-05-11,PORT06,CARRIER_02,1,DTP,0,0,CUST_389,1600020,PLANT_20,PORT02,42,198.37991
1400003877.0,2026-06-02,PORT02,CARRIER_06,2,DTP,1,0,CUST_161,1600078,PLANT_02,PORT08,24,94.13794
1400003878.0,2026-12-21,PORT02,CARRIER_12,2,DTD,3,3,CUST_150,1600033,PLANT_02,PORT06,39,85.78649
1400003879.0,2026-06-29,PORT04,CARRIER_03,2,DTD,0,0,CUST_113,1600195,PLANT_02,PORT05,37,120.71477
1400003880.0,2026-06-21,PORT07,CARRIER_04,2,DTD,5,0,CUST_109,1600095,PLANT_16,PORT05,28,28.30148
1400003881.0,2026-12-05,PORT07,CARRIER_10,1,DTP,3,0,CUST_236,1600188,PLANT_16,PORT08,9,19.59586
1400003882.0,2026-01-14,PORT05,CARRIER_12,2,DTP,0,0,CUST_053,1600184,PLANT_12,PORT03,49,194.89145
1400003883.0,2026-06-24,PORT01,CARRIER_07,2,DTP,3,0,CUST_422,1600181,PLANT_05,PORT02,7,21.50603
1400003884.0,2026-10-01,PORT07,CARRIER_05,2,DTP,1,0,CUST_256,1600173,PLANT_14,PORT03,21,82.69634
1400003885.0,2026-07-07,PORT06,CARRIER_11,2,DTP,3,0,CUST_458,1600158,PLANT_02,PORT02,34,88.33547
1400003886.0,2026-11-13,PORT02,CARRIER_07,2,DTP,0,0,CUST_252,1600176,PLANT_04,PORT01,40,78.50811
1400003887.0,2026-11-20,PORT04,CARRIER_05,2,CRF,5,0,CUST_152,1600000,PLANT_13,PORT03,29,108.41499
1400003888.0,2026-05-03,PORT04,CARRIER_03,2,DTD,0,0,CUST_258,1600106,PLANT_13,PORT02,23,12.86617
1400003889.0,2026-10-26,PORT06,CARRIER_12,2,DTD,1,0,CUST_078,1600084,PLANT_19,PORT04,23,112.58899
1400003890.0,2026-03-31,PORT07,CARRIER_06,2,DTD,3,0,CUST_413,1600175,PLANT_07,PORT03,49,232.60454
1400003891.0,2026-03-29,PORT03,CARRIER_12,2,DTP,3,0,CUST_361,1600073,PLANT_08,PORT08,20,88.27612
1400003892.0,2026-12-23,PORT02,CARRIER_03,2,DTP,3,0,CUST_074,1600099,PLANT_02,PORT06,44,195.05036
1400003893.0,2026-01-05,PORT02,CARRIER_07,1,DTP,3,0,CUST_291,1600108,PLANT_02,PORT06,7,18.22922
1400003894.0,2026-05-09,PORT07,CARRIER_06,0,DTP,1,0,CUST_269,1600071,PLANT_14,PORT03,35,88.89769
1400003895.0,2026-08-18,PORT07,CARRIER_03,2,DTP,3,0,CUST_101,1600192,PLANT_14,PORT06,36,148.2625
1400003896.0,2026-05-31,PORT01,CARRIER_12,2,DTP,5,0,CUST_062,1600021,PLANT_19,PORT08,36,53.56645
1400003897.0,2026-11-05,PORT03,CARRIER_01,2,DTP,0,0,CUST_381,1600179,PLANT_11,PORT08,24,102.34986
1400003898.0,2026-04-02,PORT07,CARRIER_01,2,CRF,3,2,CUST_133,1600055,PLANT_11,PORT08,36,39.03527
1400003899.0,2026-07-21,PORT07,CARRIER_12,2,DTP,2,0,CUST_260,1600188,PLANT_16,PORT06,25,110.19064
1400003900.0,2026-02-15,PORT03,CARRIER_04,1,DTP,5,0,CUST_124,1600060,PLANT_07,PORT02,32,88.04216
1400003901.0,2026-03-19,PORT06,CARRIER_07,1,DTP,0,0,CUST_327,1600181,PLANT_02,PORT05,46,194.65977
1400003902.0,2026-03-05,PORT04,CARRIER_02,1,DTP,0,0,CUST_025,1600044,PLANT_13,PORT07,35,88.07399
1400003903.0,2026-09-28,PORT02,CARRIER_03,2,CRF,3,0,CUST_180,1600042,PLANT_05,PORT05,38,117.09007
1400003904.0,2026-03-15,PORT01,CARRIER_11,2,DTP,3,0,CUST_274,1600033,PLANT_06,PORT07,49,227.42135
1400003905.0,2026-09-02,PORT02,CARRIER_05,2,DTD,0,0,CUST_220,1600024,PLANT_04,PORT07,15,32.2386
1400003906.0,2026-05-07,PORT07,CARRIER_11,1,DTP,4,1,CUST_307,1600190,PLANT_16,PORT06,32,37.74091
1400003907.0,2026-07-26,PORT07,CARRIER_12,2,DTP,2,0,CUST_091,1600038,PLANT_14,PORT06,35,19.10313
1400003908.0,2026-11-15,PORT06,CARRIER_12,2,DTP,5,0,CUST_221,1600175,PLANT_05,PORT05,36,107.67231
1400003909.0,2026-11-12,PORT05,CARRIER_12,2,DTP,5,0,CUST_379,1600120,PLANT_17,PORT02,11,34.03749
1400003910.0,2026-01-05,PORT03,CARRIER_06,2,DTD,4,0,CUST_167,1600035,PLANT_06,PORT06,39,122.51675
1400003911.0,2026-10-14,PORT01,CARRIER_03,3,DTP,3,0,CUST_079,1600052,PLANT_19,PORT05,13,3.66748
1400003912.0,2026-12-15,PORT03,CARRIER_10,2,DTP,3,0,CUST_424,1600034,PLANT_08,PORT02,23,5.38973
1400003913.0,2026-09-01,PORT07,CARRIER_07,2,DTP,4,0,CUST_390,1600021,PLANT_14,PORT05,37,166.03911
1400003914.0,2026-03-10,PORT07,CARRIER_02,1,DTP,0,0,CUST_341,1600009,PLANT_14,PORT05,17,59.63532
1400003915.0,2026-08-31,PORT07,CARRIER_10,1,DTP,4,0,CUST_400,1600079,PLANT_11,PORT06,10,6.55254
1400003916.0,2026-08-21,PORT04,CARRIER_11,1,DTD,3,4,CUST_390,1600032,PLANT_13,PORT05,36,16.76593
1400003917.0,2026-08-30,PORT03,CARRIER_09,0,DTD,4,0,CUST_374,1600019,PLANT_06,PORT07,17,15.18269
1400003918.0,2026-06-06,PORT03,CARRIER_06,2,DTP,3,0,CUST_255,1600076,PLANT_08,PORT04,43,174.31783
1400003919.0,2026-07-11,PORT01,CARRIER_08,1,DTP,3,0,CUST_010,1600109,PLANT_05,PORT08,46,167.58359
1400003920.0,2026-08-26,PORT02,CARRIER_02,2,DTP,2,0,CUST_299,1600094,PLANT_04,PORT06,21,67.81741
1400003921.0,2026-06-19,PORT07,CARRIER_10,2,DTP,3,0,CUST_137,1600088,PLANT_07,PORT03,38,123.11524
1400003922.0,2026-10-10,PORT02,CARRIER_11,2,DTP,3,0,CUST_387,1600041,PLANT_04,PORT06,15,64.62723
1400003923.0,2026-09-17,PORT07,CARRIER_10,2,DTP,3,0,CUST_235,1600049,PLANT_14,PORT04,47,81.49555
1400003924.0,2026-04-21,PORT06,CARRIER_06,1,DTP,0,0,CUST_453,1600106,PLANT_02,PORT07,16,26.86283
1400003925.0,2026-08-11,PORT04,CARRIER_08,2,CRF,5,0,CUST_298,1600030,PLANT_15,PORT06,45,98.30662
1400003926.0,2026-10-04,PORT01,CARRIER_01,1,DTP,4,0,CUST_276,1600197,PLANT_01,PORT02,41,202.92591
1400003927.0,2026-06-28,PORT02,CARRIER_06,2,DTP,5,0,CUST_460,1600189,PLANT_02,PORT04,19,53.56109
1400003928.0,2026-09-18,PORT05,CARRIER_08,2,DTP,5,0,CUST_238,1600044,PLANT_12,PORT04,42,116.75225
1400003929.0,2026-02-16,PORT01,CARRIER_10,2,DTP,3,0,CUST_188,1600192,PLANT_01,PORT06,34,138.27832
1400003930.0,2026-05-21,PORT01,CARRIER_11,1,DTP,5,0,CUST_186,1600099,PLANT_18,PORT05,35,34.03806
1400003931.0,2026-09-14,PORT02,CARRIER_10,1,DTP,3,0,CUST_438,1600086,PLANT_04,PORT04,22,45.90223
1400003932.0,2026-11-23,PORT03,CARRIER_02,2,DTP,0,0,CUST_379,1600014,PLANT_04,PORT07,15,48.64014
1400003933.0,2026-08-24,PORT08,CARRIER_03,2,DTD,0,0,CUST_082,1600057,PLANT_18,PORT04,37,182.82744
1400003934.0,2026-08-31,PORT04,CARRIER_11,2,DTP,0,0,CUST_247,1600150,PLANT_02,PORT02,7,5.99831
1400003935.0,2026-05-05,PORT03,CARRIER_07,2,CRF,0,0,CUST_186,1600123,PLANT_17,PORT01,21,48.61356
1400003936.0,2026-09-13,PORT03,CARRIER_10,2,DTP,3,0,CUST_324,1600122,PLANT_13,PORT02,11,49.91086
1400003937.0,2026-05-11,PORT01,CARRIER_08,1,DTP,6,0,CUST_027,1600166,PLANT_19,PORT05,5,18.27551
1400003938.0,2026-01-20,PORT03,CARRIER_01,2,DTP,0,0,CUST_358,1600133,PLANT_13,PORT01,5,15.53762
1400003939.0,2026-04-01,PORT02,CARRIER_12,1,DTP,5,0,CUST_372,1600194,PLANT_04,PORT03,9,12.23848
1400003940.0,2026-08-12,PORT01,CARRIER_11,2,DTP,4,0,CUST_114,1600148,PLANT_19,PORT04,48,48.83196
1400003941.0,2026-12-18,PORT01,CARRIER_06,1,DTP,5,0,CUST_076,1600134,PLANT_09,PORT06,40,77.34561
1400003942.0,2026-06-30,PORT06,CARRIER_04,2,CRF,4,0,CUST_314,1600052,PLANT_19,PORT02,50,67.50144
1400003943.0,2026-11-10,PORT06,CARRIER_04,2,DTP,6,0,CUST_129,1600159,PLANT_15,PORT01,8,32.49226
1400003944.0,2026-10-11,PORT06,CARRIER_10,2,DTP,0,0,CUST_471,1600157,PLANT_15,PORT01,50,181.57234
1400003945.0,2026-07-24,PORT03,CARRIER_03,2,DTP,3,0,CUST_388,1600101,PLANT_04,PORT04,32,134.15907
1400003946.0,2026-10-21,PORT07,CARRIER_08,2,DTP,2,0,CUST_478,1600182,PLANT_16,PORT02,41,38.47044
1400003947.0,2026-05-27,PORT07,CARRIER_12,2,DTP,1,0,CUST_268,1600094,PLANT_14,PORT01,44,71.22939
1400003948.0,2026-06-11,PORT05,CARRIER_07,2,CRF,3,2,CUST_470,1600180,PLANT_17,PORT02,17,65.72034
1400003949.0,2026-09-26,PORT07,CARRIER_07,2,DTP,3,0,CUST_007,1600036,PLANT_14,PORT08,39,35.1541
1400003950.0,2026-08-22,PORT07,CARRIER_06,2,DTP,6,0,CUST_145,1600119,PLANT_13,PORT06,34,27.6578
1400003951.0,2026-07-12,PORT02,CARRIER_04,2,DTP,1,0,CUST_002,1600184,PLANT_01,PORT04,24,47.44772
1400003952.0,2026-06-08,PORT07,CARRIER_04,1,DTP,5,0,CUST_339,1600196,PLANT_10,PORT06,27,27.3656
1400003953.0,2026-12-23,PORT06,CARRIER_06,2,DTD,0,0,CUST_256,1600150,PLANT_02,PORT05,14,6.81272
1400003954.0,2026-01-24,PORT04,CARRIER_06,1,DTD,3,0,CUST_144,1600087,PLANT_02,PORT02,13,21.22374
1400003955.0,2026-01-21,PORT08,CARRIER_01,2,DTP,2,0,CUST_153,1600091,PLANT_18,PORT06,47,206.35057
1400003956.0,2026-06-24,PORT06,CARRIER_11,2,DTD,6,0,CUST_322,1600033,PLANT_02,PORT03,38,14.32643
1400003957.0,2026-01-13,PORT07,CARRIER_01,2,DTD,3,2,CUST_091,1600048,PLANT_14,PORT01,31,89.09137
1400003958.0,2026-05-05,PORT03,CARRIER_03,1,DTP,0,0,CUST_258,1600100,PLANT_06,PORT01,36,102.91389
1400003959.0,2026-07-27,PORT04,CARRIER_05,2,DTP,5,0,CUST_307,1600063,PLANT_07,PORT01,23,62.12573
1400003960.0,2026-05-28,PORT06,CARRIER_12,1,DTP,1,0,CUST_120,1600064,PLANT_02,PORT01,16,41.23188
1400003961.0,2026-03-16,PORT07,CARRIER_09,2,DTP,5,0,CUST_115,1600078,PLANT_14,PORT02,48,8.85402
1400003962.0,2026-04-14,PORT01,CARRIER_02,1,DTP,0,0,CUST_178,1600048,PLANT_09,PORT04,50,16.62554
1400003963.0,2026-08-09,PORT06,CARRIER_09,2,DTP,0,0,CUST_297,1600063,PLANT_15,PORT02,14,36.4688
1400003964.0,2026-12-14,PORT02,CARRIER_06,1,DTP,1,0,CUST_128,1600151,PLANT_09,PORT07,41,198.63333
1400003965.0,2026-10-13,PORT04,CARRIER_01,2,DTP,3,0,CUST_190,1600150,PLANT_13,PORT02,25,52.47703
1400003966.0,2026-07-19,PORT01,CARRIER_05,2,DTD,4,0,CUST_272,1600084,PLANT_19,PORT06,37,89.33284
1400003967.0,2026-02-20,PORT05,CARRIER_09,2,DTP,3,0,CUST_094,1600124,PLANT_12,PORT06,9,44.20898
1400003968.0,2026-03-30,PORT01,CARRIER_06,1,DTP,0,0,CUST_285,1600069,PLANT_18,PORT07,27,105.7767
1400003969.0,2026-06-10,PORT07,CARRIER_10,2,DTP,3,0,CUST_070,1600133,PLANT_10,PORT04,10,38.73538
1400003970.0,2026-04-01,PORT08,CARRIER_12,1,DTD,3,0,CUST_072,1600129,PLANT_18,PORT03,42,108.07456
1400003971.0,2026-09-09,PORT08,CARRIER_03,2,DTP,3,0,CUST_119,1600063,PLANT_08,PORT03,23,103.49476
1400003972.0,2026-05-14,PORT02,CARRIER_07,0,DTP,3,0,CUST_144,1600037,PLANT_09,PORT03,17,50.11199
1400003973.0,2026-11-01,PORT01,CARRIER_02,4,DTD,3,0,CUST_015,1600039,PLANT_06,PORT05,37,122.75923
1400003974.0,2026-04-09,PORT07,CARRIER_05,2,DTP,3,0,CUST_481,1600072,PLANT_16,PORT02,48,190.03306
1400003975.0,2026-07-01,PORT04,CARRIER_09,2,CRF,3,0,CUST_155,1600055,PLANT_02,PORT07,20,41.84532
1400003976.0,2026-09-18,PORT02,CARRIER_06,2,CRF,0,0,CUST_403,1600179,PLANT_04,PORT06,38,181.29893
1400003977.0,2026-03-17,PORT06,CARRIER_07,1,DTP,5,0,CUST_451,1600038,PLANT_02,PORT04,36,177.88448
1400003978.0,2026-10-05,PORT02,CARRIER_06,2,DTD,4,0,CUST_401,1600172,PLANT_09,PORT07,27,80.37834
1400003979.0,2026-08-02,PORT02,CARRIER_05,2,DTD,4,0,CUST_416,1600098,PLANT_01,PORT05,42,49.899
1400003980.0,2026-08-25,PORT01,CARRIER_09,2,DTP,4,0,CUST_051,1600094,PLANT_01,PORT08,10,38.9702
1400003981.0,2026-06-15,PORT01,CARRIER_07,2,DTP,3,0,CUST_187,1600052,PLANT_06,PORT06,45,75.53156
1400003982.0,2026-12-08,PORT02,CARRIER_04,1,DTP,6,0,CUST_374,1600130,PLANT_01,PORT06,23,67.33956
1400003983.0,2026-10-09,PORT03,CARRIER_10,2,DTP,3,0,CUST_288,1600050,PLANT_07,PORT08,7,3.67393
1400003984.0,2026-03-12,PORT03,CARRIER_09,2,DTP,3,0,CUST_003,1600014,PLANT_07,PORT01,50,202.81072
1400003985.0,2026-07-22,PORT07,CARRIER_02,2,DTP,4,0,CUST_284,1600009,PLANT_14,PORT01,40,191.98104
1400003986.0,2026-11-26,PORT03,CARRIER_08,2,DTP,5,0,CUST_403,1600154,PLANT_17,PORT02,42,23.59079
1400003987.0,2026-04-12,PORT02,CARRIER_07,2,DTP,3,0,CUST_415,1600147,PLANT_02,PORT03,11,40.53319
1400003988.0,2026-07-15,PORT05,CARRIER_08,2,DTD,4,0,CUST_192,1600095,PLANT_12,PORT02,39,168.40631
1400003989.0,2026-10-03,PORT01,CARRIER_04,2,DTP,3,0,CUST_119,1600199,PLANT_05,PORT05,37,23.55348
1400003990.0,2026-04-10,PORT02,CARRIER_01,0,DTD,3,0,CUST_155,1600163,PLANT_09,PORT07,46,60.22792
1400003991.0,2026-07-08,PORT07,CARRIER_04,2,DTP,5,0,CUST_149,1600129,PLANT_11,PORT03,22,44.44372
1400003992.0,2026-07-21,PORT02,CARRIER_07,2,DTP,3,0,CUST_174,1600172,PLANT_01,PORT04,47,197.4059
1400003993.0,2026-03-06,PORT03,CARRIER_10,2,DTP,4,0,CUST_151,1600144,PLANT_07,PORT06,37,93.15909
1400003994.0,2026-03-06,PORT05,CARRIER_04,2,DTP,4,0,CUST_229,1600156,PLANT_12,PORT03,16,12.33792
1400003995.0,2026-07-25,PORT07,CARRIER_08,2,DTP,0,0,CUST_021,1600188,PLANT_13,PORT03,14,18.98705
1400003996.0,2026-03-07,PORT03,CARRIER_09,2,DTP,5,0,CUST_138,1600122,PLANT_04,PORT04,46,109.94697
1400003997.0,2026-12-13,PORT06,CARRIER_11,2,DTP,0,0,CUST_158,1600037,PLANT_02,PORT07,34,9.94142
1400003998.0,2026-07-11,PORT03,CARRIER_10,2,DTD,4,0,CUST_077,1600046,PLANT_11,PORT04,10,31.91886
1400003999.0,2026-09-15,PORT07,CARRIER_05,1,DTP,4,0,CUST_439,1600192,PLANT_14,PORT02,10,2.24077
1400004000.0,2026-05-25,PORT06,CARRIER_06,1,DTP,3,0,CUST_338,1600073,PLANT_19,PORT04,43,168.82959
1400004001.0,2026-04-20,PORT02,CARRIER_07,1,CRF,5,0,CUST_456,1600047,PLANT_01,PORT03,12,44.35044
1400004002.0,2026-06-27,PORT06,CARRIER_04,2,DTP,3,0,CUST_281,1600080,PLANT_20,PORT01,15,65.10984
1400004003.0,2026-09-17,PORT06,CARRIER_02,2,DTD,2,0,CUST_055,1600142,PLANT_15,PORT04,33,28.80215
1400004004.0,2026-05-26,PORT04,CARRIER_07,1,DTP,3,0,CUST_453,1600171,PLANT_02,PORT06,44,134.31737
1400004005.0,2026-04-14,PORT06,CARRIER_11,2,DTP,3,0,CUST_230,1600020,PLANT_20,PORT01,20,78.5407
1400004006.0,2026-02-22,PORT08,CARRIER_06,2,DTP,3,0,CUST_343,1600062,PLANT_06,PORT07,35,91.95092
1400004007.0,2026-07-18,PORT07,CARRIER_08,2,DTD,1,2,CUST_191,1600148,PLANT_10,PORT08,37,27.41482
1400004008.0,2026-09-06,PORT01,CARRIER_08,2,DTP,3,0,CUST_248,1600133,PLANT_01,PORT02,32,18.71154
1400004009.0,2026-07-12,PORT01,CARRIER_11,2,DTD,5,0,CUST_245,1600071,PLANT_18,PORT04,36,110.4803
1400004010.0,2026-04-04,PORT07,CARRIER_07,3,DTP,3,0,CUST_143,1600193,PLANT_11,PORT04,15,38.07416
1400004011.0,2026-04-01,PORT06,CARRIER_08,2,DTP,5,0,CUST_278,1600100,PLANT_19,PORT08,33,153.60987
1400004012.0,2026-05-18,PORT08,CARRIER_11,2,DTP,3,0,CUST_367,1600075,PLANT_06,PORT01,5,20.9291
1400004013.0,2026-05-07,PORT02,CARRIER_02,2,DTP,5,0,CUST_011,1600161,PLANT_04,PORT08,38,138.5621
1400004014.0,2026-03-16,PORT04,CARRIER_02,2,DTP,4,0,CUST_066,1600159,PLANT_02,PORT02,41,201.46351
1400004015.0,2026-12-10,PORT07,CARRIER_07,1,DTD,3,0,CUST_422,1600021,PLANT_14,PORT04,41,143.64729
1400004016.0,2026-05-01,PORT06,CARRIER_11,2,DTD,3,0,CUST_285,1600050,PLANT_19,PORT05,6,3.31546
1400004017.0,2026-04-02,PORT06,CARRIER_12,2,DTP,6,0,CUST_487,1600032,PLANT_19,PORT05,46,22.0827
1400004018.0,2026-08-10,PORT08,CARRIER_05,1,DTD,6,0,CUST_303,1600164,PLANT_18,PORT03,24,98.34622
1400004019.0,2026-10-20,PORT07,CARRIER_03,2,DTD,3,0,CUST_327,1600048,PLANT_13,PORT06,8,14.93958
1400004020.0,2026-06-19,PORT07,CARRIER_09,1,DTD,4,4,CUST_450,1600181,PLANT_11,PORT05,29,134.24073
1400004021.0,2026-09-01,PORT07,CARRIER_04,2,DTD,5,0,CUST_331,1600096,PLANT_11,PORT06,31,21.06179
1400004022.0,2026-02-04,PORT08,CARRIER_03,2,CRF,1,0,CUST_165,1600191,PLANT_18,PORT04,23,24.7033
1400004023.0,2026-07-14,PORT01,CARRIER_08,2,DTD,3,0,CUST_264,1600193,PLANT_19,PORT07,39,151.65231
1400004024.0,2026-01-25,PORT01,CARRIER_10,2,DTP,4,3,CUST_118,1600154,PLANT_19,PORT02,30,127.57874
1400004025.0,2026-02-20,PORT01,CARRIER_07,2,DTP,0,0,CUST_168,1600030,PLANT_06,PORT06,14,60.88967
1400004026.0,2026-08-05,PORT06,CARRIER_05,2,DTP,4,0,CUST_341,1600025,PLANT_02,PORT07,33,19.33082
1400004027.0,2026-03-16,PORT04,CARRIER_03,1,DTP,0,0,CUST_075,1600083,PLANT_07,PORT05,17,33.50413
1400004028.0,2026-01-14,PORT06,CARRIER_12,2,DTP,3,0,CUST_336,1600103,PLANT_17,PORT03,10,32.67293
1400004029.0,2026-03-07,PORT07,CARRIER_02,0,DTP,3,0,CUST_293,1600152,PLANT_16,PORT03,17,78.23567
1400004030.0,2026-10-10,PORT06,CARRIER_08,2,DTP,3,0,CUST_155,1600099,PLANT_02,PORT08,46,58.47399
1400004031.0,2026-08-03,PORT07,CARRIER_02,0,DTP,0,0,CUST_023,1600014,PLANT_07,PORT02,31,94.29208
1400004032.0,2026-05-20,PORT08,CARRIER_06,1,DTD,3,0,CUST_353,1600133,PLANT_08,PORT05,19,15.26165
1400004033.0,2026-12-22,PORT08,CARRIER_07,2,DTD,1,0,CUST_413,1600068,PLANT_03,PORT04,21,78.99498
1400004034.0,2026-05-21,PORT07,CARRIER_10,2,DTP,0,0,CUST_366,1600153,PLANT_10,PORT08,44,31.89427
1400004035.0,2026-11-17,PORT07,CARRIER_11,2,DTP,4,0,CUST_211,1600137,PLANT_14,PORT05,35,174.997
1400004036.0,2026-05-06,PORT06,CARRIER_11,2,DTP,0,0,CUST_327,1600162,PLANT_02,PORT02,40,22.08431
1400004037.0,2026-01-10,PORT02,CARRIER_07,2,DTP,0,0,CUST_208,1600170,PLANT_02,PORT06,33,114.11902
1400004038.0,2026-02-10,PORT03,CARRIER_07,2,CRF,0,0,CUST_180,1600197,PLANT_17,PORT07,50,195.37451
1400004039.0,2026-04-10,PORT01,CARRIER_05,2,DTP,3,0,CUST_164,1600166,PLANT_06,PORT06,35,47.74525
1400004040.0,2026-03-10,PORT04,CARRIER_03,2,DTP,1,0,CUST_106,1600041,PLANT_15,PORT03,23,31.01919
1400004041.0,2026-02-27,PORT02,CARRIER_03,2,DTP,3,0,CUST_485,1600128,PLANT_05,PORT06,16,48.33793
1400004042.0,2026-05-20,PORT01,CARRIER_02,2,DTD,3,0,CUST_334,1600067,PLANT_19,PORT02,7,22.32528
1400004043.0,2026-12-23,PORT03,CARRIER_11,2,DTP,0,0,CUST_088,1600149,PLANT_11,PORT07,40,145.22309
1400004044.0,2026-03-15,PORT08,CARRIER_09,2,DTP,0,0,CUST_433,1600047,PLANT_06,PORT01,47,138.34171
1400004045.0,2026-03-27,PORT02,CARRIER_12,2,DTP,3,0,CUST_076,1600037,PLANT_09,PORT05,35,33.42105
1400004046.0,2026-12-30,PORT01,CARRIER_04,2,DTD,5,0,CUST_297,1600036,PLANT_01,PORT06,27,124.96418
1400004047.0,2026-03-15,PORT06,CARRIER_09,2,DTP,0,0,CUST_083,1600033,PLANT_02,PORT05,11,10.08036
1400004048.0,2026-10-31,PORT01,CARRIER_01,2,DTP,3,0,CUST_181,1600185,PLANT_05,PORT08,34,97.56874
1400004049.0,2026-08-15,PORT06,CARRIER_07,2,DTP,6,0,CUST_330,1600170,PLANT_15,PORT02,14,64.5122
1400004050.0,2026-12-05,PORT01,CARRIER_05,2,DTP,0,0,CUST_500,1600012,PLANT_03,PORT04,33,150.92718
1400004051.0,2026-07-23,PORT04,CARRIER_11,2,DTD,2,0,CUST_496,1600056,PLANT_13,PORT03,18,16.60935
1400004052.0,2026-08-05,PORT06,CARRIER_06,2,DTP,4,0,CUST_448,1600079,PLANT_17,PORT08,44,55.84274
1400004053.0,2026-03-24,PORT06,CARRIER_07,1,DTP,5,0,CUST_118,1600134,PLANT_02,PORT05,48,146.35526
1400004054.0,2026-07-29,PORT04,CARRIER_11,2,DTD,0,0,CUST_047,1600144,PLANT_13,PORT07,15,26.28158
1400004055.0,2026-09-02,PORT01,CARRIER_05,1,DTP,3,0,CUST_453,1600010,PLANT_05,PORT04,20,73.62656
1400004056.0,2026-12-27,PORT07,CARRIER_11,2,CRF,3,0,CUST_462,1600120,PLANT_14,PORT08,47,125.00972
1400004057.0,2026-02-05,PORT07,CARRIER_03,2,DTD,3,0,CUST_140,1600035,PLANT_14,PORT06,5,7.01921
1400004058.0,2026-02-27,PORT02,CARRIER_11,2,DTP,3,0,CUST_010,1600102,PLANT_02,PORT08,28,59.1944
1400004059.0,2026-01-08,PORT06,CARRIER_02,2,DTP,3,0,CUST_324,1600030,PLANT_20,PORT08,11,38.35089
1400004060.0,2026-10-16,PORT06,CARRIER_07,2,DTP,5,0,CUST_039,1600021,PLANT_02,PORT02,24,94.73262
1400004061.0,2026-01-31,PORT02,CARRIER_06,1,DTD,3,0,CUST_021,1600113,PLANT_09,PORT06,6,11.46509
1400004062.0,2026-12-01,PORT01,CARRIER_02,2,DTP,3,0,CUST_469,1600069,PLANT_09,PORT06,11,6.75871
1400004063.0,2026-05-14,PORT06,CARRIER_05,2,DTD,3,0,CUST_248,1600050,PLANT_19,PORT03,23,42.11432
1400004064.0,2026-04-16,PORT08,CARRIER_02,2,DTD,0,0,CUST_057,1600127,PLANT_06,PORT02,7,22.32515
1400004065.0,2026-12-22,PORT03,CARRIER_03,2,DTP,3,0,CUST_328,1600010,PLANT_04,PORT07,41,156.75028
1400004066.0,2026-09-20,PORT08,CARRIER_09,2,DTP,0,0,CUST_185,1600184,PLANT_18,PORT05,31,136.72024
1400004067.0,2026-07-19,PORT01,CARRIER_07,1,CRF,3,0,CUST_269,1600197,PLANT_09,PORT04,25,120.33788
1400004068.0,2026-11-21,PORT02,CARRIER_09,1,DTD,3,0,CUST_450,1600173,PLANT_01,PORT05,26,70.041
1400004069.0,2026-10-03,PORT06,CARRIER_09,2,CRF,4,0,CUST_119,1600012,PLANT_20,PORT05,43,189.75971
1400004070.0,2026-08-21,PORT07,CARRIER_09,2,DTD,4,0,CUST_324,1600056,PLANT_10,PORT06,43,59.51984
1400004071.0,2026-04-28,PORT04,CARRIER_08,2,DTP,3,0,CUST_415,1600122,PLANT_15,PORT06,7,19.89605
1400004072.0,2026-12-26,PORT04,CARRIER_07,1,DTP,3,0,CUST_212,1600157,PLANT_13,PORT01,36,98.7475
1400004073.0,2026-09-20,PORT02,CARRIER_10,2,DTP,2,0,CUST_486,1600061,PLANT_04,PORT01,26,100.53163
1400004074.0,2026-12-12,PORT01,CARRIER_11,2,CRF,3,0,CUST_225,1600035,PLANT_01,PORT07,41,159.42038
1400004075.0,2026-12-19,PORT02,CARRIER_10,2,CRF,0,0,CUST_230,1600014,PLANT_04,PORT03,41,61.4254
1400004076.0,2026-07-20,PORT03,CARRIER_06,2,DTP,0,0,CUST_443,1600147,PLANT_11,PORT04,37,164.30668
1400004077.0,2026-05-11,PORT07,CARRIER_02,2,DTP,4,0,CUST_318,1600173,PLANT_14,PORT03,36,160.85936
1400004078.0,2026-12-12,PORT06,CARRIER_04,2,DTP,6,0,CUST_435,1600164,PLANT_20,PORT02,14,66.44937
1400004079.0,2026-12-31,PORT01,CARRIER_12,2,DTP,3,0,CUST_396,1600152,PLANT_01,PORT04,44,103.06812
1400004080.0,2026-02-14,PORT07,CARRIER_09,2,DTP,0,0,CUST_357,1600160,PLANT_16,PORT03,37,182.71822
1400004081.0,2026-08-22,PORT03,CARRIER_02,2,CRF,0,0,CUST_121,1600045,PLANT_07,PORT08,17,67.08311
1400004082.0,2026-08-08,PORT06,CARRIER_05,2,DTP,0,0,CUST_200,1600120,PLANT_02,PORT03,15,49.50927
1400004083.0,2026-10-01,PORT05,CARRIER_09,2,DTP,5,0,CUST_433,1600184,PLANT_12,PORT07,28,62.10579
1400004084.0,2026-12-23,PORT07,CARRIER_12,2,DTP,3,0,CUST_309,1600018,PLANT_11,PORT08,20,84.55826
1400004085.0,2026-04-03,PORT03,CARRIER_07,1,DTP,5,0,CUST_141,1600099,PLANT_06,PORT07,36,138.39386
1400004086.0,2026-12-23,PORT01,CARRIER_11,2,DTP,3,4,CUST_164,1600022,PLANT_18,PORT02,23,68.29242
1400004087.0,2026-08-23,PORT07,CARRIER_07,2,DTD,3,0,CUST_388,1600132,PLANT_14,PORT08,12,59.83218
1400004088.0,2026-01-31,PORT01,CARRIER_10,1,CRF,3,0,CUST_090,1600195,PLANT_06,PORT05,23,30.4143
1400004089.0,2026-07-06,PORT01,CARRIER_11,2,CRF,0,0,CUST_057,1600049,PLANT_01,PORT03,42,136.27299
1400004090.0,2026-02-18,PORT06,CARRIER_08,2,DTP,3,0,CUST_383,1600046,PLANT_02,PORT04,43,71.96149
1400004091.0,2026-12-16,PORT08,CARRIER_10,1,DTP,4,0,CUST_145,1600021,PLANT_08,PORT01,19,44.52521
1400004092.0,2026-10-06,PORT06,CARRIER_03,1,DTD,0,0,CUST_383,1600186,PLANT_02,PORT04,41,72.19435
1400004093.0,2026-11-27,PORT07,CARRIER_01,2,DTD,0,0,CUST_267,1600144,PLANT_10,PORT08,9,15.65388
1400004094.0,2026-08-08,PORT07,CARRIER_06,2,DTP,3,0,CUST_499,1600044,PLANT_13,PORT03,50,97.3224
1400004095.0,2026-05-25,PORT02,CARRIER_08,1,DTP,6,0,CUST_263,1600010,PLANT_02,PORT06,40,15.1092
1400004096.0,2026-06-06,PORT01,CARRIER_04,1,DTP,6,0,CUST_434,1600054,PLANT_09,PORT05,6,1.77192
1400004097.0,2026-12-12,PORT07,CARRIER_06,2,DTD,0,0,CUST_426,1600026,PLANT_14,PORT05,37,135.12841
1400004098.0,2026-02-25,PORT06,CARRIER_06,2,DTP,4,0,CUST_106,1600032,PLANT_19,PORT05,27,43.8332
1400004099.0,2026-11-19,PORT08,CARRIER_05,2,DTP,4,0,CUST_499,1600117,PLANT_06,PORT01,45,9.17782
1400004100.0,2026-06-04,PORT02,CARRIER_10,2,DTD,5,0,CUST_373,1600025,PLANT_02,PORT04,16,7.98812
1400004101.0,2026-08-04,PORT02,CARRIER_01,1,DTP,0,0,CUST_054,1600129,PLANT_09,PORT03,46,48.74442
1400004102.0,2026-09-01,PORT01,CARRIER_03,1,DTP,6,0,CUST_004,1600191,PLANT_18,PORT06,45,15.1308
1400004103.0,2026-01-30,PORT01,CARRIER_11,1,DTP,4,0,CUST_136,1600115,PLANT_03,PORT06,17,80.51406
1400004104.0,2026-02-24,PORT04,CARRIER_11,2,DTP,3,4,CUST_009,1600077,PLANT_02,PORT02,24,69.23924
1400004105.0,2026-02-28,PORT01,CARRIER_04,1,DTP,0,0,CUST_179,1600031,PLANT_01,PORT07,34,69.04446
1400004106.0,2026-10-12,PORT08,CARRIER_06,2,DTP,0,0,CUST_499,1600043,PLANT_08,PORT02,16,43.36464
1400004107.0,2026-01-29,PORT03,CARRIER_12,2,DTP,2,0,CUST_240,1600086,PLANT_08,PORT05,50,32.64092
1400004108.0,2026-08-11,PORT04,CARRIER_06,1,DTP,5,0,CUST_012,1600091,PLANT_13,PORT02,13,46.00756
1400004109.0,2026-02-09,PORT06,CARRIER_10,2,CRF,4,0,CUST_247,1600056,PLANT_02,PORT05,16,77.61589
1400004110.0,2026-10-08,PORT06,CARRIER_02,2,DTP,5,0,CUST_110,1600153,PLANT_20,PORT03,28,20.72616
1400004111.0,2026-12-23,PORT06,CARRIER_10,2,DTP,3,0,CUST_429,1600120,PLANT_19,PORT02,26,22.04126
1400004112.0,2026-06-01,PORT03,CARRIER_07,2,DTP,5,0,CUST_046,1600068,PLANT_13,PORT07,7,22.26315
1400004113.0,2026-03-19,PORT03,CARRIER_08,2,DTP,5,0,CUST_386,1600189,PLANT_08,PORT06,46,38.84501
1400004114.0,2026-06-12,PORT07,CARRIER_04,2,DTP,0,0,CUST_223,1600095,PLANT_16,PORT08,16,11.48254
1400004115.0,2026-09-10,PORT03,CARRIER_10,2,DTP,0,0,CUST_010,1600063,PLANT_04,PORT06,9,30.46834
1400004116.0,2026-09-23,PORT04,CARRIER_04,1,DTP,4,0,CUST_337,1600150,PLANT_13,PORT05,28,87.6798
1400004117.0,2026-08-21,PORT03,CARRIER_04,2,DTP,3,0,CUST_228,1600097,PLANT_04,PORT07,47,54.84483
1400004118.0,2026-08-01,PORT07,CARRIER_05,2,DTD,0,0,CUST_386,1600091,PLANT_13,PORT03,5,20.66788
1400004119.0,2026-08-19,PORT07,CARRIER_08,2,DTP,4,0,CUST_310,1600026,PLANT_14,PORT04,27,16.62469
1400004120.0,2026-03-21,PORT02,CARRIER_01,2,DTP,2,0,CUST_394,1600167,PLANT_09,PORT03,46,79.56238
1400004121.0,2026-03-17,PORT05,CARRIER_08,2,DTP,3,0,CUST_231,1600091,PLANT_12,PORT03,46,171.14077
1400004122.0,2026-12-06,PORT08,CARRIER_04,2,CRF,5,0,CUST_004,1600051,PLANT_18,PORT05,12,37.29739
1400004123.0,2026-07-31,PORT04,CARRIER_06,1,DTP,0,0,CUST_066,1600143,PLANT_13,PORT01,33,100.33147
1400004124.0,2026-11-11,PORT02,CARRIER_03,2,DTP,0,0,CUST_230,1600031,PLANT_04,PORT03,43,148.89796
1400004125.0,2026-08-17,PORT02,CARRIER_07,1,DTP,3,0,CUST_199,1600028,PLANT_09,PORT08,35,114.36836
1400004126.0,2026-06-16,PORT03,CARRIER_01,2,DTP,3,0,CUST_398,1600001,PLANT_11,PORT08,35,153.43743
1400004127.0,2026-07-28,PORT01,CARRIER_10,2,DTP,2,0,CUST_206,1600169,PLANT_18,PORT08,40,115.4784
1400004128.0,2026-09-10,PORT07,CARRIER_03,1,DTP,3,0,CUST_431,1600129,PLANT_11,PORT08,25,51.65735
1400004129.0,2026-03-09,PORT06,CARRIER_03,2,DTP,3,0,CUST_094,1600150,PLANT_05,PORT04,8,30.8307
1400004130.0,2026-06-18,PORT08,CARRIER_01,2,DTD,4,0,CUST_193,1600188,PLANT_06,PORT01,34,46.58933
1400004131.0,2026-09-21,PORT01,CARRIER_12,1,DTP,3,0,CUST_379,1600089,PLANT_19,PORT04,33,126.12603
1400004132.0,2026-02-01,PORT03,CARRIER_09,2,DTP,1,0,CUST_063,1600055,PLANT_17,PORT05,44,64.76455
1400004133.0,2026-01-27,PORT06,CARRIER_06,2,CRF,1,0,CUST_161,1600041,PLANT_17,PORT02,47,115.33169
1400004134.0,2026-02-28,PORT05,CARRIER_04,0,DTP,2,0,CUST_376,1600054,PLANT_17,PORT08,20,74.44095
1400004135.0,2026-08-04,PORT07,CARRIER_09,2,DTP,0,0,CUST_295,1600153,PLANT_11,PORT01,48,152.42546
1400004136.0,2026-03-29,PORT06,CARRIER_06,1,DTP,0,0,CUST_390,1600181,PLANT_02,PORT07,5,2.59938
1400004137.0,2026-06-09,PORT06,CARRIER_11,0,DTP,4,0,CUST_258,1600015,PLANT_02,PORT05,49,112.11898
1400004138.0,2026-02-18,PORT01,CARRIER_09,2,DTP,4,0,CUST_430,1600165,PLANT_18,PORT04,11,44.85901
1400004139.0,2026-04-02,PORT04,CARRIER_12,1,DTD,1,0,CUST_439,1600098,PLANT_02,PORT01,34,169.46104
1400004140.0,2026-01-07,PORT08,CARRIER_11,2,DTP,5,0,CUST_488,1600098,PLANT_03,PORT07,36,85.94316
1400004141.0,2026-10-22,PORT01,CARRIER_08,2,DTP,3,0,CUST_062,1600135,PLANT_06,PORT06,34,17.71523
1400004142.0,2026-06-20,PORT07,CARRIER_01,1,CRF,3,0,CUST_296,1600027,PLANT_11,PORT01,50,94.7155
1400004143.0,2026-03-06,PORT02,CARRIER_12,3,DTP,5,0,CUST_058,1600099,PLANT_02,PORT03,30,75.01868
1400004144.0,2026-07-12,PORT02,CARRIER_03,2,DTP,2,0,CUST_115,1600085,PLANT_02,PORT04,11,5.0578
1400004145.0,2026-12-07,PORT06,CARRIER_07,2,CRF,3,0,CUST_151,1600019,PLANT_15,PORT02,32,138.71581
1400004146.0,2026-10-29,PORT01,CARRIER_10,2,DTP,2,0,CUST_324,1600022,PLANT_19,PORT08,18,49.32138
1400004147.0,2026-11-19,PORT03,CARRIER_04,2,DTD,5,0,CUST_216,1600019,PLANT_04,PORT08,33,70.58589
1400004148.0,2026-05-29,PORT03,CARRIER_10,1,DTP,1,0,CUST_433,1600067,PLANT_08,PORT01,22,45.01649
1400004149.0,2026-05-12,PORT06,CARRIER_07,1,DTP,3,0,CUST_150,1600171,PLANT_02,PORT01,6,1.43227
1400004150.0,2026-04-26,PORT01,CARRIER_12,2,DTP,0,0,CUST_309,1600146,PLANT_06,PORT06,34,89.84468
1400004151.0,2026-04-22,PORT07,CARRIER_02,1,DTP,3,0,CUST_382,1600008,PLANT_14,PORT06,9,21.87291
1400004152.0,2026-12-02,PORT03,CARRIER_04,2,DTD,3,0,CUST_491,1600093,PLANT_13,PORT02,20,35.89676
1400004153.0,2026-02-20,PORT04,CARRIER_09,2,DTP,4,0,CUST_123,1600121,PLANT_07,PORT07,33,109.80812
1400004154.0,2026-11-07,PORT01,CARRIER_11,2,DTP,1,0,CUST_367,1600132,PLANT_18,PORT04,45,95.13261
1400004155.0,2026-12-01,PORT01,CARRIER_03,1,DTP,2,0,CUST_043,1600036,PLANT_09,PORT08,19,55.13123
1400004156.0,2026-11-05,PORT08,CARRIER_09,2,DTP,0,0,CUST_272,1600182,PLANT_03,PORT04,18,79.86074
1400004157.0,2026-08-18,PORT08,CARRIER_05,2,DTP,2,0,CUST_207,1600058,PLANT_08,PORT05,18,33.89481
1400004158.0,2026-11-09,PORT07,CARRIER_11,1,DTP,1,0,CUST_480,1600014,PLANT_14,PORT05,31,63.54463
1400004159.0,2026-01-12,PORT03,CARRIER_05,2,DTP,3,0,CUST_387,1600093,PLANT_07,PORT08,13,56.45808
1400004160.0,2026-10-26,PORT02,CARRIER_12,1,DTP,3,0,CUST_464,1600049,PLANT_04,PORT01,29,53.78515
1400004161.0,2026-07-06,PORT07,CARRIER_03,2,DTP,6,0,CUST_426,1600041,PLANT_14,PORT01,41,92.36801
1400004162.0,2026-12-16,PORT04,CARRIER_12,2,DTP,3,0,CUST_206,1600094,PLANT_15,PORT07,8,32.19184
1400004163.0,2026-02-01,PORT03,CARRIER_09,1,DTP,0,0,CUST_367,1600112,PLANT_04,PORT06,49,147.00724
1400004164.0,2026-12-06,PORT03,CARRIER_03,1,DTP,4,0,CUST_016,1600058,PLANT_11,PORT02,29,135.60518
1400004165.0,2026-07-29,PORT05,CARRIER_04,2,DTP,0,0,CUST_279,1600128,PLANT_12,PORT01,33,79.4062
1400004166.0,2026-02-07,PORT06,CARRIER_01,2,CRF,4,0,CUST_024,1600029,PLANT_20,PORT05,33,80.75857
1400004167.0,2026-07-05,PORT04,CARRIER_12,2,DTP,3,0,CUST_363,1600001,PLANT_07,PORT05,48,14.89675
1400004168.0,2026-01-14,PORT01,CARRIER_02,2,DTD,0,0,CUST_484,1600025,PLANT_09,PORT03,35,37.33749
1400004169.0,2026-01-31,PORT01,CARRIER_01,2,DTP,6,0,CUST_341,1600025,PLANT_18,PORT08,45,123.56985
1400004170.0,2026-07-14,PORT02,CARRIER_08,2,DTD,3,0,CUST_420,1600148,PLANT_04,PORT05,18,18.30316
1400004171.0,2026-10-25,PORT07,CARRIER_06,1,DTP,5,0,CUST_118,1600051,PLANT_10,PORT06,15,34.83838
1400004172.0,2026-02-09,PORT06,CARRIER_09,2,DTP,3,3,CUST_497,1600138,PLANT_19,PORT01,34,50.60064
1400004173.0,2026-04-06,PORT04,CARRIER_06,1,DTP,3,0,CUST_276,1600084,PLANT_13,PORT02,12,2.42382
1400004174.0,2026-05-23,PORT07,CARRIER_03,2,DTD,3,0,CUST_338,1600183,PLANT_16,PORT08,10,24.28036
1400004175.0,2026-07-17,PORT07,CARRIER_08,1,DTD,3,0,CUST_386,1600075,PLANT_14,PORT02,14,45.73412
1400004176.0,2026-01-01,PORT02,CARRIER_11,2,DTP,4,0,CUST_320,1600140,PLANT_02,PORT05,17,29.87487
1400004177.0,2026-08-22,PORT02,CARRIER_02,0,CRF,0,0,CUST_159,1600037,PLANT_09,PORT03,9,35.14484
1400004178.0,2026-07-01,PORT07,CARRIER_04,1,DTP,3,0,CUST_306,1600096,PLANT_13,PORT02,38,30.99524
1400004179.0,2026-12-18,PORT06,CARRIER_11,2,DTD,1,0,CUST_327,1600064,PLANT_20,PORT01,31,16.96721
1400004180.0,2026-04-20,PORT03,CARRIER_12,2,CRF,3,0,CUST_429,1600059,PLANT_04,PORT07,14,65.53013
1400004181.0,2026-06-30,PORT02,CARRIER_03,2,CRF,0,0,CUST_241,1600179,PLANT_09,PORT01,18,83.09011
1400004182.0,2026-01-30,PORT04,CARRIER_10,2,DTP,2,0,CUST_251,1600175,PLANT_13,PORT01,47,98.32714
1400004183.0,2026-12-01,PORT07,CARRIER_05,2,DTD,3,0,CUST_252,1600120,PLANT_16,PORT08,46,99.25265
1400004184.0,2026-11-01,PORT06,CARRIER_09,2,DTP,3,0,CUST_058,1600034,PLANT_15,PORT03,10,42.70074
1400004185.0,2026-05-10,PORT07,CARRIER_07,1,DTD,5,0,CUST_046,1600164,PLANT_14,PORT04,33,89.08526
1400004186.0,2026-06-18,PORT08,CARRIER_05,2,DTP,0,0,CUST_011,1600108,PLANT_18,PORT04,19,12.80329
1400004187.0,2026-11-09,PORT04,CARRIER_01,2,DTP,3,0,CUST_334,1600085,PLANT_15,PORT06,21,13.92048
1400004188.0,2026-04-18,PORT02,CARRIER_05,1,DTP,2,0,CUST_210,1600180,PLANT_01,PORT03,32,23.7613
1400004189.0,2026-03-28,PORT04,CARRIER_08,1,DTP,3,0,CUST_433,1600081,PLANT_15,PORT05,50,196.28748
1400004190.0,2026-03-30,PORT06,CARRIER_10,2,DTP,3,0,CUST_352,1600098,PLANT_20,PORT07,31,94.52804
1400004191.0,2026-09-16,PORT07,CARRIER_03,2,DTP,0,0,CUST_071,1600032,PLANT_10,PORT01,48,75.30501
1400004192.0,2026-03-19,PORT03,CARRIER_03,2,DTP,3,0,CUST_051,1600198,PLANT_11,PORT02,42,37.55471
1400004193.0,2026-02-02,PORT07,CARRIER_10,1,DTP,0,0,CUST_184,1600199,PLANT_10,PORT04,40,28.19885
1400004194.0,2026-03-02,PORT04,CARRIER_03,2,DTP,0,0,CUST_461,1600006,PLANT_02,PORT05,41,153.04475
1400004195.0,2026-12-26,PORT08,CARRIER_04,2,DTP,5,0,CUST_025,1600177,PLANT_08,PORT02,41,182.06979
1400004196.0,2026-11-15,PORT02,CARRIER_05,2,DTD,5,0,CUST_094,1600065,PLANT_02,PORT06,16,43.23655
1400004197.0,2026-12-15,PORT06,CARRIER_08,1,DTP,3,0,CUST_015,1600158,PLANT_02,PORT08,49,190.42769
1400004198.0,2026-04-12,PORT02,CARRIER_04,2,DTD,0,0,CUST_207,1600154,PLANT_04,PORT07,47,69.90447
1400004199.0,2026-06-11,PORT02,CARRIER_06,2,DTP,2,0,CUST_495,1600108,PLANT_02,PORT08,32,95.03208
1400004200.0,2026-06-29,PORT04,CARRIER_12,0,DTP,2,0,CUST_342,1600196,PLANT_13,PORT03,37,83.11644
1400004201.0,2026-07-11,PORT04,CARRIER_11,2,DTP,3,0,CUST_247,1600152,PLANT_13,PORT08,45,23.83657
1400004202.0,2026-01-10,PORT02,CARRIER_06,1,DTD,4,0,CUST_073,1600110,PLANT_04,PORT06,12,29.85717
1400004203.0,2026-08-07,PORT02,CARRIER_05,2,DTP,3,2,CUST_178,1600148,PLANT_01,PORT07,7,29.74479
1400004204.0,2026-01-15,PORT02,CARRIER_05,2,DTP,3,4,CUST_263,1600132,PLANT_01,PORT04,50,17.68672
1400004205.0,2026-04-11,PORT02,CARRIER_07,2,CRF,0,0,CUST_138,1600184,PLANT_01,PORT04,30,73.13458
1400004206.0,2026-04-17,PORT01,CARRIER_05,2,DTP,3,0,CUST_353,1600127,PLANT_19,PORT02,38,166.40158
1400004207.0,2026-09-04,PORT07,CARRIER_07,1,DTP,2,0,CUST_491,1600116,PLANT_14,PORT06,28,111.19787
1400004208.0,2026-11-24,PORT06,CARRIER_07,2,DTP,3,0,CUST_103,1600069,PLANT_02,PORT08,28,70.50134
1400004209.0,2026-09-12,PORT07,CARRIER_02,2,DTP,3,0,CUST_127,1600124,PLANT_16,PORT05,6,5.63753
1400004210.0,2026-06-08,PORT03,CARRIER_08,1,DTP,0,0,CUST_064,1600117,PLANT_06,PORT01,18,76.64001
1400004211.0,2026-07-11,PORT06,CARRIER_07,2,DTP,5,0,CUST_363,1600190,PLANT_17,PORT02,8,6.80288
1400004212.0,2026-07-07,PORT01,CARRIER_12,1,DTD,4,0,CUST_231,1600051,PLANT_09,PORT04,24,34.95412
1400004213.0,2026-02-23,PORT01,CARRIER_06,0,DTP,3,3,CUST_142,1600127,PLANT_06,PORT05,6,4.25369
1400004214.0,2026-12-16,PORT02,CARRIER_06,2,DTP,0,0,CUST_110,1600025,PLANT_09,PORT03,41,96.31493
1400004215.0,2026-12-02,PORT04,CARRIER_03,0,DTP,0,0,CUST_036,1600117,PLANT_02,PORT03,18,57.29526
1400004216.0,2026-03-29,PORT07,CARRIER_02,1,DTP,0,0,CUST_239,1600137,PLANT_14,PORT05,39,161.96231
1400004217.0,2026-02-11,PORT01,CARRIER_08,0,DTP,3,0,CUST_342,1600093,PLANT_03,PORT05,7,16.52388
1400004218.0,2026-03-02,PORT01,CARRIER_05,2,DTP,1,0,CUST_118,1600175,PLANT_01,PORT06,6,29.13918
1400004219.0,2026-08-18,PORT08,CARRIER_07,0,DTP,4,1,CUST_001,1600095,PLANT_03,PORT04,24,72.47278
1400004220.0,2026-01-11,PORT08,CARRIER_04,2,DTD,3,0,CUST_237,1600171,PLANT_18,PORT01,41,125.52598
1400004221.0,2026-02-07,PORT07,CARRIER_02,1,DTD,3,0,CUST_338,1600087,PLANT_16,PORT05,42,40.27428
1400004222.0,2026-08-25,PORT07,CARRIER_12,2,DTP,5,0,CUST_173,1600024,PLANT_14,PORT02,30,30.94706
1400004223.0,2026-02-23,PORT03,CARRIER_08,2,DTD,3,0,CUST_126,1600112,PLANT_13,PORT08,33,96.54045
1400004224.0,2026-01-26,PORT01,CARRIER_07,2,DTD,3,0,CUST_078,1600125,PLANT_01,PORT04,36,130.76313
1400004225.0,2026-01-08,PORT07,CARRIER_06,2,DTP,6,0,CUST_374,1600006,PLANT_14,PORT06,35,38.6072
1400004226.0,2026-09-15,PORT03,CARRIER_01,2,DTD,3,0,CUST_431,1600076,PLANT_06,PORT05,39,96.39578
1400004227.0,2026-05-13,PORT02,CARRIER_11,2,DTP,3,0,CUST_385,1600174,PLANT_02,PORT06,6,11.07228
1400004228.0,2026-04-14,PORT01,CARRIER_08,2,CRF,3,0,CUST_260,1600186,PLANT_18,PORT07,24,53.99862
1400004229.0,2026-08-22,PORT03,CARRIER_07,1,DTP,3,0,CUST_363,1600025,PLANT_11,PORT08,43,51.10299
1400004230.0,2026-03-04,PORT06,CARRIER_12,2,DTD,4,0,CUST_199,1600127,PLANT_05,PORT08,25,19.73855
1400004231.0,2026-07-10,PORT07,CARRIER_03,2,DTP,3,0,CUST_013,1600030,PLANT_14,PORT03,11,18.37501
1400004232.0,2026-06-26,PORT07,CARRIER_03,2,DTP,0,4,CUST_184,1600056,PLANT_07,PORT02,35,152.51921
1400004233.0,2026-09-04,PORT06,CARRIER_09,0,DTD,5,0,CUST_352,1600050,PLANT_02,PORT07,18,72.82091
1400004234.0,2026-08-16,PORT01,CARRIER_11,2,DTP,3,0,CUST_324,1600177,PLANT_06,PORT04,28,16.74695
1400004235.0,2026-09-04,PORT01,CARRIER_06,2,DTP,4,0,CUST_496,1600046,PLANT_09,PORT07,28,14.84733
1400004236.0,2026-03-19,PORT08,CARRIER_02,2,DTP,0,2,CUST_499,1600007,PLANT_15,PORT03,37,93.07206
1400004237.0,2026-02-21,PORT03,CARRIER_11,2,DTD,3,0,CUST_122,1600110,PLANT_04,PORT01,47,68.58112
1400004238.0,2026-07-14,PORT08,CARRIER_02,1,DTP,5,0,CUST_005,1600000,PLANT_03,PORT02,36,148.85231
1400004239.0,2026-01-21,PORT05,CARRIER_06,1,DTP,3,0,CUST_138,1600077,PLANT_12,PORT08,50,124.11439
1400004240.0,2026-06-15,PORT07,CARRIER_05,1,DTD,0,0,CUST_439,1600127,PLANT_14,PORT01,5,21.39134
1400004241.0,2026-08-17,PORT07,CARRIER_03,2,DTD,3,0,CUST_407,1600029,PLANT_11,PORT04,41,25.83714
1400004242.0,2026-10-27,PORT01,CARRIER_12,2,DTP,0,0,CUST_050,1600167,PLANT_01,PORT06,24,116.48106
1400004243.0,2026-08-27,PORT07,CARRIER_06,3,DTP,3,0,CUST_081,1600017,PLANT_13,PORT04,38,146.63427
1400004244.0,2026-12-30,PORT03,CARRIER_08,2,DTP,0,0,CUST_282,1600152,PLANT_08,PORT01,8,29.48956
1400004245.0,2026-07-23,PORT05,CARRIER_02,2,DTP,1,0,CUST_331,1600069,PLANT_12,PORT01,29,136.50472
1400004246.0,2026-06-12,PORT07,CARRIER_10,2,DTD,0,0,CUST_492,1600189,PLANT_13,PORT01,6,14.4269
1400004247.0,2026-03-31,PORT08,CARRIER_05,2,CRF,3,0,CUST_378,1600118,PLANT_15,PORT06,35,29.03445
1400004248.0,2026-09-03,PORT04,CARRIER_02,2,DTD,3,0,CUST_106,1600167,PLANT_02,PORT06,14,35.48739
1400004249.0,2026-10-23,PORT06,CARRIER_07,2,DTD,1,0,CUST_019,1600034,PLANT_19,PORT05,11,45.04056
1400004250.0,2026-04-28,PORT01,CARRIER_08,1,DTD,3,0,CUST_317,1600049,PLANT_06,PORT06,8,34.49408
1400004251.0,2026-01-28,PORT06,CARRIER_08,2,DTP,3,0,CUST_277,1600167,PLANT_02,PORT01,17,42.39586
1400004252.0,2026-01-04,PORT07,CARRIER_10,2,DTP,6,0,CUST_461,1600033,PLANT_14,PORT02,49,180.72576
1400004253.0,2026-08-19,PORT05,CARRIER_05,1,DTP,4,0,CUST_288,1600143,PLANT_12,PORT06,50,65.50341
1400004254.0,2026-08-31,PORT06,CARRIER_04,2,DTP,5,0,CUST_251,1600084,PLANT_02,PORT01,8,9.83744
1400004255.0,2026-02-13,PORT03,CARRIER_02,1,DTP,4,0,CUST_152,1600125,PLANT_11,PORT01,50,148.63359
1400004256.0,2026-01-09,PORT06,CARRIER_12,1,DTP,3,0,CUST_044,1600159,PLANT_15,PORT01,32,69.33058
1400004257.0,2026-08-27,PORT07,CARRIER_04,1,DTP,0,0,CUST_439,1600127,PLANT_14,PORT06,19,16.89398
1400004258.0,2026-05-26,PORT01,CARRIER_12,2,DTP,5,0,CUST_414,1600196,PLANT_19,PORT05,48,183.87246
1400004259.0,2026-06-02,PORT06,CARRIER_07,2,DTP,4,0,CUST_082,1600024,PLANT_20,PORT01,16,43.32036
1400004260.0,2026-04-06,PORT06,CARRIER_12,0,DTP,1,0,CUST_352,1600158,PLANT_19,PORT07,13,34.44899
1400004261.0,2026-09-20,PORT07,CARRIER_07,2,DTD,1,0,CUST_183,1600134,PLANT_11,PORT04,15,15.41425
1400004262.0,2026-09-29,PORT04,CARRIER_12,1,DTP,3,0,CUST_219,1600185,PLANT_02,PORT03,11,14.09748
1400004263.0,2026-01-20,PORT07,CARRIER_11,2,DTD,1,0,CUST_425,1600063,PLANT_14,PORT05,27,94.34525
1400004264.0,2026-02-02,PORT06,CARRIER_01,2,DTP,6,0,CUST_422,1600045,PLANT_20,PORT07,11,47.01758
1400004265.0,2026-07-22,PORT03,CARRIER_01,1,DTP,0,0,CUST_096,1600044,PLANT_13,PORT06,15,14.52509
1400004266.0,2026-08-09,PORT06,CARRIER_02,1,DTP,0,0,CUST_154,1600099,PLANT_02,PORT02,22,89.77087
1400004267.0,2026-02-22,PORT03,CARRIER_07,2,CRF,0,0,CUST_411,1600165,PLANT_17,PORT07,34,134.69665
1400004268.0,2026-02-27,PORT07,CARRIER_02,2,CRF,3,5,CUST_459,1600152,PLANT_13,PORT01,44,180.09499
1400004269.0,2026-09-07,PORT07,CARRIER_03,2,DTP,3,0,CUST_040,1600178,PLANT_14,PORT05,8,23.60436
1400004270.0,2026-06-15,PORT02,CARRIER_03,1,DTP,3,0,CUST_417,1600007,PLANT_01,PORT05,34,62.01688
1400004271.0,2026-02-13,PORT07,CARRIER_11,1,DTP,0,0,CUST_245,1600035,PLANT_14,PORT01,9,34.90202
1400004272.0,2026-08-11,PORT05,CARRIER_04,0,DTP,5,0,CUST_296,1600004,PLANT_17,PORT07,50,122.58663
1400004273.0,2026-01-27,PORT07,CARRIER_09,2,DTP,3,0,CUST_038,1600190,PLANT_16,PORT03,17,20.18128
1400004274.0,2026-03-26,PORT06,CARRIER_05,2,DTP,0,0,CUST_341,1600166,PLANT_20,PORT05,44,91.15459
1400004275.0,2026-09-18,PORT02,CARRIER_04,2,DTP,0,0,CUST_339,1600027,PLANT_01,PORT03,40,93.7125
1400004276.0,2026-03-23,PORT01,CARRIER_02,2,DTP,3,0,CUST_332,1600151,PLANT_09,PORT06,19,48.94763
1400004277.0,2026-01-24,PORT05,CARRIER_07,0,DTD,3,0,CUST_396,1600098,PLANT_17,PORT07,19,85.46317
1400004278.0,2026-12-17,PORT07,CARRIER_07,2,DTP,3,0,CUST_474,1600080,PLANT_13,PORT04,19,40.17946
1400004279.0,2026-03-23,PORT03,CARRIER_11,2,DTP,0,0,CUST_425,1600141,PLANT_13,PORT07,26,38.8849
1400004280.0,2026-07-07,PORT03,CARRIER_11,1,DTP,5,0,CUST_373,1600101,PLANT_13,PORT08,25,120.38762
1400004281.0,2026-10-29,PORT04,CARRIER_02,2,DTP,2,4,CUST_491,1600198,PLANT_02,PORT06,35,44.99411
1400004282.0,2026-12-28,PORT04,CARRIER_07,2,DTP,1,0,CUST_338,1600010,PLANT_02,PORT07,26,4.01622
1400004283.0,2026-10-23,PORT07,CARRIER_04,1,DTD,3,0,CUST_337,1600112,PLANT_16,PORT05,41,174.82904
1400004284.0,2026-05-04,PORT05,CARRIER_08,2,CRF,3,0,CUST_272,1600065,PLANT_17,PORT04,26,124.19639
1400004285.0,2026-11-08,PORT02,CARRIER_06,0,DTP,6,0,CUST_385,1600172,PLANT_01,PORT06,19,65.40648
1400004286.0,2026-01-05,PORT02,CARRIER_05,1,DTP,3,0,CUST_036,1600037,PLANT_09,PORT06,20,41.94967
1400004287.0,2026-04-30,PORT08,CARRIER_03,2,DTP,0,0,CUST_253,1600065,PLANT_15,PORT06,38,105.04712
1400004288.0,2026-03-14,PORT01,CARRIER_06,2,DTP,6,0,CUST_213,1600007,PLANT_09,PORT07,11,45.94488
1400004289.0,2026-07-12,PORT07,CARRIER_02,0,DTD,3,0,CUST_457,1600042,PLANT_16,PORT01,18,79.88702
1400004290.0,2026-11-22,PORT02,CARRIER_06,2,DTP,3,0,CUST_037,1600038,PLANT_02,PORT07,19,11.44516
1400004291.0,2026-10-10,PORT06,CARRIER_03,0,DTP,0,2,CUST_322,1600098,PLANT_02,PORT03,34,148.00825
1400004292.0,2026-12-31,PORT08,CARRIER_03,2,DTP,2,0,CUST_093,1600116,PLANT_18,PORT03,10,31.25014
1400004293.0,2026-02-19,PORT06,CARRIER_04,2,DTP,6,0,CUST_442,1600063,PLANT_19,PORT04,25,6.45412
1400004294.0,2026-10-02,PORT04,CARRIER_10,2,DTP,6,0,CUST_426,1600087,PLANT_02,PORT01,36,22.73688
1400004295.0,2026-09-22,PORT03,CARRIER_10,2,DTP,6,0,CUST_118,1600133,PLANT_04,PORT01,47,15.18653
1400004296.0,2026-06-16,PORT08,CARRIER_12,2,DTP,4,0,CUST_436,1600160,PLANT_18,PORT04,25,118.69843
1400004297.0,2026-02-05,PORT01,CARRIER_12,1,DTP,3,0,CUST_249,1600158,PLANT_18,PORT08,50,109.49689
1400004298.0,2026-02-08,PORT07,CARRIER_03,4,DTP,3,0,CUST_486,1600149,PLANT_16,PORT05,32,115.40853
1400004299.0,2026-11-30,PORT06,CARRIER_03,1,DTD,0,0,CUST_365,1600174,PLANT_02,PORT02,40,4.3366
1400004300.0,2026-04-18,PORT03,CARRIER_12,2,DTP,4,0,CUST_018,1600130,PLANT_06,PORT07,16,63.78468
1400004301.0,2026-08-21,PORT03,CARRIER_10,2,DTP,3,0,CUST_102,1600107,PLANT_07,PORT04,47,115.71275
1400004302.0,2026-12-12,PORT05,CARRIER_08,2,DTP,3,0,CUST_202,1600184,PLANT_12,PORT02,16,74.01045
1400004303.0,2026-06-30,PORT04,CARRIER_06,2,DTD,3,0,CUST_106,1600165,PLANT_15,PORT07,11,29.17637
1400004304.0,2026-03-18,PORT07,CARRIER_04,2,DTP,1,0,CUST_067,1600094,PLANT_16,PORT02,8,31.72097
1400004305.0,2026-06-26,PORT05,CARRIER_02,2,DTD,4,0,CUST_490,1600089,PLANT_17,PORT08,35,111.45354
1400004306.0,2026-03-25,PORT02,CARRIER_11,2,DTD,6,0,CUST_435,1600005,PLANT_01,PORT07,33,87.47107
1400004307.0,2026-03-08,PORT04,CARRIER_08,2,DTP,3,0,CUST_218,1600082,PLANT_15,PORT08,14,66.44955
1400004308.0,2026-10-24,PORT06,CARRIER_01,1,CRF,0,0,CUST_108,1600192,PLANT_15,PORT07,45,113.77963
1400004309.0,2026-05-07,PORT02,CARRIER_05,1,DTP,5,0,CUST_091,1600119,PLANT_09,PORT07,17,76.03595
1400004310.0,2026-09-07,PORT01,CARRIER_10,2,DTP,3,0,CUST_458,1600129,PLANT_06,PORT08,33,9.13375
1400004311.0,2026-09-23,PORT03,CARRIER_04,1,DTD,3,0,CUST_166,1600174,PLANT_17,PORT05,29,96.31922
1400004312.0,2026-07-20,PORT07,CARRIER_12,2,DTP,5,0,CUST_007,1600142,PLANT_16,PORT02,32,146.14854
1400004313.0,2026-07-17,PORT07,CARRIER_05,2,DTP,3,0,CUST_199,1600149,PLANT_16,PORT02,39,175.75152
1400004314.0,2026-03-07,PORT06,CARRIER_10,2,DTP,3,0,CUST_228,1600047,PLANT_02,PORT08,47,116.40785
1400004315.0,2026-07-13,PORT07,CARRIER_07,2,DTP,3,0,CUST_312,1600139,PLANT_14,PORT06,38,91.70449
1400004316.0,2026-10-02,PORT07,CARRIER_10,2,DTP,3,0,CUST_170,1600002,PLANT_10,PORT04,46,187.28973
1400004317.0,2026-03-13,PORT02,CARRIER_06,2,DTD,1,0,CUST_462,1600020,PLANT_09,PORT08,44,76.62942
1400004318.0,2026-03-26,PORT07,CARRIER_09,1,DTP,1,0,CUST_322,1600027,PLANT_14,PORT04,21,98.53391
1400004319.0,2026-09-09,PORT04,CARRIER_05,2,DTP,3,0,CUST_494,1600147,PLANT_02,PORT03,30,39.85057
1400004320.0,2026-12-25,PORT08,CARRIER_03,2,DTP,0,0,CUST_184,1600158,PLANT_18,PORT01,14,6.50369
1400004321.0,2026-05-24,PORT07,CARRIER_02,2,DTD,5,3,CUST_326,1600110,PLANT_16,PORT08,47,182.47409
1400004322.0,2026-10-30,PORT04,CARRIER_06,2,DTP,3,0,CUST_183,1600102,PLANT_15,PORT03,49,102.07429
1400004323.0,2026-03-08,PORT04,CARRIER_07,2,DTP,3,0,CUST_350,1600036,PLANT_02,PORT03,45,82.94891
1400004324.0,2026-07-27,PORT04,CARRIER_08,2,CRF,0,0,CUST_373,1600023,PLANT_13,PORT03,39,65.22589
1400004325.0,2026-12-11,PORT08,CARRIER_11,2,DTP,3,0,CUST_161,1600187,PLANT_18,PORT06,44,215.78335
1400004326.0,2026-06-11,PORT05,CARRIER_12,2,DTP,3,0,CUST_469,1600156,PLANT_12,PORT07,41,118.94984
1400004327.0,2026-07-04,PORT04,CARRIER_05,1,DTP,4,6,CUST_429,1600179,PLANT_15,PORT05,15,74.40571
1400004328.0,2026-02-26,PORT05,CARRIER_01,0,CRF,0,0,CUST_448,1600033,PLANT_12,PORT07,17,30.3203
1400004329.0,2026-07-12,PORT02,CARRIER_07,2,DTD,3,0,CUST_109,1600101,PLANT_01,PORT07,29,61.72503
1400004330.0,2026-08-02,PORT02,CARRIER_11,2,DTP,5,0,CUST_359,1600025,PLANT_02,PORT05,24,27.30329
1400004331.0,2026-12-25,PORT08,CARRIER_08,1,DTD,3,0,CUST_054,1600089,PLANT_06,PORT01,38,83.9338
1400004332.0,2026-03-15,PORT05,CARRIER_07,2,DTP,4,0,CUST_053,1600150,PLANT_12,PORT08,38,15.34539
1400004333.0,2026-05-14,PORT07,CARRIER_06,1,DTD,4,0,CUST_487,1600054,PLANT_16,PORT02,49,5.03394
1400004334.0,2026-08-25,PORT03,CARRIER_12,2,DTP,3,0,CUST_077,1600161,PLANT_08,PORT08,41,95.12246
1400004335.0,2026-12-11,PORT02,CARRIER_10,2,CRF,3,0,CUST_433,1600169,PLANT_09,PORT08,5,18.77759
1400004336.0,2026-03-28,PORT02,CARRIER_11,2,DTD,3,0,CUST_216,1600092,PLANT_09,PORT06,20,44.83239
1400004337.0,2026-09-11,PORT07,CARRIER_01,2,DTD,0,0,CUST_152,1600140,PLANT_10,PORT02,20,52.76453
1400004338.0,2026-11-17,PORT08,CARRIER_04,2,DTD,0,0,CUST_037,1600007,PLANT_15,PORT04,34,77.63961
1400004339.0,2026-08-20,PORT03,CARRIER_02,2,DTP,3,0,CUST_338,1600001,PLANT_17,PORT06,20,53.62682
1400004340.0,2026-06-05,PORT08,CARRIER_07,2,DTD,5,0,CUST_361,1600099,PLANT_18,PORT01,50,195.02299
1400004341.0,2026-03-27,PORT04,CARRIER_01,2,DTD,3,0,CUST_234,1600067,PLANT_07,PORT03,18,72.69395
1400004342.0,2026-04-16,PORT02,CARRIER_11,2,DTD,3,0,CUST_405,1600089,PLANT_02,PORT03,25,105.16211
1400004343.0,2026-01-19,PORT08,CARRIER_12,2,DTP,4,3,CUST_162,1600012,PLANT_06,PORT02,42,47.91808
1400004344.0,2026-02-25,PORT02,CARRIER_10,1,DTP,3,0,CUST_276,1600069,PLANT_02,PORT06,21,49.21219
1400004345.0,2026-06-09,PORT02,CARRIER_02,2,DTP,1,0,CUST_144,1600058,PLANT_09,PORT01,7,29.2035
1400004346.0,2026-02-21,PORT06,CARRIER_07,1,DTP,0,0,CUST_292,1600040,PLANT_20,PORT01,20,94.30414
1400004347.0,2026-01-04,PORT04,CARRIER_10,2,CRF,4,0,CUST_069,1600003,PLANT_07,PORT08,21,57.97299
1400004348.0,2026-09-10,PORT08,CARRIER_05,2,DTP,3,0,CUST_239,1600089,PLANT_06,PORT07,33,83.0181
1400004349.0,2026-01-26,PORT07,CARRIER_02,1,DTP,3,0,CUST_275,1600099,PLANT_10,PORT08,37,142.32103
1400004350.0,2026-02-21,PORT04,CARRIER_10,2,DTP,3,0,CUST_279,1600014,PLANT_07,PORT08,30,148.77906
1400004351.0,2026-08-06,PORT07,CARRIER_06,2,DTP,3,0,CUST_224,1600057,PLANT_16,PORT02,23,50.30256
1400004352.0,2026-12-03,PORT07,CARRIER_11,2,DTP,3,0,CUST_322,1600033,PLANT_14,PORT08,28,25.45168
1400004353.0,2026-09-22,PORT01,CARRIER_07,0,DTP,3,0,CUST_257,1600016,PLANT_19,PORT08,11,46.06914
1400004354.0,2026-01-12,PORT02,CARRIER_05,1,DTP,0,0,CUST_142,1600100,PLANT_02,PORT07,13,46.55409
1400004355.0,2026-03-03,PORT03,CARRIER_10,2,DTD,1,0,CUST_108,1600122,PLANT_04,PORT07,33,26.75875
1400004356.0,2026-09-28,PORT02,CARRIER_10,2,DTD,3,0,CUST_324,1600017,PLANT_01,PORT06,44,74.1486
1400004357.0,2026-09-25,PORT05,CARRIER_02,2,DTP,0,0,CUST_470,1600066,PLANT_12,PORT07,29,81.51304
1400004358.0,2026-05-23,PORT07,CARRIER_04,2,DTP,4,0,CUST_377,1600095,PLANT_11,PORT02,7,25.78927
1400004359.0,2026-12-13,PORT01,CARRIER_08,2,DTP,0,0,CUST_320,1600148,PLANT_09,PORT04,50,196.25841
1400004360.0,2026-11-21,PORT02,CARRIER_12,1,DTD,3,0,CUST_461,1600077,PLANT_02,PORT05,19,16.39859
1400004361.0,2026-09-29,PORT02,CARRIER_11,2,DTP,3,0,CUST_450,1600095,PLANT_04,PORT04,39,45.32105
1400004362.0,2026-10-01,PORT01,CARRIER_02,0,DTD,3,3,CUST_254,1600079,PLANT_09,PORT08,46,172.32521
1400004363.0,2026-10-14,PORT07,CARRIER_12,2,DTD,0,0,CUST_055,1600182,PLANT_16,PORT03,50,33.44753
1400004364.0,2026-02-24,PORT07,CARRIER_06,2,DTP,4,0,CUST_318,1600026,PLANT_14,PORT04,10,25.40985
1400004365.0,2026-09-13,PORT01,CARRIER_12,2,DTP,3,0,CUST_312,1600149,PLANT_09,PORT08,13,36.0797
1400004366.0,2026-12-10,PORT07,CARRIER_03,4,CRF,1,0,CUST_139,1600193,PLANT_11,PORT04,34,59.93647
1400004367.0,2026-03-24,PORT07,CARRIER_12,1,DTD,0,0,CUST_425,1600118,PLANT_14,PORT05,40,160.0819
1400004368.0,2026-01-06,PORT07,CARRIER_07,2,DTP,5,0,CUST_435,1600124,PLANT_16,PORT01,43,15.97611
1400004369.0,2026-05-12,PORT08,CARRIER_05,2,DTP,3,0,CUST_166,1600055,PLANT_15,PORT04,30,117.28434
1400004370.0,2026-04-09,PORT02,CARRIER_05,2,DTP,3,0,CUST_239,1600074,PLANT_09,PORT06,12,39.18673
1400004371.0,2026-12-13,PORT08,CARRIER_03,2,DTP,0,0,CUST_098,1600101,PLANT_08,PORT06,37,95.65855
1400004372.0,2026-06-12,PORT04,CARRIER_12,1,DTD,3,0,CUST_090,1600156,PLANT_02,PORT08,35,153.11192
1400004373.0,2026-08-30,PORT01,CARRIER_06,1,DTP,2,0,CUST_133,1600128,PLANT_18,PORT07,26,28.3662
1400004374.0,2026-12-25,PORT08,CARRIER_08,1,DTP,0,0,CUST_183,1600191,PLANT_06,PORT04,34,136.80895
1400004375.0,2026-10-15,PORT07,CARRIER_03,2,DTP,4,0,CUST_137,1600083,PLANT_11,PORT06,14,14.28133
1400004376.0,2026-10-01,PORT04,CARRIER_04,2,DTP,5,0,CUST_076,1600187,PLANT_02,PORT02,42,208.03381
1400004377.0,2026-12-20,PORT06,CARRIER_12,2,DTP,3,0,CUST_224,1600066,PLANT_15,PORT05,7,1.82383
1400004378.0,2026-09-09,PORT04,CARRIER_01,0,DTP,1,0,CUST_312,1600042,PLANT_02,PORT02,43,120.85866
1400004379.0,2026-03-26,PORT04,CARRIER_06,2,DTP,3,0,CUST_163,1600037,PLANT_02,PORT03,43,39.70114
1400004380.0,2026-09-23,PORT01,CARRIER_07,2,DTD,5,0,CUST_267,1600170,PLANT_18,PORT03,36,75.5668
1400004381.0,2026-04-28,PORT08,CARRIER_04,2,DTP,3,0,CUST_136,1600038,PLANT_15,PORT06,42,34.64742
1400004382.0,2026-05-01,PORT05,CARRIER_07,2,DTP,0,0,CUST_352,1600188,PLANT_12,PORT04,46,48.28826
1400004383.0,2026-08-24,PORT08,CARRIER_12,1,DTD,3,0,CUST_325,1600093,PLANT_03,PORT01,12,4.78565
1400004384.0,2026-04-26,PORT03,CARRIER_05,0,DTP,3,0,CUST_481,1600136,PLANT_04,PORT07,30,4.17652
1400004385.0,2026-01-09,PORT01,CARRIER_04,2,DTD,0,0,CUST_027,1600151,PLANT_09,PORT05,34,123.23636
1400004386.0,2026-12-31,PORT01,CARRIER_03,2,DTP,6,0,CUST_427,1600034,PLANT_19,PORT04,48,111.45392
1400004387.0,2026-07-28,PORT07,CARRIER_06,2,DTP,0,0,CUST_171,1600026,PLANT_14,PORT01,38,12.28926
1400004388.0,2026-09-02,PORT02,CARRIER_11,2,DTP,3,5,CUST_034,1600098,PLANT_02,PORT05,32,150.43047
1400004389.0,2026-10-23,PORT07,CARRIER_06,2,DTP,3,0,CUST_345,1600055,PLANT_11,PORT08,30,100.84469
1400004390.0,2026-08-20,PORT01,CARRIER_09,2,DTD,3,0,CUST_086,1600078,PLANT_09,PORT05,11,15.34432
1400004391.0,2026-08-11,PORT08,CARRIER_11,2,DTP,0,0,CUST_088,1600058,PLANT_15,PORT07,19,42.74252
1400004392.0,2026-10-17,PORT07,CARRIER_02,1,DTP,3,0,CUST_490,1600161,PLANT_16,PORT01,24,59.93776
1400004393.0,2026-04-18,PORT07,CARRIER_06,2,DTP,3,0,CUST_111,1600137,PLANT_14,PORT08,45,130.16908
1400004394.0,2026-10-30,PORT03,CARRIER_12,2,DTP,4,0,CUST_274,1600105,PLANT_04,PORT04,44,189.26628
1400004395.0,2026-09-22,PORT02,CARRIER_05,2,DTD,0,0,CUST_101,1600188,PLANT_01,PORT05,34,101.67739
1400004396.0,2026-03-08,PORT04,CARRIER_04,1,DTP,0,0,CUST_062,1600065,PLANT_02,PORT08,9,44.06182
1400004397.0,2026-02-23,PORT07,CARRIER_02,2,CRF,5,0,CUST_001,1600001,PLANT_16,PORT01,38,139.13185
1400004398.0,2026-11-18,PORT02,CARRIER_02,1,DTP,3,0,CUST_009,1600076,PLANT_02,PORT04,26,128.53709
1400004399.0,2026-11-23,PORT07,CARRIER_07,2,DTP,3,0,CUST_237,1600182,PLANT_10,PORT08,34,95.15481
1400004400.0,2026-12-29,PORT02,CARRIER_10,2,DTP,3,0,CUST_218,1600073,PLANT_01,PORT04,24,82.18562
1400004401.0,2026-02-06,PORT02,CARRIER_08,2,DTP,0,0,CUST_020,1600121,PLANT_02,PORT04,38,141.19671
1400004402.0,2026-11-23,PORT07,CARRIER_07,1,CRF,6,0,CUST_175,1600093,PLANT_13,PORT06,15,56.97391
1400004403.0,2026-11-12,PORT01,CARRIER_04,2,DTP,3,0,CUST_137,1600114,PLANT_19,PORT08,11,2.41676
1400004404.0,2026-10-08,PORT07,CARRIER_07,2,DTP,5,0,CUST_286,1600066,PLANT_14,PORT06,15,10.86936
1400004405.0,2026-07-01,PORT08,CARRIER_08,2,DTP,3,0,CUST_498,1600035,PLANT_06,PORT05,47,57.14447
1400004406.0,2026-07-05,PORT07,CARRIER_03,2,DTP,4,0,CUST_346,1600174,PLANT_16,PORT06,8,11.44258
1400004407.0,2026-06-06,PORT02,CARRIER_06,1,DTP,2,0,CUST_460,1600053,PLANT_09,PORT07,18,81.65347
1400004408.0,2026-01-11,PORT01,CARRIER_08,1,DTP,0,0,CUST_097,1600180,PLANT_09,PORT02,20,72.81512
1400004409.0,2026-07-02,PORT06,CARRIER_01,2,DTP,3,0,CUST_108,1600158,PLANT_20,PORT07,43,34.48944
1400004410.0,2026-03-28,PORT05,CARRIER_08,2,DTP,5,0,CUST_376,1600189,PLANT_12,PORT07,21,45.97193
1400004411.0,2026-03-15,PORT03,CARRIER_01,0,DTP,3,0,CUST_156,1600036,PLANT_04,PORT01,46,59.3996
1400004412.0,2026-01-21,PORT07,CARRIER_06,1,DTP,3,0,CUST_425,1600094,PLANT_14,PORT01,50,208.31659
1400004413.0,2026-06-17,PORT07,CARRIER_01,1,DTP,0,0,CUST_232,1600035,PLANT_14,PORT06,34,156.30498
1400004414.0,2026-01-18,PORT08,CARRIER_04,2,DTP,3,0,CUST_101,1600058,PLANT_08,PORT05,20,18.10043
1400004415.0,2026-11-07,PORT07,CARRIER_05,2,DTP,3,0,CUST_423,1600051,PLANT_16,PORT08,32,68.5183
1400004416.0,2026-11-21,PORT07,CARRIER_02,2,DTD,3,0,CUST_276,1600076,PLANT_11,PORT01,35,166.91154
1400004417.0,2026-10-20,PORT02,CARRIER_10,1,DTP,3,0,CUST_402,1600145,PLANT_09,PORT07,10,33.19738
1400004418.0,2026-04-20,PORT01,CARRIER_11,2,DTP,0,0,CUST_227,1600112,PLANT_18,PORT06,43,187.20801
1400004419.0,2026-03-01,PORT04,CARRIER_04,2,DTP,3,0,CUST_064,1600078,PLANT_02,PORT02,25,46.31748
1400004420.0,2026-07-04,PORT06,CARRIER_07,2,DTP,2,0,CUST_341,1600181,PLANT_17,PORT01,43,48.48429
1400004421.0,2026-09-03,PORT08,CARRIER_08,1,DTD,0,0,CUST_063,1600114,PLANT_18,PORT07,33,115.08381
1400004422.0,2026-01-08,PORT04,CARRIER_06,2,DTD,2,0,CUST_332,1600170,PLANT_02,PORT03,44,34.02912
1400004423.0,2026-11-09,PORT08,CARRIER_11,1,DTP,4,0,CUST_209,1600025,PLANT_03,PORT03,8,33.72415
1400004424.0,2026-06-10,PORT06,CARRIER_11,2,DTP,0,0,CUST_396,1600194,PLANT_20,PORT04,6,22.79221
1400004425.0,2026-10-27,PORT07,CARRIER_07,2,DTP,1,0,CUST_436,1600116,PLANT_14,PORT02,10,15.94043
1400004426.0,2026-01-29,PORT05,CARRIER_09,2,DTP,3,0,CUST_204,1600127,PLANT_12,PORT04,45,114.46589
1400004427.0,2026-06-05,PORT07,CARRIER_12,2,DTP,3,0,CUST_442,1600040,PLANT_13,PORT06,50,200.80251
1400004428.0,2026-06-17,PORT01,CARRIER_11,2,DTP,4,0,CUST_056,1600019,PLANT_03,PORT07,50,234.05303
1400004429.0,2026-01-18,PORT07,CARRIER_04,1,DTP,4,0,CUST_054,1600055,PLANT_16,PORT01,20,36.51173
1400004430.0,2026-09-16,PORT03,CARRIER_12,0,DTD,3,3,CUST_497,1600023,PLANT_04,PORT01,17,67.50632
1400004431.0,2026-12-06,PORT08,CARRIER_07,1,CRF,1,0,CUST_288,1600103,PLANT_15,PORT05,21,22.11066
1400004432.0,2026-07-17,PORT06,CARRIER_12,1,DTP,0,0,CUST_226,1600093,PLANT_19,PORT05,42,190.14856
1400004433.0,2026-05-25,PORT07,CARRIER_07,2,DTP,2,0,CUST_078,1600108,PLANT_16,PORT02,16,55.402
1400004434.0,2026-08-21,PORT06,CARRIER_12,2,DTP,3,0,CUST_145,1600099,PLANT_02,PORT03,30,25.45268
1400004435.0,2026-05-12,PORT03,CARRIER_03,2,DTD,0,0,CUST_344,1600140,PLANT_04,PORT08,34,126.6555
1400004436.0,2026-05-12,PORT07,CARRIER_10,2,DTP,4,0,CUST_411,1600051,PLANT_16,PORT02,21,76.60553
1400004437.0,2026-10-05,PORT04,CARRIER_06,2,DTP,6,0,CUST_459,1600066,PLANT_02,PORT01,26,97.1687
1400004438.0,2026-08-04,PORT03,CARRIER_02,2,DTP,3,0,CUST_204,1600082,PLANT_08,PORT06,35,62.64648
1400004439.0,2026-04-07,PORT06,CARRIER_08,2,DTP,3,0,CUST_228,1600152,PLANT_17,PORT04,41,152.72587
1400004440.0,2026-05-29,PORT08,CARRIER_07,1,DTP,4,0,CUST_082,1600164,PLANT_18,PORT01,13,53.95251
1400004441.0,2026-11-01,PORT06,CARRIER_02,2,DTP,1,1,CUST_042,1600159,PLANT_15,PORT04,28,50.42609
1400004442.0,2026-07-12,PORT05,CARRIER_02,2,DTP,6,0,CUST_219,1600112,PLANT_12,PORT02,12,13.42791
1400004443.0,2026-01-28,PORT05,CARRIER_08,1,DTP,3,0,CUST_290,1600085,PLANT_17,PORT07,5,22.25306
1400004444.0,2026-11-09,PORT06,CARRIER_12,2,CRF,3,0,CUST_053,1600137,PLANT_19,PORT05,34,106.80763
1400004445.0,2026-09-28,PORT02,CARRIER_07,2,DTP,0,0,CUST_205,1600111,PLANT_02,PORT04,27,63.60922
1400004446.0,2026-04-08,PORT06,CARRIER_05,2,DTD,3,2,CUST_321,1600001,PLANT_02,PORT01,16,70.57192
1400004447.0,2026-12-19,PORT01,CARRIER_05,2,DTP,1,0,CUST_406,1600090,PLANT_09,PORT07,7,5.36499
1400004448.0,2026-12-14,PORT04,CARRIER_09,2,DTP,0,0,CUST_470,1600005,PLANT_13,PORT06,48,195.4495
1400004449.0,2026-12-30,PORT07,CARRIER_05,2,DTP,3,0,CUST_171,1600027,PLANT_10,PORT01,43,107.71604
1400004450.0,2026-05-18,PORT01,CARRIER_07,2,DTP,0,0,CUST_196,1600048,PLANT_09,PORT03,48,14.80171
1400004451.0,2026-12-04,PORT03,CARRIER_11,1,DTP,0,0,CUST_438,1600104,PLANT_08,PORT06,10,48.65802
1400004452.0,2026-10-22,PORT05,CARRIER_10,0,CRF,5,0,CUST_347,1600026,PLANT_17,PORT07,5,19.56264
1400004453.0,2026-11-14,PORT01,CARRIER_12,2,DTP,0,0,CUST_137,1600037,PLANT_03,PORT07,14,16.13225
1400004454.0,2026-07-19,PORT08,CARRIER_09,2,DTP,3,0,CUST_343,1600042,PLANT_06,PORT03,9,41.63498
1400004455.0,2026-04-12,PORT02,CARRIER_05,2,DTD,0,0,CUST_079,1600091,PLANT_05,PORT03,26,121.76302
1400004456.0,2026-03-24,PORT03,CARRIER_02,2,DTD,3,0,CUST_225,1600106,PLANT_06,PORT08,34,136.75757
1400004457.0,2026-12-19,PORT04,CARRIER_06,2,CRF,6,0,CUST_154,1600032,PLANT_13,PORT01,13,9.40076
1400004458.0,2026-07-03,PORT01,CARRIER_05,2,DTP,3,0,CUST_497,1600058,PLANT_09,PORT08,23,23.30518
1400004459.0,2026-12-05,PORT03,CARRIER_06,2,DTP,6,0,CUST_018,1600064,PLANT_11,PORT04,29,110.04808
1400004460.0,2026-07-22,PORT07,CARRIER_12,2,DTD,3,0,CUST_429,1600040,PLANT_11,PORT08,19,86.97532
1400004461.0,2026-07-15,PORT07,CARRIER_08,2,DTD,3,0,CUST_141,1600008,PLANT_16,PORT02,26,29.99331
1400004462.0,2026-01-27,PORT05,CARRIER_02,1,DTP,0,0,CUST_019,1600124,PLANT_12,PORT03,32,75.4578
1400004463.0,2026-05-27,PORT08,CARRIER_03,0,CRF,6,0,CUST_331,1600080,PLANT_03,PORT06,48,41.20754
1400004464.0,2026-07-22,PORT01,CARRIER_03,2,DTD,5,0,CUST_340,1600079,PLANT_05,PORT06,19,46.40253
1400004465.0,2026-02-09,PORT01,CARRIER_05,1,DTP,0,0,CUST_072,1600092,PLANT_09,PORT04,9,29.23553
1400004466.0,2026-03-01,PORT07,CARRIER_12,2,DTD,0,0,CUST_020,1600143,PLANT_13,PORT01,44,8.40043
1400004467.0,2026-08-04,PORT05,CARRIER_02,1,DTP,3,2,CUST_056,1600003,PLANT_12,PORT04,31,100.76064
1400004468.0,2026-04-01,PORT02,CARRIER_09,2,DTP,0,0,CUST_205,1600156,PLANT_02,PORT03,26,84.10414
1400004469.0,2026-09-13,PORT01,CARRIER_01,2,DTP,2,6,CUST_067,1600022,PLANT_19,PORT04,38,88.52258
1400004470.0,2026-06-18,PORT03,CARRIER_02,2,DTP,6,0,CUST_352,1600076,PLANT_11,PORT05,50,224.37355
1400004471.0,2026-05-28,PORT02,CARRIER_03,2,DTP,5,0,CUST_039,1600121,PLANT_02,PORT05,10,7.60613
1400004472.0,2026-02-12,PORT06,CARRIER_05,2,DTD,3,0,CUST_395,1600176,PLANT_20,PORT03,44,15.46283
1400004473.0,2026-05-29,PORT07,CARRIER_01,2,DTD,1,0,CUST_438,1600107,PLANT_10,PORT01,34,86.00547
1400004474.0,2026-07-17,PORT05,CARRIER_01,2,DTP,3,0,CUST_359,1600133,PLANT_12,PORT04,31,84.06794
1400004475.0,2026-07-29,PORT05,CARRIER_03,2,DTP,5,0,CUST_473,1600191,PLANT_17,PORT01,44,61.89819
1400004476.0,2026-04-09,PORT08,CARRIER_10,2,DTP,4,0,CUST_470,1600042,PLANT_18,PORT07,18,86.61556
1400004477.0,2026-01-11,PORT03,CARRIER_05,2,DTP,5,0,CUST_024,1600081,PLANT_04,PORT05,41,55.0738
1400004478.0,2026-12-08,PORT04,CARRIER_02,1,DTP,4,0,CUST_171,1600064,PLANT_02,PORT03,31,44.13758
1400004479.0,2026-12-16,PORT07,CARRIER_01,2,DTP,3,2,CUST_381,1600040,PLANT_11,PORT08,48,195.54401
1400004480.0,2026-11-27,PORT06,CARRIER_01,2,DTP,0,0,CUST_170,1600097,PLANT_20,PORT02,26,120.16774
1400004481.0,2026-04-16,PORT08,CARRIER_12,2,CRF,4,0,CUST_369,1600189,PLANT_08,PORT02,38,103.62922
1400004482.0,2026-08-08,PORT05,CARRIER_05,1,DTP,3,0,CUST_388,1600097,PLANT_17,PORT08,27,5.22084
1400004483.0,2026-02-21,PORT07,CARRIER_02,2,DTD,4,0,CUST_499,1600178,PLANT_10,PORT01,23,42.35751
1400004484.0,2026-11-27,PORT06,CARRIER_02,2,DTD,3,0,CUST_165,1600020,PLANT_20,PORT02,22,26.34071
1400004485.0,2026-01-03,PORT06,CARRIER_11,1,CRF,0,0,CUST_174,1600018,PLANT_17,PORT03,47,122.38746
1400004486.0,2026-06-21,PORT01,CARRIER_10,3,DTP,1,0,CUST_013,1600089,PLANT_01,PORT06,43,148.11788
1400004487.0,2026-11-09,PORT08,CARRIER_09,1,DTP,5,0,CUST_143,1600113,PLANT_15,PORT03,15,30.34407
1400004488.0,2026-09-22,PORT04,CARRIER_07,2,DTP,3,0,CUST_141,1600146,PLANT_02,PORT01,44,120.25481
1400004489.0,2026-11-12,PORT07,CARRIER_10,0,DTP,0,0,CUST_227,1600189,PLANT_16,PORT08,31,118.52278
1400004490.0,2026-07-01,PORT07,CARRIER_06,2,DTP,3,0,CUST_211,1600026,PLANT_14,PORT03,9,11.75508
1400004491.0,2026-02-04,PORT01,CARRIER_03,2,DTP,1,0,CUST_429,1600102,PLANT_05,PORT03,40,42.40971
1400004492.0,2026-01-03,PORT07,CARRIER_06,2,DTP,3,0,CUST_387,1600110,PLANT_10,PORT03,12,48.57133
1400004493.0,2026-02-25,PORT02,CARRIER_12,2,DTP,3,0,CUST_365,1600149,PLANT_09,PORT03,45,12.66371
1400004494.0,2026-01-22,PORT03,CARRIER_05,2,DTP,3,0,CUST_003,1600094,PLANT_04,PORT02,25,20.94808
1400004495.0,2026-06-13,PORT07,CARRIER_03,2,DTD,6,0,CUST_236,1600093,PLANT_13,PORT04,47,7.54576
1400004496.0,2026-01-19,PORT02,CARRIER_08,2,DTP,1,0,CUST_365,1600096,PLANT_09,PORT05,27,76.17741
1400004497.0,2026-03-09,PORT01,CARRIER_01,2,DTD,6,0,CUST_123,1600057,PLANT_09,PORT07,8,24.32336
1400004498.0,2026-06-03,PORT08,CARRIER_07,2,DTD,4,0,CUST_213,1600108,PLANT_08,PORT07,40,108.08202
1400004499.0,2026-09-26,PORT08,CARRIER_02,1,DTP,5,0,CUST_364,1600041,PLANT_15,PORT03,38,80.93689
1400004500.0,2026-09-04,PORT04,CARRIER_01,1,DTP,4,0,CUST_398,1600006,PLANT_02,PORT08,18,48.46037
1400004501.0,2026-01-22,PORT07,CARRIER_05,2,DTP,0,0,CUST_428,1600027,PLANT_16,PORT08,14,14.70413
1400004502.0,2026-11-26,PORT07,CARRIER_09,2,CRF,3,0,CUST_215,1600133,PLANT_13,PORT08,44,182.53793
1400004503.0,2026-07-20,PORT01,CARRIER_01,2,DTD,0,0,CUST_200,1600124,PLANT_03,PORT06,40,196.23151
1400004504.0,2026-05-08,PORT01,CARRIER_02,2,DTP,3,0,CUST_192,1600035,PLANT_18,PORT03,18,49.48294
1400004505.0,2026-05-20,PORT05,CARRIER_10,2,DTP,0,0,CUST_335,1600176,PLANT_12,PORT07,37,71.57066
1400004506.0,2026-11-06,PORT03,CARRIER_12,2,DTD,0,0,CUST_210,1600175,PLANT_08,PORT07,16,63.67576
1400004507.0,2026-06-19,PORT06,CARRIER_07,1,DTP,5,0,CUST_201,1600132,PLANT_17,PORT07,13,13.59868
1400004508.0,2026-03-31,PORT08,CARRIER_06,2,DTD,5,0,CUST_085,1600026,PLANT_15,PORT05,35,58.51267
1400004509.0,2026-06-05,PORT05,CARRIER_12,1,CRF,3,0,CUST_240,1600145,PLANT_12,PORT04,43,202.35391
1400004510.0,2026-01-25,PORT03,CARRIER_04,1,DTP,3,0,CUST_119,1600161,PLANT_06,PORT06,47,47.60355
1400004511.0,2026-02-25,PORT02,CARRIER_08,3,DTP,4,0,CUST_263,1600024,PLANT_04,PORT01,26,16.88352
1400004512.0,2026-04-25,PORT01,CARRIER_01,0,DTP,6,0,CUST_445,1600107,PLANT_09,PORT05,11,30.54846
1400004513.0,2026-03-22,PORT06,CARRIER_01,1,DTP,0,0,CUST_388,1600159,PLANT_19,PORT08,30,89.35035
1400004514.0,2026-05-08,PORT05,CARRIER_05,2,DTP,0,0,CUST_240,1600104,PLANT_17,PORT02,36,108.93728
1400004515.0,2026-01-24,PORT06,CARRIER_07,2,DTP,5,0,CUST_489,1600168,PLANT_20,PORT03,49,44.39122
1400004516.0,2026-08-11,PORT02,CARRIER_01,2,DTP,0,0,CUST_491,1600187,PLANT_02,PORT06,10,36.33609
1400004517.0,2026-02-12,PORT07,CARRIER_01,4,DTP,3,0,CUST_223,1600011,PLANT_14,PORT06,35,45.05121
1400004518.0,2026-03-21,PORT06,CARRIER_02,2,DTP,3,0,CUST_382,1600050,PLANT_17,PORT01,28,132.87967
1400004519.0,2026-12-23,PORT03,CARRIER_12,2,DTP,3,0,CUST_172,1600059,PLANT_11,PORT01,32,38.94369
1400004520.0,2026-01-03,PORT07,CARRIER_04,2,DTP,0,0,CUST_440,1600114,PLANT_16,PORT08,9,1.66344
1400004521.0,2026-04-13,PORT07,CARRIER_08,2,CRF,3,0,CUST_187,1600136,PLANT_10,PORT04,5,14.41221
1400004522.0,2026-07-02,PORT02,CARRIER_12,1,DTP,3,0,CUST_130,1600005,PLANT_01,PORT08,32,35.00655
1400004523.0,2026-04-23,PORT01,CARRIER_05,2,DTP,5,0,CUST_067,1600031,PLANT_19,PORT02,14,44.52016
1400004524.0,2026-04-27,PORT06,CARRIER_02,2,DTD,3,0,CUST_422,1600134,PLANT_02,PORT03,33,40.3638
1400004525.0,2026-02-16,PORT01,CARRIER_08,2,DTP,5,0,CUST_149,1600168,PLANT_03,PORT03,6,13.18568
1400004526.0,2026-06-04,PORT03,CARRIER_04,1,CRF,0,0,CUST_407,1600135,PLANT_07,PORT04,41,40.16444
1400004527.0,2026-10-03,PORT08,CARRIER_10,2,DTP,0,0,CUST_044,1600051,PLANT_18,PORT04,20,44.02351
1400004528.0,2026-08-03,PORT04,CARRIER_12,2,DTP,5,0,CUST_251,1600029,PLANT_13,PORT01,25,19.22374
1400004529.0,2026-12-04,PORT01,CARRIER_12,2,DTP,0,0,CUST_214,1600084,PLANT_01,PORT06,20,35.12136
1400004530.0,2026-09-13,PORT08,CARRIER_05,1,DTD,0,0,CUST_220,1600168,PLANT_03,PORT06,24,25.79436
1400004531.0,2026-10-16,PORT04,CARRIER_08,1,DTP,0,0,CUST_084,1600085,PLANT_02,PORT06,29,118.86808
1400004532.0,2026-06-07,PORT02,CARRIER_06,2,DTP,3,0,CUST_037,1600068,PLANT_04,PORT03,34,124.91039
1400004533.0,2026-08-12,PORT03,CARRIER_09,2,DTP,4,0,CUST_174,1600077,PLANT_08,PORT06,36,33.02694
1400004534.0,2026-07-31,PORT03,CARRIER_04,3,DTD,5,0,CUST_236,1600002,PLANT_11,PORT08,50,25.31162
1400004535.0,2026-10-24,PORT03,CARRIER_05,2,CRF,0,0,CUST_397,1600162,PLANT_11,PORT01,13,2.93993
1400004536.0,2026-07-02,PORT07,CARRIER_02,1,DTP,2,0,CUST_232,1600109,PLANT_16,PORT02,45,54.48113
1400004537.0,2026-05-28,PORT02,CARRIER_03,2,DTP,2,0,CUST_123,1600068,PLANT_04,PORT08,32,78.49181
1400004538.0,2026-01-26,PORT06,CARRIER_03,2,DTP,6,3,CUST_132,1600180,PLANT_20,PORT08,19,39.12913
1400004539.0,2026-11-10,PORT07,CARRIER_05,2,DTP,3,0,CUST_306,1600032,PLANT_13,PORT01,47,228.43623
1400004540.0,2026-06-08,PORT07,CARRIER_02,2,DTD,2,0,CUST_218,1600045,PLANT_16,PORT02,37,147.33414
1400004541.0,2026-10-19,PORT07,CARRIER_08,2,DTD,1,0,CUST_451,1600119,PLANT_16,PORT01,13,6.28049
1400004542.0,2026-09-05,PORT01,CARRIER_12,1,DTP,2,0,CUST_220,1600187,PLANT_18,PORT02,13,11.42399
1400004543.0,2026-01-01,PORT06,CARRIER_11,1,DTP,3,0,CUST_284,1600168,PLANT_02,PORT08,35,8.06174
1400004544.0,2026-08-26,PORT08,CARRIER_10,2,DTP,3,0,CUST_032,1600116,PLANT_18,PORT06,38,29.53775
1400004545.0,2026-06-28,PORT04,CARRIER_08,2,DTD,3,0,CUST_097,1600098,PLANT_02,PORT03,7,18.85901
1400004546.0,2026-03-29,PORT06,CARRIER_04,1,DTP,3,0,CUST_426,1600158,PLANT_02,PORT02,33,15.70854
1400004547.0,2026-04-07,PORT06,CARRIER_12,2,CRF,0,0,CUST_173,1600170,PLANT_17,PORT08,29,11.40724
1400004548.0,2026-08-21,PORT07,CARRIER_07,1,DTP,3,0,CUST_211,1600009,PLANT_14,PORT02,49,33.27058
1400004549.0,2026-02-01,PORT08,CARRIER_09,2,DTP,3,0,CUST_296,1600016,PLANT_18,PORT04,39,131.82495
1400004550.0,2026-08-10,PORT07,CARRIER_01,2,DTP,0,0,CUST_029,1600078,PLANT_14,PORT03,46,8.96332
1400004551.0,2026-11-05,PORT06,CARRIER_08,1,DTP,3,0,CUST_254,1600003,PLANT_19,PORT07,6,29.10701
1400004552.0,2026-02-01,PORT04,CARRIER_03,2,DTP,5,0,CUST_174,1600178,PLANT_15,PORT05,40,78.63411
1400004553.0,2026-01-03,PORT07,CARRIER_01,2,DTP,3,0,CUST_075,1600134,PLANT_10,PORT05,20,34.98556
1400004554.0,2026-01-23,PORT07,CARRIER_12,2,DTP,3,0,CUST_210,1600033,PLANT_10,PORT01,30,72.79749
1400004555.0,2026-09-24,PORT07,CARRIER_08,2,DTD,3,0,CUST_224,1600054,PLANT_16,PORT08,45,118.68853
1400004556.0,2026-11-06,PORT01,CARRIER_01,2,DTD,2,0,CUST_094,1600074,PLANT_09,PORT08,45,97.11295
1400004557.0,2026-12-27,PORT06,CARRIER_01,1,DTP,0,0,CUST_272,1600055,PLANT_02,PORT07,15,37.24495
1400004558.0,2026-01-11,PORT06,CARRIER_10,2,CRF,3,0,CUST_374,1600033,PLANT_05,PORT03,16,28.23514
1400004559.0,2026-06-25,PORT02,CARRIER_07,2,DTP,0,0,CUST_134,1600094,PLANT_05,PORT04,38,63.75778
1400004560.0,2026-01-18,PORT03,CARRIER_02,2,DTP,3,0,CUST_484,1600141,PLANT_06,PORT06,45,10.52302
1400004561.0,2026-05-16,PORT04,CARRIER_08,2,DTP,3,0,CUST_307,1600184,PLANT_13,PORT03,33,111.93015
1400004562.0,2026-04-23,PORT02,CARRIER_12,1,DTP,0,0,CUST_387,1600110,PLANT_04,PORT01,7,21.87243
1400004563.0,2026-08-10,PORT07,CARRIER_08,4,DTP,6,0,CUST_036,1600114,PLANT_14,PORT02,12,40.52664
1400004564.0,2026-11-28,PORT03,CARRIER_11,2,DTP,5,0,CUST_384,1600073,PLANT_04,PORT04,39,183.73562
1400004565.0,2026-10-21,PORT07,CARRIER_11,1,CRF,0,0,CUST_169,1600076,PLANT_11,PORT06,39,94.30649
1400004566.0,2026-01-24,PORT01,CARRIER_12,2,DTP,3,0,CUST_356,1600056,PLANT_18,PORT04,46,203.35106
1400004567.0,2026-03-29,PORT07,CARRIER_06,2,CRF,0,0,CUST_403,1600016,PLANT_16,PORT01,29,65.98434
1400004568.0,2026-04-11,PORT02,CARRIER_12,2,DTP,6,0,CUST_126,1600053,PLANT_01,PORT03,24,58.56741
1400004569.0,2026-04-02,PORT08,CARRIER_06,1,DTP,3,0,CUST_130,1600167,PLANT_15,PORT01,10,32.01467
1400004570.0,2026-05-09,PORT01,CARRIER_05,1,DTP,3,0,CUST_030,1600092,PLANT_05,PORT07,40,46.31667
1400004571.0,2026-08-10,PORT01,CARRIER_07,1,DTP,6,0,CUST_303,1600107,PLANT_06,PORT04,48,55.92216
1400004572.0,2026-09-27,PORT08,CARRIER_11,2,DTP,3,0,CUST_388,1600054,PLANT_18,PORT05,7,18.18723
1400004573.0,2026-12-10,PORT02,CARRIER_05,1,DTP,5,0,CUST_206,1600155,PLANT_04,PORT06,27,11.77708
1400004574.0,2026-09-14,PORT06,CARRIER_06,2,CRF,0,0,CUST_081,1600098,PLANT_17,PORT07,21,26.45211
1400004575.0,2026-04-19,PORT02,CARRIER_04,2,DTD,0,0,CUST_159,1600060,PLANT_04,PORT04,39,155.52106
1400004576.0,2026-03-09,PORT01,CARRIER_05,4,DTP,3,0,CUST_202,1600101,PLANT_03,PORT06,40,94.89175
1400004577.0,2026-05-18,PORT01,CARRIER_02,2,DTD,5,0,CUST_459,1600056,PLANT_06,PORT04,15,3.45671
1400004578.0,2026-10-19,PORT01,CARRIER_11,2,DTP,0,0,CUST_063,1600048,PLANT_03,PORT06,48,19.08638
1400004579.0,2026-12-29,PORT01,CARRIER_11,2,DTP,3,0,CUST_172,1600071,PLANT_18,PORT02,11,50.66188
1400004580.0,2026-05-24,PORT02,CARRIER_12,2,DTD,4,0,CUST_320,1600007,PLANT_09,PORT07,40,191.51682
1400004581.0,2026-03-06,PORT03,CARRIER_01,2,DTP,0,0,CUST_119,1600117,PLANT_07,PORT05,39,126.41494
1400004582.0,2026-01-02,PORT01,CARRIER_01,1,DTP,3,0,CUST_443,1600152,PLANT_01,PORT02,12,12.07477
1400004583.0,2026-01-29,PORT04,CARRIER_12,1,DTP,0,5,CUST_455,1600091,PLANT_13,PORT07,35,66.62678
1400004584.0,2026-08-21,PORT05,CARRIER_10,2,DTP,0,0,CUST_191,1600117,PLANT_12,PORT03,17,27.14541
1400004585.0,2026-08-04,PORT02,CARRIER_04,1,DTP,2,0,CUST_373,1600090,PLANT_09,PORT01,17,67.10352
1400004586.0,2026-08-23,PORT01,CARRIER_06,2,DTP,4,0,CUST_378,1600004,PLANT_09,PORT07,8,21.85392
1400004587.0,2026-01-09,PORT02,CARRIER_09,1,CRF,0,6,CUST_341,1600149,PLANT_09,PORT07,39,152.89237
1400004588.0,2026-06-09,PORT03,CARRIER_05,2,DTP,3,0,CUST_094,1600153,PLANT_11,PORT02,42,78.39308
1400004589.0,2026-03-07,PORT02,CARRIER_09,2,CRF,3,0,CUST_025,1600010,PLANT_05,PORT03,28,122.09697
1400004590.0,2026-05-03,PORT03,CARRIER_10,1,DTD,3,0,CUST_174,1600199,PLANT_06,PORT08,40,88.11583
1400004591.0,2026-08-16,PORT04,CARRIER_05,2,DTP,3,0,CUST_066,1600184,PLANT_13,PORT07,21,45.04779
1400004592.0,2026-04-11,PORT04,CARRIER_01,1,DTP,3,0,CUST_147,1600023,PLANT_13,PORT07,30,74.89747
1400004593.0,2026-08-29,PORT04,CARRIER_05,2,DTP,5,0,CUST_320,1600111,PLANT_02,PORT02,41,122.99378
1400004594.0,2026-04-16,PORT02,CARRIER_12,1,CRF,5,0,CUST_295,1600103,PLANT_04,PORT01,24,107.54755
1400004595.0,2026-07-06,PORT01,CARRIER_08,2,DTP,0,0,CUST_105,1600107,PLANT_18,PORT08,33,77.31907
1400004596.0,2026-06-17,PORT03,CARRIER_02,2,DTP,3,0,CUST_009,1600023,PLANT_13,PORT01,11,51.23434
1400004597.0,2026-05-21,PORT03,CARRIER_01,1,DTP,3,0,CUST_113,1600047,PLANT_13,PORT06,28,56.8113
1400004598.0,2026-02-16,PORT06,CARRIER_12,2,DTP,3,0,CUST_228,1600124,PLANT_02,PORT07,44,74.37787
1400004599.0,2026-07-30,PORT06,CARRIER_01,2,DTP,3,0,CUST_390,1600168,PLANT_02,PORT02,40,61.82894
1400004600.0,2026-12-28,PORT04,CARRIER_01,2,DTP,5,0,CUST_183,1600198,PLANT_02,PORT05,18,3.66561
1400004601.0,2026-08-23,PORT01,CARRIER_09,2,DTP,4,0,CUST_143,1600181,PLANT_06,PORT06,30,127.82416
1400004602.0,2026-09-30,PORT03,CARRIER_02,2,DTP,3,0,CUST_276,1600115,PLANT_07,PORT04,33,16.1121
1400004603.0,2026-10-21,PORT04,CARRIER_07,1,DTP,0,0,CUST_036,1600054,PLANT_02,PORT06,48,83.43473
1400004604.0,2026-01-14,PORT07,CARRIER_02,1,DTP,3,0,CUST_113,1600086,PLANT_14,PORT03,43,57.07124
1400004605.0,2026-10-17,PORT01,CARRIER_12,1,DTP,3,0,CUST_019,1600057,PLANT_09,PORT03,42,157.40508
1400004606.0,2026-03-30,PORT07,CARRIER_03,2,DTP,3,0,CUST_263,1600128,PLANT_14,PORT05,39,182.11741
1400004607.0,2026-08-31,PORT05,CARRIER_04,2,DTP,5,0,CUST_222,1600017,PLANT_12,PORT03,21,86.13944
1400004608.0,2026-12-26,PORT01,CARRIER_04,1,DTP,6,0,CUST_292,1600034,PLANT_09,PORT03,22,36.69582
1400004609.0,2026-11-23,PORT03,CARRIER_05,2,DTD,6,0,CUST_309,1600055,PLANT_04,PORT02,26,60.66349
1400004610.0,2026-06-01,PORT03,CARRIER_04,4,DTP,3,0,CUST_198,1600116,PLANT_13,PORT06,24,31.45154
1400004611.0,2026-11-02,PORT05,CARRIER_08,0,DTD,3,0,CUST_435,1600184,PLANT_12,PORT03,49,226.74764
1400004612.0,2026-08-14,PORT01,CARRIER_06,0,CRF,2,0,CUST_460,1600104,PLANT_18,PORT05,45,30.68318
1400004613.0,2026-02-18,PORT06,CARRIER_09,1,DTD,5,0,CUST_056,1600065,PLANT_17,PORT03,46,219.17053
1400004614.0,2026-03-29,PORT03,CARRIER_07,1,DTD,3,0,CUST_461,1600143,PLANT_13,PORT02,32,130.78139
1400004615.0,2026-12-16,PORT07,CARRIER_05,2,DTD,0,0,CUST_099,1600119,PLANT_16,PORT06,13,46.6275
1400004616.0,2026-12-01,PORT06,CARRIER_10,2,DTP,0,0,CUST_125,1600146,PLANT_02,PORT07,11,42.81826
1400004617.0,2026-11-22,PORT07,CARRIER_02,2,CRF,4,0,CUST_265,1600133,PLANT_16,PORT02,17,29.96759
1400004618.0,2026-05-21,PORT08,CARRIER_11,1,DTP,2,0,CUST_015,1600150,PLANT_08,PORT02,34,52.69469
1400004619.0,2026-04-28,PORT03,CARRIER_01,2,DTP,4,0,CUST_183,1600195,PLANT_06,PORT01,21,41.34821
1400004620.0,2026-10-22,PORT07,CARRIER_07,1,DTP,3,0,CUST_098,1600172,PLANT_16,PORT04,35,34.64667
1400004621.0,2026-01-08,PORT01,CARRIER_01,2,DTP,1,4,CUST_242,1600174,PLANT_19,PORT03,45,169.0724
1400004622.0,2026-11-24,PORT01,CARRIER_08,0,DTD,5,0,CUST_408,1600050,PLANT_18,PORT04,20,48.5543
1400004623.0,2026-08-09,PORT08,CARRIER_05,2,DTP,4,0,CUST_463,1600103,PLANT_08,PORT07,47,208.70203
1400004624.0,2026-08-19,PORT01,CARRIER_02,2,CRF,0,0,CUST_107,1600117,PLANT_05,PORT05,28,123.31394
1400004625.0,2026-06-10,PORT06,CARRIER_04,1,DTP,0,0,CUST_273,1600025,PLANT_02,PORT01,41,35.41104
1400004626.0,2026-12-24,PORT01,CARRIER_06,2,CRF,3,0,CUST_238,1600183,PLANT_06,PORT08,7,8.20547
1400004627.0,2026-10-01,PORT03,CARRIER_01,2,DTP,0,0,CUST_208,1600029,PLANT_13,PORT07,17,35.90633
1400004628.0,2026-01-20,PORT08,CARRIER_06,2,DTP,2,0,CUST_317,1600023,PLANT_08,PORT07,47,32.06297
1400004629.0,2026-07-11,PORT03,CARRIER_08,3,CRF,5,0,CUST_495,1600110,PLANT_04,PORT06,45,156.52017
1400004630.0,2026-11-10,PORT03,CARRIER_03,1,CRF,0,0,CUST_203,1600034,PLANT_08,PORT07,31,115.14078
1400004631.0,2026-01-28,PORT03,CARRIER_05,2,DTD,3,0,CUST_033,1600195,PLANT_11,PORT05,6,21.8077
1400004632.0,2026-09-26,PORT06,CARRIER_06,1,DTP,1,0,CUST_458,1600164,PLANT_20,PORT04,7,16.82821
1400004633.0,2026-03-31,PORT06,CARRIER_07,2,DTP,2,0,CUST_467,1600196,PLANT_19,PORT07,24,101.56223
1400004634.0,2026-07-04,PORT07,CARRIER_08,0,DTP,3,0,CUST_162,1600191,PLANT_14,PORT05,46,141.15763
1400004635.0,2026-11-19,PORT04,CARRIER_11,2,DTP,1,0,CUST_251,1600138,PLANT_02,PORT05,22,109.31135
1400004636.0,2026-06-29,PORT02,CARRIER_09,2,DTP,4,0,CUST_432,1600132,PLANT_04,PORT06,45,184.30413
1400004637.0,2026-01-14,PORT05,CARRIER_05,2,DTP,4,0,CUST_252,1600059,PLANT_12,PORT06,29,105.53298
1400004638.0,2026-01-08,PORT07,CARRIER_11,2,DTD,3,0,CUST_241,1600192,PLANT_14,PORT05,11,7.74602
1400004639.0,2026-09-26,PORT04,CARRIER_03,1,DTD,5,0,CUST_461,1600029,PLANT_13,PORT03,30,125.39221
1400004640.0,2026-12-06,PORT07,CARRIER_10,2,DTP,0,0,CUST_415,1600071,PLANT_16,PORT02,21,33.54338
1400004641.0,2026-04-17,PORT02,CARRIER_04,2,DTD,3,0,CUST_254,1600085,PLANT_01,PORT06,15,32.2902
1400004642.0,2026-12-08,PORT04,CARRIER_05,2,DTD,4,0,CUST_081,1600161,PLANT_02,PORT06,36,85.23091
1400004643.0,2026-06-15,PORT01,CARRIER_01,1,DTD,3,0,CUST_220,1600182,PLANT_03,PORT08,14,24.1279
1400004644.0,2026-01-22,PORT07,CARRIER_11,2,DTD,6,0,CUST_339,1600132,PLANT_11,PORT08,46,29.04211
1400004645.0,2026-07-13,PORT05,CARRIER_03,2,CRF,3,0,CUST_137,1600004,PLANT_12,PORT06,41,44.1522
1400004646.0,2026-12-22,PORT07,CARRIER_01,1,DTP,6,0,CUST_269,1600120,PLANT_14,PORT06,40,161.47943
1400004647.0,2026-04-02,PORT08,CARRIER_11,2,DTP,0,0,CUST_330,1600010,PLANT_15,PORT07,8,26.36899
1400004648.0,2026-12-17,PORT06,CARRIER_12,2,DTP,0,0,CUST_043,1600099,PLANT_02,PORT08,49,231.27624
1400004649.0,2026-08-26,PORT05,CARRIER_02,2,DTP,3,0,CUST_285,1600090,PLANT_12,PORT08,27,111.32734
1400004650.0,2026-05-25,PORT07,CARRIER_11,2,CRF,4,0,CUST_369,1600080,PLANT_11,PORT08,38,78.69341
1400004651.0,2026-09-11,PORT06,CARRIER_04,2,DTP,0,0,CUST_108,1600142,PLANT_15,PORT02,13,51.38133
1400004652.0,2026-05-27,PORT04,CARRIER_10,1,DTP,1,0,CUST_275,1600175,PLANT_13,PORT06,40,116.98012
1400004653.0,2026-02-01,PORT01,CARRIER_02,1,CRF,6,0,CUST_355,1600042,PLANT_01,PORT04,19,28.55463
1400004654.0,2026-11-14,PORT07,CARRIER_01,1,DTD,3,0,CUST_023,1600108,PLANT_16,PORT01,37,180.48369
1400004655.0,2026-05-17,PORT03,CARRIER_01,1,DTP,3,0,CUST_323,1600090,PLANT_17,PORT02,17,79.0433
1400004656.0,2026-07-26,PORT01,CARRIER_10,2,DTP,0,0,CUST_130,1600007,PLANT_01,PORT02,47,30.5393
1400004657.0,2026-09-29,PORT08,CARRIER_05,1,DTP,4,0,CUST_199,1600119,PLANT_15,PORT05,37,155.88711
1400004658.0,2026-01-31,PORT06,CARRIER_03,1,DTP,5,0,CUST_325,1600090,PLANT_19,PORT08,25,12.01662
1400004659.0,2026-09-21,PORT06,CARRIER_10,2,CRF,3,0,CUST_003,1600022,PLANT_15,PORT04,25,116.28035
1400004660.0,2026-05-14,PORT07,CARRIER_05,2,DTP,0,0,CUST_009,1600172,PLANT_14,PORT01,5,15.79207
1400004661.0,2026-07-18,PORT02,CARRIER_01,2,CRF,3,0,CUST_224,1600041,PLANT_02,PORT04,18,16.49255
1400004662.0,2026-06-16,PORT08,CARRIER_10,2,DTP,3,0,CUST_475,1600044,PLANT_08,PORT04,41,168.28802
1400004663.0,2026-10-11,PORT03,CARRIER_09,1,DTP,5,0,CUST_004,1600161,PLANT_04,PORT04,43,112.97523
1400004664.0,2026-03-10,PORT03,CARRIER_09,2,DTD,4,0,CUST_395,1600017,PLANT_04,PORT01,50,19.58972
1400004665.0,2026-02-09,PORT03,CARRIER_01,2,DTP,4,0,CUST_038,1600085,PLANT_07,PORT08,8,32.09835
1400004666.0,2026-05-30,PORT05,CARRIER_03,1,DTD,3,0,CUST_245,1600105,PLANT_12,PORT04,16,63.40571
1400004667.0,2026-02-13,PORT04,CARRIER_09,1,DTP,0,0,CUST_216,1600007,PLANT_15,PORT05,40,98.48375
1400004668.0,2026-03-30,PORT07,CARRIER_10,2,DTD,4,0,CUST_235,1600097,PLANT_14,PORT06,21,77.33118
1400004669.0,2026-08-28,PORT07,CARRIER_12,1,DTP,3,0,CUST_041,1600128,PLANT_14,PORT02,16,4.74763
1400004670.0,2026-10-26,PORT02,CARRIER_10,1,CRF,0,0,CUST_377,1600031,PLANT_04,PORT05,17,28.19828
1400004671.0,2026-09-11,PORT03,CARRIER_04,1,DTD,4,0,CUST_138,1600046,PLANT_11,PORT05,47,159.74311
1400004672.0,2026-04-26,PORT05,CARRIER_07,2,DTD,0,0,CUST_386,1600124,PLANT_12,PORT03,44,54.11859
1400004673.0,2026-10-25,PORT08,CARRIER_06,2,DTD,3,0,CUST_328,1600197,PLANT_18,PORT07,5,11.53508
1400004674.0,2026-05-29,PORT03,CARRIER_05,2,DTP,3,0,CUST_276,1600074,PLANT_11,PORT06,43,200.66118
1400004675.0,2026-03-08,PORT02,CARRIER_07,2,DTP,0,0,CUST_155,1600180,PLANT_02,PORT06,30,124.53251
1400004676.0,2026-10-04,PORT05,CARRIER_11,2,DTP,4,0,CUST_327,1600169,PLANT_12,PORT03,43,121.86987
1400004677.0,2026-07-08,PORT01,CARRIER_03,1,DTP,3,0,CUST_499,1600084,PLANT_01,PORT06,33,96.55503
1400004678.0,2026-05-16,PORT07,CARRIER_07,2,DTP,3,0,CUST_462,1600026,PLANT_14,PORT04,36,160.06786
1400004679.0,2026-08-30,PORT07,CARRIER_01,2,DTP,6,0,CUST_459,1600066,PLANT_14,PORT08,31,134.19868
1400004680.0,2026-09-22,PORT05,CARRIER_07,3,DTP,5,1,CUST_110,1600174,PLANT_17,PORT02,38,20.24085
1400004681.0,2026-03-23,PORT03,CARRIER_01,2,DTD,3,0,CUST_293,1600108,PLANT_08,PORT04,42,100.01582
1400004682.0,2026-02-12,PORT01,CARRIER_11,2,DTD,3,0,CUST_199,1600045,PLANT_09,PORT08,28,28.98512
1400004683.0,2026-07-08,PORT01,CARRIER_05,2,DTP,3,0,CUST_484,1600061,PLANT_03,PORT04,10,5.07777
1400004684.0,2026-01-19,PORT07,CARRIER_03,2,DTP,4,0,CUST_476,1600097,PLANT_14,PORT04,9,13.79464
1400004685.0,2026-08-22,PORT07,CARRIER_03,2,DTD,2,0,CUST_435,1600006,PLANT_14,PORT03,24,74.21171
1400004686.0,2026-06-10,PORT01,CARRIER_04,2,DTP,3,0,CUST_082,1600098,PLANT_03,PORT05,26,103.80278
1400004687.0,2026-03-20,PORT06,CARRIER_07,1,DTP,0,0,CUST_160,1600194,PLANT_19,PORT05,44,201.12991
1400004688.0,2026-08-07,PORT03,CARRIER_05,2,DTP,5,0,CUST_356,1600158,PLANT_11,PORT05,6,13.03491
1400004689.0,2026-05-18,PORT07,CARRIER_01,1,DTP,5,0,CUST_375,1600162,PLANT_07,PORT06,45,97.62224
1400004690.0,2026-05-22,PORT01,CARRIER_03,1,DTP,1,0,CUST_176,1600013,PLANT_19,PORT08,7,5.95656
1400004691.0,2026-03-20,PORT07,CARRIER_09,2,DTP,3,0,CUST_069,1600167,PLANT_16,PORT01,27,28.4775
1400004692.0,2026-09-04,PORT08,CARRIER_04,2,DTD,3,0,CUST_069,1600169,PLANT_15,PORT06,24,14.4534
1400004693.0,2026-11-26,PORT03,CARRIER_02,2,DTD,0,0,CUST_343,1600040,PLANT_11,PORT07,30,146.45738
1400004694.0,2026-08-14,PORT01,CARRIER_08,2,DTD,0,0,CUST_228,1600009,PLANT_05,PORT02,6,4.35136
1400004695.0,2026-03-28,PORT07,CARRIER_01,2,DTP,4,0,CUST_246,1600187,PLANT_10,PORT02,40,152.30192
1400004696.0,2026-11-01,PORT06,CARRIER_08,2,DTP,1,0,CUST_408,1600046,PLANT_20,PORT07,11,18.2275
1400004697.0,2026-02-14,PORT07,CARRIER_04,2,DTP,3,0,CUST_009,1600020,PLANT_13,PORT02,40,109.28097
1400004698.0,2026-04-16,PORT08,CARRIER_07,2,DTP,5,0,CUST_378,1600127,PLANT_03,PORT02,31,135.66468
1400004699.0,2026-01-13,PORT08,CARRIER_09,1,DTP,0,0,CUST_138,1600067,PLANT_08,PORT05,45,210.92492
1400004700.0,2026-11-06,PORT07,CARRIER_06,2,DTP,3,0,CUST_466,1600166,PLANT_16,PORT08,50,63.85643
1400004701.0,2026-01-17,PORT03,CARRIER_02,2,DTP,6,0,CUST_478,1600059,PLANT_04,PORT06,43,196.30446
1400004702.0,2026-07-19,PORT05,CARRIER_09,1,DTP,4,0,CUST_252,1600153,PLANT_12,PORT03,25,33.37642
1400004703.0,2026-03-11,PORT07,CARRIER_10,2,DTP,0,0,CUST_158,1600126,PLANT_14,PORT08,24,97.04415
1400004704.0,2026-03-19,PORT02,CARRIER_04,1,DTP,0,0,CUST_117,1600015,PLANT_01,PORT03,35,6.11544
1400004705.0,2026-08-10,PORT01,CARRIER_08,2,DTP,4,0,CUST_091,1600005,PLANT_18,PORT05,34,92.56956
1400004706.0,2026-10-21,PORT06,CARRIER_01,2,DTP,0,0,CUST_500,1600060,PLANT_20,PORT02,41,149.91577
1400004707.0,2026-01-07,PORT03,CARRIER_04,2,DTP,3,0,CUST_094,1600016,PLANT_08,PORT06,27,113.69163
1400004708.0,2026-02-27,PORT06,CARRIER_11,2,DTP,0,0,CUST_224,1600158,PLANT_20,PORT01,26,109.75982
1400004709.0,2026-04-15,PORT07,CARRIER_02,2,DTD,4,0,CUST_240,1600074,PLANT_16,PORT01,10,15.64452
1400004710.0,2026-12-11,PORT02,CARRIER_05,1,DTP,3,0,CUST_340,1600131,PLANT_01,PORT08,12,51.3652
1400004711.0,2026-01-22,PORT05,CARRIER_11,2,DTP,3,0,CUST_422,1600157,PLANT_17,PORT01,42,70.80656
1400004712.0,2026-03-07,PORT01,CARRIER_06,2,DTP,4,0,CUST_279,1600172,PLANT_18,PORT05,50,62.27301
1400004713.0,2026-05-28,PORT08,CARRIER_03,1,DTP,0,0,CUST_380,1600075,PLANT_08,PORT01,32,3.43101
1400004714.0,2026-04-29,PORT06,CARRIER_09,1,DTD,3,0,CUST_284,1600146,PLANT_02,PORT03,20,25.1001
1400004715.0,2026-01-18,PORT08,CARRIER_08,2,DTP,6,0,CUST_219,1600071,PLANT_08,PORT06,7,4.76245
1400004716.0,2026-07-17,PORT04,CARRIER_06,1,CRF,3,0,CUST_079,1600114,PLANT_07,PORT08,6,20.44314
1400004717.0,2026-08-10,PORT07,CARRIER_09,2,DTP,0,0,CUST_105,1600152,PLANT_16,PORT05,36,29.14054
1400004718.0,2026-03-06,PORT02,CARRIER_10,1,CRF,5,0,CUST_217,1600193,PLANT_02,PORT01,34,100.92489
1400004719.0,2026-09-09,PORT07,CARRIER_07,2,DTP,0,0,CUST_024,1600033,PLANT_10,PORT06,18,12.95446
1400004720.0,2026-01-21,PORT08,CARRIER_03,2,DTP,3,0,CUST_159,1600091,PLANT_18,PORT05,13,46.17146
1400004721.0,2026-09-24,PORT06,CARRIER_08,2,DTP,0,0,CUST_232,1600021,PLANT_19,PORT04,8,11.99338
1400004722.0,2026-04-05,PORT04,CARRIER_10,2,DTP,3,0,CUST_237,1600026,PLANT_15,PORT03,36,58.05404
1400004723.0,2026-03-23,PORT07,CARRIER_04,2,DTP,1,0,CUST_408,1600121,PLANT_11,PORT04,32,103.61242
1400004724.0,2026-03-13,PORT08,CARRIER_01,2,CRF,1,0,CUST_484,1600057,PLANT_18,PORT02,20,94.01664
1400004725.0,2026-11-14,PORT04,CARRIER_08,2,DTD,3,0,CUST_365,1600161,PLANT_02,PORT01,38,188.43612
1400004726.0,2026-07-03,PORT04,CARRIER_05,2,CRF,1,0,CUST_040,1600174,PLANT_02,PORT03,43,79.57544
1400004727.0,2026-09-09,PORT06,CARRIER_10,2,DTP,4,0,CUST_205,1600105,PLANT_02,PORT03,28,132.63601
1400004728.0,2026-03-16,PORT02,CARRIER_08,2,DTP,3,0,CUST_365,1600074,PLANT_09,PORT04,17,52.70638
1400004729.0,2026-01-21,PORT04,CARRIER_10,2,DTD,3,0,CUST_298,1600111,PLANT_07,PORT02,5,22.70848
1400004730.0,2026-01-14,PORT07,CARRIER_06,2,DTP,0,0,CUST_229,1600118,PLANT_16,PORT02,41,9.6955
1400004731.0,2026-06-10,PORT01,CARRIER_03,1,DTP,5,0,CUST_219,1600058,PLANT_09,PORT03,31,8.13896
1400004732.0,2026-04-30,PORT03,CARRIER_08,2,DTP,2,0,CUST_203,1600060,PLANT_13,PORT01,20,9.30825
1400004733.0,2026-10-08,PORT07,CARRIER_10,3,DTP,3,0,CUST_290,1600128,PLANT_14,PORT06,5,20.20763
1400004734.0,2026-10-15,PORT06,CARRIER_03,0,DTD,0,0,CUST_090,1600028,PLANT_19,PORT04,42,32.59144
1400004735.0,2026-04-24,PORT06,CARRIER_09,1,DTP,6,0,CUST_259,1600080,PLANT_20,PORT01,47,45.36753
1400004736.0,2026-06-08,PORT01,CARRIER_12,2,DTP,3,0,CUST_103,1600043,PLANT_01,PORT05,27,80.14841
1400004737.0,2026-05-20,PORT01,CARRIER_06,2,DTP,0,0,CUST_341,1600092,PLANT_01,PORT05,17,81.45524
1400004738.0,2026-09-04,PORT03,CARRIER_04,2,DTP,0,0,CUST_433,1600046,PLANT_17,PORT08,33,95.00209
1400004739.0,2026-08-18,PORT03,CARRIER_06,2,DTP,3,0,CUST_254,1600087,PLANT_08,PORT07,45,166.03737
1400004740.0,2026-08-26,PORT03,CARRIER_06,2,DTP,0,0,CUST_194,1600143,PLANT_13,PORT06,32,32.63673
1400004741.0,2026-01-21,PORT02,CARRIER_07,2,DTP,3,0,CUST_471,1600152,PLANT_01,PORT03,5,22.89726
1400004742.0,2026-05-04,PORT06,CARRIER_09,2,DTP,2,0,CUST_330,1600019,PLANT_02,PORT04,13,4.85934
1400004743.0,2026-12-19,PORT04,CARRIER_10,2,DTD,2,0,CUST_215,1600178,PLANT_07,PORT02,9,13.37232
1400004744.0,2026-05-05,PORT07,CARRIER_09,2,DTP,4,0,CUST_015,1600075,PLANT_14,PORT03,23,53.43472
1400004745.0,2026-03-05,PORT04,CARRIER_08,1,DTD,3,0,CUST_008,1600026,PLANT_15,PORT02,25,30.20609
1400004746.0,2026-03-14,PORT07,CARRIER_09,1,DTD,0,0,CUST_111,1600178,PLANT_14,PORT01,29,97.22041
1400004747.0,2026-01-10,PORT01,CARRIER_11,2,DTP,3,0,CUST_119,1600089,PLANT_18,PORT05,39,133.61723
1400004748.0,2026-10-12,PORT08,CARRIER_03,2,DTD,5,0,CUST_361,1600162,PLANT_15,PORT02,10,11.38104
1400004749.0,2026-01-02,PORT07,CARRIER_10,2,DTP,4,0,CUST_251,1600063,PLANT_14,PORT08,48,6.82067
1400004750.0,2026-08-06,PORT07,CARRIER_03,1,DTP,4,0,CUST_500,1600041,PLANT_14,PORT01,17,7.89063
1400004751.0,2026-05-26,PORT02,CARRIER_11,2,DTD,4,0,CUST_271,1600196,PLANT_09,PORT07,28,2.85871
1400004752.0,2026-02-04,PORT01,CARRIER_07,0,DTP,0,0,CUST_452,1600177,PLANT_18,PORT06,14,63.51001
1400004753.0,2026-11-19,PORT01,CARRIER_11,2,DTD,0,1,CUST_277,1600162,PLANT_09,PORT05,21,66.0694
1400004754.0,2026-09-28,PORT07,CARRIER_12,2,DTP,0,0,CUST_180,1600137,PLANT_16,PORT04,43,33.46831
1400004755.0,2026-10-27,PORT08,CARRIER_01,2,DTP,0,0,CUST_358,1600083,PLANT_08,PORT05,7,3.87319
1400004756.0,2026-12-08,PORT04,CARRIER_07,2,DTP,4,0,CUST_225,1600050,PLANT_02,PORT05,27,110.8678
1400004757.0,2026-11-29,PORT07,CARRIER_05,2,DTP,0,0,CUST_138,1600114,PLANT_11,PORT02,31,126.29691
1400004758.0,2026-09-13,PORT07,CARRIER_03,2,DTP,3,0,CUST_237,1600031,PLANT_13,PORT03,31,143.96897
1400004759.0,2026-07-14,PORT07,CARRIER_05,1,DTP,0,3,CUST_333,1600161,PLANT_10,PORT02,22,19.36968
1400004760.0,2026-09-12,PORT03,CARRIER_08,1,DTD,4,0,CUST_188,1600002,PLANT_11,PORT06,22,58.50122
1400004761.0,2026-06-13,PORT04,CARRIER_09,2,DTD,4,0,CUST_353,1600170,PLANT_02,PORT03,46,31.9807
1400004762.0,2026-03-08,PORT01,CARRIER_02,1,CRF,4,5,CUST_491,1600020,PLANT_09,PORT07,16,63.97814
1400004763.0,2026-05-21,PORT03,CARRIER_07,1,CRF,3,0,CUST_206,1600054,PLANT_17,PORT04,27,57.27174
1400004764.0,2026-06-20,PORT05,CARRIER_08,1,DTP,5,0,CUST_148,1600152,PLANT_12,PORT07,21,73.70045
1400004765.0,2026-01-17,PORT07,CARRIER_12,1,DTD,5,0,CUST_202,1600076,PLANT_11,PORT06,40,9.94148
1400004766.0,2026-11-06,PORT07,CARRIER_03,2,DTP,3,0,CUST_420,1600079,PLANT_10,PORT05,42,164.2982
1400004767.0,2026-11-28,PORT04,CARRIER_08,2,DTD,3,0,CUST_090,1600119,PLANT_15,PORT08,44,53.87724
1400004768.0,2026-06-03,PORT04,CARRIER_10,2,DTP,2,0,CUST_487,1600196,PLANT_02,PORT03,8,33.83793
1400004769.0,2026-07-01,PORT02,CARRIER_07,2,DTD,3,0,CUST_207,1600077,PLANT_02,PORT05,9,9.09636
1400004770.0,2026-11-03,PORT01,CARRIER_03,1,DTD,5,0,CUST_421,1600144,PLANT_05,PORT04,22,87.37248
1400004771.0,2026-06-16,PORT07,CARRIER_11,2,CRF,2,0,CUST_394,1600029,PLANT_13,PORT02,25,18.92795
1400004772.0,2026-09-09,PORT01,CARRIER_02,2,DTP,1,0,CUST_392,1600160,PLANT_01,PORT03,7,23.45521
1400004773.0,2026-07-08,PORT04,CARRIER_10,2,DTP,1,0,CUST_455,1600111,PLANT_02,PORT07,46,180.24492
1400004774.0,2026-04-09,PORT01,CARRIER_12,2,DTP,6,0,CUST_093,1600178,PLANT_05,PORT05,46,91.65688
1400004775.0,2026-10-17,PORT06,CARRIER_02,2,DTD,3,0,CUST_297,1600043,PLANT_05,PORT01,24,31.13352
1400004776.0,2026-03-12,PORT07,CARRIER_08,1,DTD,6,0,CUST_050,1600003,PLANT_14,PORT04,40,71.52741
1400004777.0,2026-03-23,PORT05,CARRIER_06,2,DTP,3,0,CUST_150,1600150,PLANT_12,PORT08,30,46.59897
1400004778.0,2026-09-10,PORT02,CARRIER_09,2,DTD,1,0,CUST_021,1600186,PLANT_02,PORT05,35,112.07093
1400004779.0,2026-09-17,PORT01,CARRIER_12,2,DTP,3,0,CUST_342,1600008,PLANT_09,PORT06,45,14.32586
1400004780.0,2026-12-15,PORT02,CARRIER_03,2,DTD,0,0,CUST_304,1600055,PLANT_04,PORT07,9,2.72734
1400004781.0,2026-09-17,PORT07,CARRIER_09,1,DTD,3,0,CUST_371,1600146,PLANT_16,PORT03,15,22.65128
1400004782.0,2026-01-10,PORT08,CARRIER_12,0,CRF,3,0,CUST_089,1600103,PLANT_18,PORT06,24,34.97207
1400004783.0,2026-11-07,PORT01,CARRIER_01,2,DTD,3,0,CUST_167,1600034,PLANT_19,PORT04,46,44.51163
1400004784.0,2026-06-01,PORT06,CARRIER_10,2,DTD,3,0,CUST_339,1600084,PLANT_17,PORT05,32,115.59658
1400004785.0,2026-01-04,PORT08,CARRIER_01,1,DTP,3,0,CUST_414,1600122,PLANT_15,PORT02,23,4.97808
1400004786.0,2026-07-31,PORT08,CARRIER_03,1,DTP,5,0,CUST_443,1600159,PLANT_08,PORT02,6,27.7725
1400004787.0,2026-03-04,PORT06,CARRIER_09,1,DTP,0,0,CUST_037,1600062,PLANT_20,PORT03,32,121.97393
1400004788.0,2026-06-01,PORT02,CARRIER_11,1,DTP,5,0,CUST_202,1600025,PLANT_01,PORT04,17,35.26638
1400004789.0,2026-06-21,PORT06,CARRIER_10,2,DTP,3,0,CUST_006,1600072,PLANT_02,PORT04,20,86.17557
1400004790.0,2026-01-28,PORT08,CARRIER_03,1,DTP,3,0,CUST_410,1600171,PLANT_18,PORT03,50,156.44761
1400004791.0,2026-11-07,PORT03,CARRIER_10,2,DTP,0,0,CUST_062,1600107,PLANT_04,PORT05,29,83.92962
1400004792.0,2026-07-06,PORT03,CARRIER_04,2,DTD,0,0,CUST_412,1600076,PLANT_08,PORT06,11,17.97166
1400004793.0,2026-12-19,PORT07,CARRIER_04,2,DTP,3,0,CUST_079,1600031,PLANT_16,PORT01,7,23.44449
1400004794.0,2026-06-19,PORT02,CARRIER_10,2,DTP,5,0,CUST_008,1600076,PLANT_02,PORT06,22,17.25909
1400004795.0,2026-08-06,PORT04,CARRIER_10,1,DTD,3,0,CUST_440,1600134,PLANT_02,PORT07,8,21.37605
1400004796.0,2026-10-24,PORT08,CARRIER_10,0,DTD,0,3,CUST_220,1600190,PLANT_08,PORT06,24,16.05454
1400004797.0,2026-03-19,PORT04,CARRIER_12,1,DTP,4,0,CUST_213,1600067,PLANT_07,PORT03,24,54.74928
1400004798.0,2026-11-28,PORT04,CARRIER_03,2,DTD,5,0,CUST_324,1600162,PLANT_15,PORT05,45,140.3878
1400004799.0,2026-03-09,PORT01,CARRIER_07,2,DTP,3,0,CUST_138,1600072,PLANT_01,PORT08,20,17.23934
1400004800.0,2026-12-30,PORT07,CARRIER_07,0,DTD,0,0,CUST_346,1600110,PLANT_16,PORT08,17,20.20256
1400004801.0,2026-08-22,PORT01,CARRIER_08,2,DTD,3,0,CUST_215,1600192,PLANT_01,PORT06,33,134.80377
1400004802.0,2026-07-09,PORT08,CARRIER_12,2,DTP,5,0,CUST_137,1600172,PLANT_18,PORT07,34,46.00176
1400004803.0,2026-03-18,PORT07,CARRIER_03,1,CRF,0,0,CUST_198,1600155,PLANT_13,PORT01,6,3.40935
1400004804.0,2026-07-27,PORT01,CARRIER_03,0,DTD,0,0,CUST_004,1600099,PLANT_19,PORT05,8,13.76305
1400004805.0,2026-07-21,PORT03,CARRIER_03,2,CRF,3,0,CUST_151,1600096,PLANT_17,PORT05,12,56.18623
1400004806.0,2026-12-26,PORT08,CARRIER_02,2,DTP,3,0,CUST_296,1600044,PLANT_03,PORT05,40,139.98138
1400004807.0,2026-11-01,PORT06,CARRIER_01,0,DTP,0,0,CUST_069,1600114,PLANT_19,PORT01,14,40.87479
1400004808.0,2026-06-26,PORT07,CARRIER_04,2,DTP,3,0,CUST_060,1600116,PLANT_14,PORT01,50,210.90281
1400004809.0,2026-05-23,PORT02,CARRIER_03,1,DTP,5,0,CUST_328,1600045,PLANT_01,PORT08,25,83.37294
1400004810.0,2026-05-22,PORT03,CARRIER_12,2,DTD,5,0,CUST_215,1600112,PLANT_13,PORT04,47,191.5068
1400004811.0,2026-05-19,PORT07,CARRIER_02,2,DTP,0,0,CUST_069,1600196,PLANT_10,PORT02,16,53.12111
1400004812.0,2026-01-05,PORT01,CARRIER_04,1,DTP,5,0,CUST_374,1600187,PLANT_05,PORT04,24,104.03672
1400004813.0,2026-01-14,PORT07,CARRIER_08,1,DTP,3,0,CUST_388,1600081,PLANT_13,PORT06,11,34.73404
1400004814.0,2026-10-02,PORT07,CARRIER_08,2,DTP,1,0,CUST_018,1600016,PLANT_16,PORT05,43,60.10913
1400004815.0,2026-04-03,PORT05,CARRIER_01,2,DTP,0,0,CUST_101,1600196,PLANT_12,PORT03,32,9.64732
1400004816.0,2026-05-31,PORT03,CARRIER_07,2,DTP,6,0,CUST_186,1600110,PLANT_11,PORT08,8,4.92855
1400004817.0,2026-09-12,PORT08,CARRIER_12,2,DTP,0,0,CUST_366,1600173,PLANT_18,PORT04,39,101.82839
1400004818.0,2026-08-10,PORT07,CARRIER_03,2,DTD,0,0,CUST_038,1600029,PLANT_10,PORT01,45,218.77493
1400004819.0,2026-05-12,PORT02,CARRIER_12,2,DTP,3,0,CUST_403,1600037,PLANT_09,PORT01,36,137.56904
1400004820.0,2026-10-02,PORT01,CARRIER_11,2,DTP,4,0,CUST_160,1600065,PLANT_19,PORT05,42,163.7861
1400004821.0,2026-02-27,PORT01,CARRIER_04,1,DTD,1,0,CUST_063,1600055,PLANT_09,PORT03,17,56.99347
1400004822.0,2026-06-22,PORT04,CARRIER_05,1,DTP,3,0,CUST_432,1600150,PLANT_13,PORT03,24,108.6502
1400004823.0,2026-02-08,PORT08,CARRIER_11,2,DTD,4,0,CUST_044,1600023,PLANT_18,PORT04,44,162.96503
1400004824.0,2026-07-14,PORT01,CARRIER_07,1,DTP,4,0,CUST_065,1600068,PLANT_01,PORT05,32,43.71138
1400004825.0,2026-02-04,PORT03,CARRIER_06,0,DTD,4,0,CUST_475,1600023,PLANT_17,PORT07,33,84.06629
1400004826.0,2026-12-10,PORT07,CARRIER_06,0,DTP,0,0,CUST_260,1600163,PLANT_16,PORT04,40,83.25123
1400004827.0,2026-08-29,PORT02,CARRIER_11,2,DTP,5,0,CUST_232,1600181,PLANT_05,PORT08,33,30.0437
1400004828.0,2026-03-31,PORT05,CARRIER_02,2,DTP,3,0,CUST_344,1600052,PLANT_12,PORT02,10,11.89648
1400004829.0,2026-08-12,PORT04,CARRIER_09,2,DTP,3,0,CUST_316,1600075,PLANT_02,PORT02,14,20.96176
1400004830.0,2026-05-08,PORT05,CARRIER_01,2,DTD,0,0,CUST_307,1600070,PLANT_17,PORT06,40,38.03416
1400004831.0,2026-07-09,PORT02,CARRIER_02,2,DTP,3,0,CUST_012,1600065,PLANT_02,PORT04,16,18.63698
1400004832.0,2026-03-03,PORT01,CARRIER_02,2,DTP,0,0,CUST_276,1600189,PLANT_06,PORT05,35,160.66146
1400004833.0,2026-07-02,PORT06,CARRIER_09,2,CRF,3,0,CUST_140,1600090,PLANT_15,PORT02,26,46.32868
1400004834.0,2026-02-08,PORT03,CARRIER_11,2,DTP,0,0,CUST_404,1600077,PLANT_04,PORT04,33,137.10945
1400004835.0,2026-02-25,PORT07,CARRIER_08,2,DTD,3,0,CUST_253,1600042,PLANT_16,PORT02,15,6.23266
1400004836.0,2026-08-02,PORT07,CARRIER_05,2,DTD,0,0,CUST_062,1600151,PLANT_16,PORT01,19,93.30645
1400004837.0,2026-07-02,PORT07,CARRIER_10,2,DTD,3,0,CUST_444,1600155,PLANT_16,PORT04,36,138.50926
1400004838.0,2026-04-18,PORT03,CARRIER_04,2,DTD,3,0,CUST_143,1600097,PLANT_17,PORT04,12,54.5149
1400004839.0,2026-01-22,PORT03,CARRIER_10,2,DTP,3,0,CUST_136,1600117,PLANT_06,PORT06,19,50.86235
1400004840.0,2026-06-04,PORT01,CARRIER_08,2,CRF,5,0,CUST_469,1600185,PLANT_06,PORT07,50,160.46179
1400004841.0,2026-12-04,PORT06,CARRIER_09,2,DTP,3,0,CUST_388,1600127,PLANT_19,PORT05,11,20.54815
1400004842.0,2026-09-16,PORT07,CARRIER_04,1,DTP,4,0,CUST_430,1600182,PLANT_14,PORT01,31,68.72554
1400004843.0,2026-01-22,PORT04,CARRIER_08,1,DTP,3,0,CUST_332,1600073,PLANT_02,PORT06,11,41.56504
1400004844.0,2026-12-09,PORT03,CARRIER_03,2,DTP,4,0,CUST_456,1600174,PLANT_11,PORT07,37,12.75931
1400004845.0,2026-06-04,PORT06,CARRIER_11,1,DTD,5,0,CUST_058,1600012,PLANT_20,PORT04,10,2.79102
1400004846.0,2026-07-30,PORT08,CARRIER_02,2,CRF,3,0,CUST_300,1600183,PLANT_18,PORT03,31,136.00051
1400004847.0,2026-01-01,PORT04,CARRIER_10,1,DTP,6,0,CUST_147,1600054,PLANT_02,PORT05,25,15.97594
1400004848.0,2026-04-24,PORT07,CARRIER_08,1,DTP,0,0,CUST_200,1600013,PLANT_07,PORT01,36,130.78968
1400004849.0,2026-10-14,PORT05,CARRIER_09,2,DTD,4,0,CUST_119,1600058,PLANT_12,PORT01,5,5.3888
1400004850.0,2026-05-01,PORT08,CARRIER_01,1,DTP,3,0,CUST_103,1600183,PLANT_03,PORT05,28,53.04386
1400004851.0,2026-03-02,PORT03,CARRIER_02,1,DTD,0,0,CUST_222,1600145,PLANT_08,PORT08,29,44.61343
1400004852.0,2026-02-03,PORT07,CARRIER_04,1,DTP,3,0,CUST_460,1600193,PLANT_11,PORT08,16,40.0423
1400004853.0,2026-12-04,PORT07,CARRIER_12,2,DTP,0,0,CUST_318,1600155,PLANT_13,PORT04,18,74.71154
1400004854.0,2026-10-24,PORT03,CARRIER_06,1,DTP,5,0,CUST_175,1600130,PLANT_17,PORT07,37,162.43433
1400004855.0,2026-01-17,PORT02,CARRIER_11,2,DTP,4,0,CUST_217,1600095,PLANT_02,PORT07,30,35.64055
1400004856.0,2026-12-04,PORT01,CARRIER_04,1,DTD,3,0,CUST_265,1600080,PLANT_03,PORT05,31,54.38881
1400004857.0,2026-10-27,PORT07,CARRIER_07,0,DTP,0,0,CUST_123,1600032,PLANT_14,PORT03,48,201.64285
1400004858.0,2026-05-12,PORT01,CARRIER_06,0,DTP,6,0,CUST_261,1600138,PLANT_01,PORT03,23,12.40186
1400004859.0,2026-08-28,PORT07,CARRIER_11,1,DTP,5,0,CUST_348,1600027,PLANT_14,PORT06,44,29.60296
1400004860.0,2026-04-05,PORT01,CARRIER_05,2,DTD,3,0,CUST_122,1600132,PLANT_03,PORT08,49,120.0475
1400004861.0,2026-04-02,PORT07,CARRIER_07,2,DTP,3,0,CUST_293,1600125,PLANT_16,PORT03,31,123.12293
1400004862.0,2026-09-18,PORT01,CARRIER_04,2,DTP,3,0,CUST_355,1600192,PLANT_03,PORT03,14,24.44797
1400004863.0,2026-03-15,PORT04,CARRIER_07,2,DTD,2,0,CUST_260,1600019,PLANT_15,PORT03,24,10.56519
1400004864.0,2026-05-10,PORT06,CARRIER_07,1,DTD,4,0,CUST_146,1600176,PLANT_02,PORT08,7,33.89786
1400004865.0,2026-05-11,PORT06,CARRIER_11,2,DTD,2,0,CUST_278,1600054,PLANT_20,PORT01,37,173.92462
1400004866.0,2026-02-24,PORT05,CARRIER_07,2,DTP,0,0,CUST_397,1600000,PLANT_12,PORT04,17,56.00339
1400004867.0,2026-10-30,PORT04,CARRIER_05,2,DTP,0,0,CUST_111,1600170,PLANT_02,PORT02,47,161.73614
1400004868.0,2026-09-03,PORT06,CARRIER_08,2,DTP,3,0,CUST_288,1600170,PLANT_02,PORT08,35,163.62875
1400004869.0,2026-11-11,PORT04,CARRIER_09,1,DTP,3,0,CUST_341,1600058,PLANT_15,PORT02,27,87.88313
1400004870.0,2026-07-11,PORT06,CARRIER_04,2,CRF,4,0,CUST_161,1600165,PLANT_19,PORT07,13,51.52187
1400004871.0,2026-03-05,PORT02,CARRIER_10,2,CRF,5,0,CUST_194,1600000,PLANT_09,PORT05,9,21.34105
1400004872.0,2026-04-13,PORT07,CARRIER_05,2,DTP,0,0,CUST_445,1600047,PLANT_13,PORT03,35,42.60245
1400004873.0,2026-05-10,PORT02,CARRIER_11,1,CRF,0,0,CUST_182,1600142,PLANT_01,PORT01,40,167.1763
1400004874.0,2026-12-10,PORT02,CARRIER_05,1,CRF,3,0,CUST_300,1600197,PLANT_09,PORT05,17,58.70901
1400004875.0,2026-03-28,PORT07,CARRIER_08,2,DTP,4,0,CUST_075,1600142,PLANT_16,PORT08,5,7.59427
1400004876.0,2026-09-10,PORT06,CARRIER_04,2,DTP,5,0,CUST_463,1600030,PLANT_19,PORT05,19,59.92695
1400004877.0,2026-02-14,PORT02,CARRIER_04,1,DTP,0,0,CUST_299,1600111,PLANT_04,PORT07,40,164.03086
1400004878.0,2026-12-15,PORT06,CARRIER_02,1,DTP,1,0,CUST_381,1600073,PLANT_20,PORT08,31,44.16544
1400004879.0,2026-08-24,PORT07,CARRIER_10,2,DTD,5,0,CUST_302,1600081,PLANT_14,PORT02,8,30.91156
1400004880.0,2026-06-07,PORT06,CARRIER_06,1,DTP,3,0,CUST_178,1600194,PLANT_20,PORT07,10,4.54483
1400004881.0,2026-05-07,PORT08,CARRIER_02,1,DTD,3,0,CUST_171,1600026,PLANT_15,PORT01,9,28.46024
1400004882.0,2026-05-10,PORT05,CARRIER_04,2,DTD,0,0,CUST_351,1600118,PLANT_17,PORT03,39,194.79622
1400004883.0,2026-03-24,PORT01,CARRIER_08,0,DTD,0,0,CUST_430,1600145,PLANT_19,PORT05,40,173.80945
1400004884.0,2026-08-07,PORT02,CARRIER_09,1,DTP,0,0,CUST_064,1600155,PLANT_04,PORT01,23,100.98666
1400004885.0,2026-11-13,PORT08,CARRIER_09,2,DTD,3,0,CUST_423,1600044,PLANT_06,PORT02,36,123.615
1400004886.0,2026-03-30,PORT01,CARRIER_12,1,DTP,3,0,CUST_416,1600015,PLANT_09,PORT05,5,11.79908
1400004887.0,2026-10-01,PORT08,CARRIER_11,1,DTD,3,0,CUST_055,1600013,PLANT_08,PORT02,30,102.55068
1400004888.0,2026-07-26,PORT06,CARRIER_05,2,DTP,3,0,CUST_055,1600102,PLANT_02,PORT01,17,28.45532
1400004889.0,2026-10-10,PORT04,CARRIER_05,2,DTP,0,0,CUST_348,1600041,PLANT_02,PORT08,42,117.95977
1400004890.0,2026-10-08,PORT06,CARRIER_03,2,DTD,0,0,CUST_422,1600026,PLANT_17,PORT01,27,74.09965
1400004891.0,2026-01-15,PORT01,CARRIER_10,2,DTP,0,0,CUST_197,1600024,PLANT_19,PORT08,44,121.62826
1400004892.0,2026-01-08,PORT06,CARRIER_09,2,DTD,0,0,CUST_321,1600003,PLANT_02,PORT08,30,63.56218
1400004893.0,2026-12-01,PORT06,CARRIER_07,2,DTP,6,0,CUST_500,1600039,PLANT_19,PORT07,26,47.54695
1400004894.0,2026-02-26,PORT03,CARRIER_09,2,DTP,0,0,CUST_162,1600152,PLANT_07,PORT02,48,82.49938
1400004895.0,2026-07-29,PORT07,CARRIER_08,2,DTP,0,0,CUST_113,1600014,PLANT_14,PORT06,50,60.05906
1400004896.0,2026-10-02,PORT07,CARRIER_10,0,DTP,4,0,CUST_496,1600083,PLANT_14,PORT06,25,56.22204
1400004897.0,2026-07-03,PORT01,CARRIER_09,2,DTP,3,0,CUST_141,1600145,PLANT_05,PORT07,21,14.21603
1400004898.0,2026-01-03,PORT06,CARRIER_07,1,DTP,0,0,CUST_237,1600108,PLANT_15,PORT05,34,153.60215
1400004899.0,2026-01-04,PORT01,CARRIER_02,1,CRF,0,0,CUST_222,1600179,PLANT_09,PORT07,12,5.29741
1400004900.0,2026-09-02,PORT02,CARRIER_07,2,DTD,0,0,CUST_262,1600045,PLANT_09,PORT03,22,92.47374
1400004901.0,2026-11-24,PORT02,CARRIER_09,0,DTD,0,0,CUST_135,1600116,PLANT_01,PORT08,43,55.13104
1400004902.0,2026-05-06,PORT08,CARRIER_12,2,DTD,3,0,CUST_340,1600165,PLANT_18,PORT07,46,196.9156
1400004903.0,2026-07-18,PORT03,CARRIER_02,1,DTP,3,0,CUST_346,1600191,PLANT_11,PORT05,24,87.1033
1400004904.0,2026-12-07,PORT07,CARRIER_03,2,DTP,0,0,CUST_101,1600160,PLANT_16,PORT04,22,101.48112
1400004905.0,2026-10-29,PORT02,CARRIER_12,2,DTD,4,0,CUST_241,1600142,PLANT_09,PORT04,45,196.38637
1400004906.0,2026-07-17,PORT04,CARRIER_12,2,DTP,0,0,CUST_029,1600026,PLANT_07,PORT05,14,49.4946
1400004907.0,2026-08-28,PORT01,CARRIER_02,2,DTD,3,0,CUST_111,1600057,PLANT_09,PORT08,7,5.90258
1400004908.0,2026-12-17,PORT01,CARRIER_04,2,DTP,0,0,CUST_494,1600135,PLANT_09,PORT07,8,22.32258
1400004909.0,2026-10-18,PORT05,CARRIER_12,2,DTP,0,0,CUST_254,1600005,PLANT_12,PORT06,10,17.65157
1400004910.0,2026-06-01,PORT02,CARRIER_01,2,DTP,3,4,CUST_312,1600152,PLANT_09,PORT06,45,199.81353
1400004911.0,2026-09-10,PORT03,CARRIER_04,1,DTP,0,0,CUST_445,1600188,PLANT_13,PORT06,6,26.24352
1400004912.0,2026-05-01,PORT06,CARRIER_12,2,DTP,0,0,CUST_357,1600061,PLANT_19,PORT03,20,32.77567
1400004913.0,2026-12-03,PORT07,CARRIER_05,1,DTP,3,0,CUST_397,1600198,PLANT_11,PORT05,32,108.52249
1400004914.0,2026-02-04,PORT04,CARRIER_10,2,DTP,4,0,CUST_357,1600080,PLANT_15,PORT08,33,58.00066
1400004915.0,2026-03-24,PORT07,CARRIER_07,1,DTP,3,2,CUST_250,1600035,PLANT_16,PORT01,43,147.19474
1400004916.0,2026-05-07,PORT07,CARRIER_04,2,CRF,0,0,CUST_317,1600088,PLANT_14,PORT01,50,155.39841
1400004917.0,2026-03-15,PORT02,CARRIER_06,3,DTD,2,0,CUST_145,1600156,PLANT_04,PORT03,23,59.88383
1400004918.0,2026-08-06,PORT02,CARRIER_08,2,DTP,3,0,CUST_446,1600082,PLANT_09,PORT03,15,66.06284
1400004919.0,2026-09-18,PORT08,CARRIER_09,2,DTD,1,0,CUST_090,1600029,PLANT_18,PORT02,9,11.75082
1400004920.0,2026-11-22,PORT08,CARRIER_06,2,DTD,2,0,CUST_443,1600007,PLANT_15,PORT01,46,184.34899
1400004921.0,2026-07-03,PORT02,CARRIER_09,2,DTD,3,0,CUST_440,1600119,PLANT_09,PORT04,22,76.52893
1400004922.0,2026-08-15,PORT08,CARRIER_02,1,CRF,5,0,CUST_072,1600199,PLANT_06,PORT07,46,67.99778
1400004923.0,2026-08-07,PORT03,CARRIER_05,2,DTP,4,0,CUST_356,1600150,PLANT_13,PORT01,21,45.49146
1400004924.0,2026-01-02,PORT04,CARRIER_10,0,DTP,0,0,CUST_495,1600006,PLANT_15,PORT06,39,17.08861
1400004925.0,2026-09-16,PORT03,CARRIER_10,2,DTP,4,0,CUST_287,1600058,PLANT_04,PORT05,34,102.95627
1400004926.0,2026-01-09,PORT08,CARRIER_10,0,DTP,3,0,CUST_171,1600038,PLANT_15,PORT07,37,164.67463
1400004927.0,2026-07-19,PORT07,CARRIER_06,2,DTP,4,0,CUST_440,1600024,PLANT_14,PORT08,34,23.02855
1400004928.0,2026-12-31,PORT03,CARRIER_07,2,DTP,3,0,CUST_257,1600144,PLANT_04,PORT07,19,14.18906
1400004929.0,2026-10-15,PORT06,CARRIER_08,2,DTP,3,0,CUST_061,1600125,PLANT_20,PORT01,9,21.8284
1400004930.0,2026-07-04,PORT08,CARRIER_02,1,DTP,3,0,CUST_125,1600187,PLANT_18,PORT06,5,7.39014
1400004931.0,2026-04-27,PORT07,CARRIER_09,1,DTP,3,0,CUST_342,1600065,PLANT_16,PORT08,24,34.96684
1400004932.0,2026-11-02,PORT01,CARRIER_03,0,DTP,3,0,CUST_228,1600110,PLANT_19,PORT07,46,148.55625
1400004933.0,2026-11-10,PORT07,CARRIER_08,2,DTD,3,0,CUST_109,1600193,PLANT_16,PORT01,34,71.74871
1400004934.0,2026-05-15,PORT08,CARRIER_11,2,DTP,3,0,CUST_400,1600033,PLANT_15,PORT06,36,152.59583
1400004935.0,2026-02-09,PORT04,CARRIER_01,1,DTP,0,0,CUST_061,1600047,PLANT_15,PORT02,16,35.22624
1400004936.0,2026-08-01,PORT01,CARRIER_05,1,DTP,3,0,CUST_110,1600080,PLANT_19,PORT07,27,84.10095
1400004937.0,2026-08-20,PORT08,CARRIER_10,1,DTD,0,0,CUST_233,1600101,PLANT_08,PORT06,23,47.14236
1400004938.0,2026-12-07,PORT02,CARRIER_02,2,DTP,0,0,CUST_020,1600007,PLANT_09,PORT05,11,14.89967
1400004939.0,2026-11-21,PORT04,CARRIER_06,2,DTP,3,0,CUST_194,1600161,PLANT_02,PORT02,33,79.5144
1400004940.0,2026-03-25,PORT02,CARRIER_09,1,DTP,3,0,CUST_455,1600118,PLANT_02,PORT05,21,76.23744
1400004941.0,2026-04-03,PORT06,CARRIER_02,2,DTD,0,0,CUST_471,1600080,PLANT_15,PORT02,23,109.68159
1400004942.0,2026-12-30,PORT02,CARRIER_12,1,DTP,0,0,CUST_436,1600148,PLANT_04,PORT03,32,9.81176
1400004943.0,2026-04-30,PORT01,CARRIER_03,2,CRF,3,0,CUST_162,1600126,PLANT_06,PORT03,6,16.23571
1400004944.0,2026-06-17,PORT01,CARRIER_09,2,DTP,6,0,CUST_033,1600126,PLANT_03,PORT08,48,154.37921
1400004945.0,2026-04-22,PORT07,CARRIER_03,2,DTP,3,0,CUST_408,1600100,PLANT_10,PORT05,15,7.80046
1400004946.0,2026-05-24,PORT05,CARRIER_05,1,DTP,4,0,CUST_187,1600033,PLANT_12,PORT03,36,149.86577
1400004947.0,2026-07-25,PORT06,CARRIER_11,2,DTP,3,0,CUST_375,1600103,PLANT_20,PORT02,40,58.08659
1400004948.0,2026-04-17,PORT07,CARRIER_12,2,DTD,0,0,CUST_060,1600176,PLANT_10,PORT01,12,52.64482
1400004949.0,2026-05-31,PORT01,CARRIER_08,2,DTP,0,0,CUST_334,1600084,PLANT_01,PORT05,16,44.92439
1400004950.0,2026-05-09,PORT03,CARRIER_03,2,DTD,3,0,CUST_294,1600052,PLANT_06,PORT06,23,19.4393
1400004951.0,2026-02-09,PORT07,CARRIER_01,2,DTD,5,0,CUST_461,1600192,PLANT_14,PORT04,42,156.33166
1400004952.0,2026-10-15,PORT05,CARRIER_09,2,DTP,2,0,CUST_051,1600020,PLANT_12,PORT07,34,29.59427
1400004953.0,2026-11-22,PORT05,CARRIER_10,2,DTP,3,0,CUST_204,1600192,PLANT_12,PORT07,26,94.37621
1400004954.0,2026-06-29,PORT03,CARRIER_05,0,DTP,3,0,CUST_495,1600069,PLANT_13,PORT02,44,178.64754
1400004955.0,2026-03-16,PORT01,CARRIER_09,2,DTD,3,0,CUST_195,1600089,PLANT_09,PORT06,26,75.92241
1400004956.0,2026-08-23,PORT01,CARRIER_03,1,DTD,3,0,CUST_330,1600037,PLANT_03,PORT07,45,64.27588
1400004957.0,2026-07-14,PORT01,CARRIER_07,2,DTP,2,0,CUST_081,1600170,PLANT_18,PORT07,40,89.7182
1400004958.0,2026-07-21,PORT01,CARRIER_02,2,DTP,5,0,CUST_365,1600163,PLANT_09,PORT06,12,32.2476
1400004959.0,2026-08-06,PORT01,CARRIER_10,2,DTD,3,0,CUST_138,1600183,PLANT_03,PORT04,22,73.9712
1400004960.0,2026-09-20,PORT02,CARRIER_11,2,DTD,1,0,CUST_287,1600041,PLANT_01,PORT04,6,19.23741
1400004961.0,2026-01-15,PORT04,CARRIER_10,1,DTP,4,0,CUST_440,1600000,PLANT_13,PORT03,15,30.93119
1400004962.0,2026-02-06,PORT05,CARRIER_01,2,DTP,5,0,CUST_331,1600169,PLANT_12,PORT01,6,22.89009
1400004963.0,2026-02-04,PORT01,CARRIER_07,2,DTP,6,0,CUST_238,1600165,PLANT_03,PORT07,9,34.91946
1400004964.0,2026-02-26,PORT07,CARRIER_06,2,DTP,3,0,CUST_096,1600137,PLANT_14,PORT02,5,17.56011
1400004965.0,2026-12-21,PORT01,CARRIER_09,2,DTP,5,0,CUST_171,1600092,PLANT_05,PORT03,35,50.17453
1400004966.0,2026-09-24,PORT03,CARRIER_10,2,DTD,0,0,CUST_425,1600150,PLANT_13,PORT04,23,55.20096
1400004967.0,2026-08-31,PORT08,CARRIER_01,2,DTP,5,0,CUST_109,1600045,PLANT_15,PORT02,26,57.73324
1400004968.0,2026-09-13,PORT03,CARRIER_11,1,DTD,4,0,CUST_329,1600019,PLANT_08,PORT07,40,164.09128
1400004969.0,2026-01-13,PORT01,CARRIER_07,2,DTP,3,0,CUST_243,1600105,PLANT_03,PORT02,42,170.52344
1400004970.0,2026-03-19,PORT08,CARRIER_02,2,DTD,0,0,CUST_161,1600014,PLANT_15,PORT06,29,125.9701
1400004971.0,2026-10-17,PORT07,CARRIER_05,2,DTP,4,0,CUST_359,1600182,PLANT_16,PORT02,26,32.05179
1400004972.0,2026-06-18,PORT05,CARRIER_09,2,DTP,3,0,CUST_182,1600169,PLANT_12,PORT01,34,128.09253
1400004973.0,2026-07-05,PORT07,CARRIER_03,2,DTP,6,0,CUST_144,1600154,PLANT_14,PORT02,24,104.75895
1400004974.0,2026-10-01,PORT01,CARRIER_07,2,DTP,5,0,CUST_265,1600130,PLANT_18,PORT04,25,22.89512
1400004975.0,2026-01-28,PORT07,CARRIER_06,3,DTP,4,0,CUST_379,1600039,PLANT_14,PORT08,18,5.32245
1400004976.0,2026-10-19,PORT08,CARRIER_05,2,DTP,2,0,CUST_433,1600176,PLANT_03,PORT06,13,8.02089
1400004977.0,2026-09-06,PORT05,CARRIER_05,2,DTP,3,0,CUST_315,1600192,PLANT_12,PORT06,14,42.98548
1400004978.0,2026-05-28,PORT01,CARRIER_07,2,DTP,4,0,CUST_331,1600005,PLANT_01,PORT08,35,75.81261
1400004979.0,2026-07-02,PORT04,CARRIER_03,2,CRF,3,0,CUST_394,1600144,PLANT_13,PORT07,43,45.39732
1400004980.0,2026-01-28,PORT03,CARRIER_08,2,DTP,0,0,CUST_135,1600056,PLANT_11,PORT02,24,64.5285
1400004981.0,2026-03-16,PORT08,CARRIER_12,0,DTP,3,0,CUST_126,1600134,PLANT_15,PORT02,9,35.54154
1400004982.0,2026-03-31,PORT01,CARRIER_10,1,DTP,1,0,CUST_242,1600065,PLANT_01,PORT08,33,141.68572
1400004983.0,2026-11-17,PORT06,CARRIER_01,1,DTD,0,0,CUST_316,1600162,PLANT_20,PORT02,46,174.03791
1400004984.0,2026-02-11,PORT08,CARRIER_06,1,DTD,0,0,CUST_323,1600060,PLANT_18,PORT04,29,128.73117
1400004985.0,2026-04-17,PORT01,CARRIER_11,2,DTD,2,0,CUST_077,1600037,PLANT_03,PORT08,6,18.36305
1400004986.0,2026-02-18,PORT07,CARRIER_09,2,DTP,3,0,CUST_391,1600055,PLANT_16,PORT04,8,33.61329
1400004987.0,2026-04-14,PORT02,CARRIER_10,2,DTD,0,0,CUST_182,1600080,PLANT_04,PORT01,29,62.18229
1400004988.0,2026-01-04,PORT04,CARRIER_08,1,DTP,3,0,CUST_439,1600186,PLANT_02,PORT07,44,188.19439
1400004989.0,2026-04-10,PORT03,CARRIER_01,2,DTP,5,0,CUST_363,1600027,PLANT_17,PORT04,7,31.42639
1400004990.0,2026-09-22,PORT07,CARRIER_09,2,DTP,3,0,CUST_492,1600094,PLANT_14,PORT08,39,135.07258
1400004991.0,2026-10-08,PORT08,CARRIER_05,2,CRF,3,0,CUST_316,1600128,PLANT_18,PORT07,40,88.48508
1400004992.0,2026-05-19,PORT04,CARRIER_01,2,DTD,0,0,CUST_264,1600041,PLANT_15,PORT07,7,10.36142
1400004993.0,2026-09-15,PORT03,CARRIER_08,1,DTP,3,3,CUST_094,1600145,PLANT_07,PORT08,14,23.70731
1400004994.0,2026-08-14,PORT01,CARRIER_08,2,DTP,3,0,CUST_200,1600182,PLANT_03,PORT04,5,3.7427
1400004995.0,2026-11-26,PORT03,CARRIER_02,1,DTD,5,0,CUST_430,1600173,PLANT_04,PORT07,31,10.26388
1400004996.0,2026-10-21,PORT07,CARRIER_09,2,DTD,5,0,CUST_192,1600198,PLANT_11,PORT06,13,27.69843
1400004997.0,2026-03-25,PORT07,CARRIER_09,2,DTP,3,0,CUST_027,1600173,PLANT_07,PORT08,47,14.5266
1400004998.0,2026-08-03,PORT08,CARRIER_05,2,CRF,0,0,CUST_123,1600037,PLANT_15,PORT03,9,39.73393
1400004999.0,2026-10-15,PORT07,CARRIER_05,1,DTP,3,0,CUST_298,1600003,PLANT_10,PORT04,34,111.68302
1400005000.0,2026-04-22,PORT07,CARRIER_11,1,DTP,6,0,CUST_315,1600128,PLANT_14,PORT08,41,173.59275
1400005001.0,2026-07-29,PORT01,CARRIER_02,0,DTP,6,0,CUST_492,1600106,PLANT_09,PORT04,13,29.60934
1400005002.0,2026-05-27,PORT06,CARRIER_08,1,DTD,6,0,CUST_467,1600125,PLANT_02,PORT02,16,19.15791
1400005003.0,2026-04-23,PORT05,CARRIER_09,1,DTP,1,0,CUST_266,1600069,PLANT_12,PORT07,41,62.41702
1400005004.0,2026-03-14,PORT01,CARRIER_03,1,DTP,4,0,CUST_278,1600007,PLANT_09,PORT05,9,38.59373
1400005005.0,2026-01-13,PORT01,CARRIER_04,2,DTP,0,0,CUST_401,1600149,PLANT_09,PORT07,25,17.43192
1400005006.0,2026-10-01,PORT08,CARRIER_07,1,DTP,0,4,CUST_025,1600100,PLANT_06,PORT05,16,56.34404
1400005007.0,2026-10-26,PORT03,CARRIER_05,2,DTD,3,0,CUST_298,1600063,PLANT_08,PORT01,5,6.02941
1400005008.0,2026-08-26,PORT06,CARRIER_02,2,CRF,0,0,CUST_238,1600059,PLANT_20,PORT01,25,45.76331
1400005009.0,2026-03-29,PORT07,CARRIER_06,0,DTP,3,0,CUST_392,1600185,PLANT_11,PORT08,27,3.10309
1400005010.0,2026-01-07,PORT02,CARRIER_09,2,DTP,0,0,CUST_401,1600039,PLANT_09,PORT08,20,48.9507
1400005011.0,2026-08-19,PORT06,CARRIER_06,2,DTP,0,0,CUST_328,1600059,PLANT_15,PORT02,42,30.61501
1400005012.0,2026-03-14,PORT01,CARRIER_09,2,DTP,0,0,CUST_329,1600055,PLANT_19,PORT06,9,38.81045
1400005013.0,2026-07-20,PORT05,CARRIER_10,2,DTP,3,0,CUST_346,1600075,PLANT_12,PORT04,24,13.8928
1400005014.0,2026-12-21,PORT07,CARRIER_08,2,DTP,2,0,CUST_291,1600071,PLANT_14,PORT03,13,17.24848
1400005015.0,2026-01-02,PORT07,CARRIER_08,2,DTP,3,0,CUST_114,1600154,PLANT_14,PORT06,39,6.72798
1400005016.0,2026-07-30,PORT02,CARRIER_01,2,DTD,3,0,CUST_143,1600018,PLANT_01,PORT03,30,148.95297
1400005017.0,2026-12-29,PORT05,CARRIER_11,2,DTP,0,0,CUST_371,1600052,PLANT_12,PORT08,37,119.99266
1400005018.0,2026-05-03,PORT04,CARRIER_02,2,DTP,4,0,CUST_310,1600093,PLANT_07,PORT01,9,29.28174
1400005019.0,2026-10-25,PORT04,CARRIER_10,2,DTD,0,0,CUST_119,1600108,PLANT_02,PORT03,26,68.70287
1400005020.0,2026-10-30,PORT04,CARRIER_10,2,DTP,5,0,CUST_439,1600087,PLANT_02,PORT03,7,30.4743
1400005021.0,2026-06-27,PORT06,CARRIER_12,2,DTP,6,0,CUST_491,1600073,PLANT_02,PORT01,19,15.32391
1400005022.0,2026-04-23,PORT01,CARRIER_05,2,DTP,5,0,CUST_314,1600167,PLANT_19,PORT07,48,191.27876
1400005023.0,2026-09-06,PORT05,CARRIER_05,2,DTD,3,5,CUST_114,1600122,PLANT_12,PORT04,38,154.08639
1400005024.0,2026-08-15,PORT08,CARRIER_03,1,DTP,4,0,CUST_470,1600053,PLANT_08,PORT04,8,2.21623
1400005025.0,2026-06-23,PORT08,CARRIER_07,1,DTP,0,0,CUST_119,1600039,PLANT_15,PORT06,21,15.75246
1400005026.0,2026-03-12,PORT07,CARRIER_03,2,DTP,5,0,CUST_217,1600173,PLANT_14,PORT08,45,125.14633
1400005027.0,2026-09-29,PORT07,CARRIER_11,2,DTP,0,0,CUST_430,1600046,PLANT_11,PORT01,12,6.50326
1400005028.0,2026-03-19,PORT08,CARRIER_08,2,DTP,3,0,CUST_261,1600187,PLANT_18,PORT06,39,57.86019
1400005029.0,2026-02-19,PORT01,CARRIER_10,2,DTP,3,0,CUST_122,1600029,PLANT_06,PORT04,19,39.48197
1400005030.0,2026-01-25,PORT01,CARRIER_06,2,DTP,4,0,CUST_041,1600116,PLANT_03,PORT07,26,22.62952
1400005031.0,2026-06-12,PORT06,CARRIER_10,2,DTD,3,0,CUST_181,1600155,PLANT_15,PORT01,45,159.76434
1400005032.0,2026-02-13,PORT02,CARRIER_02,2,DTP,2,0,CUST_337,1600055,PLANT_02,PORT03,35,88.40302
1400005033.0,2026-05-03,PORT03,CARRIER_06,1,DTP,0,0,CUST_358,1600132,PLANT_06,PORT02,18,58.23181
1400005034.0,2026-03-30,PORT07,CARRIER_08,2,DTP,4,0,CUST_112,1600027,PLANT_16,PORT04,5,12.12034
1400005035.0,2026-06-17,PORT07,CARRIER_06,1,DTP,6,0,CUST_080,1600185,PLANT_14,PORT02,15,31.8176
1400005036.0,2026-10-11,PORT01,CARRIER_09,2,DTP,0,0,CUST_351,1600165,PLANT_03,PORT05,24,60.30495
1400005037.0,2026-06-14,PORT01,CARRIER_01,0,DTP,3,0,CUST_080,1600141,PLANT_19,PORT04,11,49.58385
1400005038.0,2026-07-23,PORT07,CARRIER_10,2,DTP,3,0,CUST_033,1600130,PLANT_16,PORT05,45,91.82656
1400005039.0,2026-02-22,PORT04,CARRIER_03,2,CRF,2,0,CUST_244,1600125,PLANT_15,PORT01,7,22.72961
1400005040.0,2026-02-11,PORT04,CARRIER_02,1,DTP,0,0,CUST_286,1600124,PLANT_02,PORT02,29,121.40607
1400005041.0,2026-12-23,PORT04,CARRIER_06,2,CRF,3,0,CUST_122,1600140,PLANT_15,PORT01,49,154.02314
1400005042.0,2026-08-15,PORT05,CARRIER_10,2,DTP,0,0,CUST_106,1600062,PLANT_12,PORT02,20,24.15431
1400005043.0,2026-01-06,PORT07,CARRIER_04,2,CRF,5,0,CUST_118,1600085,PLANT_16,PORT03,29,20.23047
1400005044.0,2026-07-26,PORT01,CARRIER_11,2,DTP,1,0,CUST_172,1600147,PLANT_19,PORT04,8,23.96238
1400005045.0,2026-01-04,PORT02,CARRIER_03,1,CRF,3,0,CUST_005,1600160,PLANT_01,PORT04,38,139.241
1400005046.0,2026-01-29,PORT07,CARRIER_10,1,DTP,1,0,CUST_006,1600075,PLANT_14,PORT02,49,189.47379
1400005047.0,2026-05-17,PORT04,CARRIER_02,2,CRF,3,0,CUST_186,1600193,PLANT_02,PORT08,40,139.98523
1400005048.0,2026-08-28,PORT02,CARRIER_09,1,DTP,0,0,CUST_010,1600064,PLANT_04,PORT08,11,1.28618
1400005049.0,2026-08-15,PORT05,CARRIER_10,2,DTP,2,0,CUST_160,1600092,PLANT_12,PORT04,21,81.72817
1400005050.0,2026-10-16,PORT02,CARRIER_02,1,DTP,3,0,CUST_291,1600100,PLANT_02,PORT08,38,116.38074
1400005051.0,2026-03-07,PORT02,CARRIER_10,2,DTP,3,0,CUST_016,1600152,PLANT_01,PORT03,41,202.62564
1400005052.0,2026-03-11,PORT06,CARRIER_08,2,DTP,3,0,CUST_309,1600012,PLANT_20,PORT03,23,88.46899
1400005053.0,2026-07-14,PORT03,CARRIER_06,2,DTD,0,0,CUST_311,1600005,PLANT_13,PORT07,49,108.19274
1400005054.0,2026-11-14,PORT03,CARRIER_11,1,DTP,0,0,CUST_287,1600086,PLANT_11,PORT06,14,47.78389
1400005055.0,2026-09-21,PORT01,CARRIER_10,2,DTP,0,0,CUST_314,1600147,PLANT_01,PORT05,39,121.60532
1400005056.0,2026-09-02,PORT03,CARRIER_05,2,CRF,0,0,CUST_405,1600122,PLANT_08,PORT02,27,47.33716
1400005057.0,2026-02-04,PORT03,CARRIER_11,2,DTD,0,0,CUST_036,1600093,PLANT_04,PORT07,37,100.42883
1400005058.0,2026-11-17,PORT08,CARRIER_11,2,CRF,0,0,CUST_085,1600157,PLANT_06,PORT02,32,35.24694
1400005059.0,2026-12-26,PORT01,CARRIER_02,2,DTP,3,0,CUST_159,1600022,PLANT_01,PORT05,24,12.72883
1400005060.0,2026-08-01,PORT07,CARRIER_08,2,DTD,0,0,CUST_345,1600055,PLANT_16,PORT02,42,155.05643
1400005061.0,2026-05-03,PORT06,CARRIER_10,2,DTP,3,4,CUST_437,1600172,PLANT_20,PORT05,43,85.23592
1400005062.0,2026-08-30,PORT01,CARRIER_02,2,DTD,4,0,CUST_460,1600135,PLANT_19,PORT05,42,159.7258
1400005063.0,2026-08-23,PORT07,CARRIER_01,2,DTP,4,0,CUST_292,1600074,PLANT_11,PORT02,9,22.43566
1400005064.0,2026-12-06,PORT07,CARRIER_10,2,DTP,3,0,CUST_206,1600149,PLANT_16,PORT01,24,97.63123
1400005065.0,2026-02-10,PORT03,CARRIER_02,1,DTP,0,0,CUST_206,1600075,PLANT_07,PORT02,39,145.23925
1400005066.0,2026-07-08,PORT05,CARRIER_04,1,DTP,3,0,CUST_030,1600148,PLANT_12,PORT06,44,169.14664
1400005067.0,2026-09-16,PORT03,CARRIER_05,2,DTP,1,0,CUST_233,1600027,PLANT_08,PORT01,21,46.27821
1400005068.0,2026-05-08,PORT06,CARRIER_11,3,DTP,3,0,CUST_257,1600015,PLANT_20,PORT07,39,187.58136
1400005069.0,2026-11-03,PORT04,CARRIER_09,1,DTP,5,0,CUST_105,1600072,PLANT_07,PORT05,31,64.65817
1400005070.0,2026-01-24,PORT07,CARRIER_04,2,DTP,3,0,CUST_384,1600083,PLANT_07,PORT02,15,59.79607
1400005071.0,2026-02-08,PORT04,CARRIER_06,1,DTP,5,0,CUST_406,1600109,PLANT_02,PORT08,46,114.95332
1400005072.0,2026-10-16,PORT08,CARRIER_06,2,DTP,0,4,CUST_152,1600009,PLANT_08,PORT07,25,31.29799
1400005073.0,2026-02-15,PORT02,CARRIER_03,2,DTP,1,0,CUST_458,1600085,PLANT_01,PORT04,32,101.81371
1400005074.0,2026-06-02,PORT05,CARRIER_06,2,DTP,0,0,CUST_054,1600198,PLANT_12,PORT01,18,43.17545
1400005075.0,2026-04-13,PORT06,CARRIER_08,2,DTD,0,0,CUST_456,1600135,PLANT_19,PORT03,6,8.36365
1400005076.0,2026-09-09,PORT05,CARRIER_02,2,DTP,0,0,CUST_385,1600084,PLANT_17,PORT08,25,49.36013
1400005077.0,2026-01-05,PORT07,CARRIER_11,2,DTP,5,0,CUST_112,1600115,PLANT_16,PORT06,38,33.58033
1400005078.0,2026-05-11,PORT08,CARRIER_09,2,DTP,3,0,CUST_326,1600099,PLANT_15,PORT06,20,98.73045
1400005079.0,2026-12-26,PORT04,CARRIER_10,2,DTD,5,0,CUST_156,1600194,PLANT_15,PORT06,47,152.82521
1400005080.0,2026-05-15,PORT02,CARRIER_07,2,DTP,5,0,CUST_400,1600113,PLANT_02,PORT06,39,37.06442
1400005081.0,2026-08-07,PORT03,CARRIER_04,0,DTD,3,0,CUST_081,1600163,PLANT_04,PORT07,34,130.78042
1400005082.0,2026-12-27,PORT07,CARRIER_09,1,DTD,5,0,CUST_123,1600128,PLANT_07,PORT04,42,128.06659
1400005083.0,2026-08-10,PORT03,CARRIER_11,1,DTP,1,0,CUST_154,1600152,PLANT_13,PORT07,44,160.18204
1400005084.0,2026-10-03,PORT07,CARRIER_02,1,CRF,5,0,CUST_100,1600167,PLANT_14,PORT01,38,112.63136
1400005085.0,2026-12-17,PORT05,CARRIER_05,1,DTP,3,0,CUST_167,1600026,PLANT_17,PORT04,42,16.64415
1400005086.0,2026-08-14,PORT03,CARRIER_12,1,DTD,3,0,CUST_302,1600084,PLANT_06,PORT01,37,40.54736
1400005087.0,2026-10-31,PORT06,CARRIER_11,2,DTP,3,0,CUST_317,1600169,PLANT_20,PORT07,44,170.14128
1400005088.0,2026-07-05,PORT04,CARRIER_11,1,DTD,5,0,CUST_277,1600108,PLANT_02,PORT08,9,34.16685
1400005089.0,2026-10-25,PORT01,CARRIER_02,2,DTP,5,0,CUST_095,1600197,PLANT_09,PORT03,20,75.87978
1400005090.0,2026-08-23,PORT03,CARRIER_02,1,DTP,0,0,CUST_102,1600040,PLANT_04,PORT01,45,7.85485
1400005091.0,2026-05-04,PORT01,CARRIER_12,1,DTD,0,0,CUST_460,1600106,PLANT_18,PORT06,26,105.17621
1400005092.0,2026-07-23,PORT01,CARRIER_11,2,DTD,1,0,CUST_126,1600106,PLANT_09,PORT06,5,11.25864
1400005093.0,2026-05-03,PORT05,CARRIER_05,2,DTD,4,4,CUST_052,1600075,PLANT_12,PORT08,44,153.95341
1400005094.0,2026-05-25,PORT01,CARRIER_04,2,DTD,0,0,CUST_227,1600090,PLANT_01,PORT05,35,50.16166
1400005095.0,2026-04-17,PORT01,CARRIER_06,2,DTP,3,0,CUST_004,1600021,PLANT_09,PORT08,46,178.05175
1400005096.0,2026-06-29,PORT08,CARRIER_01,3,DTD,3,0,CUST_172,1600147,PLANT_06,PORT06,5,24.5659
1400005097.0,2026-05-07,PORT06,CARRIER_11,2,DTP,5,0,CUST_428,1600027,PLANT_17,PORT01,11,14.76574
1400005098.0,2026-08-17,PORT03,CARRIER_11,0,CRF,4,0,CUST_134,1600033,PLANT_17,PORT06,28,110.39192
1400005099.0,2026-05-15,PORT08,CARRIER_09,1,DTP,3,0,CUST_352,1600108,PLANT_18,PORT05,13,39.83534
1400005100.0,2026-06-29,PORT02,CARRIER_03,2,DTD,3,0,CUST_245,1600160,PLANT_01,PORT08,28,40.26875
1400005101.0,2026-02-21,PORT03,CARRIER_07,2,DTP,4,0,CUST_178,1600186,PLANT_11,PORT05,20,30.84699
1400005102.0,2026-05-22,PORT07,CARRIER_05,2,DTP,0,0,CUST_331,1600128,PLANT_07,PORT02,14,51.59034
1400005103.0,2026-05-10,PORT03,CARRIER_09,1,DTD,3,0,CUST_298,1600160,PLANT_08,PORT04,40,59.73181
1400005104.0,2026-12-17,PORT07,CARRIER_01,3,DTP,5,0,CUST_160,1600036,PLANT_14,PORT04,6,2.00513
1400005105.0,2026-06-13,PORT01,CARRIER_07,2,DTP,3,0,CUST_112,1600151,PLANT_09,PORT08,45,197.20825
1400005106.0,2026-01-08,PORT01,CARRIER_10,2,DTP,5,0,CUST_459,1600013,PLANT_06,PORT06,12,35.83022
1400005107.0,2026-04-23,PORT06,CARRIER_01,2,DTP,3,0,CUST_085,1600038,PLANT_15,PORT04,31,118.31214
1400005108.0,2026-09-24,PORT03,CARRIER_12,1,DTP,3,4,CUST_480,1600181,PLANT_13,PORT07,50,152.78982
1400005109.0,2026-03-02,PORT01,CARRIER_06,2,DTD,5,0,CUST_236,1600024,PLANT_19,PORT05,10,26.30641
1400005110.0,2026-03-01,PORT03,CARRIER_01,1,DTP,3,0,CUST_499,1600032,PLANT_11,PORT01,47,182.02694
1400005111.0,2026-05-17,PORT02,CARRIER_08,1,DTP,5,0,CUST_177,1600077,PLANT_04,PORT05,18,4.63619
1400005112.0,2026-05-11,PORT07,CARRIER_09,2,DTP,4,0,CUST_283,1600199,PLANT_14,PORT02,39,63.50151
1400005113.0,2026-06-25,PORT05,CARRIER_02,2,DTP,0,0,CUST_308,1600169,PLANT_12,PORT07,44,139.68226
1400005114.0,2026-01-13,PORT01,CARRIER_06,1,DTP,1,0,CUST_170,1600091,PLANT_19,PORT02,15,70.88214
1400005115.0,2026-09-21,PORT07,CARRIER_03,2,DTD,3,0,CUST_110,1600017,PLANT_16,PORT02,20,40.57777
1400005116.0,2026-03-20,PORT03,CARRIER_11,2,DTP,5,0,CUST_261,1600196,PLANT_04,PORT05,44,214.67272
1400005117.0,2026-09-17,PORT07,CARRIER_03,1,DTD,4,0,CUST_332,1600110,PLANT_13,PORT01,9,34.20793
1400005118.0,2026-07-26,PORT02,CARRIER_02,1,DTP,2,0,CUST_131,1600133,PLANT_09,PORT06,9,22.28393
1400005119.0,2026-03-15,PORT06,CARRIER_07,2,CRF,3,0,CUST_384,1600156,PLANT_02,PORT07,18,39.65177
1400005120.0,2026-06-21,PORT06,CARRIER_11,1,DTP,3,0,CUST_320,1600085,PLANT_02,PORT08,32,23.49659
1400005121.0,2026-01-14,PORT04,CARRIER_03,2,DTD,3,0,CUST_084,1600158,PLANT_02,PORT06,42,130.80695
1400005122.0,2026-09-14,PORT01,CARRIER_11,0,DTD,3,0,CUST_470,1600183,PLANT_18,PORT04,30,10.69599
1400005123.0,2026-04-21,PORT06,CARRIER_03,2,DTP,6,1,CUST_022,1600139,PLANT_17,PORT04,27,59.46653
1400005124.0,2026-05-20,PORT08,CARRIER_12,2,CRF,3,0,CUST_327,1600102,PLANT_18,PORT07,45,56.91478
1400005125.0,2026-02-27,PORT03,CARRIER_06,1,DTP,0,0,CUST_220,1600089,PLANT_04,PORT04,12,57.42962
1400005126.0,2026-05-14,PORT07,CARRIER_05,2,DTP,3,1,CUST_327,1600032,PLANT_11,PORT03,46,86.4797
1400005127.0,2026-05-25,PORT03,CARRIER_10,2,CRF,0,0,CUST_388,1600149,PLANT_17,PORT02,19,47.44952
1400005128.0,2026-03-24,PORT03,CARRIER_06,2,DTP,3,0,CUST_344,1600077,PLANT_06,PORT05,17,32.97858
1400005129.0,2026-12-24,PORT01,CARRIER_04,2,DTP,5,0,CUST_326,1600092,PLANT_01,PORT08,48,37.07175
1400005130.0,2026-04-13,PORT06,CARRIER_05,2,DTP,3,0,CUST_421,1600027,PLANT_19,PORT03,34,62.14017
1400005131.0,2026-03-08,PORT06,CARRIER_04,1,CRF,5,0,CUST_351,1600098,PLANT_02,PORT04,24,94.01026
1400005132.0,2026-07-20,PORT01,CARRIER_06,2,DTD,3,0,CUST_407,1600142,PLANT_19,PORT08,20,62.87718
1400005133.0,2026-04-27,PORT04,CARRIER_07,1,DTP,3,0,CUST_202,1600075,PLANT_02,PORT03,25,56.08334
1400005134.0,2026-06-15,PORT02,CARRIER_09,0,DTP,3,0,CUST_102,1600033,PLANT_05,PORT01,41,168.95265
1400005135.0,2026-09-22,PORT08,CARRIER_05,1,DTP,3,0,CUST_118,1600124,PLANT_15,PORT07,12,1.44395
1400005136.0,2026-01-29,PORT03,CARRIER_04,2,DTD,3,0,CUST_307,1600185,PLANT_11,PORT08,13,53.95447
1400005137.0,2026-07-05,PORT07,CARRIER_12,2,DTP,0,0,CUST_266,1600139,PLANT_10,PORT06,19,7.44276
1400005138.0,2026-01-08,PORT06,CARRIER_10,2,DTP,3,0,CUST_039,1600098,PLANT_02,PORT07,27,117.83697
1400005139.0,2026-01-17,PORT06,CARRIER_10,2,DTD,0,0,CUST_103,1600117,PLANT_19,PORT01,42,199.21033
1400005140.0,2026-02-03,PORT02,CARRIER_05,2,DTP,0,0,CUST_484,1600135,PLANT_05,PORT07,14,57.59503
1400005141.0,2026-03-01,PORT08,CARRIER_05,1,DTP,3,0,CUST_364,1600160,PLANT_08,PORT04,41,8.03639
1400005142.0,2026-05-08,PORT03,CARRIER_09,1,DTD,6,0,CUST_378,1600089,PLANT_08,PORT05,46,123.20728
1400005143.0,2026-12-08,PORT06,CARRIER_02,2,DTP,2,0,CUST_099,1600139,PLANT_20,PORT08,25,104.02754
1400005144.0,2026-11-27,PORT07,CARRIER_12,2,DTP,4,0,CUST_033,1600183,PLANT_16,PORT05,49,135.75843
1400005145.0,2026-02-07,PORT02,CARRIER_03,0,DTD,3,0,CUST_146,1600099,PLANT_02,PORT06,46,85.72973
1400005146.0,2026-12-28,PORT06,CARRIER_03,0,DTP,0,0,CUST_429,1600004,PLANT_20,PORT07,41,98.66271
1400005147.0,2026-08-20,PORT07,CARRIER_10,2,DTD,0,0,CUST_254,1600199,PLANT_14,PORT01,22,10.8988
1400005148.0,2026-07-22,PORT04,CARRIER_04,2,DTP,0,0,CUST_393,1600070,PLANT_02,PORT08,18,45.57486
1400005149.0,2026-10-17,PORT05,CARRIER_06,2,DTP,3,0,CUST_244,1600068,PLANT_17,PORT01,44,10.40378
1400005150.0,2026-06-26,PORT03,CARRIER_12,2,DTP,3,0,CUST_246,1600119,PLANT_04,PORT04,25,81.40414
1400005151.0,2026-04-07,PORT07,CARRIER_03,2,DTP,3,0,CUST_301,1600063,PLANT_14,PORT01,6,12.0793
1400005152.0,2026-07-13,PORT03,CARRIER_02,2,DTP,0,0,CUST_480,1600029,PLANT_13,PORT04,37,38.39048
1400005153.0,2026-09-22,PORT03,CARRIER_08,2,DTP,1,0,CUST_219,1600031,PLANT_04,PORT06,20,3.70352
1400005154.0,2026-09-07,PORT08,CARRIER_01,2,CRF,0,0,CUST_298,1600057,PLANT_18,PORT07,48,221.68239
1400005155.0,2026-03-04,PORT05,CARRIER_08,1,DTP,5,0,CUST_460,1600055,PLANT_17,PORT04,44,124.34238
1400005156.0,2026-12-09,PORT04,CARRIER_03,2,DTD,3,0,CUST_187,1600170,PLANT_15,PORT03,9,29.43064
1400005157.0,2026-04-14,PORT08,CARRIER_04,2,DTP,3,0,CUST_420,1600045,PLANT_18,PORT07,46,180.26723
1400005158.0,2026-10-27,PORT07,CARRIER_05,1,DTP,3,0,CUST_268,1600192,PLANT_14,PORT04,48,152.17407
1400005159.0,2026-04-24,PORT02,CARRIER_02,2,DTP,1,0,CUST_440,1600001,PLANT_09,PORT01,39,82.84418
1400005160.0,2026-01-24,PORT05,CARRIER_11,2,DTP,0,0,CUST_234,1600009,PLANT_12,PORT01,17,53.9781
1400005161.0,2026-12-30,PORT07,CARRIER_07,4,DTP,3,0,CUST_315,1600051,PLANT_16,PORT02,35,46.80659
1400005162.0,2026-08-03,PORT01,CARRIER_05,1,DTD,5,0,CUST_162,1600115,PLANT_03,PORT06,44,125.42741
1400005163.0,2026-03-20,PORT07,CARRIER_07,2,DTP,5,0,CUST_318,1600163,PLANT_14,PORT05,42,46.50987
1400005164.0,2026-01-01,PORT04,CARRIER_04,2,DTP,2,0,CUST_164,1600161,PLANT_02,PORT01,24,110.28892
1400005165.0,2026-02-17,PORT06,CARRIER_06,2,DTP,1,0,CUST_305,1600137,PLANT_19,PORT05,37,96.08462
1400005166.0,2026-03-04,PORT08,CARRIER_02,2,DTP,3,0,CUST_395,1600170,PLANT_08,PORT07,22,27.40798
1400005167.0,2026-12-04,PORT03,CARRIER_12,2,DTP,0,0,CUST_218,1600119,PLANT_11,PORT02,16,51.74719
1400005168.0,2026-03-06,PORT03,CARRIER_10,2,CRF,6,0,CUST_215,1600159,PLANT_08,PORT01,35,18.98981
1400005169.0,2026-03-01,PORT03,CARRIER_04,1,DTP,0,0,CUST_162,1600185,PLANT_04,PORT05,26,57.89402
1400005170.0,2026-11-02,PORT08,CARRIER_07,1,DTP,0,0,CUST_366,1600036,PLANT_03,PORT01,15,65.1484
1400005171.0,2026-11-17,PORT01,CARRIER_07,2,DTP,0,0,CUST_297,1600158,PLANT_19,PORT07,35,135.18773
1400005172.0,2026-03-18,PORT08,CARRIER_01,1,DTP,5,0,CUST_259,1600171,PLANT_08,PORT02,19,67.39022
1400005173.0,2026-08-26,PORT02,CARRIER_08,2,DTD,3,0,CUST_013,1600184,PLANT_01,PORT03,32,76.9906
1400005174.0,2026-07-15,PORT08,CARRIER_07,2,DTD,0,0,CUST_056,1600121,PLANT_18,PORT05,21,48.08386
1400005175.0,2026-07-30,PORT01,CARRIER_09,2,DTP,3,0,CUST_004,1600117,PLANT_19,PORT03,45,6.99377
1400005176.0,2026-04-24,PORT02,CARRIER_03,2,DTP,0,0,CUST_426,1600017,PLANT_02,PORT04,44,133.76818
1400005177.0,2026-10-02,PORT01,CARRIER_11,2,DTP,0,0,CUST_426,1600145,PLANT_09,PORT07,26,76.11086
1400005178.0,2026-11-18,PORT07,CARRIER_09,1,DTP,5,0,CUST_034,1600009,PLANT_14,PORT05,37,4.65709
1400005179.0,2026-09-22,PORT02,CARRIER_03,2,DTP,3,0,CUST_024,1600000,PLANT_09,PORT01,13,10.02967
1400005180.0,2026-11-26,PORT01,CARRIER_07,1,DTP,3,0,CUST_391,1600188,PLANT_01,PORT05,50,8.04686
1400005181.0,2026-02-10,PORT01,CARRIER_11,2,DTP,3,0,CUST_263,1600098,PLANT_03,PORT08,14,18.76808
1400005182.0,2026-08-28,PORT07,CARRIER_01,1,CRF,3,0,CUST_155,1600183,PLANT_14,PORT04,44,5.23073
1400005183.0,2026-12-31,PORT01,CARRIER_02,2,DTP,4,0,CUST_308,1600172,PLANT_01,PORT06,43,92.2397
1400005184.0,2026-07-15,PORT08,CARRIER_10,2,DTP,0,0,CUST_119,1600074,PLANT_15,PORT07,13,31.64624
1400005185.0,2026-12-10,PORT02,CARRIER_01,2,DTP,3,0,CUST_100,1600021,PLANT_09,PORT06,5,11.2085
1400005186.0,2026-05-08,PORT06,CARRIER_05,2,DTP,3,0,CUST_184,1600142,PLANT_19,PORT07,38,40.92627
1400005187.0,2026-11-24,PORT06,CARRIER_11,2,DTP,2,0,CUST_448,1600040,PLANT_20,PORT04,44,117.27937
1400005188.0,2026-12-09,PORT05,CARRIER_10,2,DTP,0,0,CUST_384,1600065,PLANT_17,PORT02,37,151.29535
1400005189.0,2026-08-16,PORT04,CARRIER_04,1,DTP,5,0,CUST_096,1600023,PLANT_13,PORT03,7,10.68868
1400005190.0,2026-09-15,PORT01,CARRIER_07,2,DTP,5,0,CUST_281,1600197,PLANT_19,PORT06,34,55.47507
1400005191.0,2026-07-10,PORT07,CARRIER_10,0,DTP,0,0,CUST_443,1600110,PLANT_11,PORT03,23,63.47647
1400005192.0,2026-04-26,PORT03,CARRIER_05,2,DTD,0,0,CUST_476,1600119,PLANT_13,PORT04,47,58.53364
1400005193.0,2026-07-15,PORT06,CARRIER_10,2,DTP,3,0,CUST_382,1600080,PLANT_15,PORT07,41,71.96127
1400005194.0,2026-12-18,PORT07,CARRIER_11,2,DTD,4,0,CUST_065,1600021,PLANT_14,PORT02,41,94.99464
1400005195.0,2026-01-06,PORT02,CARRIER_09,1,DTP,3,0,CUST_121,1600040,PLANT_04,PORT07,23,45.83628
1400005196.0,2026-03-16,PORT02,CARRIER_09,2,CRF,5,0,CUST_110,1600138,PLANT_01,PORT01,19,78.07743
1400005197.0,2026-07-02,PORT07,CARRIER_03,0,DTP,5,0,CUST_076,1600112,PLANT_13,PORT01,42,178.92287
1400005198.0,2026-05-04,PORT05,CARRIER_11,2,DTD,0,0,CUST_088,1600145,PLANT_12,PORT06,10,20.74105
1400005199.0,2026-08-16,PORT06,CARRIER_06,2,DTP,0,0,CUST_159,1600147,PLANT_19,PORT04,9,20.64739
1400005200.0,2026-05-12,PORT07,CARRIER_07,1,DTP,0,0,CUST_278,1600148,PLANT_07,PORT04,7,33.52147
1400005201.0,2026-08-29,PORT02,CARRIER_10,1,DTP,5,0,CUST_199,1600021,PLANT_09,PORT05,28,71.82361
1400005202.0,2026-02-08,PORT07,CARRIER_04,2,DTD,3,0,CUST_211,1600139,PLANT_14,PORT03,8,39.72686
1400005203.0,2026-05-02,PORT07,CARRIER_02,1,DTP,5,0,CUST_123,1600198,PLANT_07,PORT08,31,118.96974
1400005204.0,2026-09-10,PORT04,CARRIER_01,2,DTP,3,0,CUST_076,1600181,PLANT_02,PORT05,12,16.73685
1400005205.0,2026-06-22,PORT03,CARRIER_07,2,DTP,3,2,CUST_500,1600060,PLANT_07,PORT01,45,55.01493
1400005206.0,2026-09-18,PORT06,CARRIER_07,2,DTP,0,0,CUST_300,1600070,PLANT_19,PORT01,24,21.10598
1400005207.0,2026-08-21,PORT02,CARRIER_02,2,DTP,0,0,CUST_115,1600087,PLANT_02,PORT07,9,36.45103
1400005208.0,2026-04-30,PORT03,CARRIER_08,2,DTD,5,0,CUST_405,1600051,PLANT_17,PORT05,36,57.73046
1400005209.0,2026-06-06,PORT01,CARRIER_02,2,DTP,3,0,CUST_416,1600162,PLANT_09,PORT02,20,68.22767
1400005210.0,2026-12-19,PORT02,CARRIER_08,2,CRF,6,0,CUST_484,1600192,PLANT_01,PORT08,17,46.69334
1400005211.0,2026-12-18,PORT07,CARRIER_06,2,CRF,2,0,CUST_080,1600171,PLANT_11,PORT08,35,145.15854
1400005212.0,2026-01-13,PORT06,CARRIER_12,0,DTP,3,0,CUST_320,1600073,PLANT_02,PORT02,48,181.39226
1400005213.0,2026-09-15,PORT07,CARRIER_04,2,DTP,3,0,CUST_491,1600132,PLANT_14,PORT02,50,20.61849
1400005214.0,2026-06-29,PORT05,CARRIER_10,2,DTP,0,0,CUST_404,1600127,PLANT_17,PORT03,25,43.95738
1400005215.0,2026-01-01,PORT07,CARRIER_10,2,DTD,3,0,CUST_113,1600194,PLANT_13,PORT05,44,116.53328
1400005216.0,2026-08-20,PORT04,CARRIER_12,2,DTP,5,0,CUST_447,1600176,PLANT_07,PORT07,14,56.52963
1400005217.0,2026-01-09,PORT04,CARRIER_06,2,DTP,3,0,CUST_211,1600084,PLANT_13,PORT05,43,154.7456
1400005218.0,2026-04-27,PORT07,CARRIER_07,1,DTP,3,0,CUST_245,1600024,PLANT_16,PORT08,48,134.01981
1400005219.0,2026-09-09,PORT04,CARRIER_09,2,DTP,3,0,CUST_280,1600073,PLANT_02,PORT01,28,113.7091
1400005220.0,2026-10-24,PORT08,CARRIER_07,2,DTP,4,0,CUST_386,1600108,PLANT_15,PORT03,29,64.70334
1400005221.0,2026-05-31,PORT04,CARRIER_08,2,DTD,4,0,CUST_061,1600195,PLANT_15,PORT02,30,11.18196
1400005222.0,2026-10-23,PORT08,CARRIER_06,2,DTP,3,0,CUST_270,1600173,PLANT_15,PORT06,8,34.925
1400005223.0,2026-11-03,PORT05,CARRIER_12,2,CRF,3,0,CUST_409,1600042,PLANT_12,PORT03,44,117.93353
1400005224.0,2026-06-13,PORT03,CARRIER_12,2,CRF,3,0,CUST_275,1600153,PLANT_07,PORT05,38,154.32465
1400005225.0,2026-03-05,PORT08,CARRIER_04,0,DTD,6,0,CUST_138,1600099,PLANT_06,PORT06,45,90.95402
1400005226.0,2026-08-29,PORT06,CARRIER_02,2,DTP,5,0,CUST_029,1600178,PLANT_05,PORT03,10,29.83906
1400005227.0,2026-01-06,PORT03,CARRIER_10,2,DTP,3,0,CUST_275,1600089,PLANT_04,PORT01,41,70.61658
1400005228.0,2026-11-23,PORT03,CARRIER_03,2,DTP,1,0,CUST_352,1600153,PLANT_11,PORT07,21,44.24526
1400005229.0,2026-05-22,PORT01,CARRIER_03,1,DTD,5,0,CUST_275,1600175,PLANT_18,PORT04,42,34.53455
1400005230.0,2026-10-05,PORT06,CARRIER_11,2,DTP,0,0,CUST_490,1600155,PLANT_15,PORT07,50,186.69287
1400005231.0,2026-09-26,PORT03,CARRIER_11,1,DTP,0,0,CUST_302,1600126,PLANT_07,PORT02,45,66.30269
1400005232.0,2026-06-22,PORT08,CARRIER_01,2,DTP,3,0,CUST_255,1600198,PLANT_15,PORT07,47,74.18868
1400005233.0,2026-12-21,PORT04,CARRIER_11,2,DTP,3,0,CUST_028,1600006,PLANT_02,PORT01,10,18.35526
1400005234.0,2026-10-18,PORT07,CARRIER_12,1,DTP,0,0,CUST_280,1600037,PLANT_16,PORT02,20,44.34836
1400005235.0,2026-11-19,PORT03,CARRIER_10,1,DTP,2,0,CUST_085,1600167,PLANT_07,PORT01,18,52.61766
1400005236.0,2026-02-04,PORT05,CARRIER_03,1,DTP,4,0,CUST_363,1600092,PLANT_17,PORT07,28,96.48107
1400005237.0,2026-06-26,PORT08,CARRIER_04,2,CRF,3,1,CUST_081,1600146,PLANT_06,PORT07,49,167.13305
1400005238.0,2026-12-14,PORT01,CARRIER_08,2,DTP,0,0,CUST_454,1600035,PLANT_18,PORT03,36,78.33731
1400005239.0,2026-10-24,PORT06,CARRIER_02,1,DTP,0,0,CUST_152,1600047,PLANT_17,PORT04,30,73.83793
1400005240.0,2026-06-15,PORT07,CARRIER_10,2,DTD,3,0,CUST_217,1600109,PLANT_14,PORT05,42,33.07796
1400005241.0,2026-01-26,PORT02,CARRIER_11,1,DTP,0,0,CUST_073,1600033,PLANT_05,PORT05,13,34.51994
1400005242.0,2026-04-14,PORT07,CARRIER_11,2,DTP,0,0,CUST_106,1600127,PLANT_16,PORT01,35,153.91522
1400005243.0,2026-07-28,PORT06,CARRIER_08,1,DTD,6,0,CUST_461,1600171,PLANT_02,PORT02,28,65.97372
1400005244.0,2026-08-23,PORT04,CARRIER_12,2,DTP,3,0,CUST_142,1600031,PLANT_13,PORT08,14,65.74773
1400005245.0,2026-12-04,PORT03,CARRIER_06,2,DTD,3,0,CUST_257,1600084,PLANT_07,PORT05,34,29.35354
1400005246.0,2026-02-03,PORT01,CARRIER_05,2,DTP,3,0,CUST_491,1600192,PLANT_09,PORT05,43,159.56682
1400005247.0,2026-05-25,PORT07,CARRIER_05,0,DTP,3,0,CUST_312,1600101,PLANT_13,PORT01,43,153.47326
1400005248.0,2026-04-10,PORT01,CARRIER_04,2,DTP,3,2,CUST_021,1600053,PLANT_09,PORT04,43,147.89815
1400005249.0,2026-12-17,PORT02,CARRIER_02,1,DTD,3,0,CUST_179,1600192,PLANT_01,PORT08,42,140.61601
1400005250.0,2026-03-02,PORT07,CARRIER_06,2,DTD,3,0,CUST_194,1600173,PLANT_14,PORT04,26,5.44207
1400005251.0,2026-03-22,PORT07,CARRIER_08,2,CRF,0,0,CUST_139,1600006,PLANT_16,PORT06,7,26.15479
1400005252.0,2026-04-19,PORT06,CARRIER_10,2,DTP,3,0,CUST_121,1600179,PLANT_20,PORT01,49,124.87419
1400005253.0,2026-02-08,PORT06,CARRIER_07,2,CRF,2,0,CUST_252,1600170,PLANT_20,PORT01,25,66.71281
1400005254.0,2026-08-23,PORT01,CARRIER_12,2,DTP,4,0,CUST_189,1600086,PLANT_01,PORT02,34,11.87538
1400005255.0,2026-07-11,PORT07,CARRIER_12,2,DTP,4,0,CUST_148,1600021,PLANT_07,PORT01,5,5.11534
1400005256.0,2026-07-23,PORT03,CARRIER_02,2,DTP,4,0,CUST_207,1600038,PLANT_11,PORT05,45,205.37702
1400005257.0,2026-11-28,PORT02,CARRIER_09,2,DTP,3,0,CUST_172,1600113,PLANT_02,PORT03,45,74.074
1400005258.0,2026-06-08,PORT07,CARRIER_08,2,DTP,3,0,CUST_115,1600178,PLANT_14,PORT01,47,95.41061
1400005259.0,2026-04-24,PORT03,CARRIER_12,2,DTP,3,0,CUST_227,1600060,PLANT_13,PORT04,12,12.32517
1400005260.0,2026-05-18,PORT01,CARRIER_11,2,DTP,2,0,CUST_472,1600033,PLANT_19,PORT05,43,137.5026
1400005261.0,2026-10-20,PORT05,CARRIER_02,2,CRF,6,0,CUST_253,1600112,PLANT_12,PORT02,33,123.07133
1400005262.0,2026-07-12,PORT08,CARRIER_03,2,CRF,3,0,CUST_299,1600056,PLANT_18,PORT05,11,50.75601
1400005263.0,2026-03-03,PORT08,CARRIER_09,1,CRF,3,0,CUST_493,1600168,PLANT_15,PORT03,31,88.47746
1400005264.0,2026-09-09,PORT01,CARRIER_04,2,DTP,4,0,CUST_307,1600002,PLANT_03,PORT07,26,37.71535
1400005265.0,2026-09-30,PORT04,CARRIER_10,2,DTP,3,0,CUST_112,1600140,PLANT_15,PORT06,33,14.77477
1400005266.0,2026-04-02,PORT02,CARRIER_07,1,CRF,3,0,CUST_200,1600133,PLANT_09,PORT05,8,11.23149
1400005267.0,2026-07-23,PORT03,CARRIER_08,1,DTP,3,0,CUST_244,1600134,PLANT_11,PORT08,30,93.89959
1400005268.0,2026-07-25,PORT01,CARRIER_11,2,DTP,3,0,CUST_238,1600140,PLANT_19,PORT08,36,175.43187
1400005269.0,2026-03-05,PORT01,CARRIER_08,1,DTP,3,0,CUST_075,1600190,PLANT_01,PORT03,37,18.05856
1400005270.0,2026-01-04,PORT01,CARRIER_08,2,DTP,3,1,CUST_053,1600133,PLANT_01,PORT03,40,80.11982
1400005271.0,2026-09-20,PORT01,CARRIER_02,2,DTP,4,0,CUST_175,1600009,PLANT_19,PORT08,33,111.19201
1400005272.0,2026-08-13,PORT03,CARRIER_11,2,DTP,0,0,CUST_458,1600031,PLANT_04,PORT08,37,107.86971
1400005273.0,2026-09-18,PORT08,CARRIER_04,2,DTP,3,0,CUST_359,1600017,PLANT_18,PORT03,9,29.63964
1400005274.0,2026-05-18,PORT02,CARRIER_04,2,DTP,0,0,CUST_421,1600069,PLANT_01,PORT05,41,97.15858
1400005275.0,2026-07-08,PORT02,CARRIER_08,2,DTP,3,0,CUST_088,1600142,PLANT_09,PORT03,21,29.57808
1400005276.0,2026-12-25,PORT07,CARRIER_02,2,CRF,0,0,CUST_208,1600041,PLANT_14,PORT08,30,73.96458
1400005277.0,2026-03-24,PORT03,CARRIER_06,2,DTD,3,0,CUST_291,1600030,PLANT_13,PORT06,30,59.08581
1400005278.0,2026-08-27,PORT08,CARRIER_08,1,DTP,1,0,CUST_218,1600158,PLANT_18,PORT01,49,175.20234
1400005279.0,2026-02-18,PORT08,CARRIER_11,2,DTP,2,0,CUST_209,1600129,PLANT_18,PORT03,19,17.87827
1400005280.0,2026-01-24,PORT07,CARRIER_03,2,CRF,3,0,CUST_180,1600167,PLANT_16,PORT06,22,55.68475
1400005281.0,2026-12-16,PORT03,CARRIER_10,1,DTD,3,0,CUST_026,1600080,PLANT_11,PORT08,39,187.17686
1400005282.0,2026-02-17,PORT03,CARRIER_10,2,DTP,3,0,CUST_429,1600114,PLANT_06,PORT06,34,91.99687
1400005283.0,2026-08-28,PORT07,CARRIER_07,1,CRF,6,0,CUST_467,1600041,PLANT_11,PORT05,19,23.9842
1400005284.0,2026-07-07,PORT03,CARRIER_11,1,CRF,0,0,CUST_041,1600180,PLANT_08,PORT06,20,93.71333
1400005285.0,2026-10-23,PORT08,CARRIER_08,2,DTP,3,0,CUST_207,1600113,PLANT_15,PORT07,43,55.74396
1400005286.0,2026-07-19,PORT07,CARRIER_04,2,DTP,3,0,CUST_259,1600106,PLANT_16,PORT03,43,162.57366
1400005287.0,2026-09-12,PORT07,CARRIER_08,2,DTD,4,0,CUST_392,1600182,PLANT_10,PORT03,11,7.00373
1400005288.0,2026-11-23,PORT06,CARRIER_08,2,DTD,1,0,CUST_494,1600113,PLANT_02,PORT04,23,98.3305
1400005289.0,2026-10-30,PORT01,CARRIER_08,2,DTP,3,0,CUST_209,1600068,PLANT_03,PORT03,40,39.39262
1400005290.0,2026-09-21,PORT03,CARRIER_02,0,DTD,4,0,CUST_375,1600029,PLANT_17,PORT08,10,20.31479
1400005291.0,2026-03-01,PORT02,CARRIER_09,2,DTP,3,0,CUST_469,1600101,PLANT_04,PORT06,13,62.81002
1400005292.0,2026-03-03,PORT01,CARRIER_11,2,DTP,5,0,CUST_416,1600039,PLANT_19,PORT02,12,35.26841
1400005293.0,2026-07-01,PORT02,CARRIER_06,2,DTP,0,0,CUST_146,1600054,PLANT_02,PORT04,29,40.41382
1400005294.0,2026-08-29,PORT06,CARRIER_07,2,DTP,1,0,CUST_409,1600190,PLANT_02,PORT01,25,2.57683
1400005295.0,2026-09-01,PORT08,CARRIER_02,2,DTD,3,0,CUST_207,1600157,PLANT_15,PORT02,19,2.53208
1400005296.0,2026-10-15,PORT01,CARRIER_04,2,DTP,0,0,CUST_009,1600192,PLANT_09,PORT05,11,15.90028
1400005297.0,2026-02-07,PORT06,CARRIER_12,1,DTD,3,0,CUST_380,1600135,PLANT_19,PORT08,34,91.17401
1400005298.0,2026-03-05,PORT07,CARRIER_11,2,DTD,0,0,CUST_418,1600111,PLANT_07,PORT03,42,103.99062
1400005299.0,2026-02-24,PORT08,CARRIER_01,1,DTP,3,0,CUST_172,1600189,PLANT_18,PORT06,14,64.64108
1400005300.0,2026-07-17,PORT03,CARRIER_08,2,DTD,5,0,CUST_226,1600161,PLANT_04,PORT08,35,134.54214
1400005301.0,2026-08-20,PORT01,CARRIER_01,2,DTD,5,0,CUST_183,1600192,PLANT_09,PORT05,41,189.87939
1400005302.0,2026-02-12,PORT01,CARRIER_09,2,DTP,2,0,CUST_059,1600126,PLANT_06,PORT07,30,78.23139
1400005303.0,2026-11-14,PORT03,CARRIER_12,2,DTD,0,0,CUST_498,1600163,PLANT_11,PORT06,31,70.94863
1400005304.0,2026-04-21,PORT06,CARRIER_08,2,CRF,5,0,CUST_012,1600111,PLANT_02,PORT05,12,34.48599
1400005305.0,2026-08-30,PORT08,CARRIER_06,2,DTP,3,0,CUST_278,1600193,PLANT_18,PORT01,49,94.25228
1400005306.0,2026-10-02,PORT02,CARRIER_04,2,DTP,3,0,CUST_008,1600001,PLANT_09,PORT05,48,54.38286
1400005307.0,2026-01-14,PORT04,CARRIER_10,2,DTP,4,0,CUST_345,1600154,PLANT_15,PORT08,37,155.38656
1400005308.0,2026-11-12,PORT06,CARRIER_11,2,DTP,3,0,CUST_451,1600136,PLANT_02,PORT04,46,157.99182
1400005309.0,2026-12-21,PORT04,CARRIER_05,2,DTD,3,0,CUST_322,1600112,PLANT_13,PORT02,32,54.26319
1400005310.0,2026-12-16,PORT06,CARRIER_09,2,DTP,5,0,CUST_304,1600038,PLANT_20,PORT01,35,80.03723
1400005311.0,2026-02-20,PORT01,CARRIER_06,1,DTP,3,0,CUST_414,1600101,PLANT_03,PORT08,43,51.80186
1400005312.0,2026-05-24,PORT01,CARRIER_03,2,DTP,3,5,CUST_488,1600082,PLANT_06,PORT06,6,17.14747
1400005313.0,2026-03-26,PORT08,CARRIER_09,2,DTD,5,0,CUST_431,1600115,PLANT_03,PORT07,15,27.83932
1400005314.0,2026-06-14,PORT02,CARRIER_08,2,DTP,3,0,CUST_116,1600008,PLANT_01,PORT05,14,61.46447
1400005315.0,2026-12-22,PORT03,CARRIER_07,2,DTP,5,0,CUST_282,1600137,PLANT_17,PORT06,34,91.42527
1400005316.0,2026-10-06,PORT02,CARRIER_10,2,DTD,2,0,CUST_410,1600196,PLANT_09,PORT03,16,33.87968
1400005317.0,2026-10-09,PORT01,CARRIER_11,1,DTP,5,0,CUST_148,1600052,PLANT_19,PORT06,22,83.00901
1400005318.0,2026-06-04,PORT07,CARRIER_04,2,CRF,2,0,CUST_338,1600051,PLANT_16,PORT03,27,122.4449
1400005319.0,2026-12-08,PORT06,CARRIER_09,2,DTD,0,0,CUST_012,1600181,PLANT_15,PORT08,39,160.10879
1400005320.0,2026-12-02,PORT02,CARRIER_06,1,DTP,3,0,CUST_439,1600148,PLANT_09,PORT07,28,70.70263
1400005321.0,2026-10-22,PORT04,CARRIER_07,2,DTD,5,0,CUST_308,1600040,PLANT_02,PORT05,6,11.07943
1400005322.0,2026-10-25,PORT07,CARRIER_04,2,DTP,4,0,CUST_372,1600016,PLANT_16,PORT02,36,120.39962
1400005323.0,2026-08-26,PORT06,CARRIER_10,1,CRF,3,0,CUST_413,1600170,PLANT_15,PORT02,24,98.46368
1400005324.0,2026-02-04,PORT01,CARRIER_01,2,CRF,6,0,CUST_110,1600150,PLANT_05,PORT08,10,48.95334
1400005325.0,2026-04-14,PORT02,CARRIER_07,2,DTP,3,0,CUST_226,1600044,PLANT_04,PORT07,34,79.57806
1400005326.0,2026-10-08,PORT08,CARRIER_06,1,DTP,5,3,CUST_430,1600054,PLANT_18,PORT04,17,57.3644
1400005327.0,2026-04-30,PORT07,CARRIER_04,2,DTP,0,0,CUST_083,1600053,PLANT_14,PORT03,26,39.94135
1400005328.0,2026-03-04,PORT06,CARRIER_05,1,DTP,0,0,CUST_412,1600001,PLANT_17,PORT01,49,25.89994
1400005329.0,2026-12-12,PORT03,CARRIER_02,2,DTP,1,0,CUST_145,1600140,PLANT_08,PORT07,15,20.09974
1400005330.0,2026-06-28,PORT06,CARRIER_03,2,CRF,5,0,CUST_288,1600090,PLANT_19,PORT02,45,7.69507
1400005331.0,2026-11-11,PORT08,CARRIER_05,2,DTP,0,0,CUST_255,1600113,PLANT_03,PORT02,26,67.50108
1400005332.0,2026-04-14,PORT03,CARRIER_02,2,DTP,3,0,CUST_344,1600112,PLANT_04,PORT06,47,90.63785
1400005333.0,2026-05-12,PORT05,CARRIER_08,2,DTP,0,0,CUST_419,1600141,PLANT_12,PORT08,44,150.63605
1400005334.0,2026-05-06,PORT05,CARRIER_07,2,DTD,0,0,CUST_175,1600177,PLANT_12,PORT01,43,133.94667
1400005335.0,2026-05-17,PORT05,CARRIER_12,2,CRF,3,0,CUST_086,1600160,PLANT_12,PORT01,14,12.91564
1400005336.0,2026-06-09,PORT02,CARRIER_11,2,CRF,0,0,CUST_212,1600162,PLANT_09,PORT05,41,139.47076
1400005337.0,2026-04-19,PORT01,CARRIER_09,2,DTP,5,3,CUST_307,1600090,PLANT_06,PORT03,21,21.38348
1400005338.0,2026-10-25,PORT07,CARRIER_07,0,DTP,5,0,CUST_376,1600182,PLANT_10,PORT08,46,5.94184
1400005339.0,2026-04-30,PORT04,CARRIER_08,2,CRF,3,0,CUST_377,1600146,PLANT_02,PORT03,50,242.6972
1400005340.0,2026-06-11,PORT06,CARRIER_01,2,CRF,3,0,CUST_170,1600178,PLANT_05,PORT03,33,7.66348
1400005341.0,2026-11-11,PORT07,CARRIER_03,2,DTP,5,0,CUST_469,1600027,PLANT_10,PORT05,46,81.63024
1400005342.0,2026-06-09,PORT02,CARRIER_09,2,DTP,3,0,CUST_042,1600185,PLANT_02,PORT01,29,93.49035
1400005343.0,2026-01-04,PORT06,CARRIER_09,2,DTP,0,0,CUST_059,1600173,PLANT_20,PORT04,6,11.48901
1400005344.0,2026-01-01,PORT06,CARRIER_01,2,DTP,2,0,CUST_013,1600101,PLANT_17,PORT01,45,88.55662
1400005345.0,2026-06-09,PORT03,CARRIER_07,2,DTD,3,0,CUST_464,1600136,PLANT_04,PORT02,29,105.59958
1400005346.0,2026-08-25,PORT04,CARRIER_04,2,DTP,3,0,CUST_091,1600118,PLANT_15,PORT07,7,21.35388
1400005347.0,2026-12-11,PORT08,CARRIER_09,1,DTD,3,0,CUST_301,1600175,PLANT_03,PORT03,8,21.1204
1400005348.0,2026-02-17,PORT07,CARRIER_08,0,DTP,4,0,CUST_407,1600151,PLANT_07,PORT03,38,168.83218
1400005349.0,2026-07-18,PORT08,CARRIER_05,2,DTP,3,0,CUST_384,1600094,PLANT_18,PORT01,47,29.59857
1400005350.0,2026-04-16,PORT07,CARRIER_12,2,DTP,1,0,CUST_475,1600072,PLANT_10,PORT03,37,88.86886
1400005351.0,2026-06-14,PORT07,CARRIER_06,2,DTP,3,0,CUST_027,1600098,PLANT_11,PORT01,25,31.78568
1400005352.0,2026-06-11,PORT03,CARRIER_04,0,DTP,3,0,CUST_204,1600031,PLANT_11,PORT02,19,5.32681
1400005353.0,2026-04-25,PORT06,CARRIER_07,2,DTP,0,1,CUST_254,1600172,PLANT_20,PORT02,24,117.53436
1400005354.0,2026-01-07,PORT08,CARRIER_11,2,DTP,0,0,CUST_349,1600112,PLANT_15,PORT04,19,70.2379
1400005355.0,2026-01-27,PORT06,CARRIER_05,2,DTD,3,0,CUST_312,1600085,PLANT_02,PORT08,17,19.70825
1400005356.0,2026-07-10,PORT08,CARRIER_03,2,DTP,3,6,CUST_280,1600144,PLANT_08,PORT03,10,20.71928
1400005357.0,2026-03-23,PORT02,CARRIER_07,2,DTP,0,0,CUST_154,1600010,PLANT_02,PORT08,31,37.43308
1400005358.0,2026-04-30,PORT03,CARRIER_04,2,DTP,3,0,CUST_054,1600177,PLANT_04,PORT08,15,51.83686
1400005359.0,2026-02-03,PORT06,CARRIER_04,2,CRF,3,0,CUST_216,1600070,PLANT_19,PORT03,11,19.9891
1400005360.0,2026-01-19,PORT06,CARRIER_07,2,CRF,0,4,CUST_130,1600089,PLANT_17,PORT08,17,78.32455
1400005361.0,2026-02-16,PORT07,CARRIER_01,2,DTP,4,0,CUST_278,1600008,PLANT_14,PORT04,41,45.79784
1400005362.0,2026-05-18,PORT06,CARRIER_11,2,DTD,3,1,CUST_399,1600134,PLANT_02,PORT08,31,56.2386
1400005363.0,2026-03-01,PORT01,CARRIER_03,2,DTD,0,0,CUST_277,1600090,PLANT_09,PORT03,27,125.97906
1400005364.0,2026-03-26,PORT05,CARRIER_09,2,CRF,5,0,CUST_292,1600186,PLANT_17,PORT06,32,141.91794
1400005365.0,2026-04-21,PORT06,CARRIER_06,1,DTD,3,0,CUST_021,1600037,PLANT_02,PORT03,31,47.63255
1400005366.0,2026-04-17,PORT08,CARRIER_04,2,DTP,6,0,CUST_323,1600198,PLANT_15,PORT07,27,66.60999
1400005367.0,2026-01-05,PORT06,CARRIER_01,1,DTP,1,0,CUST_220,1600161,PLANT_02,PORT01,43,190.49664
1400005368.0,2026-02-12,PORT02,CARRIER_04,2,CRF,3,0,CUST_062,1600007,PLANT_01,PORT06,38,128.67216
1400005369.0,2026-12-13,PORT02,CARRIER_05,1,DTP,3,0,CUST_107,1600149,PLANT_05,PORT07,13,41.89472
1400005370.0,2026-09-01,PORT01,CARRIER_02,1,DTP,5,0,CUST_391,1600096,PLANT_19,PORT03,42,140.14295
1400005371.0,2026-02-15,PORT07,CARRIER_09,2,DTP,4,0,CUST_459,1600039,PLANT_14,PORT03,13,59.9665
1400005372.0,2026-04-14,PORT07,CARRIER_09,2,DTP,3,0,CUST_254,1600141,PLANT_13,PORT03,8,21.07321
1400005373.0,2026-05-20,PORT01,CARRIER_07,2,DTP,4,0,CUST_489,1600119,PLANT_06,PORT08,24,23.77731
1400005374.0,2026-11-27,PORT02,CARRIER_03,1,DTP,0,0,CUST_091,1600087,PLANT_05,PORT03,23,55.57597
1400005375.0,2026-11-18,PORT03,CARRIER_07,1,DTP,3,0,CUST_150,1600104,PLANT_04,PORT06,41,150.53366
1400005376.0,2026-10-09,PORT08,CARRIER_10,1,DTP,3,0,CUST_466,1600082,PLANT_18,PORT01,36,90.41249
1400005377.0,2026-02-08,PORT07,CARRIER_09,2,DTD,1,0,CUST_088,1600037,PLANT_16,PORT04,7,11.44491
1400005378.0,2026-06-29,PORT01,CARRIER_05,2,DTP,0,0,CUST_330,1600070,PLANT_19,PORT06,27,90.85545
1400005379.0,2026-06-26,PORT07,CARRIER_02,2,DTD,1,0,CUST_110,1600145,PLANT_11,PORT05,41,94.55116
1400005380.0,2026-08-21,PORT08,CARRIER_06,2,DTP,0,0,CUST_166,1600177,PLANT_08,PORT07,38,183.07713
1400005381.0,2026-11-05,PORT04,CARRIER_04,1,DTD,1,0,CUST_239,1600108,PLANT_07,PORT01,28,51.11368
1400005382.0,2026-04-28,PORT06,CARRIER_10,2,DTP,0,0,CUST_180,1600190,PLANT_02,PORT08,33,119.31764
1400005383.0,2026-07-23,PORT07,CARRIER_06,2,DTP,3,0,CUST_438,1600127,PLANT_14,PORT04,30,84.59558
1400005384.0,2026-04-07,PORT03,CARRIER_09,2,DTP,3,0,CUST_487,1600031,PLANT_04,PORT05,15,7.20101
1400005385.0,2026-03-18,PORT07,CARRIER_04,2,CRF,0,0,CUST_251,1600132,PLANT_14,PORT03,30,72.05441
1400005386.0,2026-04-25,PORT05,CARRIER_03,2,DTP,3,0,CUST_263,1600141,PLANT_12,PORT03,36,8.74448
1400005387.0,2026-09-26,PORT02,CARRIER_06,2,DTP,0,0,CUST_028,1600002,PLANT_02,PORT01,7,27.79123
1400005388.0,2026-06-09,PORT02,CARRIER_09,2,DTP,3,0,CUST_118,1600167,PLANT_01,PORT06,36,133.17111
1400005389.0,2026-09-06,PORT02,CARRIER_11,2,DTP,5,0,CUST_020,1600115,PLANT_09,PORT05,16,5.56013
1400005390.0,2026-09-10,PORT03,CARRIER_11,2,DTP,4,0,CUST_429,1600100,PLANT_07,PORT06,5,12.74252
1400005391.0,2026-05-13,PORT08,CARRIER_02,2,DTP,3,0,CUST_114,1600116,PLANT_03,PORT04,39,187.65019
1400005392.0,2026-12-15,PORT08,CARRIER_08,2,DTP,3,0,CUST_171,1600016,PLANT_15,PORT03,22,32.88406
1400005393.0,2026-01-17,PORT03,CARRIER_04,1,DTP,0,0,CUST_422,1600151,PLANT_11,PORT07,23,104.21498
1400005394.0,2026-11-24,PORT03,CARRIER_03,2,DTP,3,0,CUST_357,1600165,PLANT_17,PORT02,33,27.73168
1400005395.0,2026-01-03,PORT06,CARRIER_11,2,DTD,2,0,CUST_311,1600035,PLANT_05,PORT08,30,3.97056
1400005396.0,2026-05-20,PORT04,CARRIER_01,2,CRF,3,0,CUST_020,1600164,PLANT_13,PORT07,33,89.08531
1400005397.0,2026-10-29,PORT06,CARRIER_07,2,DTP,6,0,CUST_282,1600140,PLANT_15,PORT02,48,61.07003
1400005398.0,2026-09-07,PORT08,CARRIER_10,2,DTP,4,0,CUST_281,1600114,PLANT_03,PORT06,34,149.87875
1400005399.0,2026-04-28,PORT03,CARRIER_12,2,CRF,3,0,CUST_160,1600116,PLANT_13,PORT07,7,23.81552
1400005400.0,2026-11-20,PORT04,CARRIER_06,2,DTP,3,0,CUST_373,1600136,PLANT_02,PORT05,15,51.98644
1400005401.0,2026-02-20,PORT07,CARRIER_03,1,DTP,3,0,CUST_465,1600109,PLANT_14,PORT03,25,84.97685
1400005402.0,2026-09-02,PORT03,CARRIER_06,2,DTP,3,0,CUST_130,1600013,PLANT_11,PORT04,26,89.09921
1400005403.0,2026-07-09,PORT08,CARRIER_10,2,DTD,5,0,CUST_166,1600025,PLANT_18,PORT03,21,78.97812
1400005404.0,2026-03-17,PORT06,CARRIER_07,1,DTD,3,0,CUST_162,1600022,PLANT_20,PORT01,13,43.97184
1400005405.0,2026-12-03,PORT07,CARRIER_11,1,DTP,3,0,CUST_418,1600074,PLANT_16,PORT08,9,37.69154
1400005406.0,2026-10-07,PORT07,CARRIER_09,2,DTP,0,0,CUST_039,1600139,PLANT_14,PORT05,11,31.18278
1400005407.0,2026-01-04,PORT02,CARRIER_12,2,DTD,3,0,CUST_448,1600088,PLANT_02,PORT06,48,87.28187
1400005408.0,2026-02-01,PORT03,CARRIER_08,2,DTP,3,0,CUST_388,1600085,PLANT_17,PORT02,23,54.91368
1400005409.0,2026-01-21,PORT03,CARRIER_02,2,DTD,0,0,CUST_242,1600168,PLANT_07,PORT06,49,110.60043
1400005410.0,2026-06-01,PORT03,CARRIER_01,1,DTP,3,0,CUST_292,1600027,PLANT_04,PORT05,20,34.58562
1400005411.0,2026-06-02,PORT04,CARRIER_07,2,DTP,5,0,CUST_448,1600107,PLANT_15,PORT06,19,40.58008
1400005412.0,2026-09-22,PORT03,CARRIER_12,2,DTD,3,0,CUST_385,1600177,PLANT_08,PORT05,27,53.63375
1400005413.0,2026-09-04,PORT06,CARRIER_05,2,CRF,0,0,CUST_139,1600006,PLANT_15,PORT05,48,30.94019
1400005414.0,2026-01-06,PORT02,CARRIER_01,2,DTP,0,0,CUST_026,1600055,PLANT_02,PORT04,30,125.09119
1400005415.0,2026-06-23,PORT01,CARRIER_08,0,DTP,2,0,CUST_330,1600000,PLANT_03,PORT06,6,22.84009
1400005416.0,2026-10-14,PORT08,CARRIER_08,2,DTD,0,0,CUST_073,1600035,PLANT_15,PORT04,17,29.81698
1400005417.0,2026-11-24,PORT06,CARRIER_01,2,DTD,0,0,CUST_044,1600180,PLANT_19,PORT05,50,236.55735
1400005418.0,2026-04-17,PORT06,CARRIER_08,2,DTP,0,0,CUST_492,1600167,PLANT_02,PORT02,12,57.02252
1400005419.0,2026-01-17,PORT06,CARRIER_06,2,DTP,2,0,CUST_237,1600051,PLANT_15,PORT08,43,184.81085
1400005420.0,2026-02-25,PORT08,CARRIER_02,1,DTD,0,0,CUST_326,1600011,PLANT_06,PORT04,47,11.46456
1400005421.0,2026-05-05,PORT01,CARRIER_01,2,CRF,0,0,CUST_109,1600151,PLANT_19,PORT05,14,26.86555
1400005422.0,2026-06-11,PORT04,CARRIER_08,2,DTP,5,0,CUST_051,1600093,PLANT_13,PORT07,30,70.22848
1400005423.0,2026-05-09,PORT08,CARRIER_04,2,CRF,6,0,CUST_032,1600154,PLANT_18,PORT06,32,115.89471
1400005424.0,2026-02-03,PORT05,CARRIER_03,0,DTP,4,0,CUST_178,1600062,PLANT_12,PORT03,41,131.6338
1400005425.0,2026-05-05,PORT01,CARRIER_10,2,DTP,0,0,CUST_002,1600068,PLANT_09,PORT03,41,140.38626
1400005426.0,2026-04-16,PORT06,CARRIER_04,2,CRF,0,0,CUST_211,1600108,PLANT_02,PORT03,7,27.01542
1400005427.0,2026-06-28,PORT06,CARRIER_06,2,DTP,3,0,CUST_163,1600108,PLANT_19,PORT05,19,90.19934
1400005428.0,2026-01-29,PORT06,CARRIER_07,2,DTD,4,0,CUST_264,1600022,PLANT_19,PORT04,48,134.51477
1400005429.0,2026-10-16,PORT06,CARRIER_11,3,DTP,3,0,CUST_295,1600022,PLANT_02,PORT02,21,95.12597
1400005430.0,2026-06-02,PORT02,CARRIER_11,1,DTP,4,0,CUST_155,1600065,PLANT_02,PORT05,16,65.4818
1400005431.0,2026-04-27,PORT07,CARRIER_01,1,DTD,3,0,CUST_228,1600086,PLANT_16,PORT06,33,57.94235
1400005432.0,2026-11-27,PORT07,CARRIER_04,1,CRF,6,0,CUST_040,1600011,PLANT_14,PORT02,13,53.13081
1400005433.0,2026-09-29,PORT07,CARRIER_09,2,DTD,4,0,CUST_151,1600048,PLANT_11,PORT01,11,7.42491
1400005434.0,2026-02-19,PORT07,CARRIER_09,2,DTP,0,0,CUST_490,1600070,PLANT_07,PORT05,41,35.99481
1400005435.0,2026-02-23,PORT07,CARRIER_01,2,DTD,3,0,CUST_496,1600086,PLANT_14,PORT08,10,49.62655
1400005436.0,2026-01-01,PORT06,CARRIER_04,2,DTD,3,0,CUST_243,1600114,PLANT_20,PORT07,45,99.02584
1400005437.0,2026-07-24,PORT08,CARRIER_02,2,DTP,0,0,CUST_470,1600166,PLANT_03,PORT02,16,37.71245
1400005438.0,2026-05-10,PORT03,CARRIER_03,2,DTP,3,0,CUST_251,1600198,PLANT_13,PORT07,9,42.84046
1400005439.0,2026-05-17,PORT08,CARRIER_10,2,DTD,3,0,CUST_063,1600178,PLANT_15,PORT06,39,73.04758
1400005440.0,2026-07-05,PORT05,CARRIER_12,2,DTP,3,0,CUST_434,1600006,PLANT_12,PORT01,13,16.39477
1400005441.0,2026-07-16,PORT07,CARRIER_01,2,DTP,5,0,CUST_208,1600036,PLANT_14,PORT05,21,10.10786
1400005442.0,2026-01-01,PORT04,CARRIER_11,1,DTD,1,0,CUST_307,1600156,PLANT_15,PORT07,21,55.87758
1400005443.0,2026-02-09,PORT08,CARRIER_05,2,DTP,5,0,CUST_325,1600066,PLANT_15,PORT05,28,30.19735
1400005444.0,2026-10-16,PORT04,CARRIER_10,2,DTD,2,0,CUST_155,1600160,PLANT_13,PORT07,26,10.85629
1400005445.0,2026-12-15,PORT02,CARRIER_12,1,DTP,5,0,CUST_367,1600049,PLANT_04,PORT04,13,53.09252
1400005446.0,2026-11-02,PORT01,CARRIER_06,4,DTD,0,0,CUST_251,1600108,PLANT_09,PORT06,15,25.65187
1400005447.0,2026-11-27,PORT06,CARRIER_02,0,DTP,3,0,CUST_184,1600020,PLANT_20,PORT01,13,38.20715
1400005448.0,2026-06-19,PORT01,CARRIER_03,2,DTP,5,0,CUST_149,1600080,PLANT_19,PORT04,7,4.28935
1400005449.0,2026-10-29,PORT03,CARRIER_12,1,DTP,1,0,CUST_374,1600140,PLANT_08,PORT06,34,87.63007
1400005450.0,2026-11-19,PORT06,CARRIER_10,2,DTP,4,0,CUST_125,1600117,PLANT_05,PORT03,26,83.09643
1400005451.0,2026-11-22,PORT06,CARRIER_03,2,DTP,3,0,CUST_063,1600035,PLANT_05,PORT01,9,20.73899
1400005452.0,2026-02-24,PORT06,CARRIER_11,1,DTP,3,0,CUST_441,1600037,PLANT_19,PORT05,20,35.07322
1400005453.0,2026-02-23,PORT08,CARRIER_04,1,DTP,3,0,CUST_166,1600020,PLANT_03,PORT04,35,56.82879
1400005454.0,2026-05-27,PORT02,CARRIER_01,2,DTP,0,0,CUST_321,1600011,PLANT_01,PORT01,18,11.44765
1400005455.0,2026-07-03,PORT01,CARRIER_08,2,DTP,3,0,CUST_359,1600046,PLANT_09,PORT06,23,15.3384
1400005456.0,2026-12-16,PORT01,CARRIER_07,1,DTP,0,0,CUST_420,1600176,PLANT_03,PORT04,39,98.62754
1400005457.0,2026-04-27,PORT01,CARRIER_01,1,DTD,3,0,CUST_313,1600090,PLANT_18,PORT07,35,27.30922
1400005458.0,2026-10-31,PORT02,CARRIER_07,2,DTP,3,0,CUST_354,1600106,PLANT_01,PORT06,37,44.21164
1400005459.0,2026-11-20,PORT08,CARRIER_09,2,DTP,0,0,CUST_419,1600175,PLANT_08,PORT01,22,19.96735
1400005460.0,2026-12-19,PORT01,CARRIER_05,2,DTP,0,0,CUST_472,1600184,PLANT_05,PORT07,27,108.86868
1400005461.0,2026-03-11,PORT02,CARRIER_11,1,DTP,3,0,CUST_024,1600112,PLANT_04,PORT03,43,99.05539
1400005462.0,2026-03-30,PORT03,CARRIER_05,2,DTP,0,0,CUST_372,1600187,PLANT_04,PORT05,45,126.34599
1400005463.0,2026-03-22,PORT07,CARRIER_05,1,DTD,3,0,CUST_088,1600083,PLANT_10,PORT04,7,20.69546
1400005464.0,2026-09-26,PORT07,CARRIER_09,2,DTP,6,0,CUST_446,1600056,PLANT_13,PORT08,43,87.81829
1400005465.0,2026-09-08,PORT01,CARRIER_08,1,DTP,0,0,CUST_025,1600193,PLANT_18,PORT05,46,71.86636
1400005466.0,2026-05-29,PORT03,CARRIER_12,3,DTP,3,0,CUST_124,1600082,PLANT_07,PORT04,48,94.75118
1400005467.0,2026-02-02,PORT06,CARRIER_05,2,DTP,5,0,CUST_097,1600113,PLANT_02,PORT08,17,46.25077
1400005468.0,2026-07-10,PORT07,CARRIER_02,2,CRF,5,0,CUST_302,1600182,PLANT_14,PORT03,28,51.9968
1400005469.0,2026-09-25,PORT07,CARRIER_09,2,DTP,0,0,CUST_003,1600029,PLANT_10,PORT06,6,4.61651
1400005470.0,2026-06-23,PORT04,CARRIER_12,4,DTD,4,0,CUST_009,1600114,PLANT_13,PORT08,10,45.77066
1400005471.0,2026-04-08,PORT01,CARRIER_07,2,DTP,0,0,CUST_253,1600016,PLANT_09,PORT04,30,110.66372
1400005472.0,2026-08-05,PORT01,CARRIER_08,2,DTP,3,0,CUST_486,1600153,PLANT_19,PORT04,14,5.94611
1400005473.0,2026-08-30,PORT03,CARRIER_07,2,DTP,3,0,CUST_265,1600122,PLANT_11,PORT07,15,68.06895
1400005474.0,2026-08-04,PORT03,CARRIER_05,1,DTP,0,0,CUST_223,1600040,PLANT_08,PORT01,18,16.83503
1400005475.0,2026-11-15,PORT07,CARRIER_01,2,DTP,3,0,CUST_329,1600037,PLANT_16,PORT08,26,15.05083
1400005476.0,2026-04-25,PORT03,CARRIER_12,2,DTP,0,0,CUST_276,1600014,PLANT_07,PORT06,12,11.38515
1400005477.0,2026-08-11,PORT03,CARRIER_08,2,DTP,3,0,CUST_193,1600132,PLANT_07,PORT05,41,191.54651
1400005478.0,2026-11-09,PORT03,CARRIER_10,2,DTP,3,0,CUST_295,1600098,PLANT_07,PORT01,35,41.45197
1400005479.0,2026-03-19,PORT03,CARRIER_07,2,DTP,6,0,CUST_002,1600092,PLANT_17,PORT08,41,162.20668
1400005480.0,2026-04-13,PORT07,CARRIER_05,2,DTD,3,0,CUST_123,1600115,PLANT_16,PORT04,47,152.7917
1400005481.0,2026-01-18,PORT02,CARRIER_04,2,DTD,3,0,CUST_337,1600168,PLANT_05,PORT05,32,84.45738
1400005482.0,2026-05-17,PORT06,CARRIER_03,2,DTP,0,1,CUST_171,1600119,PLANT_17,PORT01,21,39.71959
1400005483.0,2026-01-17,PORT06,CARRIER_06,1,DTD,6,0,CUST_028,1600171,PLANT_19,PORT01,49,27.21348
1400005484.0,2026-09-30,PORT08,CARRIER_02,1,DTP,3,0,CUST_063,1600183,PLANT_18,PORT01,31,111.04846
1400005485.0,2026-02-02,PORT02,CARRIER_04,2,DTP,0,0,CUST_434,1600068,PLANT_04,PORT04,26,52.89516
1400005486.0,2026-09-10,PORT07,CARRIER_12,1,DTD,3,0,CUST_165,1600176,PLANT_10,PORT03,24,65.31437
1400005487.0,2026-07-31,PORT02,CARRIER_04,2,DTP,2,0,CUST_012,1600122,PLANT_01,PORT01,6,2.1218
1400005488.0,2026-12-27,PORT07,CARRIER_04,2,DTP,1,0,CUST_365,1600182,PLANT_14,PORT03,48,187.30058
1400005489.0,2026-05-08,PORT01,CARRIER_02,2,DTP,2,0,CUST_266,1600022,PLANT_01,PORT04,42,146.66948
1400005490.0,2026-05-06,PORT06,CARRIER_11,2,DTP,3,0,CUST_226,1600031,PLANT_19,PORT05,37,99.66216
1400005491.0,2026-03-30,PORT07,CARRIER_03,2,DTP,1,0,CUST_448,1600053,PLANT_16,PORT05,15,37.9786
1400005492.0,2026-07-16,PORT06,CARRIER_10,3,DTD,4,0,CUST_157,1600173,PLANT_20,PORT07,47,82.31818
1400005493.0,2026-03-22,PORT02,CARRIER_02,1,DTP,0,0,CUST_287,1600132,PLANT_05,PORT07,13,23.11113
1400005494.0,2026-02-11,PORT07,CARRIER_04,2,DTP,0,0,CUST_373,1600020,PLANT_13,PORT02,16,6.96773
1400005495.0,2026-12-13,PORT05,CARRIER_01,2,DTP,0,0,CUST_305,1600053,PLANT_17,PORT03,8,27.71917
1400005496.0,2026-09-05,PORT02,CARRIER_08,2,DTD,3,0,CUST_104,1600148,PLANT_09,PORT03,18,5.76661
1400005497.0,2026-02-13,PORT02,CARRIER_09,2,DTD,0,0,CUST_341,1600184,PLANT_01,PORT03,20,2.13904
1400005498.0,2026-08-14,PORT02,CARRIER_11,2,DTP,0,0,CUST_372,1600091,PLANT_04,PORT07,41,10.32412
1400005499.0,2026-04-22,PORT04,CARRIER_02,1,DTP,1,0,CUST_062,1600152,PLANT_02,PORT05,20,21.93785
1400005500.0,2026-03-07,PORT01,CARRIER_11,2,DTP,6,0,CUST_083,1600149,PLANT_09,PORT06,48,138.91003
1400005501.0,2026-06-22,PORT03,CARRIER_05,2,DTD,0,0,CUST_338,1600159,PLANT_08,PORT07,18,61.87824
1400005502.0,2026-10-15,PORT03,CARRIER_02,1,CRF,0,0,CUST_060,1600042,PLANT_04,PORT08,29,62.68692
1400005503.0,2026-01-01,PORT05,CARRIER_08,2,DTP,3,0,CUST_441,1600113,PLANT_12,PORT03,32,67.27455
1400005504.0,2026-05-10,PORT08,CARRIER_05,2,DTP,3,4,CUST_055,1600132,PLANT_06,PORT06,43,125.82879
1400005505.0,2026-12-03,PORT01,CARRIER_09,2,DTP,0,0,CUST_488,1600084,PLANT_06,PORT07,39,117.95375
1400005506.0,2026-05-24,PORT03,CARRIER_05,2,DTP,5,0,CUST_336,1600041,PLANT_17,PORT04,44,186.58148
1400005507.0,2026-02-06,PORT06,CARRIER_01,1,DTP,3,0,CUST_222,1600088,PLANT_02,PORT08,48,197.44954
1400005508.0,2026-06-06,PORT03,CARRIER_11,2,DTD,3,0,CUST_135,1600028,PLANT_17,PORT05,10,41.35278
1400005509.0,2026-09-07,PORT06,CARRIER_11,2,DTP,3,0,CUST_173,1600180,PLANT_02,PORT01,9,38.12802
1400005510.0,2026-12-30,PORT04,CARRIER_07,2,DTP,4,0,CUST_375,1600107,PLANT_07,PORT02,25,110.27923
1400005511.0,2026-08-18,PORT07,CARRIER_02,2,DTD,0,0,CUST_377,1600038,PLANT_14,PORT08,11,31.03157
1400005512.0,2026-01-19,PORT05,CARRIER_06,1,DTP,5,0,CUST_105,1600066,PLANT_12,PORT06,27,81.44062
1400005513.0,2026-10-23,PORT02,CARRIER_07,2,DTP,0,0,CUST_272,1600030,PLANT_04,PORT07,32,117.22904
1400005514.0,2026-10-12,PORT08,CARRIER_10,2,DTP,3,0,CUST_497,1600041,PLANT_15,PORT04,17,18.27733
1400005515.0,2026-08-26,PORT05,CARRIER_10,2,DTP,0,0,CUST_129,1600066,PLANT_12,PORT08,9,16.79633
1400005516.0,2026-11-24,PORT01,CARRIER_12,4,DTP,3,0,CUST_347,1600074,PLANT_09,PORT07,49,224.02798
1400005517.0,2026-10-08,PORT08,CARRIER_06,1,CRF,4,0,CUST_087,1600102,PLANT_18,PORT04,22,58.55379
1400005518.0,2026-03-26,PORT07,CARRIER_09,1,DTP,3,0,CUST_418,1600172,PLANT_16,PORT03,43,15.21165
1400005519.0,2026-06-03,PORT05,CARRIER_12,2,DTD,0,0,CUST_086,1600000,PLANT_12,PORT04,33,68.87902
1400005520.0,2026-07-05,PORT07,CARRIER_04,2,DTP,4,0,CUST_149,1600116,PLANT_14,PORT08,35,31.07535
1400005521.0,2026-06-28,PORT03,CARRIER_09,1,DTD,5,0,CUST_230,1600156,PLANT_11,PORT04,40,73.83222
1400005522.0,2026-08-22,PORT05,CARRIER_12,1,DTP,0,0,CUST_186,1600149,PLANT_17,PORT08,17,47.0965
1400005523.0,2026-09-14,PORT01,CARRIER_05,2,DTP,1,0,CUST_086,1600028,PLANT_18,PORT07,15,38.62753
1400005524.0,2026-02-07,PORT01,CARRIER_02,2,DTP,3,0,CUST_321,1600142,PLANT_03,PORT08,50,125.16491
1400005525.0,2026-07-27,PORT01,CARRIER_01,1,DTP,3,0,CUST_010,1600102,PLANT_01,PORT06,35,6.64513
1400005526.0,2026-01-15,PORT07,CARRIER_04,2,DTP,0,0,CUST_492,1600041,PLANT_14,PORT03,18,41.05825
1400005527.0,2026-07-06,PORT05,CARRIER_10,2,DTP,0,0,CUST_027,1600188,PLANT_12,PORT08,34,8.22536
1400005528.0,2026-06-04,PORT08,CARRIER_07,2,DTP,3,0,CUST_167,1600072,PLANT_03,PORT01,23,47.92781
1400005529.0,2026-03-17,PORT05,CARRIER_11,0,CRF,4,0,CUST_465,1600190,PLANT_17,PORT07,44,143.89318
1400005530.0,2026-12-28,PORT01,CARRIER_08,2,DTD,1,0,CUST_078,1600158,PLANT_18,PORT08,28,20.07409
1400005531.0,2026-04-05,PORT05,CARRIER_08,1,DTP,3,0,CUST_037,1600033,PLANT_12,PORT07,19,87.25154
1400005532.0,2026-01-21,PORT06,CARRIER_01,2,DTP,4,0,CUST_372,1600164,PLANT_20,PORT07,36,114.82223
1400005533.0,2026-05-11,PORT04,CARRIER_04,2,DTP,0,0,CUST_037,1600138,PLANT_02,PORT07,39,45.4831
1400005534.0,2026-10-04,PORT06,CARRIER_06,1,DTD,2,0,CUST_450,1600041,PLANT_17,PORT08,22,44.68265
1400005535.0,2026-01-04,PORT07,CARRIER_07,0,DTP,2,0,CUST_226,1600023,PLANT_13,PORT08,39,22.41898
1400005536.0,2026-06-29,PORT02,CARRIER_09,1,DTP,3,0,CUST_435,1600048,PLANT_09,PORT07,15,3.12165
1400005537.0,2026-06-02,PORT02,CARRIER_01,0,DTP,3,0,CUST_123,1600096,PLANT_04,PORT06,16,73.40354
1400005538.0,2026-11-13,PORT01,CARRIER_08,1,DTP,4,0,CUST_071,1600158,PLANT_03,PORT06,43,146.56128
1400005539.0,2026-01-02,PORT07,CARRIER_06,2,DTP,3,0,CUST_482,1600114,PLANT_14,PORT05,33,129.36877
1400005540.0,2026-01-07,PORT06,CARRIER_12,2,DTP,0,0,CUST_382,1600119,PLANT_05,PORT01,6,18.89188
1400005541.0,2026-07-26,PORT02,CARRIER_12,0,DTD,3,0,CUST_456,1600131,PLANT_01,PORT05,36,163.55344
1400005542.0,2026-03-07,PORT08,CARRIER_02,2,CRF,3,0,CUST_160,1600057,PLANT_06,PORT05,19,85.31004
1400005543.0,2026-09-14,PORT01,CARRIER_03,2,DTD,3,0,CUST_203,1600069,PLANT_03,PORT07,17,6.54461
1400005544.0,2026-04-12,PORT07,CARRIER_10,2,DTP,6,0,CUST_289,1600191,PLANT_11,PORT05,24,24.68167
1400005545.0,2026-07-25,PORT03,CARRIER_09,2,CRF,3,0,CUST_225,1600043,PLANT_08,PORT02,25,50.98426
1400005546.0,2026-01-14,PORT04,CARRIER_01,2,DTP,3,0,CUST_122,1600017,PLANT_15,PORT01,46,81.48159
1400005547.0,2026-09-11,PORT03,CARRIER_02,1,DTP,0,0,CUST_188,1600186,PLANT_11,PORT02,25,66.88264
1400005548.0,2026-07-09,PORT07,CARRIER_03,1,DTD,3,0,CUST_305,1600038,PLANT_14,PORT02,18,25.3081
1400005549.0,2026-01-01,PORT06,CARRIER_09,2,DTP,3,0,CUST_019,1600091,PLANT_19,PORT05,40,160.30199
1400005550.0,2026-04-08,PORT07,CARRIER_04,2,DTP,4,0,CUST_168,1600014,PLANT_11,PORT05,29,3.96488
1400005551.0,2026-01-22,PORT07,CARRIER_06,2,DTD,6,0,CUST_147,1600043,PLANT_13,PORT06,5,19.89207
1400005552.0,2026-01-17,PORT05,CARRIER_11,2,DTP,6,0,CUST_036,1600005,PLANT_12,PORT06,34,68.93549
1400005553.0,2026-09-12,PORT02,CARRIER_05,2,DTP,3,1,CUST_062,1600086,PLANT_04,PORT04,28,3.50452
1400005554.0,2026-06-06,PORT08,CARRIER_07,0,DTP,5,0,CUST_248,1600171,PLANT_06,PORT01,31,131.76906
1400005555.0,2026-10-21,PORT08,CARRIER_07,1,CRF,3,0,CUST_052,1600020,PLANT_18,PORT06,13,29.75826
1400005556.0,2026-04-05,PORT06,CARRIER_07,4,DTP,3,0,CUST_173,1600161,PLANT_19,PORT02,27,98.58133
1400005557.0,2026-09-19,PORT07,CARRIER_10,0,DTP,0,0,CUST_281,1600088,PLANT_14,PORT02,34,149.74956
1400005558.0,2026-08-13,PORT04,CARRIER_12,2,DTP,6,0,CUST_437,1600101,PLANT_13,PORT05,36,9.65277
1400005559.0,2026-08-30,PORT03,CARRIER_11,2,DTP,6,0,CUST_050,1600124,PLANT_17,PORT01,36,49.84539
1400005560.0,2026-10-30,PORT06,CARRIER_07,2,DTP,3,0,CUST_218,1600096,PLANT_19,PORT07,50,34.12844
1400005561.0,2026-09-16,PORT06,CARRIER_05,3,DTD,2,6,CUST_052,1600169,PLANT_20,PORT07,28,16.24699
1400005562.0,2026-09-30,PORT04,CARRIER_11,0,DTD,0,0,CUST_215,1600155,PLANT_13,PORT07,24,113.60739
1400005563.0,2026-09-27,PORT04,CARRIER_08,2,DTD,0,0,CUST_241,1600012,PLANT_02,PORT08,29,117.37141
1400005564.0,2026-06-13,PORT05,CARRIER_09,1,DTP,4,0,CUST_400,1600188,PLANT_12,PORT07,20,37.74307
1400005565.0,2026-09-22,PORT02,CARRIER_04,1,DTD,3,0,CUST_222,1600113,PLANT_01,PORT06,19,65.88698
1400005566.0,2026-11-04,PORT07,CARRIER_12,2,CRF,3,0,CUST_468,1600028,PLANT_10,PORT01,36,165.79015
1400005567.0,2026-09-27,PORT07,CARRIER_06,2,DTP,2,0,CUST_069,1600042,PLANT_16,PORT05,19,22.45774
1400005568.0,2026-08-10,PORT01,CARRIER_04,2,DTP,3,0,CUST_027,1600082,PLANT_09,PORT07,39,6.60421
1400005569.0,2026-01-28,PORT04,CARRIER_08,2,DTP,4,0,CUST_003,1600051,PLANT_15,PORT02,39,161.3871
1400005570.0,2026-06-09,PORT06,CARRIER_03,2,DTP,5,0,CUST_179,1600036,PLANT_20,PORT08,48,174.77865
1400005571.0,2026-01-24,PORT07,CARRIER_04,1,DTP,3,0,CUST_097,1600105,PLANT_14,PORT08,11,9.73787
1400005572.0,2026-02-07,PORT07,CARRIER_05,2,DTD,2,0,CUST_046,1600105,PLANT_14,PORT03,21,52.48456
1400005573.0,2026-05-12,PORT08,CARRIER_04,2,DTP,0,0,CUST_118,1600075,PLANT_08,PORT01,40,35.44504
1400005574.0,2026-06-19,PORT06,CARRIER_02,2,CRF,5,0,CUST_488,1600055,PLANT_02,PORT03,24,73.26739
1400005575.0,2026-07-12,PORT04,CARRIER_02,2,DTD,5,0,CUST_401,1600158,PLANT_02,PORT03,35,114.55825
1400005576.0,2026-11-25,PORT05,CARRIER_11,2,DTP,3,0,CUST_010,1600062,PLANT_12,PORT08,38,55.31832
1400005577.0,2026-10-06,PORT08,CARRIER_08,2,DTP,0,0,CUST_458,1600189,PLANT_18,PORT04,45,176.67459
1400005578.0,2026-06-04,PORT05,CARRIER_03,1,DTD,3,0,CUST_103,1600169,PLANT_12,PORT08,15,36.30933
1400005579.0,2026-05-03,PORT06,CARRIER_11,2,DTP,4,0,CUST_203,1600199,PLANT_05,PORT02,16,56.97846
1400005580.0,2026-09-18,PORT08,CARRIER_01,2,DTP,3,0,CUST_164,1600026,PLANT_18,PORT06,26,84.11194
1400005581.0,2026-04-11,PORT06,CARRIER_12,2,DTP,0,0,CUST_203,1600119,PLANT_15,PORT05,28,64.64413
1400005582.0,2026-11-19,PORT07,CARRIER_10,2,CRF,6,0,CUST_381,1600096,PLANT_13,PORT02,46,70.57847
1400005583.0,2026-10-13,PORT07,CARRIER_12,2,DTP,3,0,CUST_357,1600071,PLANT_14,PORT06,6,6.60655
1400005584.0,2026-09-07,PORT02,CARRIER_06,2,DTD,3,0,CUST_298,1600139,PLANT_01,PORT08,16,60.08201
1400005585.0,2026-04-02,PORT01,CARRIER_10,2,CRF,0,0,CUST_314,1600149,PLANT_09,PORT08,46,149.29406
1400005586.0,2026-08-15,PORT06,CARRIER_04,3,DTP,0,6,CUST_364,1600001,PLANT_20,PORT04,33,48.72831
1400005587.0,2026-10-27,PORT04,CARRIER_06,0,DTP,0,0,CUST_093,1600007,PLANT_15,PORT06,36,174.19629
1400005588.0,2026-01-27,PORT08,CARRIER_12,2,DTP,3,0,CUST_198,1600196,PLANT_18,PORT01,16,65.13057
1400005589.0,2026-03-06,PORT01,CARRIER_10,2,DTP,5,0,CUST_054,1600056,PLANT_03,PORT07,33,23.80393
1400005590.0,2026-07-08,PORT07,CARRIER_07,2,DTP,3,0,CUST_353,1600088,PLANT_07,PORT01,22,19.72434
1400005591.0,2026-05-12,PORT07,CARRIER_04,1,DTP,6,0,CUST_219,1600182,PLANT_14,PORT03,38,105.1017
1400005592.0,2026-09-17,PORT07,CARRIER_06,2,DTP,3,0,CUST_319,1600101,PLANT_13,PORT06,9,5.41494
1400005593.0,2026-05-27,PORT07,CARRIER_07,2,DTP,0,0,CUST_283,1600173,PLANT_14,PORT02,18,86.85461
1400005594.0,2026-12-30,PORT01,CARRIER_08,1,DTP,3,0,CUST_137,1600177,PLANT_19,PORT05,34,109.6947
1400005595.0,2026-04-20,PORT07,CARRIER_12,2,DTP,3,0,CUST_070,1600033,PLANT_10,PORT01,32,13.57609
1400005596.0,2026-05-12,PORT04,CARRIER_02,2,DTP,5,0,CUST_487,1600150,PLANT_13,PORT03,43,97.74244
1400005597.0,2026-01-02,PORT04,CARRIER_07,2,DTP,3,0,CUST_147,1600031,PLANT_13,PORT05,41,48.69347
1400005598.0,2026-04-01,PORT04,CARRIER_05,2,DTD,0,0,CUST_055,1600030,PLANT_15,PORT06,5,12.51604
1400005599.0,2026-03-27,PORT07,CARRIER_08,1,DTP,3,0,CUST_153,1600075,PLANT_11,PORT08,9,11.79382
1400005600.0,2026-10-06,PORT01,CARRIER_03,2,DTP,4,0,CUST_452,1600050,PLANT_19,PORT06,21,87.69182
1400005601.0,2026-05-04,PORT08,CARRIER_08,1,DTP,3,0,CUST_131,1600111,PLANT_15,PORT01,49,178.03592
1400005602.0,2026-03-16,PORT07,CARRIER_01,2,CRF,0,0,CUST_494,1600078,PLANT_14,PORT04,26,118.09806
1400005603.0,2026-04-25,PORT04,CARRIER_10,0,DTP,3,0,CUST_231,1600108,PLANT_02,PORT07,46,49.21965
1400005604.0,2026-07-25,PORT07,CARRIER_05,2,DTP,4,0,CUST_431,1600133,PLANT_16,PORT08,7,13.91895
1400005605.0,2026-10-14,PORT04,CARRIER_02,2,DTP,2,0,CUST_327,1600155,PLANT_15,PORT07,49,198.29252
1400005606.0,2026-12-24,PORT06,CARRIER_07,2,DTP,3,0,CUST_022,1600191,PLANT_15,PORT02,7,13.52294
1400005607.0,2026-01-18,PORT06,CARRIER_05,1,CRF,1,0,CUST_255,1600134,PLANT_05,PORT05,42,82.21639
1400005608.0,2026-11-03,PORT07,CARRIER_12,2,DTP,2,0,CUST_209,1600000,PLANT_16,PORT01,45,221.92148
1400005609.0,2026-05-22,PORT01,CARRIER_12,2,DTP,2,0,CUST_101,1600047,PLANT_01,PORT06,18,69.79013
1400005610.0,2026-10-23,PORT05,CARRIER_08,0,DTP,0,0,CUST_275,1600066,PLANT_12,PORT06,18,77.7241
1400005611.0,2026-01-14,PORT02,CARRIER_12,2,DTP,3,0,CUST_052,1600106,PLANT_01,PORT04,31,64.91917
1400005612.0,2026-08-17,PORT07,CARRIER_02,1,DTD,3,0,CUST_350,1600097,PLANT_14,PORT01,38,112.89803
1400005613.0,2026-12-06,PORT03,CARRIER_07,2,DTP,3,0,CUST_411,1600063,PLANT_08,PORT08,10,23.07712
1400005614.0,2026-01-15,PORT03,CARRIER_10,2,DTP,1,0,CUST_047,1600122,PLANT_13,PORT04,15,34.59658
1400005615.0,2026-10-16,PORT05,CARRIER_04,0,DTP,3,0,CUST_240,1600074,PLANT_12,PORT06,39,28.3033
1400005616.0,2026-02-11,PORT06,CARRIER_06,2,DTD,3,0,CUST_328,1600173,PLANT_20,PORT05,42,177.51094
1400005617.0,2026-12-25,PORT07,CARRIER_11,1,DTP,3,0,CUST_032,1600079,PLANT_10,PORT06,12,24.1639
1400005618.0,2026-09-29,PORT02,CARRIER_11,2,DTP,4,0,CUST_195,1600147,PLANT_02,PORT01,45,132.79228
1400005619.0,2026-11-29,PORT06,CARRIER_11,2,DTP,3,0,CUST_130,1600076,PLANT_20,PORT05,44,189.18469
1400005620.0,2026-11-24,PORT06,CARRIER_09,2,DTD,3,0,CUST_020,1600117,PLANT_02,PORT05,44,171.1617
1400005621.0,2026-04-26,PORT02,CARRIER_04,2,DTP,0,0,CUST_403,1600064,PLANT_02,PORT04,16,17.14186
1400005622.0,2026-06-01,PORT01,CARRIER_02,1,DTD,2,0,CUST_223,1600010,PLANT_01,PORT02,35,109.5747
1400005623.0,2026-09-10,PORT03,CARRIER_09,2,DTD,0,0,CUST_376,1600075,PLANT_04,PORT07,12,30.34899
1400005624.0,2026-03-05,PORT02,CARRIER_01,1,DTP,5,0,CUST_294,1600123,PLANT_04,PORT05,14,19.24644
1400005625.0,2026-04-22,PORT08,CARRIER_12,2,DTD,0,0,CUST_438,1600024,PLANT_18,PORT02,8,2.40163
1400005626.0,2026-02-06,PORT03,CARRIER_03,1,DTP,3,0,CUST_499,1600168,PLANT_08,PORT07,27,86.02139
1400005627.0,2026-11-21,PORT02,CARRIER_06,0,DTD,4,0,CUST_302,1600159,PLANT_02,PORT04,37,145.0877
1400005628.0,2026-04-01,PORT07,CARRIER_12,1,DTP,2,3,CUST_177,1600046,PLANT_16,PORT02,14,66.00188
1400005629.0,2026-05-30,PORT07,CARRIER_01,2,DTP,1,0,CUST_212,1600006,PLANT_14,PORT01,13,23.91247
1400005630.0,2026-06-15,PORT07,CARRIER_08,3,DTP,0,0,CUST_413,1600128,PLANT_07,PORT03,17,34.95479
1400005631.0,2026-05-18,PORT06,CARRIER_11,2,DTP,1,0,CUST_214,1600109,PLANT_05,PORT01,14,12.58219
1400005632.0,2026-10-11,PORT04,CARRIER_02,2,DTP,5,0,CUST_260,1600019,PLANT_15,PORT01,43,211.7586
1400005633.0,2026-11-30,PORT01,CARRIER_09,2,DTP,0,0,CUST_098,1600147,PLANT_19,PORT06,12,51.15572
1400005634.0,2026-07-29,PORT07,CARRIER_09,2,DTP,3,0,CUST_496,1600041,PLANT_14,PORT04,17,81.46839
1400005635.0,2026-11-02,PORT06,CARRIER_10,2,DTD,1,0,CUST_326,1600163,PLANT_20,PORT01,19,48.01682
1400005636.0,2026-02-10,PORT07,CARRIER_03,1,DTP,3,0,CUST_166,1600104,PLANT_16,PORT01,14,15.791
1400005637.0,2026-12-19,PORT03,CARRIER_08,2,DTP,2,0,CUST_293,1600119,PLANT_13,PORT04,48,139.61301
1400005638.0,2026-02-12,PORT07,CARRIER_07,1,DTP,2,0,CUST_201,1600183,PLANT_14,PORT01,14,26.92551
1400005639.0,2026-01-25,PORT08,CARRIER_06,2,DTD,0,0,CUST_078,1600100,PLANT_06,PORT05,27,48.72246
1400005640.0,2026-01-09,PORT04,CARRIER_06,2,DTP,5,0,CUST_438,1600192,PLANT_07,PORT08,31,15.61113
1400005641.0,2026-03-30,PORT06,CARRIER_12,1,DTP,3,0,CUST_443,1600156,PLANT_15,PORT04,17,7.79333
1400005642.0,2026-11-02,PORT02,CARRIER_01,2,DTD,0,0,CUST_418,1600064,PLANT_04,PORT03,26,50.85894
1400005643.0,2026-04-20,PORT02,CARRIER_08,1,DTP,4,0,CUST_185,1600194,PLANT_04,PORT01,12,55.66047
1400005644.0,2026-10-16,PORT05,CARRIER_07,2,DTD,4,0,CUST_129,1600026,PLANT_17,PORT03,27,98.35604
1400005645.0,2026-06-04,PORT03,CARRIER_07,2,DTD,3,0,CUST_025,1600070,PLANT_17,PORT02,5,19.13369
1400005646.0,2026-02-07,PORT07,CARRIER_11,2,DTP,6,0,CUST_366,1600126,PLANT_10,PORT03,25,31.20061
1400005647.0,2026-06-22,PORT01,CARRIER_07,2,DTP,0,0,CUST_164,1600055,PLANT_09,PORT03,21,77.6831
1400005648.0,2026-03-26,PORT07,CARRIER_10,0,DTP,4,0,CUST_447,1600047,PLANT_07,PORT01,21,43.91024
1400005649.0,2026-04-17,PORT06,CARRIER_10,2,DTD,4,6,CUST_435,1600124,PLANT_15,PORT03,10,3.91014
1400005650.0,2026-07-08,PORT03,CARRIER_10,2,DTD,3,0,CUST_065,1600148,PLANT_17,PORT02,50,101.72932
1400005651.0,2026-10-16,PORT01,CARRIER_08,0,DTP,3,0,CUST_459,1600168,PLANT_18,PORT08,6,4.45886
1400005652.0,2026-08-03,PORT08,CARRIER_01,2,DTP,0,0,CUST_071,1600168,PLANT_15,PORT07,11,47.1144
1400005653.0,2026-03-23,PORT01,CARRIER_01,2,DTP,0,0,CUST_246,1600198,PLANT_01,PORT08,9,37.95697
1400005654.0,2026-09-19,PORT08,CARRIER_07,2,DTP,3,0,CUST_237,1600045,PLANT_15,PORT05,49,73.92129
1400005655.0,2026-09-12,PORT03,CARRIER_04,2,DTP,5,0,CUST_479,1600064,PLANT_11,PORT08,19,58.86997
1400005656.0,2026-03-28,PORT02,CARRIER_03,1,DTD,0,0,CUST_329,1600006,PLANT_04,PORT03,24,45.17814
1400005657.0,2026-11-07,PORT07,CARRIER_07,1,DTP,3,0,CUST_438,1600167,PLANT_16,PORT01,39,33.37262
1400005658.0,2026-11-04,PORT07,CARRIER_06,2,DTP,0,0,CUST_298,1600033,PLANT_11,PORT02,7,22.97467
1400005659.0,2026-08-09,PORT06,CARRIER_02,1,DTP,1,0,CUST_413,1600076,PLANT_20,PORT02,8,30.59618
1400005660.0,2026-04-19,PORT04,CARRIER_06,2,CRF,3,1,CUST_427,1600198,PLANT_07,PORT03,13,50.64984
1400005661.0,2026-05-10,PORT02,CARRIER_11,1,DTP,6,0,CUST_430,1600042,PLANT_04,PORT06,36,29.92251
1400005662.0,2026-06-10,PORT04,CARRIER_02,2,DTD,0,0,CUST_206,1600143,PLANT_07,PORT06,50,130.58174
1400005663.0,2026-03-10,PORT04,CARRIER_10,0,DTD,0,0,CUST_191,1600020,PLANT_13,PORT05,33,7.16453
1400005664.0,2026-04-22,PORT02,CARRIER_10,2,DTD,0,2,CUST_493,1600134,PLANT_09,PORT05,45,24.38237
1400005665.0,2026-02-19,PORT06,CARRIER_10,2,DTP,3,0,CUST_379,1600148,PLANT_19,PORT04,45,22.37178
1400005666.0,2026-02-26,PORT06,CARRIER_02,0,DTP,3,0,CUST_459,1600135,PLANT_20,PORT01,17,6.46399
1400005667.0,2026-09-29,PORT02,CARRIER_06,2,DTP,0,0,CUST_289,1600072,PLANT_01,PORT03,13,22.56111
1400005668.0,2026-02-16,PORT05,CARRIER_12,2,DTP,0,0,CUST_465,1600078,PLANT_12,PORT04,12,22.23156
1400005669.0,2026-06-21,PORT02,CARRIER_04,2,DTD,2,0,CUST_360,1600012,PLANT_02,PORT05,41,144.30215
1400005670.0,2026-06-06,PORT05,CARRIER_06,2,DTP,0,0,CUST_372,1600052,PLANT_12,PORT08,35,60.07437
1400005671.0,2026-01-17,PORT07,CARRIER_11,1,DTP,4,0,CUST_089,1600155,PLANT_07,PORT06,44,34.66934
1400005672.0,2026-10-31,PORT02,CARRIER_07,2,DTD,4,0,CUST_284,1600099,PLANT_02,PORT04,28,132.71134
1400005673.0,2026-12-26,PORT03,CARRIER_05,1,DTD,2,0,CUST_366,1600092,PLANT_07,PORT07,49,215.10188
1400005674.0,2026-08-22,PORT06,CARRIER_02,2,CRF,3,0,CUST_381,1600171,PLANT_19,PORT01,46,32.60049
1400005675.0,2026-09-03,PORT07,CARRIER_07,1,DTD,2,0,CUST_479,1600043,PLANT_16,PORT02,42,78.85986
1400005676.0,2026-03-26,PORT02,CARRIER_06,2,DTP,0,0,CUST_164,1600169,PLANT_01,PORT05,41,37.86821
1400005677.0,2026-11-05,PORT03,CARRIER_04,2,DTP,3,0,CUST_152,1600078,PLANT_06,PORT08,10,47.99646
1400005678.0,2026-10-14,PORT03,CARRIER_04,2,DTP,3,0,CUST_485,1600095,PLANT_04,PORT02,39,71.92732
1400005679.0,2026-06-09,PORT07,CARRIER_12,1,DTP,2,0,CUST_494,1600006,PLANT_14,PORT01,48,27.87722
1400005680.0,2026-09-15,PORT01,CARRIER_08,1,DTP,0,0,CUST_090,1600188,PLANT_06,PORT02,18,65.90764
1400005681.0,2026-12-15,PORT06,CARRIER_09,2,DTP,1,0,CUST_190,1600020,PLANT_15,PORT05,42,150.67146
1400005682.0,2026-08-09,PORT01,CARRIER_01,2,DTP,2,0,CUST_475,1600087,PLANT_01,PORT02,21,26.90245
1400005683.0,2026-03-14,PORT02,CARRIER_12,4,DTD,3,0,CUST_100,1600052,PLANT_09,PORT05,14,23.45228
1400005684.0,2026-05-01,PORT02,CARRIER_04,2,DTP,4,0,CUST_392,1600006,PLANT_05,PORT07,38,81.07652
1400005685.0,2026-03-09,PORT05,CARRIER_12,1,DTD,0,0,CUST_057,1600148,PLANT_12,PORT08,12,16.94076
1400005686.0,2026-05-02,PORT01,CARRIER_12,2,DTP,3,0,CUST_090,1600058,PLANT_19,PORT07,27,40.91984
1400005687.0,2026-11-21,PORT02,CARRIER_03,2,DTD,6,0,CUST_393,1600072,PLANT_02,PORT08,48,193.33406
1400005688.0,2026-03-11,PORT07,CARRIER_04,2,DTP,0,0,CUST_304,1600116,PLANT_16,PORT01,12,45.40882
1400005689.0,2026-11-22,PORT07,CARRIER_09,1,DTP,3,3,CUST_278,1600150,PLANT_16,PORT08,12,41.9266
1400005690.0,2026-04-15,PORT02,CARRIER_07,2,DTP,3,2,CUST_429,1600058,PLANT_04,PORT08,48,166.32914
1400005691.0,2026-07-02,PORT06,CARRIER_06,2,DTD,3,0,CUST_154,1600022,PLANT_02,PORT05,40,106.28886
1400005692.0,2026-07-12,PORT01,CARRIER_05,1,DTP,5,6,CUST_252,1600139,PLANT_19,PORT08,26,47.30737
1400005693.0,2026-02-15,PORT03,CARRIER_08,2,DTP,5,0,CUST_305,1600181,PLANT_17,PORT06,23,83.50542
1400005694.0,2026-03-09,PORT07,CARRIER_08,2,DTD,3,0,CUST_370,1600056,PLANT_07,PORT08,49,32.83989
1400005695.0,2026-04-22,PORT06,CARRIER_06,2,DTD,4,0,CUST_167,1600076,PLANT_02,PORT05,38,30.06733
1400005696.0,2026-01-22,PORT07,CARRIER_07,2,DTD,3,0,CUST_317,1600080,PLANT_13,PORT08,46,33.06018
1400005697.0,2026-10-03,PORT07,CARRIER_01,2,CRF,4,0,CUST_225,1600082,PLANT_07,PORT05,9,33.21287
1400005698.0,2026-07-19,PORT03,CARRIER_05,2,DTP,5,0,CUST_271,1600012,PLANT_06,PORT06,29,86.95796
1400005699.0,2026-11-05,PORT07,CARRIER_09,2,DTD,3,0,CUST_432,1600161,PLANT_11,PORT08,38,87.61986
1400005700.0,2026-11-12,PORT07,CARRIER_10,2,DTP,0,0,CUST_197,1600066,PLANT_14,PORT04,6,14.6012
1400005701.0,2026-05-07,PORT02,CARRIER_06,2,CRF,0,0,CUST_335,1600050,PLANT_01,PORT06,28,116.34114
1400005702.0,2026-10-26,PORT07,CARRIER_09,2,DTP,4,0,CUST_471,1600017,PLANT_16,PORT04,7,4.87362
1400005703.0,2026-01-23,PORT08,CARRIER_02,2,CRF,0,0,CUST_382,1600098,PLANT_03,PORT03,46,90.98326
1400005704.0,2026-06-06,PORT03,CARRIER_08,1,DTP,3,0,CUST_495,1600058,PLANT_04,PORT05,36,137.69332
1400005705.0,2026-08-31,PORT08,CARRIER_08,1,DTP,3,0,CUST_292,1600086,PLANT_15,PORT05,13,43.20437
1400005706.0,2026-06-20,PORT01,CARRIER_07,2,CRF,4,0,CUST_141,1600199,PLANT_01,PORT05,28,62.50213
1400005707.0,2026-09-27,PORT02,CARRIER_02,2,DTP,4,0,CUST_496,1600135,PLANT_09,PORT07,10,11.99272
1400005708.0,2026-11-10,PORT02,CARRIER_11,2,DTP,0,0,CUST_323,1600108,PLANT_02,PORT04,41,194.24004
1400005709.0,2026-06-04,PORT07,CARRIER_11,1,DTD,3,0,CUST_121,1600085,PLANT_16,PORT01,14,29.38327
1400005710.0,2026-04-11,PORT06,CARRIER_12,2,CRF,4,0,CUST_159,1600070,PLANT_15,PORT05,32,140.84453
1400005711.0,2026-08-01,PORT01,CARRIER_01,1,DTP,0,0,CUST_132,1600121,PLANT_05,PORT08,8,31.29095
1400005712.0,2026-11-13,PORT06,CARRIER_01,1,DTP,3,0,CUST_417,1600090,PLANT_17,PORT07,12,51.85797
1400005713.0,2026-12-27,PORT02,CARRIER_06,2,DTP,3,0,CUST_047,1600058,PLANT_09,PORT05,50,9.14589
1400005714.0,2026-10-25,PORT08,CARRIER_12,2,DTP,2,0,CUST_370,1600043,PLANT_03,PORT02,22,53.6628
1400005715.0,2026-03-31,PORT07,CARRIER_05,1,DTD,3,0,CUST_278,1600048,PLANT_14,PORT06,10,13.71226
1400005716.0,2026-03-16,PORT06,CARRIER_04,1,DTP,0,0,CUST_037,1600039,PLANT_20,PORT04,37,53.38007
1400005717.0,2026-07-29,PORT03,CARRIER_11,2,DTP,4,0,CUST_307,1600025,PLANT_11,PORT04,14,19.91105
1400005718.0,2026-05-27,PORT01,CARRIER_01,2,DTP,0,0,CUST_377,1600180,PLANT_18,PORT03,32,64.24438
1400005719.0,2026-08-12,PORT02,CARRIER_09,2,DTP,3,0,CUST_363,1600024,PLANT_09,PORT05,42,88.72301
1400005720.0,2026-12-04,PORT08,CARRIER_07,2,DTP,3,0,CUST_265,1600002,PLANT_06,PORT03,36,115.4447
1400005721.0,2026-07-20,PORT07,CARRIER_04,2,DTP,0,0,CUST_168,1600008,PLANT_14,PORT02,16,25.14858
1400005722.0,2026-05-10,PORT04,CARRIER_09,1,DTP,3,0,CUST_082,1600134,PLANT_07,PORT01,15,21.54912
1400005723.0,2026-11-14,PORT02,CARRIER_05,1,DTP,0,0,CUST_007,1600197,PLANT_09,PORT07,15,28.0047
1400005724.0,2026-06-10,PORT06,CARRIER_10,2,DTD,0,0,CUST_180,1600035,PLANT_05,PORT04,34,117.77331
1400005725.0,2026-08-09,PORT07,CARRIER_08,2,DTD,3,0,CUST_317,1600161,PLANT_10,PORT04,35,3.52936
1400005726.0,2026-02-19,PORT02,CARRIER_01,2,DTP,3,0,CUST_019,1600064,PLANT_04,PORT04,28,105.27852
1400005727.0,2026-07-05,PORT06,CARRIER_12,2,DTD,3,0,CUST_500,1600177,PLANT_19,PORT02,23,40.50178
1400005728.0,2026-06-05,PORT06,CARRIER_10,0,DTP,0,0,CUST_293,1600065,PLANT_19,PORT07,7,20.46502
1400005729.0,2026-02-14,PORT02,CARRIER_05,1,CRF,3,0,CUST_148,1600109,PLANT_01,PORT03,43,164.75275
1400005730.0,2026-03-19,PORT07,CARRIER_08,2,DTP,0,0,CUST_482,1600177,PLANT_16,PORT06,35,91.10823
1400005731.0,2026-09-14,PORT02,CARRIER_11,2,DTP,1,0,CUST_092,1600069,PLANT_01,PORT07,34,111.2154
1400005732.0,2026-03-07,PORT06,CARRIER_06,2,DTP,0,0,CUST_479,1600010,PLANT_02,PORT05,9,41.46939
1400005733.0,2026-02-18,PORT03,CARRIER_09,2,CRF,0,0,CUST_141,1600112,PLANT_17,PORT02,18,4.43421
1400005734.0,2026-01-22,PORT07,CARRIER_10,2,DTP,3,0,CUST_190,1600098,PLANT_07,PORT04,18,32.62844
1400005735.0,2026-01-10,PORT06,CARRIER_09,0,DTP,5,0,CUST_213,1600052,PLANT_19,PORT05,32,148.53073
1400005736.0,2026-06-08,PORT06,CARRIER_06,1,DTP,0,0,CUST_498,1600191,PLANT_15,PORT08,41,172.33965
1400005737.0,2026-06-28,PORT07,CARRIER_03,1,CRF,3,0,CUST_126,1600049,PLANT_14,PORT01,44,137.38811
1400005738.0,2026-08-16,PORT03,CARRIER_03,1,DTP,0,0,CUST_487,1600194,PLANT_07,PORT01,29,35.48395
1400005739.0,2026-07-28,PORT03,CARRIER_01,1,DTP,2,0,CUST_174,1600057,PLANT_06,PORT02,21,36.11185
1400005740.0,2026-07-15,PORT07,CARRIER_06,2,DTP,3,0,CUST_143,1600005,PLANT_16,PORT02,23,98.99168
1400005741.0,2026-12-31,PORT07,CARRIER_06,2,DTP,0,0,CUST_320,1600062,PLANT_14,PORT06,38,133.81815
1400005742.0,2026-04-02,PORT07,CARRIER_05,1,DTD,3,0,CUST_347,1600152,PLANT_16,PORT06,19,28.49404
1400005743.0,2026-09-17,PORT02,CARRIER_08,1,DTP,0,0,CUST_173,1600116,PLANT_05,PORT04,24,17.95207
1400005744.0,2026-01-30,PORT07,CARRIER_04,2,DTP,4,5,CUST_068,1600003,PLANT_10,PORT01,41,160.95676
1400005745.0,2026-11-06,PORT03,CARRIER_06,1,DTD,3,0,CUST_199,1600010,PLANT_04,PORT02,29,84.78153
1400005746.0,2026-05-13,PORT06,CARRIER_10,1,DTD,3,0,CUST_271,1600163,PLANT_20,PORT04,26,125.34203
1400005747.0,2026-05-07,PORT07,CARRIER_05,2,CRF,0,0,CUST_021,1600104,PLANT_13,PORT05,38,79.48866
1400005748.0,2026-02-19,PORT04,CARRIER_01,1,DTP,2,0,CUST_040,1600121,PLANT_02,PORT03,18,32.58418
1400005749.0,2026-07-05,PORT03,CARRIER_04,1,DTP,3,0,CUST_459,1600139,PLANT_17,PORT01,7,10.67294
1400005750.0,2026-05-26,PORT07,CARRIER_05,1,DTD,3,0,CUST_018,1600001,PLANT_11,PORT08,41,100.90972
1400005751.0,2026-12-22,PORT05,CARRIER_11,3,DTP,3,0,CUST_204,1600118,PLANT_12,PORT08,25,42.03438
1400005752.0,2026-03-06,PORT03,CARRIER_01,2,DTP,3,0,CUST_382,1600015,PLANT_11,PORT08,19,8.71404
1400005753.0,2026-06-02,PORT07,CARRIER_03,2,CRF,3,0,CUST_165,1600146,PLANT_16,PORT02,9,14.66489
1400005754.0,2026-11-25,PORT03,CARRIER_04,2,DTP,3,0,CUST_248,1600054,PLANT_07,PORT06,47,55.10943
1400005755.0,2026-10-22,PORT06,CARRIER_01,2,DTD,1,0,CUST_044,1600102,PLANT_02,PORT07,38,155.62469
1400005756.0,2026-10-07,PORT02,CARRIER_11,1,CRF,5,0,CUST_398,1600011,PLANT_04,PORT05,17,21.32486
1400005757.0,2026-07-11,PORT07,CARRIER_02,2,DTP,3,0,CUST_318,1600026,PLANT_14,PORT02,32,75.15106
1400005758.0,2026-11-15,PORT07,CARRIER_08,2,DTD,0,0,CUST_426,1600188,PLANT_13,PORT04,26,88.30685
1400005759.0,2026-03-23,PORT07,CARRIER_06,2,DTD,0,0,CUST_432,1600096,PLANT_10,PORT04,20,16.62423
1400005760.0,2026-10-23,PORT03,CARRIER_11,2,DTD,3,0,CUST_176,1600116,PLANT_04,PORT05,19,51.3624
1400005761.0,2026-07-31,PORT01,CARRIER_07,1,DTP,3,5,CUST_021,1600115,PLANT_09,PORT08,8,34.00973
1400005762.0,2026-05-08,PORT04,CARRIER_11,1,DTP,5,0,CUST_174,1600034,PLANT_02,PORT03,49,145.13779
1400005763.0,2026-03-21,PORT02,CARRIER_09,2,DTP,3,0,CUST_073,1600131,PLANT_09,PORT05,47,115.7936
1400005764.0,2026-07-10,PORT03,CARRIER_10,1,DTD,0,0,CUST_267,1600106,PLANT_04,PORT02,45,189.4728
1400005765.0,2026-01-02,PORT07,CARRIER_07,3,DTP,0,0,CUST_074,1600053,PLANT_16,PORT01,19,90.08915
1400005766.0,2026-09-18,PORT02,CARRIER_01,2,DTP,3,0,CUST_461,1600076,PLANT_02,PORT07,50,206.14142
1400005767.0,2026-03-28,PORT06,CARRIER_08,1,DTP,3,0,CUST_302,1600147,PLANT_19,PORT02,17,35.72051
1400005768.0,2026-05-23,PORT03,CARRIER_05,2,DTP,5,3,CUST_127,1600122,PLANT_04,PORT01,42,130.08644
1400005769.0,2026-03-12,PORT04,CARRIER_02,2,DTD,3,0,CUST_461,1600054,PLANT_02,PORT02,9,24.1249
1400005770.0,2026-06-19,PORT05,CARRIER_06,2,CRF,5,0,CUST_385,1600017,PLANT_12,PORT08,19,30.13803
1400005771.0,2026-05-16,PORT02,CARRIER_06,2,DTP,4,1,CUST_219,1600110,PLANT_04,PORT01,31,69.22513
1400005772.0,2026-03-10,PORT07,CARRIER_12,2,DTP,3,0,CUST_074,1600048,PLANT_10,PORT08,49,204.00695
1400005773.0,2026-11-21,PORT03,CARRIER_09,1,DTD,3,0,CUST_172,1600029,PLANT_06,PORT02,17,26.72997
1400005774.0,2026-10-05,PORT05,CARRIER_10,2,DTP,3,0,CUST_293,1600193,PLANT_12,PORT01,24,107.01191
1400005775.0,2026-05-22,PORT04,CARRIER_04,2,DTP,3,0,CUST_383,1600070,PLANT_15,PORT08,43,213.19416
1400005776.0,2026-01-22,PORT03,CARRIER_06,2,DTP,4,0,CUST_131,1600072,PLANT_17,PORT04,26,41.68215
1400005777.0,2026-11-05,PORT01,CARRIER_04,2,DTP,0,0,CUST_372,1600119,PLANT_05,PORT05,36,25.25099
1400005778.0,2026-09-12,PORT04,CARRIER_07,2,DTP,5,0,CUST_142,1600066,PLANT_15,PORT02,24,114.9637
1400005779.0,2026-07-22,PORT01,CARRIER_04,1,DTP,3,0,CUST_124,1600007,PLANT_09,PORT08,5,4.6911
1400005780.0,2026-08-09,PORT08,CARRIER_04,2,DTP,3,0,CUST_224,1600050,PLANT_08,PORT05,18,69.84311
1400005781.0,2026-01-03,PORT07,CARRIER_05,2,DTD,0,0,CUST_081,1600101,PLANT_16,PORT06,31,9.04134
1400005782.0,2026-06-22,PORT07,CARRIER_12,2,DTP,1,0,CUST_203,1600027,PLANT_16,PORT02,5,6.27134
1400005783.0,2026-03-10,PORT01,CARRIER_01,2,DTP,3,0,CUST_179,1600194,PLANT_01,PORT08,15,20.62142
1400005784.0,2026-08-26,PORT04,CARRIER_11,2,DTP,0,0,CUST_141,1600071,PLANT_07,PORT08,48,74.70968
1400005785.0,2026-12-06,PORT01,CARRIER_11,2,DTD,0,0,CUST_388,1600103,PLANT_18,PORT03,5,23.02294
1400005786.0,2026-07-13,PORT03,CARRIER_04,1,DTP,1,0,CUST_166,1600113,PLANT_04,PORT02,16,15.34428
1400005787.0,2026-08-09,PORT07,CARRIER_03,1,DTD,2,0,CUST_348,1600069,PLANT_14,PORT01,33,31.37742
1400005788.0,2026-09-01,PORT03,CARRIER_04,2,DTD,5,0,CUST_361,1600065,PLANT_11,PORT02,30,104.67622
1400005789.0,2026-12-06,PORT01,CARRIER_11,3,DTP,3,3,CUST_333,1600005,PLANT_18,PORT05,14,66.72895
1400005790.0,2026-01-14,PORT07,CARRIER_02,1,CRF,3,0,CUST_135,1600124,PLANT_16,PORT01,7,14.05245
1400005791.0,2026-04-24,PORT03,CARRIER_01,1,DTP,6,3,CUST_415,1600114,PLANT_13,PORT07,46,178.8632
1400005792.0,2026-04-08,PORT07,CARRIER_02,2,DTP,3,0,CUST_119,1600136,PLANT_16,PORT04,30,7.56228
1400005793.0,2026-09-19,PORT07,CARRIER_04,1,DTP,6,0,CUST_139,1600127,PLANT_14,PORT01,31,128.27528
1400005794.0,2026-06-13,PORT02,CARRIER_09,2,DTD,5,0,CUST_438,1600110,PLANT_01,PORT06,7,25.51251
1400005795.0,2026-10-09,PORT04,CARRIER_07,2,DTP,3,0,CUST_170,1600134,PLANT_02,PORT07,14,62.90783
1400005796.0,2026-06-22,PORT05,CARRIER_06,2,CRF,3,0,CUST_349,1600009,PLANT_12,PORT02,8,25.78821
1400005797.0,2026-12-23,PORT04,CARRIER_02,2,DTD,4,0,CUST_022,1600091,PLANT_13,PORT06,50,235.62748
1400005798.0,2026-10-07,PORT07,CARRIER_10,2,DTP,2,1,CUST_308,1600098,PLANT_16,PORT08,40,80.41205
1400005799.0,2026-01-07,PORT01,CARRIER_12,2,DTP,3,0,CUST_435,1600073,PLANT_19,PORT03,30,110.68212
1400005800.0,2026-12-27,PORT04,CARRIER_05,2,DTP,0,0,CUST_355,1600173,PLANT_07,PORT07,36,131.58953
1400005801.0,2026-12-14,PORT01,CARRIER_07,2,DTP,1,0,CUST_292,1600185,PLANT_06,PORT02,12,16.99414
1400005802.0,2026-01-16,PORT01,CARRIER_04,2,DTP,0,0,CUST_425,1600089,PLANT_09,PORT05,50,230.54199
1400005803.0,2026-05-23,PORT02,CARRIER_10,2,DTP,5,0,CUST_150,1600110,PLANT_04,PORT03,28,109.70306
1400005804.0,2026-12-21,PORT03,CARRIER_07,2,DTP,0,0,CUST_189,1600147,PLANT_11,PORT08,28,121.66346
1400005805.0,2026-11-02,PORT05,CARRIER_04,1,DTD,3,0,CUST_035,1600129,PLANT_12,PORT08,49,91.9581
1400005806.0,2026-06-20,PORT04,CARRIER_04,2,CRF,3,0,CUST_350,1600117,PLANT_02,PORT06,9,37.99934
1400005807.0,2026-07-18,PORT08,CARRIER_03,2,DTP,3,0,CUST_362,1600188,PLANT_08,PORT02,24,39.44123
1400005808.0,2026-01-11,PORT02,CARRIER_12,2,DTP,4,0,CUST_376,1600069,PLANT_01,PORT03,9,43.43009
1400005809.0,2026-07-26,PORT02,CARRIER_11,1,DTP,4,0,CUST_375,1600070,PLANT_04,PORT06,24,5.21618
1400005810.0,2026-09-01,PORT03,CARRIER_06,2,DTP,3,0,CUST_064,1600034,PLANT_17,PORT07,17,53.27832
1400005811.0,2026-05-12,PORT07,CARRIER_03,2,DTD,3,0,CUST_334,1600057,PLANT_16,PORT01,26,16.89931
1400005812.0,2026-04-22,PORT02,CARRIER_03,2,DTP,4,0,CUST_382,1600034,PLANT_01,PORT03,37,134.00632
1400005813.0,2026-10-30,PORT05,CARRIER_05,2,DTP,3,0,CUST_102,1600151,PLANT_12,PORT07,17,31.99524
1400005814.0,2026-06-13,PORT08,CARRIER_01,1,DTP,3,0,CUST_239,1600075,PLANT_08,PORT01,7,30.56297
1400005815.0,2026-04-07,PORT01,CARRIER_09,2,DTP,0,0,CUST_457,1600185,PLANT_19,PORT02,12,52.51491
1400005816.0,2026-05-17,PORT03,CARRIER_02,2,DTD,0,0,CUST_208,1600141,PLANT_13,PORT05,37,70.43469
1400005817.0,2026-06-29,PORT08,CARRIER_03,2,CRF,5,2,CUST_377,1600091,PLANT_18,PORT07,31,126.13623
1400005818.0,2026-04-05,PORT07,CARRIER_05,2,DTP,4,6,CUST_266,1600046,PLANT_14,PORT03,50,171.87853
1400005819.0,2026-07-24,PORT02,CARRIER_08,1,DTP,3,0,CUST_329,1600135,PLANT_04,PORT03,46,100.74819
1400005820.0,2026-11-11,PORT04,CARRIER_06,1,DTP,0,0,CUST_314,1600090,PLANT_15,PORT08,12,21.3823
1400005821.0,2026-09-29,PORT07,CARRIER_12,1,DTP,3,2,CUST_326,1600034,PLANT_16,PORT03,38,42.95878
1400005822.0,2026-03-26,PORT06,CARRIER_05,2,DTP,5,0,CUST_390,1600138,PLANT_02,PORT04,9,3.68749
1400005823.0,2026-06-22,PORT03,CARRIER_07,1,DTP,5,0,CUST_453,1600109,PLANT_17,PORT02,9,23.71555
1400005824.0,2026-07-18,PORT08,CARRIER_06,1,DTD,3,0,CUST_148,1600010,PLANT_15,PORT01,41,112.59414
1400005825.0,2026-09-06,PORT01,CARRIER_04,2,CRF,3,0,CUST_465,1600022,PLANT_18,PORT07,23,52.3409
1400005826.0,2026-10-04,PORT07,CARRIER_08,2,CRF,0,0,CUST_314,1600135,PLANT_16,PORT04,50,237.89631
1400005827.0,2026-06-27,PORT07,CARRIER_12,4,CRF,0,0,CUST_298,1600175,PLANT_16,PORT08,5,0.83541
1400005828.0,2026-04-25,PORT01,CARRIER_03,2,DTP,1,0,CUST_164,1600069,PLANT_18,PORT05,28,119.46184
1400005829.0,2026-08-29,PORT06,CARRIER_11,1,DTP,3,0,CUST_209,1600012,PLANT_20,PORT01,19,76.45648
1400005830.0,2026-02-15,PORT01,CARRIER_10,0,DTD,5,0,CUST_326,1600048,PLANT_01,PORT08,50,190.89434
1400005831.0,2026-09-04,PORT07,CARRIER_08,2,DTP,5,0,CUST_182,1600191,PLANT_14,PORT02,35,93.52298
1400005832.0,2026-11-24,PORT04,CARRIER_09,2,CRF,2,0,CUST_144,1600189,PLANT_02,PORT03,40,41.30965
1400005833.0,2026-09-16,PORT01,CARRIER_10,2,DTP,3,0,CUST_410,1600128,PLANT_18,PORT04,18,77.90596
1400005834.0,2026-06-08,PORT06,CARRIER_05,2,DTP,2,0,CUST_208,1600123,PLANT_02,PORT07,46,172.43164
1400005835.0,2026-10-28,PORT04,CARRIER_10,2,DTP,3,0,CUST_323,1600172,PLANT_07,PORT03,43,179.77543
1400005836.0,2026-07-14,PORT05,CARRIER_06,2,DTP,4,0,CUST_016,1600052,PLANT_12,PORT07,41,51.46972
1400005837.0,2026-07-17,PORT02,CARRIER_06,0,DTP,4,0,CUST_039,1600016,PLANT_09,PORT06,26,73.22737
1400005838.0,2026-11-08,PORT07,CARRIER_12,2,DTP,5,0,CUST_425,1600036,PLANT_14,PORT03,47,100.49541
1400005839.0,2026-03-12,PORT06,CARRIER_04,2,DTD,3,0,CUST_072,1600062,PLANT_20,PORT07,35,113.20365
1400005840.0,2026-10-12,PORT08,CARRIER_01,1,DTP,3,2,CUST_398,1600112,PLANT_18,PORT07,8,30.30222
1400005841.0,2026-09-06,PORT07,CARRIER_01,2,DTP,6,0,CUST_451,1600079,PLANT_10,PORT06,45,42.80424
1400005842.0,2026-07-13,PORT07,CARRIER_05,2,DTD,3,0,CUST_241,1600040,PLANT_13,PORT08,5,4.76394
1400005843.0,2026-01-29,PORT07,CARRIER_01,1,DTD,0,0,CUST_443,1600123,PLANT_16,PORT02,36,11.29225
1400005844.0,2026-10-07,PORT08,CARRIER_12,2,DTP,2,0,CUST_214,1600072,PLANT_15,PORT02,16,13.92331
1400005845.0,2026-03-21,PORT07,CARRIER_01,2,DTP,0,0,CUST_476,1600086,PLANT_14,PORT01,46,58.73505
1400005846.0,2026-11-23,PORT02,CARRIER_10,1,DTP,0,0,CUST_119,1600021,PLANT_04,PORT01,38,17.30296
1400005847.0,2026-10-17,PORT06,CARRIER_03,2,DTP,3,0,CUST_214,1600070,PLANT_19,PORT01,42,77.4012
1400005848.0,2026-05-13,PORT04,CARRIER_09,2,DTD,3,0,CUST_195,1600155,PLANT_13,PORT07,37,126.10765
1400005849.0,2026-06-08,PORT07,CARRIER_02,2,DTP,0,0,CUST_393,1600120,PLANT_14,PORT01,31,123.56781
1400005850.0,2026-01-10,PORT05,CARRIER_12,2,CRF,2,0,CUST_022,1600166,PLANT_12,PORT04,44,78.95799
1400005851.0,2026-07-01,PORT05,CARRIER_01,2,CRF,2,0,CUST_415,1600074,PLANT_17,PORT03,18,9.19336
1400005852.0,2026-01-22,PORT03,CARRIER_05,2,DTP,4,0,CUST_012,1600033,PLANT_08,PORT04,29,110.80681
1400005853.0,2026-12-27,PORT03,CARRIER_07,0,DTP,0,0,CUST_158,1600030,PLANT_13,PORT08,18,36.3024
1400005854.0,2026-08-22,PORT02,CARRIER_08,1,DTD,0,0,CUST_299,1600077,PLANT_04,PORT04,10,13.31995
1400005855.0,2026-03-27,PORT06,CARRIER_05,2,DTD,3,0,CUST_073,1600039,PLANT_19,PORT04,45,108.28736
1400005856.0,2026-10-21,PORT06,CARRIER_01,1,DTP,3,0,CUST_246,1600003,PLANT_15,PORT08,27,131.01304
1400005857.0,2026-01-08,PORT07,CARRIER_12,2,DTP,0,0,CUST_499,1600007,PLANT_11,PORT08,7,13.48155
1400005858.0,2026-07-20,PORT03,CARRIER_11,1,DTP,4,0,CUST_412,1600111,PLANT_07,PORT06,42,201.65544
1400005859.0,2026-02-10,PORT01,CARRIER_09,2,DTP,3,0,CUST_016,1600028,PLANT_03,PORT06,48,64.34539
1400005860.0,2026-01-20,PORT02,CARRIER_04,4,DTP,3,0,CUST_296,1600099,PLANT_02,PORT04,35,21.60093
1400005861.0,2026-03-31,PORT02,CARRIER_12,2,DTP,3,0,CUST_299,1600005,PLANT_09,PORT07,20,17.40352
1400005862.0,2026-04-18,PORT04,CARRIER_03,2,DTP,0,0,CUST_035,1600160,PLANT_13,PORT03,44,171.22734
1400005863.0,2026-09-22,PORT02,CARRIER_01,1,DTP,0,0,CUST_326,1600163,PLANT_04,PORT05,38,103.90356
1400005864.0,2026-11-22,PORT06,CARRIER_10,2,DTP,3,0,CUST_261,1600131,PLANT_05,PORT05,18,53.12554
1400005865.0,2026-10-11,PORT04,CARRIER_04,3,DTP,0,0,CUST_341,1600055,PLANT_02,PORT03,20,96.83542
1400005866.0,2026-09-28,PORT07,CARRIER_10,2,DTD,0,0,CUST_149,1600037,PLANT_16,PORT06,50,128.68516
1400005867.0,2026-07-26,PORT03,CARRIER_10,2,DTD,2,0,CUST_128,1600096,PLANT_13,PORT07,48,32.32331
1400005868.0,2026-05-16,PORT03,CARRIER_02,2,DTP,3,0,CUST_368,1600149,PLANT_17,PORT02,36,130.34609
1400005869.0,2026-04-04,PORT07,CARRIER_08,2,DTP,4,0,CUST_361,1600118,PLANT_14,PORT08,6,6.71083
1400005870.0,2026-12-12,PORT03,CARRIER_06,2,DTP,3,0,CUST_081,1600080,PLANT_17,PORT04,15,44.24304
1400005871.0,2026-07-10,PORT08,CARRIER_05,2,DTD,5,0,CUST_109,1600100,PLANT_18,PORT07,21,90.01557
1400005872.0,2026-07-25,PORT04,CARRIER_06,1,DTP,3,0,CUST_294,1600158,PLANT_02,PORT05,29,70.69322
1400005873.0,2026-01-06,PORT01,CARRIER_11,2,DTP,3,0,CUST_415,1600021,PLANT_09,PORT07,44,72.15987
1400005874.0,2026-06-17,PORT03,CARRIER_02,2,DTP,2,0,CUST_101,1600040,PLANT_04,PORT07,44,128.48784
1400005875.0,2026-09-06,PORT08,CARRIER_07,2,DTP,0,0,CUST_110,1600062,PLANT_18,PORT01,17,12.27504
1400005876.0,2026-06-30,PORT01,CARRIER_09,2,DTP,0,0,CUST_404,1600130,PLANT_19,PORT06,10,16.07064
1400005877.0,2026-08-13,PORT02,CARRIER_11,2,CRF,0,0,CUST_349,1600143,PLANT_01,PORT06,17,43.69509
1400005878.0,2026-10-23,PORT01,CARRIER_07,1,DTP,3,0,CUST_452,1600109,PLANT_06,PORT05,15,20.18011
1400005879.0,2026-01-08,PORT02,CARRIER_07,2,DTP,2,0,CUST_392,1600180,PLANT_02,PORT05,46,13.44878
1400005880.0,2026-11-27,PORT03,CARRIER_03,2,DTD,0,0,CUST_477,1600120,PLANT_17,PORT07,5,14.83595
1400005881.0,2026-10-26,PORT06,CARRIER_08,2,DTP,4,0,CUST_095,1600187,PLANT_02,PORT01,43,88.84282
1400005882.0,2026-06-03,PORT02,CARRIER_12,1,DTP,1,0,CUST_136,1600119,PLANT_09,PORT06,35,70.48966
1400005883.0,2026-10-06,PORT03,CARRIER_04,1,DTP,5,6,CUST_119,1600181,PLANT_11,PORT02,9,44.85944
1400005884.0,2026-01-25,PORT01,CARRIER_06,3,DTP,4,0,CUST_028,1600122,PLANT_01,PORT02,36,23.3187
1400005885.0,2026-04-23,PORT06,CARRIER_01,2,DTP,2,0,CUST_390,1600100,PLANT_02,PORT05,31,26.51928
1400005886.0,2026-02-09,PORT03,CARRIER_04,2,CRF,0,0,CUST_331,1600078,PLANT_06,PORT07,5,21.96841
1400005887.0,2026-08-20,PORT02,CARRIER_01,2,DTP,6,0,CUST_043,1600045,PLANT_01,PORT06,15,11.07423
1400005888.0,2026-11-09,PORT02,CARRIER_11,2,DTP,4,0,CUST_100,1600019,PLANT_02,PORT06,21,96.52339
1400005889.0,2026-08-08,PORT01,CARRIER_04,2,DTP,5,0,CUST_096,1600192,PLANT_09,PORT06,14,47.49652
1400005890.0,2026-09-17,PORT03,CARRIER_12,2,DTP,0,0,CUST_202,1600022,PLANT_07,PORT02,31,83.32795
1400005891.0,2026-02-22,PORT07,CARRIER_11,2,DTD,3,0,CUST_228,1600104,PLANT_13,PORT05,33,48.31739
1400005892.0,2026-12-07,PORT07,CARRIER_03,1,DTP,1,0,CUST_145,1600083,PLANT_11,PORT08,12,22.33704
1400005893.0,2026-03-12,PORT06,CARRIER_05,2,DTP,3,0,CUST_466,1600157,PLANT_15,PORT07,10,41.47177
1400005894.0,2026-07-12,PORT06,CARRIER_06,2,DTP,0,0,CUST_107,1600132,PLANT_19,PORT08,35,13.36203
1400005895.0,2026-09-07,PORT07,CARRIER_11,2,DTD,3,0,CUST_281,1600023,PLANT_11,PORT04,26,100.51309
1400005896.0,2026-11-09,PORT07,CARRIER_12,2,DTP,3,0,CUST_219,1600114,PLANT_16,PORT06,17,70.65746
1400005897.0,2026-12-07,PORT03,CARRIER_12,2,DTP,4,0,CUST_194,1600184,PLANT_13,PORT05,16,56.94781
1400005898.0,2026-08-07,PORT08,CARRIER_06,0,DTP,0,0,CUST_413,1600125,PLANT_15,PORT03,6,2.20244
1400005899.0,2026-07-30,PORT02,CARRIER_06,0,DTP,6,0,CUST_490,1600074,PLANT_09,PORT07,44,164.5164
1400005900.0,2026-06-02,PORT05,CARRIER_02,2,DTP,2,0,CUST_003,1600014,PLANT_12,PORT02,43,156.67063
1400005901.0,2026-07-27,PORT05,CARRIER_06,2,DTD,6,0,CUST_232,1600091,PLANT_17,PORT01,30,4.9248
1400005902.0,2026-09-04,PORT07,CARRIER_03,1,DTP,3,0,CUST_060,1600138,PLANT_16,PORT04,21,93.91596
1400005903.0,2026-08-25,PORT07,CARRIER_11,2,DTP,0,4,CUST_217,1600086,PLANT_14,PORT01,14,10.46863
1400005904.0,2026-08-05,PORT07,CARRIER_05,2,DTP,4,0,CUST_309,1600022,PLANT_16,PORT06,19,91.34882
1400005905.0,2026-06-10,PORT03,CARRIER_07,2,DTP,3,0,CUST_206,1600078,PLANT_17,PORT06,47,20.99846
1400005906.0,2026-03-13,PORT04,CARRIER_03,1,DTP,0,0,CUST_155,1600176,PLANT_02,PORT01,9,11.39798
1400005907.0,2026-01-20,PORT08,CARRIER_10,1,CRF,0,0,CUST_157,1600139,PLANT_06,PORT01,42,146.25184
1400005908.0,2026-06-03,PORT03,CARRIER_09,2,DTP,6,0,CUST_150,1600029,PLANT_04,PORT06,19,14.67717
1400005909.0,2026-05-25,PORT03,CARRIER_09,1,DTP,6,0,CUST_163,1600053,PLANT_17,PORT01,17,17.1078
1400005910.0,2026-08-10,PORT02,CARRIER_11,2,DTD,3,0,CUST_187,1600164,PLANT_04,PORT06,42,6.49912
1400005911.0,2026-11-25,PORT03,CARRIER_05,2,DTP,0,0,CUST_344,1600149,PLANT_17,PORT04,49,203.33787
1400005912.0,2026-09-14,PORT07,CARRIER_12,2,DTD,2,0,CUST_049,1600022,PLANT_16,PORT08,50,14.21624
1400005913.0,2026-10-21,PORT07,CARRIER_08,3,DTP,0,0,CUST_021,1600071,PLANT_14,PORT04,17,54.39333
1400005914.0,2026-07-31,PORT01,CARRIER_02,2,DTD,3,0,CUST_259,1600025,PLANT_03,PORT04,32,94.50579
1400005915.0,2026-12-05,PORT04,CARRIER_01,2,DTP,3,0,CUST_341,1600134,PLANT_07,PORT06,18,46.89139
1400005916.0,2026-12-09,PORT07,CARRIER_10,0,DTP,3,0,CUST_130,1600032,PLANT_13,PORT08,13,25.19755
1400005917.0,2026-02-25,PORT03,CARRIER_07,1,DTP,4,0,CUST_101,1600148,PLANT_17,PORT01,22,34.49284
1400005918.0,2026-08-22,PORT01,CARRIER_12,2,DTP,6,0,CUST_313,1600076,PLANT_06,PORT05,7,33.5233
1400005919.0,2026-07-04,PORT07,CARRIER_02,0,DTP,0,0,CUST_193,1600067,PLANT_16,PORT02,12,47.37907
1400005920.0,2026-12-21,PORT04,CARRIER_09,0,DTP,3,0,CUST_369,1600026,PLANT_07,PORT06,32,147.88447
1400005921.0,2026-08-02,PORT01,CARRIER_07,2,DTP,3,0,CUST_074,1600153,PLANT_19,PORT08,36,133.0596
1400005922.0,2026-01-06,PORT07,CARRIER_01,2,DTP,0,0,CUST_061,1600194,PLANT_16,PORT08,17,70.75644
1400005923.0,2026-03-18,PORT03,CARRIER_10,2,DTP,3,0,CUST_277,1600047,PLANT_13,PORT04,30,144.73379
1400005924.0,2026-02-17,PORT03,CARRIER_01,2,DTP,0,0,CUST_197,1600179,PLANT_11,PORT02,40,92.91433
1400005925.0,2026-03-15,PORT07,CARRIER_02,2,DTD,0,0,CUST_365,1600119,PLANT_13,PORT04,46,209.01442
1400005926.0,2026-02-04,PORT02,CARRIER_12,0,DTP,4,0,CUST_254,1600008,PLANT_02,PORT05,31,9.64297
1400005927.0,2026-10-13,PORT08,CARRIER_05,2,DTD,2,0,CUST_178,1600025,PLANT_03,PORT07,16,10.05718
1400005928.0,2026-06-30,PORT06,CARRIER_10,2,DTP,3,0,CUST_080,1600178,PLANT_15,PORT05,37,92.60487
1400005929.0,2026-09-03,PORT02,CARRIER_07,2,DTP,0,0,CUST_082,1600011,PLANT_01,PORT06,12,27.89363
1400005930.0,2026-12-31,PORT02,CARRIER_06,2,DTD,3,0,CUST_378,1600120,PLANT_09,PORT01,11,24.71969
1400005931.0,2026-08-25,PORT08,CARRIER_03,2,DTP,3,0,CUST_114,1600132,PLANT_03,PORT07,21,57.37702
1400005932.0,2026-06-24,PORT03,CARRIER_02,2,DTP,4,0,CUST_252,1600021,PLANT_04,PORT05,20,54.76053
1400005933.0,2026-04-08,PORT06,CARRIER_01,2,DTP,0,0,CUST_410,1600128,PLANT_05,PORT01,11,48.02344
1400005934.0,2026-10-03,PORT05,CARRIER_01,2,DTP,3,0,CUST_449,1600003,PLANT_12,PORT03,7,12.56481
1400005935.0,2026-07-04,PORT02,CARRIER_01,1,DTD,5,0,CUST_134,1600193,PLANT_04,PORT08,48,79.17987
1400005936.0,2026-10-04,PORT01,CARRIER_12,2,DTP,0,0,CUST_055,1600015,PLANT_05,PORT05,36,127.41432
1400005937.0,2026-01-09,PORT08,CARRIER_04,0,CRF,0,0,CUST_388,1600076,PLANT_08,PORT01,38,124.54641
1400005938.0,2026-03-01,PORT04,CARRIER_11,2,DTP,2,0,CUST_344,1600102,PLANT_15,PORT08,8,33.33
1400005939.0,2026-02-17,PORT02,CARRIER_04,1,DTP,6,0,CUST_166,1600018,PLANT_01,PORT05,41,66.23398
1400005940.0,2026-09-06,PORT07,CARRIER_07,1,DTD,0,0,CUST_297,1600137,PLANT_16,PORT02,21,2.75796
1400005941.0,2026-07-09,PORT07,CARRIER_06,2,DTD,0,0,CUST_095,1600127,PLANT_14,PORT02,39,184.31057
1400005942.0,2026-04-26,PORT03,CARRIER_10,2,DTP,6,0,CUST_351,1600185,PLANT_06,PORT04,27,8.55102
1400005943.0,2026-04-24,PORT03,CARRIER_11,2,DTP,3,0,CUST_364,1600097,PLANT_04,PORT01,16,54.91301
1400005944.0,2026-08-10,PORT01,CARRIER_02,2,DTP,0,0,CUST_150,1600168,PLANT_03,PORT06,17,28.5086
1400005945.0,2026-12-19,PORT02,CARRIER_05,2,DTP,3,0,CUST_235,1600018,PLANT_02,PORT07,11,23.92843
1400005946.0,2026-12-30,PORT07,CARRIER_11,2,DTP,0,0,CUST_168,1600151,PLANT_16,PORT03,43,180.87351
1400005947.0,2026-06-22,PORT06,CARRIER_02,2,DTD,3,0,CUST_016,1600195,PLANT_19,PORT02,24,51.74255
1400005948.0,2026-09-02,PORT06,CARRIER_10,2,DTP,0,0,CUST_064,1600028,PLANT_19,PORT07,40,32.29682
1400005949.0,2026-01-31,PORT04,CARRIER_04,2,DTP,3,0,CUST_480,1600042,PLANT_02,PORT05,43,163.25947
1400005950.0,2026-12-12,PORT01,CARRIER_09,2,DTD,3,0,CUST_229,1600018,PLANT_19,PORT07,12,2.38844
1400005951.0,2026-01-07,PORT03,CARRIER_04,0,DTP,0,0,CUST_074,1600029,PLANT_11,PORT06,20,28.92383
1400005952.0,2026-05-05,PORT02,CARRIER_07,1,DTP,3,0,CUST_023,1600001,PLANT_01,PORT08,10,27.36561
1400005953.0,2026-09-22,PORT04,CARRIER_07,2,DTD,5,0,CUST_177,1600080,PLANT_15,PORT01,5,11.22521
1400005954.0,2026-12-20,PORT02,CARRIER_03,2,DTD,3,0,CUST_492,1600050,PLANT_02,PORT07,50,156.95594
1400005955.0,2026-03-04,PORT06,CARRIER_08,1,DTP,6,0,CUST_193,1600087,PLANT_17,PORT04,35,68.90113
1400005956.0,2026-08-30,PORT01,CARRIER_02,0,DTD,6,0,CUST_500,1600182,PLANT_01,PORT07,25,50.34663
1400005957.0,2026-03-10,PORT04,CARRIER_01,1,DTP,0,0,CUST_245,1600013,PLANT_02,PORT07,14,25.31789
1400005958.0,2026-01-19,PORT01,CARRIER_09,2,DTD,3,0,CUST_382,1600146,PLANT_06,PORT07,32,142.32401
1400005959.0,2026-06-04,PORT02,CARRIER_07,1,DTP,4,0,CUST_393,1600016,PLANT_09,PORT08,29,5.35783
1400005960.0,2026-07-30,PORT07,CARRIER_08,2,DTD,3,0,CUST_015,1600103,PLANT_11,PORT03,15,70.56368
1400005961.0,2026-04-07,PORT05,CARRIER_03,0,DTD,4,0,CUST_004,1600150,PLANT_17,PORT06,5,9.27643
1400005962.0,2026-12-22,PORT02,CARRIER_01,2,DTP,1,0,CUST_462,1600124,PLANT_02,PORT07,26,49.08606
1400005963.0,2026-08-14,PORT03,CARRIER_10,2,DTP,5,0,CUST_467,1600142,PLANT_11,PORT05,28,102.3925
1400005964.0,2026-06-09,PORT04,CARRIER_04,0,DTP,0,0,CUST_067,1600034,PLANT_13,PORT06,41,82.1048
1400005965.0,2026-06-27,PORT03,CARRIER_05,2,DTP,3,0,CUST_323,1600174,PLANT_07,PORT02,23,71.79587
1400005966.0,2026-06-19,PORT02,CARRIER_11,2,DTP,5,0,CUST_462,1600148,PLANT_09,PORT01,9,40.75011
1400005967.0,2026-02-10,PORT06,CARRIER_11,2,DTP,3,0,CUST_476,1600087,PLANT_02,PORT08,45,191.08667
1400005968.0,2026-08-10,PORT07,CARRIER_05,2,DTP,3,0,CUST_149,1600072,PLANT_07,PORT08,24,63.00712
1400005969.0,2026-10-14,PORT07,CARRIER_05,2,DTP,3,0,CUST_409,1600121,PLANT_16,PORT02,38,137.24063
1400005970.0,2026-06-03,PORT07,CARRIER_12,2,DTP,5,0,CUST_324,1600176,PLANT_16,PORT06,6,12.13758
1400005971.0,2026-06-05,PORT01,CARRIER_05,2,DTP,3,0,CUST_464,1600073,PLANT_18,PORT05,6,23.4157
1400005972.0,2026-11-29,PORT04,CARRIER_07,2,DTP,3,0,CUST_074,1600151,PLANT_07,PORT05,6,5.60339
1400005973.0,2026-08-11,PORT07,CARRIER_02,2,DTD,0,0,CUST_301,1600152,PLANT_16,PORT05,41,13.26742
1400005974.0,2026-04-19,PORT08,CARRIER_11,2,DTD,0,0,CUST_013,1600151,PLANT_18,PORT02,16,43.99344
1400005975.0,2026-01-02,PORT08,CARRIER_03,2,DTD,0,0,CUST_179,1600056,PLANT_08,PORT05,41,47.36154
1400005976.0,2026-10-28,PORT07,CARRIER_04,2,DTD,3,0,CUST_006,1600154,PLANT_13,PORT03,48,176.19634
1400005977.0,2026-08-17,PORT06,CARRIER_09,2,DTD,3,0,CUST_222,1600020,PLANT_05,PORT01,35,20.87698
1400005978.0,2026-08-17,PORT03,CARRIER_11,2,DTP,0,0,CUST_406,1600079,PLANT_17,PORT04,50,7.08131
1400005979.0,2026-04-14,PORT01,CARRIER_07,2,DTP,0,0,CUST_330,1600022,PLANT_18,PORT06,47,160.31448
1400005980.0,2026-03-09,PORT06,CARRIER_11,2,DTP,1,0,CUST_159,1600010,PLANT_15,PORT04,38,97.04886
1400005981.0,2026-06-30,PORT06,CARRIER_07,2,DTP,5,0,CUST_214,1600123,PLANT_15,PORT07,41,195.3599
1400005982.0,2026-10-04,PORT05,CARRIER_06,2,CRF,0,0,CUST_184,1600033,PLANT_12,PORT03,32,42.00574
1400005983.0,2026-04-19,PORT07,CARRIER_02,1,DTP,3,0,CUST_366,1600067,PLANT_16,PORT04,15,10.55932
1400005984.0,2026-07-12,PORT07,CARRIER_05,2,DTP,4,0,CUST_134,1600111,PLANT_16,PORT04,9,1.91898
1400005985.0,2026-12-30,PORT07,CARRIER_02,2,DTP,5,0,CUST_046,1600030,PLANT_14,PORT05,22,50.08986
1400005986.0,2026-03-22,PORT05,CARRIER_04,1,DTD,3,0,CUST_254,1600004,PLANT_12,PORT07,26,15.44407
1400005987.0,2026-03-26,PORT07,CARRIER_06,1,DTD,1,0,CUST_415,1600123,PLANT_16,PORT03,21,81.91371
1400005988.0,2026-03-28,PORT01,CARRIER_12,2,DTP,0,0,CUST_239,1600005,PLANT_01,PORT06,9,4.07457
1400005989.0,2026-11-30,PORT07,CARRIER_12,2,DTP,0,0,CUST_103,1600153,PLANT_07,PORT02,28,129.12756
1400005990.0,2026-07-12,PORT02,CARRIER_07,2,CRF,4,0,CUST_024,1600113,PLANT_01,PORT05,27,74.25497
1400005991.0,2026-12-02,PORT03,CARRIER_06,1,DTD,1,0,CUST_472,1600166,PLANT_13,PORT08,48,168.58668
1400005992.0,2026-12-12,PORT08,CARRIER_05,2,DTP,2,0,CUST_381,1600166,PLANT_06,PORT05,48,35.5917
1400005993.0,2026-06-03,PORT06,CARRIER_11,2,DTP,0,0,CUST_078,1600037,PLANT_02,PORT05,33,17.77301
1400005994.0,2026-01-21,PORT03,CARRIER_05,1,DTP,3,0,CUST_037,1600165,PLANT_07,PORT01,44,80.65422
1400005995.0,2026-04-21,PORT08,CARRIER_12,2,CRF,2,0,CUST_065,1600099,PLANT_15,PORT04,19,50.35246
1400005996.0,2026-07-18,PORT02,CARRIER_06,2,CRF,3,0,CUST_189,1600133,PLANT_01,PORT08,49,143.07802
1400005997.0,2026-05-20,PORT03,CARRIER_02,2,DTP,0,0,CUST_406,1600080,PLANT_11,PORT07,48,82.36625
1400005998.0,2026-01-01,PORT03,CARRIER_05,2,DTP,3,0,CUST_080,1600154,PLANT_17,PORT04,10,14.36045
1400005999.0,2026-12-28,PORT04,CARRIER_12,2,DTP,0,0,CUST_410,1600171,PLANT_02,PORT01,37,181.62973
1400006000.0,2026-04-21,PORT02,CARRIER_05,2,DTP,3,0,CUST_001,1600136,PLANT_01,PORT08,26,37.33713
1400006001.0,2026-08-14,PORT07,CARRIER_09,2,DTP,3,0,CUST_370,1600054,PLANT_16,PORT04,17,13.18914
1400006002.0,2026-12-12,PORT01,CARRIER_12,1,DTP,3,0,CUST_142,1600079,PLANT_05,PORT08,23,42.8111
1400006003.0,2026-07-18,PORT05,CARRIER_02,2,DTD,0,0,CUST_481,1600074,PLANT_12,PORT07,46,73.09259
1400006004.0,2026-09-11,PORT06,CARRIER_11,2,DTP,3,0,CUST_238,1600034,PLANT_19,PORT05,47,101.82562
1400006005.0,2026-01-14,PORT04,CARRIER_09,1,DTP,3,0,CUST_136,1600191,PLANT_15,PORT02,20,63.12395
1400006006.0,2026-09-12,PORT01,CARRIER_08,2,DTP,3,0,CUST_122,1600002,PLANT_19,PORT05,26,79.44105
1400006007.0,2026-11-06,PORT01,CARRIER_06,2,DTP,0,0,CUST_414,1600067,PLANT_18,PORT05,28,98.60537
1400006008.0,2026-12-02,PORT06,CARRIER_09,0,DTP,6,0,CUST_202,1600102,PLANT_15,PORT01,38,32.97476
1400006009.0,2026-01-31,PORT07,CARRIER_02,2,DTP,3,0,CUST_177,1600126,PLANT_14,PORT04,27,8.77844
1400006010.0,2026-03-25,PORT01,CARRIER_12,1,DTD,3,0,CUST_368,1600125,PLANT_01,PORT08,23,91.42426
1400006011.0,2026-01-18,PORT07,CARRIER_03,1,DTP,0,0,CUST_269,1600190,PLANT_14,PORT08,47,54.71025
1400006012.0,2026-12-02,PORT02,CARRIER_02,2,DTD,3,0,CUST_332,1600038,PLANT_09,PORT03,22,36.22869
1400006013.0,2026-04-11,PORT03,CARRIER_09,0,CRF,1,0,CUST_223,1600157,PLANT_17,PORT06,17,39.65812
1400006014.0,2026-07-13,PORT08,CARRIER_01,2,DTP,3,0,CUST_033,1600130,PLANT_06,PORT02,20,72.19802
1400006015.0,2026-06-23,PORT03,CARRIER_04,0,DTD,0,0,CUST_003,1600079,PLANT_11,PORT08,20,18.03127
1400006016.0,2026-09-09,PORT02,CARRIER_03,2,DTD,1,0,CUST_020,1600037,PLANT_02,PORT06,30,135.65313
1400006017.0,2026-11-23,PORT07,CARRIER_12,2,DTP,3,0,CUST_288,1600114,PLANT_14,PORT06,35,58.64194
1400006018.0,2026-04-29,PORT01,CARRIER_04,1,DTP,3,0,CUST_257,1600047,PLANT_06,PORT03,11,54.06552
1400006019.0,2026-10-16,PORT06,CARRIER_10,1,DTP,0,0,CUST_374,1600087,PLANT_15,PORT01,45,67.43347
1400006020.0,2026-04-17,PORT05,CARRIER_07,1,DTD,4,0,CUST_448,1600041,PLANT_17,PORT06,16,58.4912
1400006021.0,2026-03-14,PORT03,CARRIER_07,0,DTP,6,0,CUST_088,1600018,PLANT_06,PORT08,10,19.45679
1400006022.0,2026-02-08,PORT02,CARRIER_09,2,DTD,3,0,CUST_479,1600111,PLANT_02,PORT03,35,146.9748
1400006023.0,2026-05-16,PORT07,CARRIER_08,2,DTD,3,0,CUST_466,1600022,PLANT_16,PORT05,14,33.12109
1400006024.0,2026-07-24,PORT06,CARRIER_04,2,DTD,3,0,CUST_308,1600046,PLANT_20,PORT04,39,170.25864
1400006025.0,2026-10-12,PORT01,CARRIER_12,2,DTD,3,0,CUST_266,1600025,PLANT_19,PORT08,48,182.12636
1400006026.0,2026-11-06,PORT01,CARRIER_01,2,CRF,3,0,CUST_089,1600057,PLANT_01,PORT07,36,106.97544
1400006027.0,2026-07-12,PORT02,CARRIER_04,2,CRF,3,0,CUST_090,1600088,PLANT_02,PORT05,40,52.99803
1400006028.0,2026-05-30,PORT01,CARRIER_04,2,DTP,2,0,CUST_010,1600105,PLANT_03,PORT07,27,37.0805
1400006029.0,2026-03-05,PORT08,CARRIER_10,2,DTP,0,0,CUST_323,1600022,PLANT_15,PORT04,20,99.15936
1400006030.0,2026-11-30,PORT07,CARRIER_06,2,DTP,3,4,CUST_217,1600033,PLANT_14,PORT05,33,152.93524
1400006031.0,2026-05-25,PORT07,CARRIER_06,1,DTP,3,0,CUST_096,1600118,PLANT_14,PORT04,21,16.34325
1400006032.0,2026-10-07,PORT05,CARRIER_01,2,DTP,3,0,CUST_067,1600137,PLANT_12,PORT01,45,49.49623
1400006033.0,2026-08-17,PORT04,CARRIER_11,1,DTD,0,0,CUST_032,1600060,PLANT_02,PORT01,26,16.20815
1400006034.0,2026-12-06,PORT01,CARRIER_05,1,DTD,3,0,CUST_321,1600024,PLANT_18,PORT03,27,29.33699
1400006035.0,2026-12-22,PORT03,CARRIER_01,2,DTP,3,0,CUST_343,1600153,PLANT_11,PORT08,35,53.27574
1400006036.0,2026-09-15,PORT01,CARRIER_04,2,DTD,0,0,CUST_316,1600017,PLANT_18,PORT07,13,54.65684
1400006037.0,2026-08-30,PORT02,CARRIER_09,2,DTP,5,0,CUST_056,1600065,PLANT_02,PORT07,30,16.99179
1400006038.0,2026-02-20,PORT04,CARRIER_01,3,DTP,3,0,CUST_021,1600157,PLANT_13,PORT08,39,172.47324
1400006039.0,2026-01-06,PORT03,CARRIER_10,2,DTD,4,0,CUST_054,1600165,PLANT_04,PORT02,40,194.49831
1400006040.0,2026-07-19,PORT08,CARRIER_06,2,DTD,2,0,CUST_376,1600086,PLANT_18,PORT05,15,22.2079
1400006041.0,2026-09-15,PORT06,CARRIER_08,1,DTD,3,0,CUST_370,1600029,PLANT_17,PORT07,7,16.34882
1400006042.0,2026-09-30,PORT04,CARRIER_09,2,DTP,6,0,CUST_148,1600086,PLANT_15,PORT07,13,35.01822
1400006043.0,2026-04-02,PORT02,CARRIER_04,1,DTP,3,0,CUST_028,1600050,PLANT_02,PORT01,42,46.53086
1400006044.0,2026-07-03,PORT06,CARRIER_07,1,DTP,0,5,CUST_160,1600101,PLANT_20,PORT03,17,62.64031
1400006045.0,2026-11-11,PORT02,CARRIER_02,1,DTD,6,0,CUST_405,1600050,PLANT_01,PORT04,7,20.59396
1400006046.0,2026-02-04,PORT07,CARRIER_07,2,CRF,3,6,CUST_072,1600088,PLANT_14,PORT04,32,20.78941
1400006047.0,2026-05-21,PORT03,CARRIER_09,1,DTD,3,0,CUST_399,1600097,PLANT_04,PORT07,45,202.0641
1400006048.0,2026-12-11,PORT02,CARRIER_02,1,DTD,0,0,CUST_232,1600067,PLANT_04,PORT07,15,23.71116
1400006049.0,2026-03-14,PORT07,CARRIER_02,1,DTP,5,0,CUST_071,1600001,PLANT_16,PORT01,6,5.19367
1400006050.0,2026-04-26,PORT05,CARRIER_02,2,DTP,6,0,CUST_467,1600015,PLANT_17,PORT01,11,54.02195
1400006051.0,2026-06-20,PORT02,CARRIER_11,2,DTD,3,0,CUST_260,1600178,PLANT_05,PORT05,10,6.04254
1400006052.0,2026-09-09,PORT07,CARRIER_11,1,DTD,0,0,CUST_336,1600100,PLANT_11,PORT04,14,5.49519
1400006053.0,2026-04-04,PORT07,CARRIER_07,1,DTP,3,0,CUST_049,1600101,PLANT_10,PORT02,13,16.43213
1400006054.0,2026-10-17,PORT01,CARRIER_07,2,DTP,0,0,CUST_186,1600047,PLANT_18,PORT03,34,56.58954
1400006055.0,2026-03-28,PORT06,CARRIER_05,2,DTD,3,0,CUST_317,1600041,PLANT_15,PORT01,15,33.3845
1400006056.0,2026-05-15,PORT08,CARRIER_07,2,DTP,3,0,CUST_323,1600023,PLANT_18,PORT02,30,103.72002
1400006057.0,2026-07-29,PORT03,CARRIER_03,2,DTP,0,0,CUST_032,1600060,PLANT_11,PORT04,23,43.5159
1400006058.0,2026-01-05,PORT04,CARRIER_06,1,DTP,5,0,CUST_303,1600064,PLANT_02,PORT03,35,99.42571
1400006059.0,2026-10-08,PORT04,CARRIER_01,2,CRF,3,0,CUST_473,1600073,PLANT_02,PORT08,35,4.49666
1400006060.0,2026-09-02,PORT04,CARRIER_07,2,DTP,3,0,CUST_394,1600079,PLANT_02,PORT02,32,63.55227
1400006061.0,2026-11-01,PORT02,CARRIER_11,2,DTP,3,0,CUST_104,1600015,PLANT_02,PORT08,46,217.59594
1400006062.0,2026-04-11,PORT03,CARRIER_09,2,DTP,4,0,CUST_457,1600014,PLANT_07,PORT08,14,54.55448
1400006063.0,2026-05-26,PORT05,CARRIER_08,2,DTP,3,0,CUST_342,1600069,PLANT_12,PORT07,29,108.16776
1400006064.0,2026-11-24,PORT05,CARRIER_03,2,DTP,6,0,CUST_029,1600148,PLANT_12,PORT06,23,36.61895
1400006065.0,2026-01-25,PORT05,CARRIER_09,2,DTP,0,0,CUST_065,1600123,PLANT_12,PORT03,29,72.26983
1400006066.0,2026-06-29,PORT01,CARRIER_12,2,DTD,1,0,CUST_461,1600039,PLANT_09,PORT03,11,46.61982
1400006067.0,2026-06-26,PORT05,CARRIER_12,2,DTD,3,0,CUST_105,1600180,PLANT_12,PORT04,19,83.84249
1400006068.0,2026-06-13,PORT02,CARRIER_12,1,DTD,0,0,CUST_049,1600181,PLANT_04,PORT05,48,171.91972
1400006069.0,2026-06-08,PORT03,CARRIER_03,2,DTD,3,0,CUST_226,1600166,PLANT_06,PORT07,41,95.81917
1400006070.0,2026-09-30,PORT08,CARRIER_03,1,DTP,3,0,CUST_263,1600069,PLANT_18,PORT01,24,11.00421
1400006071.0,2026-03-13,PORT07,CARRIER_01,2,DTP,1,0,CUST_287,1600149,PLANT_16,PORT04,10,6.84831
1400006072.0,2026-11-22,PORT01,CARRIER_11,2,DTP,0,0,CUST_330,1600052,PLANT_09,PORT08,34,3.4488
1400006073.0,2026-11-24,PORT06,CARRIER_06,2,DTP,1,0,CUST_500,1600103,PLANT_17,PORT05,18,33.48142
1400006074.0,2026-03-07,PORT04,CARRIER_07,2,DTP,0,0,CUST_380,1600199,PLANT_07,PORT02,20,4.29163
1400006075.0,2026-12-22,PORT07,CARRIER_06,2,DTP,0,0,CUST_013,1600097,PLANT_16,PORT04,9,20.08446
1400006076.0,2026-04-06,PORT06,CARRIER_09,2,DTP,0,0,CUST_045,1600153,PLANT_20,PORT02,18,54.50317
1400006077.0,2026-01-19,PORT07,CARRIER_01,1,DTP,6,4,CUST_001,1600187,PLANT_10,PORT04,14,42.27738
1400006078.0,2026-05-26,PORT01,CARRIER_04,1,DTP,0,0,CUST_198,1600093,PLANT_03,PORT07,6,16.92575
1400006079.0,2026-10-18,PORT08,CARRIER_06,1,DTP,0,0,CUST_176,1600004,PLANT_15,PORT03,31,37.45535
1400006080.0,2026-11-05,PORT07,CARRIER_02,2,DTP,6,0,CUST_467,1600135,PLANT_07,PORT06,49,129.55726
1400006081.0,2026-08-24,PORT07,CARRIER_07,1,DTP,4,0,CUST_184,1600051,PLANT_07,PORT04,10,49.01196
1400006082.0,2026-10-24,PORT05,CARRIER_09,2,DTP,1,0,CUST_016,1600116,PLANT_12,PORT08,7,15.95039
1400006083.0,2026-04-06,PORT02,CARRIER_02,2,DTD,5,0,CUST_442,1600065,PLANT_04,PORT08,9,39.46508
1400006084.0,2026-11-17,PORT03,CARRIER_10,2,DTD,5,0,CUST_131,1600026,PLANT_17,PORT06,30,59.0666
1400006085.0,2026-08-20,PORT01,CARRIER_09,2,DTP,3,0,CUST_457,1600045,PLANT_01,PORT07,42,132.42255
1400006086.0,2026-02-18,PORT01,CARRIER_01,2,DTP,3,0,CUST_388,1600125,PLANT_01,PORT08,19,46.7592
1400006087.0,2026-02-16,PORT06,CARRIER_05,1,DTP,3,0,CUST_441,1600057,PLANT_20,PORT02,10,34.7425
1400006088.0,2026-04-08,PORT01,CARRIER_09,2,DTP,6,0,CUST_410,1600132,PLANT_18,PORT02,9,40.47436
1400006089.0,2026-01-26,PORT08,CARRIER_07,0,DTP,3,0,CUST_072,1600047,PLANT_08,PORT07,32,72.33324
1400006090.0,2026-04-14,PORT06,CARRIER_01,2,DTP,4,0,CUST_314,1600098,PLANT_02,PORT04,21,80.0364
1400006091.0,2026-12-29,PORT07,CARRIER_08,2,DTP,0,0,CUST_207,1600015,PLANT_14,PORT02,21,92.91333
1400006092.0,2026-03-29,PORT03,CARRIER_04,1,DTP,3,0,CUST_315,1600091,PLANT_07,PORT07,15,59.53152
1400006093.0,2026-08-21,PORT06,CARRIER_05,2,DTD,6,0,CUST_373,1600100,PLANT_02,PORT04,46,10.13492
1400006094.0,2026-12-23,PORT06,CARRIER_01,2,DTP,0,0,CUST_251,1600171,PLANT_02,PORT05,22,2.22044
1400006095.0,2026-04-03,PORT02,CARRIER_09,2,DTP,1,0,CUST_157,1600038,PLANT_02,PORT08,37,163.78059
1400006096.0,2026-09-12,PORT01,CARRIER_04,0,DTD,4,0,CUST_459,1600029,PLANT_19,PORT06,39,143.27179
1400006097.0,2026-06-14,PORT02,CARRIER_08,2,DTP,3,0,CUST_332,1600019,PLANT_02,PORT03,7,33.56393
1400006098.0,2026-04-15,PORT02,CARRIER_06,1,DTP,3,0,CUST_443,1600077,PLANT_04,PORT04,16,24.53062
1400006099.0,2026-12-13,PORT08,CARRIER_01,1,DTP,6,0,CUST_119,1600182,PLANT_03,PORT06,46,182.20804
1400006100.0,2026-08-28,PORT08,CARRIER_02,2,DTD,0,0,CUST_420,1600155,PLANT_08,PORT07,45,181.23562
1400006101.0,2026-06-10,PORT04,CARRIER_02,2,CRF,3,0,CUST_162,1600056,PLANT_02,PORT05,24,103.2216
1400006102.0,2026-10-24,PORT05,CARRIER_01,2,DTP,3,0,CUST_231,1600078,PLANT_17,PORT01,12,41.89124
1400006103.0,2026-11-25,PORT03,CARRIER_01,2,DTD,0,0,CUST_431,1600120,PLANT_06,PORT07,18,13.99876
1400006104.0,2026-10-13,PORT07,CARRIER_01,2,DTP,0,0,CUST_178,1600149,PLANT_11,PORT03,48,164.95773
1400006105.0,2026-11-14,PORT03,CARRIER_11,1,DTP,3,0,CUST_126,1600031,PLANT_13,PORT07,35,107.16895
1400006106.0,2026-04-28,PORT03,CARRIER_12,2,DTP,3,0,CUST_458,1600136,PLANT_04,PORT06,8,13.87995
1400006107.0,2026-05-06,PORT06,CARRIER_05,2,DTD,3,3,CUST_483,1600176,PLANT_20,PORT01,38,42.64383
1400006108.0,2026-03-26,PORT05,CARRIER_01,2,DTP,3,0,CUST_156,1600124,PLANT_12,PORT08,11,48.80689
1400006109.0,2026-09-12,PORT01,CARRIER_07,2,DTP,3,0,CUST_154,1600001,PLANT_09,PORT03,18,14.31968
1400006110.0,2026-10-21,PORT07,CARRIER_09,1,DTP,2,4,CUST_114,1600026,PLANT_07,PORT03,27,58.55678
1400006111.0,2026-08-30,PORT07,CARRIER_07,2,DTP,0,0,CUST_012,1600053,PLANT_11,PORT03,21,66.18597
1400006112.0,2026-08-07,PORT04,CARRIER_05,2,DTP,3,0,CUST_277,1600147,PLANT_02,PORT08,37,179.88669
1400006113.0,2026-10-09,PORT01,CARRIER_06,2,DTD,3,0,CUST_128,1600020,PLANT_09,PORT03,12,40.65341
1400006114.0,2026-03-08,PORT03,CARRIER_02,2,DTP,4,0,CUST_425,1600166,PLANT_13,PORT01,45,71.72564
1400006115.0,2026-05-14,PORT08,CARRIER_05,2,DTP,3,0,CUST_086,1600175,PLANT_08,PORT04,32,12.71179
1400006116.0,2026-09-16,PORT07,CARRIER_02,2,DTP,4,0,CUST_318,1600086,PLANT_14,PORT05,19,31.47816
1400006117.0,2026-01-20,PORT02,CARRIER_05,2,DTP,5,0,CUST_254,1600044,PLANT_09,PORT07,49,75.19805
1400006118.0,2026-11-29,PORT01,CARRIER_02,0,DTP,3,0,CUST_306,1600052,PLANT_09,PORT03,27,111.06422
1400006119.0,2026-03-04,PORT03,CARRIER_04,2,DTD,3,0,CUST_057,1600050,PLANT_08,PORT04,24,46.68634
1400006120.0,2026-10-15,PORT03,CARRIER_03,2,DTP,5,0,CUST_234,1600141,PLANT_04,PORT08,5,2.91198
1400006121.0,2026-08-14,PORT04,CARRIER_03,2,DTP,2,0,CUST_314,1600013,PLANT_02,PORT02,50,218.14448
1400006122.0,2026-11-06,PORT02,CARRIER_02,2,DTP,3,2,CUST_171,1600104,PLANT_04,PORT06,43,8.10403
1400006123.0,2026-10-10,PORT06,CARRIER_08,1,CRF,3,0,CUST_438,1600076,PLANT_20,PORT03,13,1.4917
1400006124.0,2026-07-08,PORT06,CARRIER_04,0,DTD,3,0,CUST_265,1600098,PLANT_20,PORT02,48,116.46196
1400006125.0,2026-10-03,PORT07,CARRIER_09,1,DTD,5,0,CUST_182,1600085,PLANT_10,PORT02,41,18.00636
1400006126.0,2026-05-07,PORT03,CARRIER_07,2,DTP,0,0,CUST_016,1600121,PLANT_11,PORT07,24,23.22718
1400006127.0,2026-08-02,PORT06,CARRIER_03,2,DTP,0,0,CUST_085,1600127,PLANT_19,PORT07,47,231.61104
1400006128.0,2026-11-30,PORT04,CARRIER_03,2,DTP,0,0,CUST_239,1600099,PLANT_02,PORT02,30,127.12166
1400006129.0,2026-01-31,PORT03,CARRIER_02,2,DTP,5,0,CUST_201,1600011,PLANT_04,PORT01,36,138.37625
1400006130.0,2026-05-10,PORT07,CARRIER_11,2,DTP,2,0,CUST_436,1600174,PLANT_11,PORT05,13,44.02952
1400006131.0,2026-01-07,PORT04,CARRIER_10,2,DTD,3,0,CUST_393,1600031,PLANT_13,PORT06,10,3.34296
1400006132.0,2026-07-15,PORT05,CARRIER_07,2,CRF,0,0,CUST_080,1600137,PLANT_17,PORT04,29,121.68263
1400006133.0,2026-10-13,PORT01,CARRIER_01,1,DTP,3,0,CUST_296,1600181,PLANT_06,PORT08,20,48.17646
1400006134.0,2026-01-15,PORT06,CARRIER_07,2,DTP,3,0,CUST_228,1600153,PLANT_20,PORT04,50,29.08839
1400006135.0,2026-07-20,PORT04,CARRIER_07,1,DTP,0,0,CUST_051,1600038,PLANT_15,PORT01,8,12.58944
1400006136.0,2026-06-01,PORT06,CARRIER_12,1,DTP,3,0,CUST_333,1600103,PLANT_20,PORT08,40,102.38575
1400006137.0,2026-10-13,PORT02,CARRIER_06,2,DTP,1,0,CUST_269,1600057,PLANT_09,PORT03,32,5.34731
1400006138.0,2026-03-22,PORT02,CARRIER_02,1,DTP,0,0,CUST_044,1600087,PLANT_05,PORT03,45,60.15849
1400006139.0,2026-03-01,PORT04,CARRIER_09,2,DTP,3,0,CUST_235,1600143,PLANT_13,PORT07,50,87.30129
1400006140.0,2026-02-04,PORT07,CARRIER_06,1,DTP,3,0,CUST_366,1600189,PLANT_11,PORT04,45,106.76599
1400006141.0,2026-05-29,PORT03,CARRIER_10,2,DTP,0,0,CUST_164,1600167,PLANT_07,PORT02,22,2.41362
1400006142.0,2026-06-27,PORT02,CARRIER_12,1,CRF,3,0,CUST_179,1600057,PLANT_01,PORT07,36,103.34408
1400006143.0,2026-12-02,PORT05,CARRIER_12,2,DTP,3,0,CUST_056,1600079,PLANT_12,PORT02,12,12.82086
1400006144.0,2026-06-20,PORT01,CARRIER_08,2,DTD,5,0,CUST_103,1600042,PLANT_01,PORT02,27,81.71625
1400006145.0,2026-03-04,PORT06,CARRIER_04,2,DTD,3,0,CUST_491,1600120,PLANT_02,PORT07,17,21.62122
1400006146.0,2026-09-13,PORT08,CARRIER_07,2,DTP,5,0,CUST_311,1600100,PLANT_03,PORT04,16,33.17313
1400006147.0,2026-01-23,PORT01,CARRIER_01,0,DTP,3,0,CUST_089,1600063,PLANT_03,PORT08,31,97.82943
1400006148.0,2026-05-07,PORT07,CARRIER_08,2,DTD,4,0,CUST_242,1600032,PLANT_13,PORT08,10,33.17206
1400006149.0,2026-08-27,PORT06,CARRIER_07,0,DTP,0,0,CUST_097,1600098,PLANT_02,PORT04,31,7.74749
1400006150.0,2026-04-03,PORT08,CARRIER_11,2,DTP,3,0,CUST_222,1600155,PLANT_03,PORT07,23,62.6029
1400006151.0,2026-08-06,PORT02,CARRIER_05,2,DTP,3,0,CUST_073,1600135,PLANT_09,PORT05,15,61.52316
1400006152.0,2026-06-15,PORT01,CARRIER_10,2,DTD,3,0,CUST_310,1600020,PLANT_05,PORT03,30,33.34419
1400006153.0,2026-12-14,PORT02,CARRIER_06,2,DTP,5,0,CUST_286,1600156,PLANT_02,PORT01,39,105.56303
1400006154.0,2026-04-15,PORT01,CARRIER_07,1,DTP,3,0,CUST_317,1600090,PLANT_18,PORT03,33,75.67929
1400006155.0,2026-11-27,PORT06,CARRIER_11,2,DTD,0,0,CUST_222,1600114,PLANT_20,PORT07,9,38.38213
1400006156.0,2026-08-17,PORT06,CARRIER_05,2,DTP,3,0,CUST_143,1600040,PLANT_02,PORT01,30,67.49817
1400006157.0,2026-10-01,PORT01,CARRIER_05,2,CRF,3,0,CUST_125,1600129,PLANT_18,PORT05,33,155.91901
1400006158.0,2026-03-03,PORT03,CARRIER_06,2,DTD,0,0,CUST_108,1600050,PLANT_06,PORT08,36,118.68838
1400006159.0,2026-01-07,PORT07,CARRIER_07,2,DTD,0,0,CUST_215,1600039,PLANT_14,PORT08,24,68.41867
1400006160.0,2026-09-24,PORT08,CARRIER_01,2,DTP,3,0,CUST_226,1600120,PLANT_15,PORT03,9,13.77365
1400006161.0,2026-06-25,PORT07,CARRIER_02,2,DTP,2,0,CUST_337,1600152,PLANT_16,PORT01,10,30.22976
1400006162.0,2026-04-23,PORT08,CARRIER_07,2,DTP,0,0,CUST_027,1600134,PLANT_18,PORT02,20,14.86215
1400006163.0,2026-11-24,PORT02,CARRIER_10,2,DTP,5,0,CUST_141,1600077,PLANT_02,PORT04,34,72.74627
1400006164.0,2026-04-30,PORT01,CARRIER_01,2,DTD,6,0,CUST_427,1600180,PLANT_03,PORT07,38,56.76048
1400006165.0,2026-06-08,PORT03,CARRIER_06,2,DTP,3,0,CUST_458,1600088,PLANT_04,PORT08,35,118.45242
1400006166.0,2026-09-22,PORT01,CARRIER_10,0,DTD,6,0,CUST_466,1600009,PLANT_19,PORT07,19,73.02803
1400006167.0,2026-12-18,PORT07,CARRIER_04,2,DTP,5,0,CUST_154,1600049,PLANT_14,PORT04,25,116.25703
1400006168.0,2026-11-25,PORT02,CARRIER_12,2,CRF,3,0,CUST_069,1600112,PLANT_04,PORT03,7,8.31806
1400006169.0,2026-08-27,PORT07,CARRIER_06,2,DTP,3,0,CUST_100,1600188,PLANT_13,PORT08,41,181.84642
1400006170.0,2026-02-10,PORT06,CARRIER_09,2,DTP,5,0,CUST_066,1600013,PLANT_02,PORT08,21,89.14841
1400006171.0,2026-02-09,PORT06,CARRIER_03,2,DTD,3,0,CUST_478,1600103,PLANT_17,PORT04,28,121.12561
1400006172.0,2026-09-10,PORT03,CARRIER_11,2,DTP,2,0,CUST_442,1600090,PLANT_08,PORT02,25,93.20829
1400006173.0,2026-07-05,PORT08,CARRIER_07,1,DTP,0,0,CUST_406,1600117,PLANT_18,PORT04,18,25.41303
1400006174.0,2026-02-18,PORT06,CARRIER_06,1,DTP,3,0,CUST_365,1600012,PLANT_02,PORT08,12,52.81888
1400006175.0,2026-09-11,PORT08,CARRIER_03,2,DTP,0,0,CUST_172,1600189,PLANT_08,PORT05,48,145.8138
1400006176.0,2026-12-10,PORT06,CARRIER_10,2,DTP,0,0,CUST_238,1600167,PLANT_17,PORT01,10,37.28997
1400006177.0,2026-01-24,PORT03,CARRIER_05,1,DTD,3,0,CUST_421,1600049,PLANT_11,PORT08,48,53.07653
1400006178.0,2026-10-29,PORT04,CARRIER_12,2,DTD,2,0,CUST_408,1600120,PLANT_15,PORT01,10,8.71312
1400006179.0,2026-05-06,PORT05,CARRIER_02,2,DTP,0,0,CUST_260,1600066,PLANT_12,PORT01,9,13.10916
1400006180.0,2026-05-26,PORT02,CARRIER_12,1,DTP,5,0,CUST_419,1600075,PLANT_04,PORT06,46,119.86297
1400006181.0,2026-09-19,PORT03,CARRIER_04,0,DTP,0,0,CUST_174,1600186,PLANT_17,PORT06,48,102.79022
1400006182.0,2026-04-01,PORT07,CARRIER_01,2,DTP,3,0,CUST_207,1600013,PLANT_16,PORT01,46,204.66685
1400006183.0,2026-02-27,PORT02,CARRIER_05,2,DTP,3,0,CUST_420,1600127,PLANT_04,PORT03,40,6.55163
1400006184.0,2026-12-18,PORT06,CARRIER_04,2,DTP,6,0,CUST_189,1600055,PLANT_19,PORT08,27,13.2904
1400006185.0,2026-05-08,PORT01,CARRIER_10,2,DTP,1,0,CUST_377,1600152,PLANT_19,PORT04,9,15.25057
1400006186.0,2026-03-03,PORT04,CARRIER_12,1,DTP,0,0,CUST_227,1600094,PLANT_15,PORT07,32,29.50041
1400006187.0,2026-09-09,PORT07,CARRIER_08,2,DTP,3,0,CUST_149,1600046,PLANT_14,PORT02,28,58.60618
1400006188.0,2026-03-21,PORT03,CARRIER_08,1,DTD,3,0,CUST_110,1600030,PLANT_13,PORT01,38,137.41584
1400006189.0,2026-10-11,PORT08,CARRIER_02,2,DTP,4,4,CUST_304,1600116,PLANT_03,PORT02,6,29.80649
1400006190.0,2026-01-26,PORT07,CARRIER_03,2,DTP,0,0,CUST_240,1600198,PLANT_11,PORT03,8,8.72133
1400006191.0,2026-07-09,PORT03,CARRIER_08,2,DTP,2,0,CUST_185,1600071,PLANT_06,PORT06,32,44.90482
1400006192.0,2026-05-28,PORT07,CARRIER_09,2,DTP,0,0,CUST_372,1600008,PLANT_10,PORT06,44,170.14005
1400006193.0,2026-12-16,PORT08,CARRIER_06,0,DTD,3,0,CUST_001,1600144,PLANT_15,PORT05,47,67.35305
1400006194.0,2026-07-10,PORT07,CARRIER_10,2,DTD,2,0,CUST_047,1600086,PLANT_14,PORT04,31,109.99962
1400006195.0,2026-12-04,PORT07,CARRIER_05,1,DTD,0,0,CUST_481,1600187,PLANT_10,PORT08,21,62.14102
1400006196.0,2026-04-01,PORT07,CARRIER_11,2,DTP,3,0,CUST_332,1600027,PLANT_14,PORT04,26,111.51351
1400006197.0,2026-06-22,PORT07,CARRIER_02,2,CRF,1,0,CUST_275,1600178,PLANT_14,PORT01,28,7.37381
1400006198.0,2026-10-25,PORT01,CARRIER_11,2,DTP,0,0,CUST_008,1600128,PLANT_18,PORT08,33,161.72508
1400006199.0,2026-02-28,PORT08,CARRIER_08,2,DTP,0,0,CUST_300,1600076,PLANT_15,PORT04,15,72.37242
1400006200.0,2026-12-05,PORT07,CARRIER_12,1,DTP,4,0,CUST_218,1600134,PLANT_10,PORT03,22,4.6134
1400006201.0,2026-10-10,PORT07,CARRIER_03,2,DTD,3,0,CUST_300,1600051,PLANT_16,PORT02,29,73.88029
1400006202.0,2026-09-05,PORT03,CARRIER_02,2,DTD,3,0,CUST_021,1600029,PLANT_13,PORT02,44,90.94747
1400006203.0,2026-03-30,PORT03,CARRIER_04,2,DTP,3,0,CUST_276,1600004,PLANT_17,PORT01,41,55.16138
1400006204.0,2026-10-26,PORT01,CARRIER_07,2,DTP,6,0,CUST_289,1600135,PLANT_19,PORT03,39,190.76253
1400006205.0,2026-11-04,PORT05,CARRIER_10,2,DTP,0,0,CUST_146,1600153,PLANT_12,PORT03,14,13.37759
1400006206.0,2026-04-17,PORT06,CARRIER_10,2,CRF,0,0,CUST_028,1600095,PLANT_19,PORT03,23,32.00259
1400006207.0,2026-08-03,PORT06,CARRIER_01,2,CRF,5,0,CUST_486,1600162,PLANT_17,PORT07,30,4.20878
1400006208.0,2026-01-23,PORT07,CARRIER_06,2,DTP,3,0,CUST_355,1600049,PLANT_11,PORT08,49,144.21157
1400006209.0,2026-05-24,PORT07,CARRIER_10,0,DTP,6,0,CUST_311,1600144,PLANT_10,PORT04,21,90.67618
1400006210.0,2026-02-24,PORT08,CARRIER_10,1,DTD,3,0,CUST_384,1600129,PLANT_06,PORT03,47,147.92655
1400006211.0,2026-07-23,PORT01,CARRIER_05,2,DTP,3,0,CUST_336,1600018,PLANT_05,PORT06,39,128.42214
1400006212.0,2026-07-20,PORT01,CARRIER_05,1,DTP,3,0,CUST_068,1600035,PLANT_05,PORT03,34,14.44897
1400006213.0,2026-07-14,PORT05,CARRIER_04,1,DTD,0,0,CUST_228,1600180,PLANT_12,PORT04,37,133.29455
1400006214.0,2026-09-05,PORT07,CARRIER_04,1,DTP,5,0,CUST_445,1600154,PLANT_14,PORT01,41,86.26899
1400006215.0,2026-12-04,PORT04,CARRIER_07,2,DTD,3,0,CUST_144,1600101,PLANT_13,PORT03,37,89.58407
1400006216.0,2026-03-13,PORT06,CARRIER_06,2,CRF,0,0,CUST_487,1600045,PLANT_20,PORT04,35,103.83017
1400006217.0,2026-03-20,PORT06,CARRIER_04,2,DTP,0,0,CUST_033,1600085,PLANT_15,PORT02,22,107.34428
1400006218.0,2026-03-20,PORT07,CARRIER_01,1,DTP,3,0,CUST_166,1600096,PLANT_11,PORT08,24,90.38635
1400006219.0,2026-12-05,PORT02,CARRIER_11,2,DTD,1,0,CUST_176,1600132,PLANT_05,PORT04,32,110.43977
1400006220.0,2026-02-03,PORT05,CARRIER_10,1,DTP,0,0,CUST_309,1600163,PLANT_17,PORT07,43,95.29986
1400006221.0,2026-01-12,PORT03,CARRIER_01,0,CRF,1,0,CUST_089,1600109,PLANT_06,PORT02,34,9.13946
1400006222.0,2026-02-28,PORT04,CARRIER_08,2,DTP,5,0,CUST_115,1600034,PLANT_13,PORT06,50,136.97774
1400006223.0,2026-10-08,PORT06,CARRIER_09,1,CRF,3,1,CUST_332,1600042,PLANT_02,PORT04,36,120.17945
1400006224.0,2026-07-31,PORT05,CARRIER_07,2,DTP,2,0,CUST_143,1600199,PLANT_12,PORT01,23,81.66218
1400006225.0,2026-12-02,PORT04,CARRIER_10,2,DTP,0,0,CUST_440,1600152,PLANT_15,PORT02,31,95.43714
1400006226.0,2026-03-16,PORT01,CARRIER_08,2,DTP,4,0,CUST_436,1600140,PLANT_19,PORT08,33,51.86935
1400006227.0,2026-05-24,PORT03,CARRIER_03,2,DTP,3,0,CUST_152,1600064,PLANT_04,PORT01,44,52.05437
1400006228.0,2026-07-22,PORT01,CARRIER_05,2,DTP,0,0,CUST_280,1600094,PLANT_01,PORT06,16,8.66337
1400006229.0,2026-01-27,PORT07,CARRIER_10,1,DTD,6,0,CUST_167,1600198,PLANT_16,PORT02,16,56.70198
1400006230.0,2026-12-02,PORT01,CARRIER_12,2,DTP,1,0,CUST_173,1600057,PLANT_01,PORT03,14,67.99592
1400006231.0,2026-10-21,PORT03,CARRIER_06,1,DTP,1,0,CUST_336,1600141,PLANT_04,PORT07,7,18.70827
1400006232.0,2026-02-22,PORT07,CARRIER_05,2,DTP,2,0,CUST_147,1600061,PLANT_14,PORT08,36,122.34942
1400006233.0,2026-11-04,PORT07,CARRIER_12,2,DTD,6,0,CUST_075,1600003,PLANT_14,PORT03,49,171.19386
1400006234.0,2026-06-13,PORT07,CARRIER_03,1,DTP,4,0,CUST_130,1600110,PLANT_10,PORT03,33,29.40519
1400006235.0,2026-05-03,PORT03,CARRIER_05,2,DTP,3,0,CUST_465,1600082,PLANT_08,PORT05,7,7.27879
1400006236.0,2026-12-12,PORT07,CARRIER_10,2,DTP,3,0,CUST_130,1600146,PLANT_16,PORT05,21,23.52144
1400006237.0,2026-07-09,PORT03,CARRIER_04,2,DTP,2,0,CUST_182,1600129,PLANT_17,PORT05,46,214.86248
1400006238.0,2026-03-24,PORT07,CARRIER_08,0,DTP,2,0,CUST_315,1600043,PLANT_10,PORT01,7,1.2344
1400006239.0,2026-10-23,PORT07,CARRIER_11,2,DTP,2,0,CUST_051,1600026,PLANT_14,PORT08,33,90.80699
1400006240.0,2026-09-19,PORT07,CARRIER_12,1,DTP,5,0,CUST_135,1600141,PLANT_16,PORT06,25,48.70426
1400006241.0,2026-03-12,PORT01,CARRIER_08,0,DTD,3,0,CUST_088,1600046,PLANT_06,PORT04,47,156.54838
1400006242.0,2026-09-05,PORT07,CARRIER_02,2,DTP,3,0,CUST_463,1600107,PLANT_10,PORT03,28,33.05153
1400006243.0,2026-08-18,PORT08,CARRIER_10,2,DTD,6,0,CUST_467,1600183,PLANT_18,PORT02,30,144.29211
1400006244.0,2026-04-11,PORT01,CARRIER_11,2,DTP,0,0,CUST_378,1600161,PLANT_06,PORT05,38,65.4723
1400006245.0,2026-06-07,PORT01,CARRIER_05,2,DTP,0,0,CUST_124,1600176,PLANT_19,PORT02,42,194.75573
1400006246.0,2026-11-03,PORT05,CARRIER_10,2,DTP,3,0,CUST_309,1600119,PLANT_17,PORT06,28,83.63829
1400006247.0,2026-03-05,PORT04,CARRIER_06,2,DTP,6,0,CUST_332,1600060,PLANT_13,PORT03,38,80.97266
1400006248.0,2026-09-21,PORT03,CARRIER_12,2,DTP,0,0,CUST_435,1600084,PLANT_13,PORT05,42,155.23364
1400006249.0,2026-10-31,PORT08,CARRIER_12,2,DTP,0,3,CUST_079,1600077,PLANT_08,PORT06,29,81.49049
1400006250.0,2026-12-08,PORT08,CARRIER_08,2,DTP,2,0,CUST_369,1600122,PLANT_08,PORT04,37,28.82501
1400006251.0,2026-04-29,PORT03,CARRIER_07,1,DTD,6,1,CUST_098,1600070,PLANT_11,PORT08,21,74.59194
1400006252.0,2026-04-08,PORT01,CARRIER_09,2,DTP,2,0,CUST_285,1600186,PLANT_03,PORT02,21,61.72992
1400006253.0,2026-12-08,PORT06,CARRIER_09,1,DTP,3,0,CUST_440,1600108,PLANT_15,PORT02,5,14.3583
1400006254.0,2026-06-18,PORT08,CARRIER_03,2,DTP,5,0,CUST_032,1600188,PLANT_18,PORT06,35,130.092
1400006255.0,2026-07-27,PORT06,CARRIER_12,1,DTP,3,0,CUST_075,1600136,PLANT_20,PORT07,16,52.83285
1400006256.0,2026-07-07,PORT05,CARRIER_08,2,DTP,0,0,CUST_407,1600091,PLANT_12,PORT07,42,79.57272
1400006257.0,2026-07-07,PORT01,CARRIER_09,2,DTP,0,0,CUST_010,1600112,PLANT_18,PORT07,48,79.70856
1400006258.0,2026-08-16,PORT07,CARRIER_02,4,DTD,1,0,CUST_343,1600161,PLANT_10,PORT04,45,59.80556
1400006259.0,2026-06-04,PORT07,CARRIER_09,2,DTP,4,0,CUST_251,1600068,PLANT_13,PORT06,17,49.60961
1400006260.0,2026-05-24,PORT03,CARRIER_03,2,DTD,4,0,CUST_174,1600195,PLANT_04,PORT05,34,53.3613
1400006261.0,2026-05-27,PORT08,CARRIER_02,2,DTD,0,0,CUST_432,1600177,PLANT_15,PORT01,39,26.91194
1400006262.0,2026-08-28,PORT04,CARRIER_10,0,DTP,3,0,CUST_425,1600193,PLANT_02,PORT02,28,110.1861
1400006263.0,2026-10-26,PORT07,CARRIER_03,2,DTP,0,0,CUST_163,1600051,PLANT_10,PORT06,28,31.49294
1400006264.0,2026-07-22,PORT07,CARRIER_04,2,DTP,3,0,CUST_003,1600021,PLANT_11,PORT01,25,22.69743
1400006265.0,2026-09-05,PORT02,CARRIER_10,1,DTP,3,0,CUST_065,1600092,PLANT_05,PORT06,19,80.94199
1400006266.0,2026-05-31,PORT07,CARRIER_05,2,DTP,6,0,CUST_054,1600120,PLANT_14,PORT04,31,109.75324
1400006267.0,2026-10-10,PORT06,CARRIER_12,1,DTD,3,0,CUST_492,1600073,PLANT_02,PORT05,50,192.70846
1400006268.0,2026-05-24,PORT02,CARRIER_07,2,DTP,0,0,CUST_299,1600182,PLANT_01,PORT04,15,27.2515
1400006269.0,2026-06-03,PORT02,CARRIER_06,2,DTD,3,0,CUST_339,1600184,PLANT_01,PORT03,7,21.87806
1400006270.0,2026-01-21,PORT07,CARRIER_09,1,DTP,5,0,CUST_116,1600146,PLANT_16,PORT05,7,32.67426
1400006271.0,2026-04-06,PORT07,CARRIER_10,2,DTP,3,4,CUST_426,1600091,PLANT_14,PORT03,31,46.04171
1400006272.0,2026-09-27,PORT06,CARRIER_07,2,DTP,4,0,CUST_362,1600164,PLANT_20,PORT03,17,7.44454
1400006273.0,2026-02-01,PORT08,CARRIER_01,2,DTP,3,0,CUST_377,1600184,PLANT_18,PORT05,26,24.36986
1400006274.0,2026-03-23,PORT07,CARRIER_03,2,DTP,3,0,CUST_235,1600053,PLANT_14,PORT04,48,215.88407
1400006275.0,2026-10-11,PORT03,CARRIER_02,2,DTP,3,0,CUST_350,1600023,PLANT_13,PORT06,8,11.83602
1400006276.0,2026-11-15,PORT04,CARRIER_07,2,DTP,5,0,CUST_273,1600042,PLANT_02,PORT08,13,32.59281
1400006277.0,2026-06-01,PORT02,CARRIER_01,2,DTD,3,0,CUST_193,1600042,PLANT_01,PORT08,14,38.07143
1400006278.0,2026-05-29,PORT07,CARRIER_11,2,DTP,3,0,CUST_298,1600149,PLANT_16,PORT03,26,124.90574
1400006279.0,2026-07-05,PORT02,CARRIER_02,2,DTD,4,0,CUST_163,1600127,PLANT_02,PORT05,36,56.7809
1400006280.0,2026-10-09,PORT08,CARRIER_08,1,CRF,0,0,CUST_477,1600106,PLANT_18,PORT07,13,34.51263
1400006281.0,2026-06-21,PORT01,CARRIER_01,2,DTP,1,0,CUST_359,1600047,PLANT_01,PORT03,9,43.15328
1400006282.0,2026-03-05,PORT06,CARRIER_11,1,DTP,1,0,CUST_370,1600021,PLANT_19,PORT03,8,8.69272
1400006283.0,2026-06-07,PORT08,CARRIER_01,2,DTP,3,0,CUST_359,1600012,PLANT_18,PORT03,41,124.21516
1400006284.0,2026-04-03,PORT02,CARRIER_09,2,DTP,4,0,CUST_225,1600144,PLANT_01,PORT05,6,2.47004
1400006285.0,2026-09-07,PORT02,CARRIER_09,2,DTD,3,0,CUST_476,1600156,PLANT_02,PORT04,33,45.82309
1400006286.0,2026-02-22,PORT02,CARRIER_07,2,DTP,3,0,CUST_104,1600129,PLANT_09,PORT05,31,13.61375
1400006287.0,2026-08-11,PORT07,CARRIER_06,1,DTP,0,0,CUST_285,1600118,PLANT_14,PORT05,9,15.45974
1400006288.0,2026-02-17,PORT04,CARRIER_12,2,DTP,6,0,CUST_035,1600128,PLANT_02,PORT01,30,33.34577
1400006289.0,2026-12-21,PORT04,CARRIER_07,2,DTD,1,0,CUST_148,1600192,PLANT_07,PORT07,18,72.22027
1400006290.0,2026-08-22,PORT03,CARRIER_02,2,DTP,0,0,CUST_288,1600074,PLANT_04,PORT07,28,66.37786
1400006291.0,2026-02-20,PORT05,CARRIER_05,1,DTP,4,0,CUST_245,1600065,PLANT_12,PORT06,11,22.92951
1400006292.0,2026-12-16,PORT05,CARRIER_07,2,DTP,5,0,CUST_471,1600004,PLANT_12,PORT08,35,122.23342
1400006293.0,2026-07-29,PORT05,CARRIER_05,2,DTP,1,0,CUST_307,1600149,PLANT_17,PORT06,41,194.39234
1400006294.0,2026-08-10,PORT04,CARRIER_05,2,DTP,3,0,CUST_206,1600026,PLANT_15,PORT03,5,7.88781
1400006295.0,2026-01-24,PORT01,CARRIER_02,2,DTP,4,6,CUST_214,1600158,PLANT_19,PORT03,29,12.38532
1400006296.0,2026-03-10,PORT08,CARRIER_03,2,DTP,0,0,CUST_306,1600171,PLANT_08,PORT04,34,21.68938
1400006297.0,2026-10-22,PORT01,CARRIER_08,0,DTP,6,0,CUST_396,1600123,PLANT_05,PORT05,5,21.50177
1400006298.0,2026-06-20,PORT07,CARRIER_11,1,DTP,2,0,CUST_139,1600160,PLANT_16,PORT02,38,161.2982
1400006299.0,2026-08-13,PORT02,CARRIER_02,1,DTP,3,0,CUST_293,1600081,PLANT_04,PORT05,29,70.44942
1400006300.0,2026-12-27,PORT01,CARRIER_03,2,DTP,0,0,CUST_288,1600101,PLANT_01,PORT03,19,15.64556
1400006301.0,2026-06-06,PORT06,CARRIER_11,2,DTP,0,0,CUST_005,1600007,PLANT_19,PORT07,27,72.35454
1400006302.0,2026-05-20,PORT08,CARRIER_05,2,CRF,0,0,CUST_457,1600037,PLANT_15,PORT06,36,121.50962
1400006303.0,2026-10-20,PORT05,CARRIER_04,2,DTP,2,0,CUST_285,1600176,PLANT_12,PORT02,34,58.7506
1400006304.0,2026-01-25,PORT06,CARRIER_07,2,DTP,5,0,CUST_122,1600048,PLANT_15,PORT01,40,20.17353
1400006305.0,2026-06-16,PORT06,CARRIER_04,2,DTP,3,0,CUST_317,1600112,PLANT_15,PORT03,6,10.06508
1400006306.0,2026-11-09,PORT02,CARRIER_11,2,DTP,2,0,CUST_339,1600120,PLANT_09,PORT07,41,142.83631
1400006307.0,2026-03-25,PORT06,CARRIER_03,2,DTP,3,2,CUST_458,1600138,PLANT_02,PORT07,6,29.36401
1400006308.0,2026-04-21,PORT03,CARRIER_08,1,DTP,1,0,CUST_018,1600144,PLANT_11,PORT04,34,35.06902
1400006309.0,2026-06-22,PORT07,CARRIER_02,2,DTP,3,0,CUST_207,1600129,PLANT_11,PORT03,21,96.20779
1400006310.0,2026-01-28,PORT06,CARRIER_11,2,DTP,3,0,CUST_091,1600066,PLANT_15,PORT05,7,16.36217
1400006311.0,2026-01-26,PORT03,CARRIER_04,2,DTP,3,0,CUST_288,1600162,PLANT_08,PORT07,36,120.59168
1400006312.0,2026-04-02,PORT02,CARRIER_10,2,DTP,3,0,CUST_251,1600018,PLANT_02,PORT04,30,129.96374
1400006313.0,2026-11-24,PORT07,CARRIER_12,2,DTP,3,0,CUST_238,1600098,PLANT_16,PORT01,35,99.10446
1400006314.0,2026-03-22,PORT03,CARRIER_07,2,DTP,4,0,CUST_492,1600175,PLANT_13,PORT06,22,8.82554
1400006315.0,2026-09-24,PORT04,CARRIER_01,1,DTP,3,0,CUST_266,1600188,PLANT_13,PORT01,17,23.83936
1400006316.0,2026-06-05,PORT07,CARRIER_05,2,DTP,0,0,CUST_206,1600173,PLANT_14,PORT01,33,133.12986
1400006317.0,2026-10-05,PORT04,CARRIER_06,1,DTD,0,0,CUST_034,1600119,PLANT_13,PORT03,14,39.32838
1400006318.0,2026-05-01,PORT04,CARRIER_02,2,DTD,1,0,CUST_145,1600016,PLANT_15,PORT06,42,71.92348
1400006319.0,2026-11-16,PORT05,CARRIER_05,2,DTP,5,0,CUST_449,1600090,PLANT_12,PORT01,36,106.49442
1400006320.0,2026-05-16,PORT05,CARRIER_07,2,DTP,4,0,CUST_226,1600145,PLANT_12,PORT06,50,70.79968
1400006321.0,2026-10-16,PORT08,CARRIER_10,2,DTP,6,0,CUST_456,1600189,PLANT_06,PORT07,6,7.6857
1400006322.0,2026-10-31,PORT06,CARRIER_03,2,DTD,3,0,CUST_267,1600033,PLANT_02,PORT07,31,128.9329
1400006323.0,2026-06-07,PORT03,CARRIER_08,1,DTP,5,0,CUST_275,1600159,PLANT_08,PORT05,30,61.80994
1400006324.0,2026-09-01,PORT08,CARRIER_09,2,DTD,3,0,CUST_215,1600033,PLANT_18,PORT04,44,63.47202
1400006325.0,2026-02-13,PORT03,CARRIER_01,1,DTP,3,0,CUST_279,1600094,PLANT_08,PORT08,24,50.51915
1400006326.0,2026-07-01,PORT02,CARRIER_06,1,DTP,3,0,CUST_034,1600177,PLANT_09,PORT03,48,221.33296
1400006327.0,2026-05-17,PORT06,CARRIER_01,2,DTP,5,2,CUST_029,1600157,PLANT_17,PORT05,15,14.78797
1400006328.0,2026-12-15,PORT03,CARRIER_10,3,DTP,6,0,CUST_238,1600145,PLANT_11,PORT06,44,44.33545
1400006329.0,2026-12-07,PORT07,CARRIER_08,3,DTD,3,0,CUST_299,1600139,PLANT_14,PORT05,28,51.33654
1400006330.0,2026-10-13,PORT02,CARRIER_07,2,DTP,4,0,CUST_276,1600083,PLANT_01,PORT08,48,19.0152
1400006331.0,2026-12-13,PORT04,CARRIER_09,2,DTP,5,0,CUST_215,1600076,PLANT_02,PORT03,14,6.5396
1400006332.0,2026-12-23,PORT08,CARRIER_12,1,DTP,0,0,CUST_148,1600069,PLANT_08,PORT03,16,2.46072
1400006333.0,2026-10-08,PORT07,CARRIER_08,1,DTD,3,0,CUST_355,1600032,PLANT_13,PORT03,30,24.4895
1400006334.0,2026-08-05,PORT05,CARRIER_04,2,CRF,3,0,CUST_303,1600077,PLANT_12,PORT08,30,97.13694
1400006335.0,2026-03-16,PORT07,CARRIER_08,2,DTP,3,0,CUST_024,1600011,PLANT_16,PORT04,11,11.68737
1400006336.0,2026-10-25,PORT08,CARRIER_10,2,DTP,3,0,CUST_227,1600079,PLANT_18,PORT03,34,66.33981
1400006337.0,2026-03-12,PORT07,CARRIER_11,1,DTP,3,0,CUST_356,1600117,PLANT_07,PORT08,23,81.81947
1400006338.0,2026-03-09,PORT01,CARRIER_07,2,DTP,0,0,CUST_393,1600113,PLANT_09,PORT08,11,2.81527
1400006339.0,2026-11-18,PORT04,CARRIER_05,0,DTP,5,0,CUST_144,1600011,PLANT_02,PORT01,28,31.48288
1400006340.0,2026-02-11,PORT07,CARRIER_06,2,CRF,3,0,CUST_463,1600020,PLANT_16,PORT04,37,184.25453
1400006341.0,2026-02-21,PORT01,CARRIER_04,2,CRF,3,0,CUST_326,1600057,PLANT_19,PORT04,6,18.15068
1400006342.0,2026-07-06,PORT05,CARRIER_03,2,DTP,0,0,CUST_219,1600112,PLANT_12,PORT04,47,156.69331
1400006343.0,2026-08-02,PORT02,CARRIER_10,2,DTP,0,0,CUST_314,1600168,PLANT_02,PORT06,33,86.74496
1400006344.0,2026-01-17,PORT03,CARRIER_12,0,DTP,3,0,CUST_436,1600084,PLANT_17,PORT07,16,77.32597
1400006345.0,2026-05-19,PORT07,CARRIER_05,2,DTP,0,0,CUST_114,1600029,PLANT_11,PORT03,39,31.47516
1400006346.0,2026-03-24,PORT07,CARRIER_08,2,DTP,0,0,CUST_076,1600031,PLANT_13,PORT04,43,18.49545
1400006347.0,2026-04-21,PORT06,CARRIER_12,2,DTP,0,0,CUST_221,1600155,PLANT_15,PORT07,48,196.76228
1400006348.0,2026-03-08,PORT05,CARRIER_05,2,DTP,1,0,CUST_042,1600174,PLANT_12,PORT06,41,4.92296
1400006349.0,2026-09-05,PORT08,CARRIER_09,2,CRF,0,1,CUST_418,1600016,PLANT_03,PORT02,14,39.92314
1400006350.0,2026-06-22,PORT08,CARRIER_10,1,CRF,3,0,CUST_486,1600191,PLANT_18,PORT05,12,1.28305
1400006351.0,2026-12-17,PORT07,CARRIER_09,1,DTP,3,0,CUST_303,1600071,PLANT_07,PORT04,14,25.28958
1400006352.0,2026-01-04,PORT08,CARRIER_07,2,DTP,3,0,CUST_490,1600046,PLANT_06,PORT01,45,148.02047
1400006353.0,2026-10-11,PORT01,CARRIER_11,2,DTD,6,0,CUST_035,1600079,PLANT_09,PORT06,19,52.85608
1400006354.0,2026-11-29,PORT06,CARRIER_05,2,CRF,3,0,CUST_317,1600085,PLANT_20,PORT05,20,56.86651
1400006355.0,2026-06-27,PORT07,CARRIER_10,0,DTD,5,0,CUST_222,1600014,PLANT_14,PORT06,45,39.19484
1400006356.0,2026-09-13,PORT02,CARRIER_03,2,DTP,0,0,CUST_139,1600139,PLANT_05,PORT04,14,21.61866
1400006357.0,2026-06-10,PORT08,CARRIER_01,2,DTD,1,0,CUST_156,1600114,PLANT_15,PORT07,23,82.32028
1400006358.0,2026-08-06,PORT07,CARRIER_10,1,DTP,2,0,CUST_273,1600120,PLANT_14,PORT05,18,3.85481
1400006359.0,2026-11-28,PORT02,CARRIER_06,2,DTP,6,0,CUST_321,1600014,PLANT_04,PORT04,18,54.30399
1400006360.0,2026-07-13,PORT06,CARRIER_09,2,DTD,5,0,CUST_083,1600174,PLANT_02,PORT02,32,84.27589
1400006361.0,2026-07-31,PORT03,CARRIER_05,1,DTP,3,0,CUST_308,1600062,PLANT_06,PORT08,39,69.63022
1400006362.0,2026-12-27,PORT04,CARRIER_06,1,CRF,4,0,CUST_464,1600088,PLANT_07,PORT02,17,29.58678
1400006363.0,2026-07-01,PORT04,CARRIER_06,2,DTP,0,0,CUST_006,1600122,PLANT_13,PORT06,6,24.08905
1400006364.0,2026-03-05,PORT07,CARRIER_07,2,DTD,3,0,CUST_440,1600160,PLANT_13,PORT05,34,67.04068
1400006365.0,2026-09-07,PORT05,CARRIER_04,1,DTP,0,0,CUST_304,1600072,PLANT_17,PORT04,30,14.73937
1400006366.0,2026-09-10,PORT03,CARRIER_03,1,DTP,3,0,CUST_172,1600073,PLANT_11,PORT02,35,168.48976
1400006367.0,2026-03-28,PORT08,CARRIER_03,2,DTD,0,0,CUST_368,1600156,PLANT_18,PORT05,25,18.47023
1400006368.0,2026-09-23,PORT02,CARRIER_08,2,DTD,3,0,CUST_309,1600099,PLANT_04,PORT06,40,160.30095
1400006369.0,2026-01-24,PORT01,CARRIER_07,2,DTP,3,0,CUST_385,1600187,PLANT_03,PORT02,33,5.55464
1400006370.0,2026-04-27,PORT08,CARRIER_12,0,CRF,3,3,CUST_041,1600099,PLANT_18,PORT05,39,73.53654
1400006371.0,2026-11-09,PORT04,CARRIER_09,2,DTD,0,3,CUST_030,1600161,PLANT_15,PORT07,38,99.72662
1400006372.0,2026-08-14,PORT07,CARRIER_04,2,DTP,3,0,CUST_322,1600139,PLANT_14,PORT01,27,6.64022
1400006373.0,2026-08-10,PORT06,CARRIER_03,2,DTP,2,0,CUST_152,1600126,PLANT_15,PORT04,19,70.24347
1400006374.0,2026-08-15,PORT08,CARRIER_03,2,DTP,0,0,CUST_120,1600059,PLANT_15,PORT05,31,42.68233
1400006375.0,2026-03-02,PORT02,CARRIER_04,2,DTP,3,0,CUST_211,1600145,PLANT_09,PORT05,34,93.55866
1400006376.0,2026-12-17,PORT06,CARRIER_10,2,DTP,0,0,CUST_363,1600032,PLANT_19,PORT02,31,123.45457
1400006377.0,2026-04-19,PORT03,CARRIER_08,2,DTP,3,0,CUST_090,1600023,PLANT_13,PORT05,29,86.89727
1400006378.0,2026-10-15,PORT01,CARRIER_04,2,DTD,2,0,CUST_487,1600108,PLANT_18,PORT08,20,46.6501
1400006379.0,2026-12-28,PORT07,CARRIER_09,2,DTD,3,0,CUST_211,1600132,PLANT_14,PORT08,11,19.21646
1400006380.0,2026-03-29,PORT01,CARRIER_03,2,DTD,3,0,CUST_076,1600131,PLANT_09,PORT02,24,7.70437
1400006381.0,2026-08-20,PORT06,CARRIER_02,2,DTD,0,0,CUST_036,1600067,PLANT_02,PORT03,45,205.82113
1400006382.0,2026-01-16,PORT04,CARRIER_05,2,DTP,1,0,CUST_429,1600118,PLANT_15,PORT03,37,111.01717
1400006383.0,2026-08-21,PORT07,CARRIER_01,2,DTP,3,0,CUST_057,1600022,PLANT_16,PORT01,39,124.58644
1400006384.0,2026-06-10,PORT01,CARRIER_10,2,DTD,4,0,CUST_210,1600111,PLANT_18,PORT05,38,85.82342
1400006385.0,2026-01-27,PORT01,CARRIER_06,2,DTP,0,0,CUST_335,1600073,PLANT_01,PORT02,47,90.53561
1400006386.0,2026-09-03,PORT06,CARRIER_08,1,DTP,0,0,CUST_257,1600158,PLANT_20,PORT03,15,4.92912
1400006387.0,2026-12-20,PORT07,CARRIER_11,2,DTP,4,2,CUST_132,1600111,PLANT_16,PORT02,38,35.26624
1400006388.0,2026-01-31,PORT04,CARRIER_09,2,DTP,2,0,CUST_054,1600136,PLANT_15,PORT08,8,17.4815
1400006389.0,2026-11-22,PORT04,CARRIER_03,1,DTP,1,0,CUST_356,1600152,PLANT_15,PORT01,16,20.54964
1400006390.0,2026-11-04,PORT05,CARRIER_05,1,DTP,0,0,CUST_246,1600178,PLANT_17,PORT08,6,1.9066
1400006391.0,2026-07-19,PORT07,CARRIER_12,1,DTP,6,0,CUST_025,1600161,PLANT_10,PORT06,24,66.61125
1400006392.0,2026-11-26,PORT06,CARRIER_06,2,DTP,3,0,CUST_091,1600019,PLANT_15,PORT01,11,26.11573
1400006393.0,2026-04-23,PORT07,CARRIER_12,0,DTP,0,0,CUST_282,1600054,PLANT_16,PORT08,22,47.62401
1400006394.0,2026-09-20,PORT05,CARRIER_07,1,DTD,3,0,CUST_085,1600026,PLANT_17,PORT08,11,43.36997
1400006395.0,2026-09-12,PORT07,CARRIER_08,0,CRF,1,0,CUST_196,1600156,PLANT_11,PORT08,6,18.22612
1400006396.0,2026-07-31,PORT08,CARRIER_08,1,DTP,0,0,CUST_063,1600079,PLANT_18,PORT01,26,2.78029
1400006397.0,2026-11-01,PORT06,CARRIER_12,4,DTP,6,0,CUST_399,1600063,PLANT_17,PORT08,23,88.16725
1400006398.0,2026-11-16,PORT02,CARRIER_08,2,CRF,3,0,CUST_316,1600097,PLANT_05,PORT06,24,59.1523
1400006399.0,2026-10-14,PORT08,CARRIER_05,1,CRF,3,0,CUST_392,1600048,PLANT_15,PORT05,20,52.64777
1400006400.0,2026-08-03,PORT07,CARRIER_06,2,DTP,5,0,CUST_027,1600003,PLANT_10,PORT04,23,102.55485
1400006401.0,2026-12-23,PORT07,CARRIER_07,2,DTD,0,0,CUST_188,1600025,PLANT_10,PORT01,5,3.17588
1400006402.0,2026-07-22,PORT03,CARRIER_03,2,DTP,0,0,CUST_134,1600199,PLANT_08,PORT02,26,78.96405
1400006403.0,2026-08-21,PORT02,CARRIER_09,2,DTD,1,0,CUST_312,1600087,PLANT_02,PORT01,43,63.75106
1400006404.0,2026-03-10,PORT04,CARRIER_05,2,CRF,3,0,CUST_411,1600178,PLANT_07,PORT02,11,3.07874
1400006405.0,2026-04-28,PORT03,CARRIER_01,1,DTP,3,0,CUST_114,1600127,PLANT_06,PORT02,11,24.67487
1400006406.0,2026-11-27,PORT06,CARRIER_05,1,DTP,3,0,CUST_385,1600024,PLANT_20,PORT02,40,59.58815
1400006407.0,2026-07-01,PORT04,CARRIER_10,4,DTP,0,3,CUST_291,1600155,PLANT_13,PORT07,28,3.00483
1400006408.0,2026-07-06,PORT03,CARRIER_10,2,DTP,0,0,CUST_413,1600126,PLANT_07,PORT06,16,40.24689
1400006409.0,2026-10-25,PORT07,CARRIER_12,1,DTP,3,6,CUST_041,1600188,PLANT_13,PORT01,41,66.60469
1400006410.0,2026-04-30,PORT07,CARRIER_12,1,DTP,0,0,CUST_496,1600080,PLANT_13,PORT01,19,42.31688
1400006411.0,2026-04-07,PORT03,CARRIER_07,2,DTP,4,0,CUST_218,1600176,PLANT_11,PORT06,32,5.03944
1400006412.0,2026-01-04,PORT06,CARRIER_07,1,DTD,6,0,CUST_141,1600171,PLANT_02,PORT01,30,62.06195
1400006413.0,2026-03-26,PORT05,CARRIER_03,2,DTD,5,0,CUST_092,1600193,PLANT_12,PORT02,12,28.85979
1400006414.0,2026-07-06,PORT06,CARRIER_12,2,DTP,3,0,CUST_493,1600118,PLANT_02,PORT02,39,92.95664
1400006415.0,2026-09-22,PORT07,CARRIER_02,1,DTD,1,0,CUST_442,1600033,PLANT_16,PORT08,33,119.22697
1400006416.0,2026-05-01,PORT04,CARRIER_12,2,DTP,3,0,CUST_066,1600114,PLANT_13,PORT03,14,69.40226
1400006417.0,2026-06-12,PORT03,CARRIER_03,1,DTD,0,0,CUST_223,1600079,PLANT_17,PORT01,39,9.2245
1400006418.0,2026-03-22,PORT01,CARRIER_11,2,DTD,5,0,CUST_367,1600011,PLANT_06,PORT06,33,67.33749
1400006419.0,2026-10-26,PORT01,CARRIER_03,0,DTD,3,0,CUST_296,1600065,PLANT_18,PORT08,44,189.10828
1400006420.0,2026-07-11,PORT03,CARRIER_09,2,DTP,1,0,CUST_095,1600194,PLANT_13,PORT06,42,132.96839
1400006421.0,2026-02-22,PORT07,CARRIER_11,2,DTD,4,0,CUST_181,1600111,PLANT_16,PORT04,19,93.4733
1400006422.0,2026-08-11,PORT03,CARRIER_09,1,DTP,0,0,CUST_185,1600193,PLANT_04,PORT02,48,172.59543
1400006423.0,2026-05-03,PORT07,CARRIER_02,1,DTD,4,5,CUST_145,1600139,PLANT_14,PORT02,6,21.89287
1400006424.0,2026-11-12,PORT06,CARRIER_12,2,CRF,3,0,CUST_481,1600049,PLANT_05,PORT02,20,9.45628
1400006425.0,2026-04-08,PORT03,CARRIER_12,2,DTP,5,0,CUST_102,1600193,PLANT_11,PORT01,32,46.35994
1400006426.0,2026-11-12,PORT07,CARRIER_08,2,DTD,6,0,CUST_354,1600110,PLANT_11,PORT02,29,85.85936
1400006427.0,2026-09-12,PORT06,CARRIER_10,1,DTD,2,1,CUST_456,1600027,PLANT_20,PORT07,15,39.89586
1400006428.0,2026-02-19,PORT05,CARRIER_06,2,DTD,3,0,CUST_398,1600058,PLANT_12,PORT08,14,53.71377
1400006429.0,2026-10-05,PORT02,CARRIER_09,1,DTP,0,0,CUST_400,1600074,PLANT_09,PORT01,40,198.75691
1400006430.0,2026-09-21,PORT06,CARRIER_12,1,DTP,4,5,CUST_080,1600139,PLANT_19,PORT05,45,50.10034
1400006431.0,2026-06-16,PORT07,CARRIER_08,2,CRF,3,0,CUST_067,1600028,PLANT_16,PORT02,36,79.16961
1400006432.0,2026-02-28,PORT02,CARRIER_04,2,DTD,6,0,CUST_392,1600178,PLANT_05,PORT04,29,126.07796
1400006433.0,2026-06-24,PORT03,CARRIER_01,2,DTP,5,0,CUST_374,1600083,PLANT_04,PORT06,40,168.27725
1400006434.0,2026-08-11,PORT01,CARRIER_09,0,DTP,1,0,CUST_371,1600057,PLANT_19,PORT06,16,65.66797
1400006435.0,2026-02-18,PORT06,CARRIER_09,1,DTP,0,0,CUST_210,1600027,PLANT_05,PORT01,49,153.85651
1400006436.0,2026-05-05,PORT01,CARRIER_10,2,DTD,3,0,CUST_262,1600159,PLANT_19,PORT02,10,49.66648
1400006437.0,2026-09-14,PORT08,CARRIER_05,2,DTP,2,0,CUST_008,1600131,PLANT_06,PORT04,31,57.46553
1400006438.0,2026-07-21,PORT03,CARRIER_09,2,DTP,1,0,CUST_146,1600152,PLANT_07,PORT02,20,13.39689
1400006439.0,2026-12-29,PORT01,CARRIER_02,2,DTD,3,0,CUST_265,1600000,PLANT_18,PORT03,46,34.479
1400006440.0,2026-03-21,PORT06,CARRIER_10,2,DTP,3,0,CUST_063,1600053,PLANT_17,PORT01,16,35.75825
1400006441.0,2026-10-11,PORT01,CARRIER_10,2,DTP,3,1,CUST_066,1600052,PLANT_09,PORT04,34,137.50467
1400006442.0,2026-06-05,PORT03,CARRIER_04,2,DTP,1,0,CUST_023,1600097,PLANT_17,PORT08,12,27.82736
1400006443.0,2026-03-23,PORT06,CARRIER_05,2,DTP,0,0,CUST_105,1600028,PLANT_19,PORT03,13,40.24511
1400006444.0,2026-12-14,PORT01,CARRIER_10,2,DTD,0,0,CUST_497,1600189,PLANT_01,PORT08,24,44.50334
1400006445.0,2026-08-16,PORT08,CARRIER_08,2,DTP,3,0,CUST_349,1600051,PLANT_08,PORT02,41,147.70959
1400006446.0,2026-07-15,PORT08,CARRIER_07,0,DTP,3,0,CUST_475,1600086,PLANT_06,PORT04,17,14.4567
1400006447.0,2026-04-18,PORT08,CARRIER_02,0,DTP,3,0,CUST_129,1600036,PLANT_15,PORT01,36,95.3484
1400006448.0,2026-11-18,PORT05,CARRIER_10,2,DTD,6,2,CUST_300,1600086,PLANT_12,PORT01,31,31.22118
1400006449.0,2026-01-12,PORT07,CARRIER_02,2,DTP,5,0,CUST_446,1600182,PLANT_14,PORT05,49,117.40897
1400006450.0,2026-02-12,PORT01,CARRIER_06,2,DTD,0,0,CUST_177,1600179,PLANT_19,PORT07,18,39.76957
1400006451.0,2026-03-07,PORT07,CARRIER_06,2,DTP,4,6,CUST_329,1600021,PLANT_07,PORT01,16,48.99767
1400006452.0,2026-08-27,PORT03,CARRIER_09,2,DTP,0,0,CUST_347,1600050,PLANT_07,PORT08,46,119.4515
1400006453.0,2026-02-07,PORT01,CARRIER_01,0,DTP,3,0,CUST_417,1600102,PLANT_01,PORT05,20,97.62263
1400006454.0,2026-10-18,PORT08,CARRIER_01,2,CRF,0,2,CUST_485,1600073,PLANT_08,PORT07,14,63.16138
1400006455.0,2026-03-13,PORT06,CARRIER_08,1,DTP,0,0,CUST_308,1600041,PLANT_17,PORT03,42,64.72125
1400006456.0,2026-09-04,PORT06,CARRIER_05,2,DTD,5,0,CUST_292,1600137,PLANT_17,PORT04,42,29.13819
1400006457.0,2026-10-18,PORT03,CARRIER_01,1,CRF,3,3,CUST_435,1600162,PLANT_17,PORT07,7,2.92099
1400006458.0,2026-11-17,PORT02,CARRIER_10,0,DTD,2,0,CUST_343,1600121,PLANT_04,PORT04,44,47.08746
1400006459.0,2026-04-17,PORT02,CARRIER_07,2,DTP,5,0,CUST_181,1600179,PLANT_09,PORT05,34,40.40309
1400006460.0,2026-01-28,PORT08,CARRIER_08,1,DTP,1,4,CUST_316,1600074,PLANT_15,PORT02,17,75.72716
1400006461.0,2026-10-04,PORT03,CARRIER_05,0,DTP,0,0,CUST_275,1600104,PLANT_04,PORT04,29,134.31989
1400006462.0,2026-06-13,PORT03,CARRIER_03,2,DTP,3,0,CUST_115,1600101,PLANT_13,PORT02,15,18.43957
1400006463.0,2026-12-13,PORT03,CARRIER_04,2,DTP,3,0,CUST_258,1600112,PLANT_13,PORT08,12,45.81339
1400006464.0,2026-03-10,PORT07,CARRIER_11,2,DTP,3,0,CUST_312,1600167,PLANT_14,PORT02,11,46.14768
1400006465.0,2026-07-29,PORT03,CARRIER_10,2,DTP,3,0,CUST_452,1600027,PLANT_17,PORT08,12,23.39762
1400006466.0,2026-02-13,PORT04,CARRIER_11,2,DTD,3,0,CUST_291,1600146,PLANT_02,PORT06,31,135.49514
1400006467.0,2026-06-27,PORT02,CARRIER_06,1,DTP,3,1,CUST_083,1600149,PLANT_09,PORT01,42,207.66464
1400006468.0,2026-01-01,PORT03,CARRIER_11,2,DTP,3,0,CUST_494,1600080,PLANT_13,PORT02,27,130.7393
1400006469.0,2026-10-01,PORT07,CARRIER_03,2,DTD,0,0,CUST_290,1600136,PLANT_16,PORT08,5,18.67672
1400006470.0,2026-08-09,PORT07,CARRIER_08,2,DTD,0,5,CUST_144,1600027,PLANT_14,PORT01,24,46.10754
1400006471.0,2026-02-05,PORT07,CARRIER_05,2,DTD,3,0,CUST_378,1600151,PLANT_16,PORT03,39,47.28075
1400006472.0,2026-07-02,PORT08,CARRIER_03,2,CRF,4,0,CUST_193,1600090,PLANT_18,PORT06,43,213.49772
1400006473.0,2026-06-06,PORT07,CARRIER_05,2,DTD,3,0,CUST_186,1600155,PLANT_13,PORT03,38,55.2237
1400006474.0,2026-09-03,PORT01,CARRIER_09,2,CRF,2,0,CUST_420,1600180,PLANT_09,PORT05,21,47.20958
1400006475.0,2026-07-02,PORT07,CARRIER_07,2,CRF,3,0,CUST_434,1600162,PLANT_11,PORT02,34,47.40315
1400006476.0,2026-06-17,PORT03,CARRIER_11,2,DTP,0,0,CUST_262,1600002,PLANT_08,PORT02,8,20.24786
1400006477.0,2026-10-31,PORT01,CARRIER_08,1,DTD,3,0,CUST_187,1600022,PLANT_01,PORT03,23,14.73994
1400006478.0,2026-07-09,PORT05,CARRIER_07,2,DTP,3,0,CUST_432,1600016,PLANT_17,PORT01,29,117.86693
1400006479.0,2026-10-25,PORT01,CARRIER_04,2,DTD,3,0,CUST_087,1600112,PLANT_18,PORT07,6,15.45015
1400006480.0,2026-11-20,PORT06,CARRIER_10,2,DTD,0,0,CUST_374,1600060,PLANT_20,PORT03,5,10.77781
1400006481.0,2026-11-06,PORT07,CARRIER_04,2,DTD,5,0,CUST_293,1600152,PLANT_07,PORT06,41,77.05575
1400006482.0,2026-12-15,PORT05,CARRIER_02,1,DTP,0,0,CUST_428,1600154,PLANT_17,PORT02,15,44.11415
1400006483.0,2026-09-12,PORT07,CARRIER_10,2,DTP,0,0,CUST_211,1600009,PLANT_14,PORT01,10,39.21451
1400006484.0,2026-07-25,PORT06,CARRIER_09,2,DTP,3,0,CUST_417,1600052,PLANT_19,PORT08,32,144.72156
1400006485.0,2026-07-13,PORT02,CARRIER_03,2,CRF,4,0,CUST_008,1600018,PLANT_05,PORT08,17,71.79848
1400006486.0,2026-03-16,PORT02,CARRIER_12,1,DTD,4,3,CUST_380,1600003,PLANT_09,PORT08,50,114.15073
1400006487.0,2026-10-30,PORT04,CARRIER_08,2,DTD,3,0,CUST_035,1600117,PLANT_02,PORT07,48,200.95493
1400006488.0,2026-09-11,PORT06,CARRIER_07,2,DTP,3,0,CUST_322,1600193,PLANT_02,PORT04,42,112.98905
1400006489.0,2026-11-15,PORT06,CARRIER_12,2,DTP,3,0,CUST_098,1600003,PLANT_19,PORT02,18,58.08731
1400006490.0,2026-09-14,PORT01,CARRIER_09,0,CRF,0,0,CUST_482,1600007,PLANT_09,PORT03,45,153.24057
1400006491.0,2026-06-25,PORT08,CARRIER_10,2,DTP,1,0,CUST_385,1600117,PLANT_06,PORT06,16,32.93506
1400006492.0,2026-04-18,PORT03,CARRIER_07,1,DTP,3,0,CUST_053,1600151,PLANT_07,PORT04,16,39.70657
1400006493.0,2026-12-26,PORT02,CARRIER_04,2,DTD,3,2,CUST_447,1600028,PLANT_09,PORT05,49,171.19062
1400006494.0,2026-09-25,PORT06,CARRIER_01,2,DTP,3,0,CUST_126,1600073,PLANT_02,PORT08,36,57.91854
1400006495.0,2026-11-16,PORT01,CARRIER_01,2,DTP,6,0,CUST_273,1600135,PLANT_09,PORT06,8,30.079
1400006496.0,2026-08-02,PORT06,CARRIER_03,2,DTP,3,0,CUST_043,1600139,PLANT_20,PORT02,45,82.57974
1400006497.0,2026-07-06,PORT07,CARRIER_04,2,DTP,3,0,CUST_053,1600165,PLANT_11,PORT01,12,35.62678
1400006498.0,2026-01-13,PORT07,CARRIER_04,2,DTD,6,0,CUST_121,1600063,PLANT_07,PORT06,36,151.35665
1400006499.0,2026-01-26,PORT03,CARRIER_01,2,CRF,1,0,CUST_268,1600065,PLANT_13,PORT06,25,5.3426
1400006500.0,2026-09-15,PORT07,CARRIER_04,2,DTP,3,0,CUST_272,1600008,PLANT_14,PORT08,5,6.38833
1400006501.0,2026-03-23,PORT06,CARRIER_08,2,DTP,3,0,CUST_428,1600162,PLANT_20,PORT05,41,116.83859
1400006502.0,2026-01-30,PORT07,CARRIER_07,2,DTP,3,0,CUST_083,1600192,PLANT_14,PORT02,36,22.31647
1400006503.0,2026-10-11,PORT01,CARRIER_06,2,DTP,5,0,CUST_375,1600164,PLANT_06,PORT08,45,49.83518
1400006504.0,2026-08-15,PORT06,CARRIER_11,1,DTD,3,0,CUST_003,1600166,PLANT_20,PORT05,33,124.42777
1400006505.0,2026-02-10,PORT07,CARRIER_08,1,DTP,5,0,CUST_146,1600061,PLANT_11,PORT04,39,8.83478
1400006506.0,2026-07-02,PORT07,CARRIER_07,2,DTP,0,0,CUST_088,1600021,PLANT_10,PORT03,46,142.10229
1400006507.0,2026-06-21,PORT03,CARRIER_10,0,DTP,4,0,CUST_062,1600164,PLANT_06,PORT07,49,13.10111
1400006508.0,2026-01-02,PORT02,CARRIER_11,2,DTP,0,0,CUST_293,1600045,PLANT_09,PORT05,30,20.04078
1400006509.0,2026-08-09,PORT01,CARRIER_03,2,DTP,0,0,CUST_451,1600090,PLANT_19,PORT05,5,10.06335
1400006510.0,2026-05-25,PORT07,CARRIER_11,2,DTP,0,0,CUST_334,1600123,PLANT_14,PORT02,20,96.54733
1400006511.0,2026-11-17,PORT07,CARRIER_05,1,DTD,3,0,CUST_428,1600061,PLANT_14,PORT06,33,91.56355
1400006512.0,2026-02-12,PORT01,CARRIER_11,2,DTD,1,0,CUST_296,1600019,PLANT_03,PORT02,10,16.29898
1400006513.0,2026-11-06,PORT02,CARRIER_06,2,DTP,0,0,CUST_027,1600043,PLANT_05,PORT05,10,21.15499
1400006514.0,2026-01-03,PORT04,CARRIER_09,2,DTP,3,0,CUST_173,1600044,PLANT_13,PORT08,23,66.40063
1400006515.0,2026-10-06,PORT04,CARRIER_10,2,DTP,3,0,CUST_412,1600001,PLANT_02,PORT02,46,144.21648
1400006516.0,2026-10-13,PORT07,CARRIER_05,2,DTP,3,0,CUST_023,1600045,PLANT_07,PORT08,19,26.8418
1400006517.0,2026-05-29,PORT06,CARRIER_06,0,DTP,3,0,CUST_049,1600044,PLANT_20,PORT03,48,51.20365
1400006518.0,2026-04-13,PORT02,CARRIER_05,1,DTD,5,0,CUST_417,1600126,PLANT_02,PORT06,41,103.60764
1400006519.0,2026-02-21,PORT03,CARRIER_03,2,DTD,3,1,CUST_032,1600074,PLANT_04,PORT07,18,58.67588
1400006520.0,2026-05-05,PORT07,CARRIER_12,2,DTP,3,0,CUST_480,1600017,PLANT_13,PORT04,15,61.51863
1400006521.0,2026-09-02,PORT02,CARRIER_11,2,DTP,4,0,CUST_380,1600140,PLANT_01,PORT05,43,129.20197
1400006522.0,2026-09-22,PORT01,CARRIER_01,2,DTP,5,0,CUST_333,1600124,PLANT_03,PORT03,39,136.22415
1400006523.0,2026-03-08,PORT07,CARRIER_01,0,DTP,3,0,CUST_269,1600000,PLANT_13,PORT03,33,81.55945
1400006524.0,2026-01-05,PORT08,CARRIER_10,2,DTP,0,0,CUST_045,1600131,PLANT_18,PORT03,49,140.96929
1400006525.0,2026-07-24,PORT06,CARRIER_08,2,DTP,0,0,CUST_208,1600138,PLANT_02,PORT02,9,28.92324
1400006526.0,2026-07-31,PORT06,CARRIER_09,2,DTP,3,0,CUST_404,1600187,PLANT_02,PORT01,22,27.67651
1400006527.0,2026-12-24,PORT08,CARRIER_04,2,DTP,5,0,CUST_452,1600007,PLANT_15,PORT07,32,149.66283
1400006528.0,2026-10-05,PORT02,CARRIER_08,2,CRF,0,0,CUST_224,1600072,PLANT_01,PORT07,8,14.33728
1400006529.0,2026-07-20,PORT07,CARRIER_06,1,DTD,3,0,CUST_420,1600167,PLANT_16,PORT05,49,150.08562
1400006530.0,2026-08-05,PORT01,CARRIER_01,2,DTP,0,0,CUST_389,1600120,PLANT_01,PORT08,31,88.30894
1400006531.0,2026-08-24,PORT01,CARRIER_12,2,DTD,3,0,CUST_029,1600042,PLANT_01,PORT08,19,81.34646
1400006532.0,2026-06-14,PORT07,CARRIER_12,2,DTP,5,0,CUST_311,1600038,PLANT_16,PORT04,16,10.50658
1400006533.0,2026-09-05,PORT07,CARRIER_08,2,DTD,4,1,CUST_309,1600015,PLANT_14,PORT01,5,22.16366
1400006534.0,2026-03-13,PORT04,CARRIER_02,2,DTD,6,0,CUST_272,1600056,PLANT_02,PORT05,32,24.68396
1400006535.0,2026-10-31,PORT02,CARRIER_09,2,DTP,3,0,CUST_387,1600090,PLANT_09,PORT06,49,39.60174
1400006536.0,2026-11-11,PORT03,CARRIER_03,2,DTD,3,0,CUST_445,1600152,PLANT_13,PORT04,6,25.95029
1400006537.0,2026-06-08,PORT04,CARRIER_08,0,DTP,5,0,CUST_276,1600047,PLANT_13,PORT06,24,32.63518
1400006538.0,2026-06-16,PORT02,CARRIER_03,2,DTP,3,0,CUST_161,1600189,PLANT_01,PORT08,35,108.42138
1400006539.0,2026-07-01,PORT04,CARRIER_09,2,CRF,6,0,CUST_492,1600198,PLANT_02,PORT07,24,56.92062
1400006540.0,2026-10-26,PORT02,CARRIER_06,2,DTP,0,0,CUST_482,1600113,PLANT_02,PORT01,34,159.04876
1400006541.0,2026-03-06,PORT01,CARRIER_06,2,CRF,0,0,CUST_344,1600195,PLANT_06,PORT08,37,145.49183
1400006542.0,2026-05-05,PORT02,CARRIER_12,2,DTD,0,0,CUST_321,1600046,PLANT_04,PORT07,49,85.33201
1400006543.0,2026-08-13,PORT08,CARRIER_01,2,DTP,5,3,CUST_053,1600006,PLANT_15,PORT06,32,130.74751
1400006544.0,2026-09-11,PORT08,CARRIER_11,1,DTD,0,0,CUST_201,1600073,PLANT_15,PORT07,37,44.63545
1400006545.0,2026-04-18,PORT06,CARRIER_11,1,DTP,4,0,CUST_100,1600124,PLANT_02,PORT03,18,56.09339
1400006546.0,2026-02-12,PORT07,CARRIER_12,2,DTP,3,0,CUST_258,1600163,PLANT_10,PORT01,11,41.61037
1400006547.0,2026-07-05,PORT03,CARRIER_07,2,DTP,3,0,CUST_414,1600188,PLANT_07,PORT05,9,31.90929
1400006548.0,2026-08-22,PORT07,CARRIER_01,2,DTP,3,0,CUST_113,1600173,PLANT_14,PORT08,10,33.17742
1400006549.0,2026-10-07,PORT08,CARRIER_11,2,DTP,3,0,CUST_499,1600065,PLANT_15,PORT01,43,179.17443
1400006550.0,2026-01-02,PORT06,CARRIER_09,2,DTP,0,0,CUST_065,1600030,PLANT_20,PORT03,6,16.95253
1400006551.0,2026-01-07,PORT08,CARRIER_09,1,DTD,3,0,CUST_050,1600186,PLANT_03,PORT06,27,125.52043
1400006552.0,2026-05-22,PORT03,CARRIER_04,2,DTD,6,0,CUST_488,1600186,PLANT_07,PORT04,33,26.71574
1400006553.0,2026-07-25,PORT06,CARRIER_10,2,DTP,0,0,CUST_051,1600187,PLANT_20,PORT08,35,64.50402
1400006554.0,2026-01-02,PORT06,CARRIER_02,2,DTP,0,0,CUST_368,1600142,PLANT_20,PORT05,8,31.49329
1400006555.0,2026-03-05,PORT03,CARRIER_08,2,CRF,5,0,CUST_382,1600087,PLANT_17,PORT01,44,70.81681
1400006556.0,2026-06-02,PORT04,CARRIER_09,1,DTP,0,0,CUST_166,1600150,PLANT_02,PORT02,25,56.76127
1400006557.0,2026-04-12,PORT02,CARRIER_12,2,CRF,0,0,CUST_033,1600070,PLANT_02,PORT06,5,19.43555
1400006558.0,2026-09-17,PORT07,CARRIER_11,2,DTP,5,0,CUST_155,1600172,PLANT_14,PORT04,11,30.12892
1400006559.0,2026-01-13,PORT08,CARRIER_10,1,DTP,4,0,CUST_035,1600157,PLANT_15,PORT05,44,44.85035
1400006560.0,2026-11-21,PORT07,CARRIER_09,2,DTP,1,0,CUST_337,1600118,PLANT_14,PORT02,48,45.92202
1400006561.0,2026-03-03,PORT03,CARRIER_06,2,DTP,6,0,CUST_445,1600047,PLANT_13,PORT07,39,61.46549
1400006562.0,2026-06-10,PORT01,CARRIER_08,2,DTD,3,0,CUST_499,1600115,PLANT_19,PORT07,20,31.69523
1400006563.0,2026-12-27,PORT02,CARRIER_04,0,DTP,0,0,CUST_401,1600123,PLANT_02,PORT01,48,36.94585
1400006564.0,2026-08-30,PORT04,CARRIER_10,2,CRF,3,0,CUST_388,1600095,PLANT_15,PORT01,17,71.22723
1400006565.0,2026-12-31,PORT01,CARRIER_05,2,DTP,5,0,CUST_441,1600006,PLANT_05,PORT06,15,22.27306
1400006566.0,2026-01-08,PORT02,CARRIER_11,2,DTD,3,0,CUST_385,1600042,PLANT_01,PORT06,40,161.24031
1400006567.0,2026-09-20,PORT01,CARRIER_03,1,DTD,3,0,CUST_326,1600115,PLANT_03,PORT05,19,92.52821
1400006568.0,2026-01-28,PORT07,CARRIER_02,2,DTP,3,0,CUST_499,1600107,PLANT_10,PORT08,28,48.3451
1400006569.0,2026-08-12,PORT07,CARRIER_03,2,DTD,0,0,CUST_162,1600176,PLANT_16,PORT01,35,169.89462
1400006570.0,2026-04-29,PORT07,CARRIER_06,0,DTD,3,1,CUST_207,1600039,PLANT_14,PORT02,12,12.44261
1400006571.0,2026-10-11,PORT08,CARRIER_02,2,CRF,0,0,CUST_454,1600052,PLANT_06,PORT07,47,153.8085
1400006572.0,2026-02-15,PORT07,CARRIER_07,1,DTP,4,2,CUST_156,1600091,PLANT_13,PORT08,12,59.48139
1400006573.0,2026-11-24,PORT07,CARRIER_01,2,DTD,0,0,CUST_150,1600000,PLANT_16,PORT06,50,203.05112
1400006574.0,2026-06-25,PORT02,CARRIER_10,1,DTP,0,0,CUST_077,1600008,PLANT_04,PORT04,17,20.83408
1400006575.0,2026-07-09,PORT02,CARRIER_05,2,DTD,0,0,CUST_138,1600073,PLANT_04,PORT06,24,32.66232
1400006576.0,2026-07-28,PORT08,CARRIER_10,2,CRF,4,0,CUST_297,1600178,PLANT_15,PORT04,16,22.17456
1400006577.0,2026-01-13,PORT04,CARRIER_10,2,DTP,3,0,CUST_444,1600117,PLANT_07,PORT01,29,136.89925
1400006578.0,2026-04-24,PORT03,CARRIER_11,2,DTD,3,0,CUST_069,1600161,PLANT_08,PORT05,5,6.51258
1400006579.0,2026-09-16,PORT03,CARRIER_01,2,DTP,3,0,CUST_341,1600007,PLANT_11,PORT04,12,31.16538
1400006580.0,2026-12-17,PORT08,CARRIER_07,2,DTP,3,0,CUST_384,1600124,PLANT_03,PORT04,28,50.80481
1400006581.0,2026-12-26,PORT06,CARRIER_08,1,DTP,5,0,CUST_448,1600169,PLANT_20,PORT03,36,67.32792
1400006582.0,2026-07-15,PORT03,CARRIER_03,1,DTP,2,0,CUST_376,1600129,PLANT_11,PORT02,49,102.91311
1400006583.0,2026-04-05,PORT03,CARRIER_12,1,DTP,0,0,CUST_078,1600009,PLANT_06,PORT07,43,77.00097
1400006584.0,2026-06-24,PORT07,CARRIER_11,2,DTP,5,0,CUST_245,1600045,PLANT_10,PORT08,47,142.86332
1400006585.0,2026-06-19,PORT04,CARRIER_06,2,DTP,3,0,CUST_477,1600164,PLANT_07,PORT06,41,89.57724
1400006586.0,2026-05-25,PORT07,CARRIER_12,2,DTP,3,0,CUST_455,1600160,PLANT_13,PORT08,40,90.43827
1400006587.0,2026-05-12,PORT06,CARRIER_04,2,DTP,0,0,CUST_307,1600080,PLANT_20,PORT07,20,51.58741
1400006588.0,2026-11-13,PORT02,CARRIER_12,1,DTP,5,0,CUST_482,1600112,PLANT_04,PORT03,46,84.88264
1400006589.0,2026-05-23,PORT04,CARRIER_08,2,DTP,5,0,CUST_335,1600198,PLANT_13,PORT03,49,186.06976
1400006590.0,2026-01-11,PORT02,CARRIER_01,1,DTP,3,0,CUST_033,1600096,PLANT_09,PORT08,28,71.87778
1400006591.0,2026-09-21,PORT05,CARRIER_09,2,DTP,0,0,CUST_458,1600033,PLANT_12,PORT01,10,25.95135
1400006592.0,2026-08-31,PORT04,CARRIER_10,2,DTP,0,0,CUST_085,1600026,PLANT_07,PORT07,6,6.76945
1400006593.0,2026-05-19,PORT01,CARRIER_04,2,DTP,2,0,CUST_191,1600154,PLANT_18,PORT05,27,6.7797
1400006594.0,2026-08-18,PORT03,CARRIER_08,1,DTP,3,0,CUST_120,1600161,PLANT_07,PORT05,34,138.22523
1400006595.0,2026-12-10,PORT07,CARRIER_05,2,DTP,3,0,CUST_360,1600031,PLANT_11,PORT05,30,128.75583
1400006596.0,2026-12-04,PORT05,CARRIER_12,2,DTP,3,0,CUST_015,1600069,PLANT_12,PORT03,46,58.97703
1400006597.0,2026-10-16,PORT03,CARRIER_12,0,DTD,1,0,CUST_321,1600178,PLANT_17,PORT02,29,54.06059
1400006598.0,2026-08-01,PORT07,CARRIER_07,2,DTP,0,0,CUST_433,1600127,PLANT_14,PORT02,35,64.90007
1400006599.0,2026-01-11,PORT02,CARRIER_07,2,DTP,6,0,CUST_394,1600121,PLANT_02,PORT05,39,134.65298
1400006600.0,2026-07-06,PORT07,CARRIER_01,2,DTD,1,0,CUST_154,1600091,PLANT_14,PORT02,46,46.80298
1400006601.0,2026-10-26,PORT03,CARRIER_12,2,CRF,5,0,CUST_449,1600199,PLANT_13,PORT06,33,161.55795
1400006602.0,2026-11-05,PORT06,CARRIER_08,1,DTP,3,0,CUST_182,1600099,PLANT_02,PORT02,30,12.09364
1400006603.0,2026-10-10,PORT03,CARRIER_07,0,DTP,0,0,CUST_341,1600041,PLANT_11,PORT07,8,38.97169
1400006604.0,2026-12-27,PORT08,CARRIER_05,2,CRF,3,0,CUST_254,1600116,PLANT_18,PORT04,34,14.8591
1400006605.0,2026-07-08,PORT07,CARRIER_02,1,DTP,6,0,CUST_034,1600153,PLANT_13,PORT03,13,21.52564
1400006606.0,2026-02-10,PORT01,CARRIER_03,0,DTP,4,0,CUST_002,1600177,PLANT_18,PORT04,21,27.89634
1400006607.0,2026-07-01,PORT07,CARRIER_10,2,DTP,2,0,CUST_092,1600089,PLANT_16,PORT04,29,39.79403
1400006608.0,2026-04-27,PORT07,CARRIER_04,2,DTP,0,0,CUST_468,1600119,PLANT_16,PORT06,8,39.79104
1400006609.0,2026-11-01,PORT06,CARRIER_11,1,CRF,3,0,CUST_477,1600098,PLANT_20,PORT05,36,84.45325
1400006610.0,2026-10-11,PORT01,CARRIER_12,2,DTP,0,0,CUST_206,1600098,PLANT_03,PORT02,17,11.65523
1400006611.0,2026-06-05,PORT07,CARRIER_01,1,DTD,1,5,CUST_485,1600128,PLANT_07,PORT01,28,137.56881
1400006612.0,2026-05-22,PORT04,CARRIER_10,2,DTP,5,0,CUST_025,1600134,PLANT_07,PORT08,21,27.07029
1400006613.0,2026-02-28,PORT06,CARRIER_03,2,DTP,3,0,CUST_484,1600154,PLANT_17,PORT04,21,9.56509
1400006614.0,2026-01-16,PORT04,CARRIER_07,2,CRF,4,0,CUST_116,1600040,PLANT_15,PORT07,23,5.02516
1400006615.0,2026-04-25,PORT06,CARRIER_06,2,DTP,3,0,CUST_019,1600162,PLANT_20,PORT03,7,16.58882
1400006616.0,2026-03-29,PORT07,CARRIER_05,1,DTD,0,0,CUST_379,1600072,PLANT_11,PORT04,13,59.79777
1400006617.0,2026-04-07,PORT02,CARRIER_12,2,DTP,0,0,CUST_192,1600170,PLANT_02,PORT07,41,7.50736
1400006618.0,2026-12-31,PORT04,CARRIER_03,1,DTP,4,0,CUST_147,1600175,PLANT_02,PORT05,10,36.53365
1400006619.0,2026-09-06,PORT02,CARRIER_11,2,DTP,3,0,CUST_380,1600182,PLANT_01,PORT04,27,37.15381
1400006620.0,2026-07-21,PORT01,CARRIER_11,1,DTP,3,0,CUST_167,1600147,PLANT_19,PORT08,11,12.90736
1400006621.0,2026-03-07,PORT01,CARRIER_08,1,CRF,0,0,CUST_377,1600161,PLANT_03,PORT06,29,102.90853
1400006622.0,2026-11-04,PORT03,CARRIER_09,1,DTP,3,0,CUST_098,1600126,PLANT_07,PORT08,34,127.99569
1400006623.0,2026-08-24,PORT08,CARRIER_10,2,DTP,0,0,CUST_043,1600057,PLANT_06,PORT06,26,73.81854
1400006624.0,2026-07-07,PORT05,CARRIER_09,2,DTD,0,0,CUST_163,1600191,PLANT_12,PORT07,40,43.64207
1400006625.0,2026-06-20,PORT07,CARRIER_02,2,DTP,5,0,CUST_305,1600183,PLANT_14,PORT03,17,2.22547
1400006626.0,2026-07-21,PORT02,CARRIER_05,2,DTP,3,0,CUST_113,1600195,PLANT_02,PORT07,30,111.37984
1400006627.0,2026-11-03,PORT03,CARRIER_07,2,DTP,5,0,CUST_072,1600064,PLANT_04,PORT08,17,51.64789
1400006628.0,2026-09-20,PORT07,CARRIER_06,2,DTP,5,0,CUST_375,1600013,PLANT_10,PORT02,28,60.77334
1400006629.0,2026-06-27,PORT04,CARRIER_10,2,DTP,3,0,CUST_247,1600108,PLANT_02,PORT02,7,8.02586
1400006630.0,2026-09-01,PORT06,CARRIER_12,2,DTD,2,0,CUST_216,1600199,PLANT_20,PORT03,17,65.16914
1400006631.0,2026-12-06,PORT08,CARRIER_03,2,CRF,3,0,CUST_120,1600101,PLANT_08,PORT05,37,16.55331
1400006632.0,2026-04-30,PORT04,CARRIER_10,2,DTP,0,0,CUST_009,1600101,PLANT_13,PORT07,40,129.96967
1400006633.0,2026-11-25,PORT03,CARRIER_02,2,DTP,4,0,CUST_027,1600014,PLANT_07,PORT05,17,59.04359
1400006634.0,2026-08-10,PORT06,CARRIER_12,2,DTP,4,0,CUST_341,1600046,PLANT_20,PORT01,16,19.10337
1400006635.0,2026-03-09,PORT03,CARRIER_08,1,DTP,3,0,CUST_041,1600162,PLANT_08,PORT05,18,44.42926
1400006636.0,2026-12-19,PORT08,CARRIER_12,2,DTP,3,0,CUST_124,1600042,PLANT_08,PORT03,17,45.03261
1400006637.0,2026-09-08,PORT04,CARRIER_12,1,CRF,0,0,CUST_456,1600153,PLANT_13,PORT01,50,149.86407
1400006638.0,2026-05-21,PORT07,CARRIER_01,2,CRF,0,0,CUST_172,1600053,PLANT_16,PORT03,34,153.53792
1400006639.0,2026-03-20,PORT07,CARRIER_12,1,DTP,2,0,CUST_373,1600182,PLANT_14,PORT01,22,61.10355
1400006640.0,2026-12-01,PORT01,CARRIER_12,1,DTP,5,0,CUST_172,1600098,PLANT_03,PORT02,26,11.17637
1400006641.0,2026-10-28,PORT07,CARRIER_06,1,DTP,0,0,CUST_466,1600061,PLANT_11,PORT06,28,50.13015
1400006642.0,2026-01-17,PORT04,CARRIER_06,2,DTP,5,0,CUST_411,1600087,PLANT_15,PORT03,30,95.36405
1400006643.0,2026-08-21,PORT04,CARRIER_06,2,DTP,3,0,CUST_235,1600047,PLANT_13,PORT01,22,38.11257
1400006644.0,2026-02-11,PORT03,CARRIER_07,2,DTD,3,0,CUST_343,1600091,PLANT_13,PORT02,49,189.28245
1400006645.0,2026-04-18,PORT06,CARRIER_08,2,DTP,0,0,CUST_207,1600002,PLANT_02,PORT01,18,18.54966
1400006646.0,2026-07-27,PORT01,CARRIER_01,1,DTP,0,0,CUST_473,1600156,PLANT_18,PORT06,24,19.2174
1400006647.0,2026-04-01,PORT05,CARRIER_01,2,DTD,3,0,CUST_180,1600066,PLANT_12,PORT07,5,6.1603
1400006648.0,2026-07-07,PORT01,CARRIER_01,2,DTP,3,0,CUST_419,1600051,PLANT_01,PORT06,27,118.60605
1400006649.0,2026-06-06,PORT02,CARRIER_07,2,CRF,3,0,CUST_309,1600132,PLANT_04,PORT07,44,151.20952
1400006650.0,2026-08-01,PORT07,CARRIER_07,2,DTD,1,0,CUST_322,1600014,PLANT_14,PORT05,50,132.41192
1400006651.0,2026-10-20,PORT01,CARRIER_08,2,DTP,0,0,CUST_176,1600043,PLANT_01,PORT03,26,40.86297
1400006652.0,2026-02-26,PORT02,CARRIER_03,1,DTP,1,0,CUST_417,1600199,PLANT_04,PORT04,11,50.61205
1400006653.0,2026-10-18,PORT06,CARRIER_02,1,DTP,3,0,CUST_374,1600027,PLANT_20,PORT08,38,169.29017
1400006654.0,2026-03-23,PORT06,CARRIER_04,2,DTP,3,0,CUST_408,1600040,PLANT_02,PORT04,34,69.94012
1400006655.0,2026-01-13,PORT01,CARRIER_10,0,DTD,0,1,CUST_401,1600129,PLANT_09,PORT05,49,185.62899
1400006656.0,2026-06-12,PORT07,CARRIER_06,2,DTD,4,0,CUST_079,1600141,PLANT_16,PORT01,28,128.14097
1400006657.0,2026-04-21,PORT06,CARRIER_07,1,CRF,0,0,CUST_438,1600194,PLANT_20,PORT01,5,8.17716
1400006658.0,2026-03-09,PORT06,CARRIER_02,1,DTD,4,0,CUST_421,1600001,PLANT_02,PORT07,46,78.69311
1400006659.0,2026-06-04,PORT06,CARRIER_11,2,DTP,3,0,CUST_122,1600119,PLANT_15,PORT03,36,99.88023
1400006660.0,2026-11-14,PORT01,CARRIER_03,1,DTP,3,0,CUST_491,1600177,PLANT_09,PORT05,41,86.14085
1400006661.0,2026-08-02,PORT03,CARRIER_07,2,DTP,0,0,CUST_264,1600152,PLANT_08,PORT08,10,38.3125
1400006662.0,2026-09-23,PORT02,CARRIER_12,2,DTP,3,0,CUST_161,1600132,PLANT_04,PORT08,26,71.00492
1400006663.0,2026-02-24,PORT05,CARRIER_04,0,DTP,3,0,CUST_112,1600179,PLANT_12,PORT04,26,29.59039
1400006664.0,2026-01-28,PORT06,CARRIER_06,1,DTP,0,0,CUST_183,1600192,PLANT_15,PORT02,17,31.38706
1400006665.0,2026-05-03,PORT07,CARRIER_05,2,DTD,0,0,CUST_019,1600058,PLANT_11,PORT03,43,145.73007
1400006666.0,2026-10-10,PORT07,CARRIER_04,1,DTP,3,0,CUST_346,1600049,PLANT_11,PORT05,13,4.70376
1400006667.0,2026-11-20,PORT01,CARRIER_12,1,DTP,3,0,CUST_354,1600170,PLANT_19,PORT06,8,14.21295
1400006668.0,2026-02-07,PORT01,CARRIER_09,2,DTP,3,0,CUST_334,1600016,PLANT_19,PORT08,15,2.68306
1400006669.0,2026-06-23,PORT07,CARRIER_06,1,DTD,0,4,CUST_275,1600089,PLANT_16,PORT04,50,206.1124
1400006670.0,2026-05-25,PORT07,CARRIER_08,2,DTP,0,0,CUST_182,1600026,PLANT_14,PORT02,10,6.74231
1400006671.0,2026-09-29,PORT06,CARRIER_07,2,DTP,3,0,CUST_362,1600139,PLANT_05,PORT02,31,14.8274
1400006672.0,2026-03-17,PORT01,CARRIER_12,1,DTD,0,0,CUST_436,1600103,PLANT_18,PORT08,13,51.40598
1400006673.0,2026-06-26,PORT05,CARRIER_10,1,DTP,0,2,CUST_044,1600124,PLANT_12,PORT01,23,12.38742
1400006674.0,2026-11-07,PORT02,CARRIER_04,0,DTP,0,0,CUST_192,1600150,PLANT_02,PORT01,30,103.58659
1400006675.0,2026-06-19,PORT08,CARRIER_10,0,DTP,4,0,CUST_498,1600170,PLANT_18,PORT01,5,9.80666
1400006676.0,2026-10-13,PORT06,CARRIER_05,2,CRF,2,0,CUST_431,1600169,PLANT_19,PORT04,16,66.02124
1400006677.0,2026-08-16,PORT07,CARRIER_12,2,DTP,3,0,CUST_498,1600097,PLANT_11,PORT01,31,30.87511
1400006678.0,2026-08-07,PORT01,CARRIER_01,1,DTP,3,0,CUST_092,1600087,PLANT_19,PORT02,5,2.56822
1400006679.0,2026-04-05,PORT01,CARRIER_09,2,DTD,3,0,CUST_233,1600052,PLANT_09,PORT02,27,32.91831
1400006680.0,2026-12-29,PORT07,CARRIER_08,1,DTP,0,0,CUST_066,1600127,PLANT_14,PORT03,32,149.35877
1400006681.0,2026-04-02,PORT01,CARRIER_04,2,CRF,1,0,CUST_434,1600074,PLANT_18,PORT04,14,58.2777
1400006682.0,2026-12-06,PORT08,CARRIER_08,2,DTP,0,0,CUST_260,1600062,PLANT_03,PORT01,12,18.00429
1400006683.0,2026-12-28,PORT08,CARRIER_02,2,CRF,5,0,CUST_122,1600197,PLANT_18,PORT05,27,29.9689
1400006684.0,2026-07-06,PORT06,CARRIER_02,2,DTD,3,0,CUST_046,1600140,PLANT_02,PORT01,38,33.00396
1400006685.0,2026-11-14,PORT02,CARRIER_06,2,DTP,4,0,CUST_369,1600043,PLANT_04,PORT07,5,5.91948
1400006686.0,2026-09-19,PORT04,CARRIER_11,2,DTD,4,0,CUST_406,1600061,PLANT_02,PORT03,20,22.09431
1400006687.0,2026-09-27,PORT06,CARRIER_02,0,DTP,0,0,CUST_440,1600098,PLANT_20,PORT01,50,222.60603
1400006688.0,2026-01-26,PORT07,CARRIER_04,2,DTP,3,0,CUST_486,1600101,PLANT_16,PORT05,20,3.95862
1400006689.0,2026-02-20,PORT08,CARRIER_11,2,DTP,3,0,CUST_408,1600077,PLANT_08,PORT07,20,88.25201
1400006690.0,2026-01-26,PORT07,CARRIER_06,2,DTP,4,0,CUST_394,1600179,PLANT_14,PORT02,38,11.51328
1400006691.0,2026-01-12,PORT02,CARRIER_12,2,DTP,6,0,CUST_406,1600011,PLANT_02,PORT06,27,112.09025
1400006692.0,2026-11-02,PORT07,CARRIER_03,2,CRF,3,0,CUST_500,1600130,PLANT_16,PORT06,22,48.09555
1400006693.0,2026-03-06,PORT07,CARRIER_07,2,DTP,3,0,CUST_232,1600043,PLANT_10,PORT02,41,19.6106
1400006694.0,2026-01-03,PORT08,CARRIER_05,1,DTD,2,0,CUST_380,1600033,PLANT_15,PORT01,6,24.09075
1400006695.0,2026-12-09,PORT07,CARRIER_01,2,DTP,5,0,CUST_410,1600156,PLANT_11,PORT03,37,50.19252
1400006696.0,2026-04-12,PORT08,CARRIER_11,1,DTD,1,0,CUST_059,1600171,PLANT_08,PORT04,22,96.85142
1400006697.0,2026-10-25,PORT04,CARRIER_04,1,DTP,3,0,CUST_346,1600084,PLANT_13,PORT01,45,170.37281
1400006698.0,2026-12-17,PORT06,CARRIER_01,1,DTP,5,0,CUST_170,1600071,PLANT_19,PORT02,38,186.60566
1400006699.0,2026-07-10,PORT03,CARRIER_05,2,DTP,0,0,CUST_067,1600196,PLANT_17,PORT08,48,200.4565
1400006700.0,2026-12-05,PORT06,CARRIER_07,2,CRF,3,0,CUST_086,1600006,PLANT_19,PORT02,10,12.80711
1400006701.0,2026-12-20,PORT06,CARRIER_05,2,DTP,3,0,CUST_058,1600190,PLANT_17,PORT04,13,27.36701
1400006702.0,2026-02-22,PORT03,CARRIER_04,2,DTP,3,0,CUST_449,1600093,PLANT_13,PORT06,46,161.62047
1400006703.0,2026-02-23,PORT04,CARRIER_09,2,DTP,0,0,CUST_386,1600073,PLANT_02,PORT02,22,36.2718
1400006704.0,2026-05-16,PORT04,CARRIER_09,2,DTP,0,0,CUST_052,1600104,PLANT_13,PORT06,42,116.67044
1400006705.0,2026-07-24,PORT02,CARRIER_12,1,CRF,3,0,CUST_313,1600156,PLANT_02,PORT01,36,45.52095
1400006706.0,2026-10-14,PORT06,CARRIER_02,2,DTP,3,0,CUST_331,1600087,PLANT_15,PORT08,27,90.4084
1400006707.0,2026-03-08,PORT06,CARRIER_01,2,DTP,5,0,CUST_260,1600187,PLANT_02,PORT08,7,12.4352
1400006708.0,2026-03-12,PORT06,CARRIER_11,1,DTD,4,0,CUST_304,1600099,PLANT_15,PORT04,8,2.96298
1400006709.0,2026-04-22,PORT05,CARRIER_12,2,DTP,3,0,CUST_454,1600197,PLANT_17,PORT03,37,179.15744
1400006710.0,2026-04-10,PORT05,CARRIER_08,1,DTP,0,0,CUST_260,1600180,PLANT_12,PORT08,9,38.11615
1400006711.0,2026-12-10,PORT08,CARRIER_12,2,DTP,5,0,CUST_330,1600107,PLANT_18,PORT03,5,7.94106
1400006712.0,2026-05-25,PORT01,CARRIER_08,2,DTD,0,0,CUST_286,1600028,PLANT_09,PORT05,15,11.02742
1400006713.0,2026-11-13,PORT08,CARRIER_11,2,CRF,5,0,CUST_199,1600033,PLANT_06,PORT05,47,174.02259
1400006714.0,2026-01-21,PORT04,CARRIER_06,2,DTP,5,0,CUST_446,1600079,PLANT_13,PORT07,33,38.98279
1400006715.0,2026-02-07,PORT07,CARRIER_06,2,DTD,6,0,CUST_207,1600086,PLANT_16,PORT05,38,116.53555
1400006716.0,2026-10-21,PORT06,CARRIER_07,2,CRF,1,0,CUST_400,1600022,PLANT_19,PORT01,34,133.19458
1400006717.0,2026-04-02,PORT01,CARRIER_05,2,DTD,0,0,CUST_303,1600135,PLANT_01,PORT06,31,44.48118
1400006718.0,2026-01-31,PORT01,CARRIER_05,2,DTD,3,0,CUST_343,1600168,PLANT_03,PORT08,16,23.91551
1400006719.0,2026-08-05,PORT03,CARRIER_06,2,DTD,3,0,CUST_381,1600088,PLANT_04,PORT02,24,9.64565
1400006720.0,2026-02-23,PORT02,CARRIER_08,2,DTP,3,0,CUST_368,1600184,PLANT_01,PORT04,30,50.01768
1400006721.0,2026-01-23,PORT04,CARRIER_08,4,DTP,3,0,CUST_283,1600069,PLANT_02,PORT07,50,151.37551
1400006722.0,2026-05-29,PORT07,CARRIER_01,2,DTP,3,0,CUST_308,1600001,PLANT_11,PORT03,46,39.7166
1400006723.0,2026-07-20,PORT03,CARRIER_04,2,DTP,2,0,CUST_255,1600095,PLANT_04,PORT08,38,181.26402
1400006724.0,2026-07-12,PORT07,CARRIER_04,1,DTP,2,0,CUST_170,1600049,PLANT_11,PORT03,42,152.87316
1400006725.0,2026-08-02,PORT07,CARRIER_05,0,DTP,3,2,CUST_364,1600182,PLANT_14,PORT05,42,46.1628
1400006726.0,2026-01-09,PORT03,CARRIER_08,2,DTP,0,0,CUST_440,1600090,PLANT_08,PORT01,35,94.50076
1400006727.0,2026-04-17,PORT05,CARRIER_12,2,DTP,3,0,CUST_353,1600004,PLANT_12,PORT02,42,84.75853
1400006728.0,2026-05-06,PORT05,CARRIER_09,2,DTP,4,0,CUST_387,1600090,PLANT_12,PORT08,8,15.78824
1400006729.0,2026-04-17,PORT05,CARRIER_01,0,DTP,5,0,CUST_416,1600058,PLANT_12,PORT03,6,17.06365
1400006730.0,2026-07-24,PORT02,CARRIER_09,1,DTP,4,0,CUST_184,1600121,PLANT_05,PORT06,25,15.74846
1400006731.0,2026-03-25,PORT03,CARRIER_03,2,CRF,3,0,CUST_032,1600172,PLANT_08,PORT04,7,8.08526
1400006732.0,2026-08-19,PORT01,CARRIER_09,2,DTP,5,0,CUST_169,1600094,PLANT_19,PORT03,20,16.66867
1400006733.0,2026-12-08,PORT03,CARRIER_01,2,CRF,3,0,CUST_378,1600146,PLANT_06,PORT04,14,13.33497
1400006734.0,2026-08-30,PORT07,CARRIER_05,1,CRF,4,0,CUST_408,1600057,PLANT_11,PORT05,49,162.21771
1400006735.0,2026-05-22,PORT03,CARRIER_08,2,DTD,0,0,CUST_257,1600094,PLANT_04,PORT01,35,174.34228
1400006736.0,2026-06-08,PORT02,CARRIER_03,2,DTP,3,0,CUST_390,1600087,PLANT_02,PORT05,6,19.74252
1400006737.0,2026-08-02,PORT02,CARRIER_07,2,DTP,0,0,CUST_038,1600035,PLANT_04,PORT07,33,162.52979
1400006738.0,2026-09-22,PORT04,CARRIER_06,1,DTP,0,3,CUST_323,1600186,PLANT_15,PORT03,38,111.23877
1400006739.0,2026-04-21,PORT08,CARRIER_01,3,DTP,3,0,CUST_340,1600073,PLANT_18,PORT02,19,28.27603
1400006740.0,2026-01-15,PORT03,CARRIER_05,2,DTP,0,0,CUST_254,1600097,PLANT_11,PORT04,45,196.84322
1400006741.0,2026-09-14,PORT08,CARRIER_06,2,DTP,2,0,CUST_359,1600004,PLANT_06,PORT02,49,21.03258
1400006742.0,2026-08-30,PORT06,CARRIER_07,2,DTP,4,0,CUST_246,1600132,PLANT_17,PORT03,50,30.09484
1400006743.0,2026-02-07,PORT02,CARRIER_03,2,DTP,3,0,CUST_262,1600008,PLANT_01,PORT05,9,42.69024
1400006744.0,2026-08-17,PORT04,CARRIER_10,1,DTD,3,0,CUST_302,1600137,PLANT_15,PORT06,25,82.14769
1400006745.0,2026-01-27,PORT03,CARRIER_08,2,DTP,4,0,CUST_397,1600061,PLANT_04,PORT08,40,186.07656
1400006746.0,2026-08-23,PORT07,CARRIER_10,2,DTP,3,0,CUST_125,1600088,PLANT_07,PORT04,25,18.7786
1400006747.0,2026-09-29,PORT01,CARRIER_10,2,DTP,6,0,CUST_151,1600090,PLANT_03,PORT06,27,104.34092
1400006748.0,2026-01-06,PORT03,CARRIER_10,2,DTP,0,0,CUST_210,1600056,PLANT_07,PORT04,20,25.01142
1400006749.0,2026-09-23,PORT01,CARRIER_02,2,DTP,0,0,CUST_101,1600146,PLANT_06,PORT08,24,42.77845
1400006750.0,2026-02-13,PORT03,CARRIER_05,2,DTP,2,0,CUST_168,1600193,PLANT_11,PORT04,36,162.18208
1400006751.0,2026-04-07,PORT01,CARRIER_10,1,DTP,4,0,CUST_176,1600047,PLANT_06,PORT08,6,12.69091
1400006752.0,2026-09-15,PORT07,CARRIER_05,2,CRF,0,0,CUST_158,1600066,PLANT_14,PORT02,41,138.8108
1400006753.0,2026-05-10,PORT02,CARRIER_06,1,DTP,3,0,CUST_206,1600049,PLANT_04,PORT01,38,169.0108
1400006754.0,2026-12-23,PORT07,CARRIER_05,1,DTD,3,0,CUST_253,1600057,PLANT_10,PORT01,11,48.0401
1400006755.0,2026-12-16,PORT03,CARRIER_07,2,DTP,4,0,CUST_348,1600160,PLANT_13,PORT01,40,5.74582
1400006756.0,2026-12-27,PORT07,CARRIER_01,1,DTD,4,0,CUST_152,1600048,PLANT_07,PORT02,28,24.50714
1400006757.0,2026-02-08,PORT02,CARRIER_06,1,DTP,0,0,CUST_423,1600111,PLANT_05,PORT06,19,87.42367
1400006758.0,2026-03-06,PORT02,CARRIER_08,2,DTD,1,0,CUST_240,1600073,PLANT_04,PORT04,25,71.39594
1400006759.0,2026-03-08,PORT07,CARRIER_09,2,DTP,3,0,CUST_361,1600105,PLANT_16,PORT01,28,68.68344
1400006760.0,2026-08-02,PORT02,CARRIER_08,2,DTD,5,0,CUST_058,1600048,PLANT_01,PORT03,14,5.87669
1400006761.0,2026-06-06,PORT04,CARRIER_09,1,CRF,0,0,CUST_087,1600177,PLANT_15,PORT08,32,7.12819
1400006762.0,2026-09-30,PORT06,CARRIER_01,2,DTP,3,0,CUST_227,1600178,PLANT_05,PORT05,33,157.46716
1400006763.0,2026-04-13,PORT07,CARRIER_08,2,DTP,0,0,CUST_184,1600185,PLANT_14,PORT04,21,50.85928
1400006764.0,2026-03-14,PORT01,CARRIER_08,2,DTD,0,0,CUST_249,1600053,PLANT_01,PORT03,26,102.78957
1400006765.0,2026-08-25,PORT07,CARRIER_03,2,DTP,2,4,CUST_080,1600161,PLANT_07,PORT04,33,38.87423
1400006766.0,2026-08-14,PORT02,CARRIER_05,2,DTP,4,0,CUST_237,1600059,PLANT_02,PORT07,28,35.32627
1400006767.0,2026-09-10,PORT01,CARRIER_05,2,DTP,3,0,CUST_344,1600153,PLANT_19,PORT02,24,68.28603
1400006768.0,2026-04-24,PORT02,CARRIER_01,0,CRF,3,0,CUST_365,1600175,PLANT_02,PORT05,48,210.84128
1400006769.0,2026-07-12,PORT01,CARRIER_10,2,CRF,3,0,CUST_125,1600107,PLANT_19,PORT05,45,68.13188
1400006770.0,2026-12-05,PORT01,CARRIER_07,2,DTP,3,0,CUST_173,1600045,PLANT_01,PORT02,22,37.64464
1400006771.0,2026-08-12,PORT07,CARRIER_04,2,DTD,0,0,CUST_263,1600006,PLANT_14,PORT03,38,106.32699
1400006772.0,2026-12-07,PORT02,CARRIER_12,1,DTP,4,0,CUST_259,1600034,PLANT_01,PORT08,42,12.43315
1400006773.0,2026-06-08,PORT07,CARRIER_12,2,DTP,0,0,CUST_396,1600150,PLANT_16,PORT05,10,19.55935
1400006774.0,2026-01-17,PORT03,CARRIER_01,1,DTP,5,0,CUST_196,1600117,PLANT_07,PORT07,32,90.42516
1400006775.0,2026-10-05,PORT07,CARRIER_04,2,DTP,4,0,CUST_336,1600023,PLANT_11,PORT02,41,5.0697
1400006776.0,2026-06-18,PORT08,CARRIER_12,1,DTP,3,0,CUST_442,1600081,PLANT_06,PORT03,7,22.58352
1400006777.0,2026-01-16,PORT07,CARRIER_07,2,DTP,3,0,CUST_150,1600125,PLANT_16,PORT06,20,6.99418
1400006778.0,2026-02-20,PORT02,CARRIER_05,2,DTP,4,0,CUST_412,1600037,PLANT_09,PORT08,41,148.73975
1400006779.0,2026-04-25,PORT06,CARRIER_08,2,DTP,0,0,CUST_167,1600006,PLANT_05,PORT02,48,193.35477
1400006780.0,2026-03-11,PORT07,CARRIER_10,2,DTD,3,0,CUST_168,1600146,PLANT_16,PORT03,50,210.50472
1400006781.0,2026-09-07,PORT06,CARRIER_03,2,DTP,1,0,CUST_327,1600015,PLANT_17,PORT02,32,108.78726
1400006782.0,2026-08-12,PORT07,CARRIER_03,2,DTP,3,0,CUST_311,1600088,PLANT_14,PORT03,6,17.11018
1400006783.0,2026-05-01,PORT02,CARRIER_06,2,DTP,3,0,CUST_275,1600176,PLANT_01,PORT07,6,9.64231
1400006784.0,2026-01-31,PORT07,CARRIER_03,0,DTP,0,0,CUST_116,1600170,PLANT_11,PORT08,42,91.5855
1400006785.0,2026-01-29,PORT07,CARRIER_04,2,DTP,0,0,CUST_049,1600182,PLANT_11,PORT04,38,20.00984
1400006786.0,2026-12-12,PORT02,CARRIER_02,2,DTP,3,0,CUST_455,1600058,PLANT_09,PORT05,13,46.34237
1400006787.0,2026-05-06,PORT03,CARRIER_03,2,DTP,5,0,CUST_437,1600081,PLANT_04,PORT01,11,2.43049
1400006788.0,2026-02-09,PORT06,CARRIER_08,2,DTP,3,0,CUST_444,1600184,PLANT_15,PORT04,11,23.38426
1400006789.0,2026-09-17,PORT07,CARRIER_06,2,DTP,3,0,CUST_257,1600186,PLANT_07,PORT06,45,116.11946
1400006790.0,2026-11-14,PORT03,CARRIER_08,2,CRF,5,4,CUST_443,1600099,PLANT_04,PORT02,40,131.41755
1400006791.0,2026-02-14,PORT03,CARRIER_04,1,DTP,4,0,CUST_237,1600171,PLANT_08,PORT08,48,85.52038
1400006792.0,2026-12-11,PORT08,CARRIER_09,2,DTP,3,0,CUST_038,1600035,PLANT_18,PORT03,10,22.6966
1400006793.0,2026-09-22,PORT04,CARRIER_08,2,DTD,3,0,CUST_100,1600064,PLANT_13,PORT02,36,107.21313
1400006794.0,2026-04-02,PORT07,CARRIER_01,1,CRF,3,0,CUST_137,1600174,PLANT_10,PORT01,47,217.30715
1400006795.0,2026-10-11,PORT06,CARRIER_09,2,DTD,1,0,CUST_189,1600091,PLANT_19,PORT07,29,98.38724
1400006796.0,2026-06-03,PORT04,CARRIER_08,1,DTP,4,0,CUST_470,1600077,PLANT_02,PORT07,40,53.86914
1400006797.0,2026-08-20,PORT07,CARRIER_09,2,DTD,1,0,CUST_167,1600051,PLANT_16,PORT08,32,136.05094
1400006798.0,2026-02-16,PORT05,CARRIER_08,2,DTD,3,0,CUST_307,1600059,PLANT_12,PORT03,5,1.84908
1400006799.0,2026-03-31,PORT03,CARRIER_03,2,DTP,5,0,CUST_136,1600124,PLANT_07,PORT06,24,34.42237
1400006800.0,2026-10-10,PORT06,CARRIER_10,2,DTP,3,0,CUST_322,1600128,PLANT_02,PORT04,17,10.70904
1400006801.0,2026-10-21,PORT04,CARRIER_05,2,DTP,0,4,CUST_284,1600087,PLANT_02,PORT07,8,18.32391
1400006802.0,2026-01-04,PORT06,CARRIER_03,1,DTD,0,0,CUST_076,1600037,PLANT_02,PORT02,32,103.07018
1400006803.0,2026-03-20,PORT08,CARRIER_12,2,DTP,3,0,CUST_232,1600059,PLANT_15,PORT06,47,126.98822
1400006804.0,2026-08-10,PORT01,CARRIER_07,2,DTP,0,0,CUST_053,1600054,PLANT_18,PORT04,7,28.52629
1400006805.0,2026-11-27,PORT04,CARRIER_11,2,DTP,0,0,CUST_445,1600060,PLANT_13,PORT08,20,57.61384
1400006806.0,2026-09-04,PORT02,CARRIER_05,2,DTP,2,0,CUST_353,1600019,PLANT_01,PORT05,35,43.40238
1400006807.0,2026-09-15,PORT07,CARRIER_12,2,DTP,3,0,CUST_471,1600081,PLANT_13,PORT05,19,51.84088
1400006808.0,2026-05-22,PORT05,CARRIER_12,1,DTP,3,0,CUST_438,1600155,PLANT_12,PORT07,10,37.03899
1400006809.0,2026-01-20,PORT06,CARRIER_08,1,DTP,0,0,CUST_110,1600046,PLANT_19,PORT03,13,33.33813
1400006810.0,2026-10-07,PORT07,CARRIER_04,1,DTP,3,0,CUST_354,1600049,PLANT_16,PORT06,6,13.5939
1400006811.0,2026-10-19,PORT05,CARRIER_07,1,DTD,3,0,CUST_051,1600098,PLANT_17,PORT06,50,134.62885
1400006812.0,2026-06-11,PORT03,CARRIER_08,2,DTP,3,0,CUST_481,1600064,PLANT_04,PORT08,27,75.2081
1400006813.0,2026-07-04,PORT02,CARRIER_07,1,DTP,5,0,CUST_393,1600010,PLANT_02,PORT08,48,77.84304
1400006814.0,2026-03-27,PORT03,CARRIER_04,1,CRF,0,0,CUST_341,1600176,PLANT_04,PORT01,36,154.28553
1400006815.0,2026-06-15,PORT07,CARRIER_09,2,DTP,3,0,CUST_498,1600075,PLANT_07,PORT05,21,23.47058
1400006816.0,2026-03-30,PORT07,CARRIER_09,2,DTP,0,0,CUST_424,1600020,PLANT_13,PORT05,48,12.52212
1400006817.0,2026-06-03,PORT06,CARRIER_01,2,DTP,0,0,CUST_432,1600164,PLANT_15,PORT07,16,59.73299
1400006818.0,2026-02-18,PORT06,CARRIER_08,3,DTP,3,0,CUST_051,1600114,PLANT_20,PORT01,13,54.95539
1400006819.0,2026-08-10,PORT02,CARRIER_02,2,DTP,3,0,CUST_012,1600048,PLANT_01,PORT04,42,136.47512
1400006820.0,2026-04-01,PORT08,CARRIER_12,2,DTP,3,0,CUST_481,1600183,PLANT_18,PORT06,30,71.93494
1400006821.0,2026-09-22,PORT07,CARRIER_04,1,DTP,5,2,CUST_126,1600039,PLANT_07,PORT03,24,117.08416
1400006822.0,2026-07-08,PORT01,CARRIER_08,2,CRF,4,0,CUST_214,1600171,PLANT_06,PORT02,32,61.33521
1400006823.0,2026-11-24,PORT06,CARRIER_08,2,DTP,0,0,CUST_022,1600135,PLANT_20,PORT01,49,102.35607
1400006824.0,2026-03-22,PORT07,CARRIER_10,2,DTP,3,0,CUST_312,1600179,PLANT_14,PORT01,17,50.93969
1400006825.0,2026-04-10,PORT02,CARRIER_04,1,CRF,3,0,CUST_411,1600088,PLANT_02,PORT06,46,101.61822
1400006826.0,2026-03-30,PORT02,CARRIER_10,2,DTD,3,0,CUST_421,1600081,PLANT_04,PORT03,46,129.76425
1400006827.0,2026-08-19,PORT07,CARRIER_02,2,DTP,3,0,CUST_291,1600086,PLANT_14,PORT06,39,188.61033
1400006828.0,2026-02-09,PORT07,CARRIER_01,2,DTP,5,0,CUST_331,1600026,PLANT_14,PORT02,12,15.16492
1400006829.0,2026-09-08,PORT04,CARRIER_02,4,DTP,3,0,CUST_257,1600155,PLANT_07,PORT05,9,7.45163
1400006830.0,2026-10-26,PORT03,CARRIER_01,2,DTD,4,0,CUST_224,1600009,PLANT_06,PORT01,10,21.75401
1400006831.0,2026-09-04,PORT06,CARRIER_11,2,DTP,3,0,CUST_278,1600145,PLANT_19,PORT03,37,95.07494
1400006832.0,2026-02-19,PORT02,CARRIER_01,2,DTD,4,0,CUST_468,1600103,PLANT_01,PORT04,23,82.67726
1400006833.0,2026-06-29,PORT06,CARRIER_09,2,DTP,3,0,CUST_127,1600191,PLANT_19,PORT03,50,239.01743
1400006834.0,2026-07-14,PORT07,CARRIER_07,2,DTP,0,0,CUST_236,1600110,PLANT_10,PORT03,5,17.37242
1400006835.0,2026-05-23,PORT07,CARRIER_06,2,DTP,3,0,CUST_301,1600191,PLANT_11,PORT05,22,108.61748
1400006836.0,2026-06-20,PORT07,CARRIER_03,2,DTP,3,0,CUST_286,1600039,PLANT_14,PORT03,17,22.22001
1400006837.0,2026-10-06,PORT03,CARRIER_02,2,DTP,0,0,CUST_016,1600031,PLANT_04,PORT08,45,50.56026
1400006838.0,2026-11-01,PORT02,CARRIER_06,2,DTP,3,0,CUST_144,1600176,PLANT_02,PORT06,10,16.0202
1400006839.0,2026-04-20,PORT03,CARRIER_08,1,DTP,5,0,CUST_324,1600072,PLANT_17,PORT01,23,91.00887
1400006840.0,2026-05-01,PORT07,CARRIER_08,2,DTD,5,0,CUST_348,1600039,PLANT_14,PORT05,44,44.61257
1400006841.0,2026-03-17,PORT08,CARRIER_08,2,DTP,3,0,CUST_368,1600124,PLANT_03,PORT03,49,52.00523
1400006842.0,2026-05-27,PORT02,CARRIER_05,2,DTP,3,0,CUST_496,1600119,PLANT_09,PORT08,47,99.52275
1400006843.0,2026-07-19,PORT02,CARRIER_01,2,DTP,5,0,CUST_337,1600142,PLANT_01,PORT07,35,57.95885
1400006844.0,2026-09-18,PORT06,CARRIER_10,2,DTD,6,0,CUST_290,1600048,PLANT_19,PORT07,12,39.21291
1400006845.0,2026-04-08,PORT03,CARRIER_04,2,DTD,0,0,CUST_167,1600111,PLANT_04,PORT08,9,40.15637
1400006846.0,2026-03-20,PORT04,CARRIER_08,2,DTP,0,0,CUST_186,1600168,PLANT_07,PORT08,23,17.92705
1400006847.0,2026-01-13,PORT08,CARRIER_10,2,DTP,0,0,CUST_414,1600127,PLANT_18,PORT03,27,75.03568
1400006848.0,2026-02-04,PORT04,CARRIER_12,0,DTP,3,0,CUST_235,1600084,PLANT_13,PORT06,28,14.92858
1400006849.0,2026-01-19,PORT04,CARRIER_11,2,DTP,4,0,CUST_358,1600143,PLANT_07,PORT06,7,8.29722
1400006850.0,2026-03-17,PORT03,CARRIER_11,0,DTP,0,0,CUST_063,1600172,PLANT_07,PORT06,36,58.12551
1400006851.0,2026-09-11,PORT05,CARRIER_04,2,DTP,3,0,CUST_065,1600176,PLANT_12,PORT04,23,67.5649
1400006852.0,2026-10-10,PORT03,CARRIER_08,1,DTD,0,0,CUST_108,1600094,PLANT_08,PORT06,10,28.18907
1400006853.0,2026-12-22,PORT03,CARRIER_06,2,DTD,0,0,CUST_098,1600002,PLANT_06,PORT06,47,152.79816
1400006854.0,2026-07-18,PORT01,CARRIER_06,2,DTP,3,0,CUST_304,1600132,PLANT_01,PORT08,21,86.36547
1400006855.0,2026-06-15,PORT02,CARRIER_10,1,DTP,3,0,CUST_319,1600025,PLANT_02,PORT06,15,15.2614
1400006856.0,2026-11-25,PORT01,CARRIER_12,0,DTD,1,0,CUST_279,1600197,PLANT_01,PORT03,27,101.0495
1400006857.0,2026-02-23,PORT02,CARRIER_08,1,DTP,2,0,CUST_145,1600167,PLANT_01,PORT08,48,161.68333
1400006858.0,2026-08-19,PORT07,CARRIER_02,3,DTP,3,0,CUST_289,1600063,PLANT_14,PORT05,42,20.60453
1400006859.0,2026-10-26,PORT01,CARRIER_05,2,DTP,5,0,CUST_060,1600179,PLANT_09,PORT08,9,16.10106
1400006860.0,2026-07-03,PORT04,CARRIER_03,2,DTP,5,0,CUST_237,1600057,PLANT_07,PORT06,36,8.48617
1400006861.0,2026-04-06,PORT05,CARRIER_12,2,DTP,3,0,CUST_078,1600085,PLANT_12,PORT04,35,18.96662
1400006862.0,2026-08-15,PORT07,CARRIER_12,2,CRF,6,0,CUST_039,1600182,PLANT_14,PORT04,45,67.07499
1400006863.0,2026-12-30,PORT02,CARRIER_07,1,DTD,3,0,CUST_083,1600055,PLANT_09,PORT06,49,63.27219
1400006864.0,2026-03-28,PORT06,CARRIER_03,1,DTP,0,1,CUST_056,1600030,PLANT_20,PORT01,39,175.92321
1400006865.0,2026-07-25,PORT08,CARRIER_08,2,CRF,3,0,CUST_239,1600196,PLANT_03,PORT03,35,156.78474
1400006866.0,2026-01-19,PORT04,CARRIER_12,1,DTP,5,0,CUST_273,1600087,PLANT_02,PORT08,21,61.56257
1400006867.0,2026-03-26,PORT05,CARRIER_07,2,DTD,3,0,CUST_304,1600193,PLANT_12,PORT08,46,170.27702
1400006868.0,2026-10-07,PORT01,CARRIER_03,1,DTD,6,0,CUST_220,1600114,PLANT_06,PORT07,48,239.90623
1400006869.0,2026-07-01,PORT04,CARRIER_02,2,DTP,3,0,CUST_089,1600104,PLANT_15,PORT05,50,105.49721
1400006870.0,2026-03-14,PORT07,CARRIER_08,1,CRF,5,0,CUST_011,1600105,PLANT_16,PORT04,48,127.67446
1400006871.0,2026-05-03,PORT08,CARRIER_07,1,DTD,4,0,CUST_357,1600154,PLANT_18,PORT02,34,111.88158
1400006872.0,2026-02-14,PORT04,CARRIER_05,0,DTP,4,0,CUST_492,1600138,PLANT_02,PORT05,48,221.31529
1400006873.0,2026-10-12,PORT07,CARRIER_04,4,DTP,6,0,CUST_141,1600078,PLANT_14,PORT06,40,160.21524
1400006874.0,2026-12-11,PORT01,CARRIER_10,1,DTP,2,0,CUST_103,1600169,PLANT_09,PORT02,16,6.65067
1400006875.0,2026-02-08,PORT01,CARRIER_01,2,DTD,3,0,CUST_156,1600090,PLANT_03,PORT04,6,21.56074
1400006876.0,2026-03-28,PORT03,CARRIER_09,2,DTP,1,0,CUST_108,1600151,PLANT_07,PORT04,50,66.7242
1400006877.0,2026-11-09,PORT01,CARRIER_02,2,DTP,5,0,CUST_112,1600046,PLANT_01,PORT07,24,32.37644
1400006878.0,2026-11-17,PORT07,CARRIER_12,2,DTP,3,0,CUST_248,1600083,PLANT_10,PORT03,45,125.16603
1400006879.0,2026-10-08,PORT04,CARRIER_12,2,DTP,0,0,CUST_393,1600146,PLANT_02,PORT06,18,63.21374
1400006880.0,2026-09-18,PORT01,CARRIER_02,2,DTP,3,0,CUST_357,1600171,PLANT_18,PORT05,21,18.48454
1400006881.0,2026-11-11,PORT04,CARRIER_10,2,DTP,0,0,CUST_480,1600085,PLANT_02,PORT08,42,68.92646
1400006882.0,2026-05-17,PORT07,CARRIER_08,2,DTD,3,0,CUST_179,1600029,PLANT_13,PORT05,29,104.66079
1400006883.0,2026-11-23,PORT02,CARRIER_01,2,DTP,0,0,CUST_247,1600054,PLANT_02,PORT08,36,30.41315
1400006884.0,2026-11-20,PORT02,CARRIER_04,1,DTD,6,0,CUST_191,1600149,PLANT_04,PORT01,19,81.00786
1400006885.0,2026-03-25,PORT07,CARRIER_08,2,DTP,3,0,CUST_022,1600029,PLANT_11,PORT06,33,77.04212
1400006886.0,2026-01-27,PORT06,CARRIER_02,2,DTP,6,0,CUST_195,1600171,PLANT_02,PORT03,27,80.22651
1400006887.0,2026-07-10,PORT03,CARRIER_08,2,CRF,0,0,CUST_131,1600096,PLANT_04,PORT06,47,23.21575
1400006888.0,2026-10-04,PORT08,CARRIER_04,2,DTP,3,0,CUST_240,1600157,PLANT_06,PORT05,27,128.98051
1400006889.0,2026-11-07,PORT01,CARRIER_06,2,DTP,5,0,CUST_080,1600020,PLANT_18,PORT08,9,40.92217
1400006890.0,2026-02-21,PORT02,CARRIER_02,2,DTP,3,0,CUST_371,1600027,PLANT_05,PORT05,38,39.19266
1400006891.0,2026-05-18,PORT06,CARRIER_02,2,DTP,0,0,CUST_422,1600140,PLANT_15,PORT05,48,160.76166
1400006892.0,2026-10-08,PORT01,CARRIER_12,2,DTP,5,0,CUST_481,1600129,PLANT_01,PORT07,45,179.38235
1400006893.0,2026-01-23,PORT07,CARRIER_12,2,CRF,0,0,CUST_043,1600157,PLANT_13,PORT05,9,6.27876
1400006894.0,2026-09-21,PORT06,CARRIER_10,1,DTP,1,0,CUST_059,1600199,PLANT_20,PORT05,50,146.47612
1400006895.0,2026-04-17,PORT01,CARRIER_07,2,DTD,3,0,CUST_484,1600011,PLANT_19,PORT08,20,85.34449
1400006896.0,2026-01-09,PORT02,CARRIER_12,1,DTP,3,0,CUST_425,1600008,PLANT_02,PORT03,43,111.06466
1400006897.0,2026-03-30,PORT06,CARRIER_09,1,DTP,3,0,CUST_295,1600047,PLANT_20,PORT01,33,152.67609
1400006898.0,2026-09-28,PORT02,CARRIER_07,2,DTD,0,0,CUST_161,1600010,PLANT_01,PORT04,49,16.37724
1400006899.0,2026-11-14,PORT06,CARRIER_11,2,DTP,0,0,CUST_259,1600084,PLANT_02,PORT05,20,92.08265
1400006900.0,2026-01-30,PORT02,CARRIER_11,2,DTP,2,0,CUST_268,1600169,PLANT_09,PORT05,32,156.42779
1400006901.0,2026-06-19,PORT08,CARRIER_12,1,DTP,3,0,CUST_424,1600000,PLANT_18,PORT05,36,31.10819
1400006902.0,2026-03-15,PORT07,CARRIER_12,2,DTP,0,0,CUST_265,1600074,PLANT_16,PORT02,12,26.53987
1400006903.0,2026-09-07,PORT01,CARRIER_02,2,DTD,3,0,CUST_014,1600010,PLANT_01,PORT07,40,125.66992
1400006904.0,2026-10-12,PORT06,CARRIER_12,2,DTD,5,0,CUST_350,1600127,PLANT_02,PORT07,11,49.24554
1400006905.0,2026-12-18,PORT01,CARRIER_05,1,DTD,6,0,CUST_389,1600175,PLANT_05,PORT07,43,37.91216
1400006906.0,2026-05-10,PORT06,CARRIER_08,2,DTP,4,0,CUST_150,1600092,PLANT_05,PORT03,10,17.36737
1400006907.0,2026-04-20,PORT01,CARRIER_07,2,DTP,0,0,CUST_059,1600098,PLANT_03,PORT03,13,52.12813
1400006908.0,2026-04-24,PORT05,CARRIER_04,2,DTP,3,0,CUST_072,1600081,PLANT_17,PORT06,27,56.9436
1400006909.0,2026-10-05,PORT07,CARRIER_07,2,DTD,5,0,CUST_421,1600074,PLANT_16,PORT06,13,39.8349
1400006910.0,2026-06-12,PORT05,CARRIER_07,2,DTP,0,0,CUST_224,1600039,PLANT_12,PORT04,8,22.75222
1400006911.0,2026-01-09,PORT07,CARRIER_11,2,DTP,0,0,CUST_265,1600163,PLANT_16,PORT01,7,34.07979
1400006912.0,2026-12-12,PORT07,CARRIER_12,2,DTP,1,0,CUST_481,1600073,PLANT_11,PORT01,18,14.28305
1400006913.0,2026-02-08,PORT03,CARRIER_06,1,DTD,3,0,CUST_031,1600015,PLANT_04,PORT06,27,128.17869
1400006914.0,2026-12-05,PORT05,CARRIER_01,2,DTD,6,0,CUST_103,1600104,PLANT_12,PORT02,7,20.05037
1400006915.0,2026-03-01,PORT06,CARRIER_10,2,CRF,3,0,CUST_417,1600053,PLANT_02,PORT05,11,49.83381
1400006916.0,2026-07-16,PORT08,CARRIER_11,1,DTD,3,0,CUST_271,1600196,PLANT_03,PORT02,33,22.37124
1400006917.0,2026-04-25,PORT06,CARRIER_06,2,DTP,3,0,CUST_014,1600184,PLANT_05,PORT07,19,61.62393
1400006918.0,2026-09-08,PORT04,CARRIER_04,1,DTP,5,0,CUST_352,1600082,PLANT_15,PORT08,39,164.44503
1400006919.0,2026-05-28,PORT01,CARRIER_05,2,DTP,1,0,CUST_070,1600185,PLANT_06,PORT03,43,170.09593
1400006920.0,2026-05-15,PORT01,CARRIER_05,2,DTP,3,0,CUST_392,1600154,PLANT_06,PORT04,6,0.89219
1400006921.0,2026-06-24,PORT04,CARRIER_04,2,DTD,5,0,CUST_399,1600112,PLANT_13,PORT08,48,111.15873
1400006922.0,2026-12-21,PORT07,CARRIER_05,2,DTP,5,0,CUST_413,1600009,PLANT_16,PORT03,36,23.94716
1400006923.0,2026-03-31,PORT07,CARRIER_04,2,DTP,3,0,CUST_233,1600136,PLANT_10,PORT03,42,35.65141
1400006924.0,2026-03-22,PORT06,CARRIER_02,1,DTP,0,0,CUST_134,1600049,PLANT_19,PORT07,26,92.58105
1400006925.0,2026-01-25,PORT07,CARRIER_08,2,CRF,5,0,CUST_441,1600057,PLANT_11,PORT08,5,23.9362
1400006926.0,2026-09-27,PORT06,CARRIER_05,2,DTD,5,0,CUST_280,1600113,PLANT_17,PORT02,45,144.31849
1400006927.0,2026-09-05,PORT01,CARRIER_01,2,DTP,0,0,CUST_318,1600092,PLANT_09,PORT07,31,18.65108
1400006928.0,2026-08-11,PORT06,CARRIER_08,1,DTD,0,0,CUST_069,1600002,PLANT_02,PORT07,6,7.7735
1400006929.0,2026-01-09,PORT02,CARRIER_04,1,CRF,0,0,CUST_312,1600159,PLANT_02,PORT01,12,23.47781
1400006930.0,2026-10-16,PORT02,CARRIER_02,2,DTD,3,0,CUST_291,1600148,PLANT_09,PORT01,14,9.99953
1400006931.0,2026-10-23,PORT02,CARRIER_09,2,DTP,2,0,CUST_147,1600129,PLANT_09,PORT06,22,93.61096
1400006932.0,2026-12-11,PORT07,CARRIER_09,2,DTP,0,0,CUST_384,1600069,PLANT_14,PORT08,25,26.32688
1400006933.0,2026-12-06,PORT03,CARRIER_02,2,DTD,4,0,CUST_067,1600085,PLANT_07,PORT04,24,17.63521
1400006934.0,2026-04-07,PORT02,CARRIER_10,1,DTP,0,0,CUST_360,1600136,PLANT_01,PORT04,44,160.85762
1400006935.0,2026-09-17,PORT07,CARRIER_07,1,DTP,6,0,CUST_481,1600071,PLANT_14,PORT02,48,34.63097
1400006936.0,2026-05-27,PORT04,CARRIER_02,1,DTP,3,0,CUST_284,1600114,PLANT_13,PORT01,36,75.98035
1400006937.0,2026-08-06,PORT07,CARRIER_06,1,DTP,3,0,CUST_053,1600146,PLANT_16,PORT03,34,89.28368
1400006938.0,2026-05-02,PORT02,CARRIER_12,2,DTP,5,0,CUST_277,1600028,PLANT_09,PORT01,44,21.69744
1400006939.0,2026-08-28,PORT08,CARRIER_01,1,DTP,0,0,CUST_265,1600090,PLANT_08,PORT02,17,47.99716
1400006940.0,2026-12-14,PORT01,CARRIER_06,1,DTP,0,0,CUST_277,1600076,PLANT_09,PORT06,30,73.58411
1400006941.0,2026-08-27,PORT06,CARRIER_01,2,DTP,3,0,CUST_137,1600036,PLANT_20,PORT05,34,114.75815
1400006942.0,2026-12-03,PORT05,CARRIER_03,2,CRF,3,0,CUST_314,1600086,PLANT_12,PORT01,18,21.12867
1400006943.0,2026-12-07,PORT08,CARRIER_08,0,DTP,3,0,CUST_133,1600063,PLANT_03,PORT01,48,88.67917
1400006944.0,2026-02-13,PORT02,CARRIER_08,1,DTD,6,0,CUST_279,1600146,PLANT_01,PORT05,15,49.98467
1400006945.0,2026-12-18,PORT07,CARRIER_07,2,DTP,6,0,CUST_298,1600100,PLANT_10,PORT05,7,1.92096
1400006946.0,2026-10-26,PORT01,CARRIER_07,2,DTP,0,0,CUST_323,1600158,PLANT_18,PORT04,19,12.68051
1400006947.0,2026-06-05,PORT04,CARRIER_09,2,DTP,0,4,CUST_399,1600152,PLANT_07,PORT02,42,62.55497
1400006948.0,2026-08-08,PORT05,CARRIER_06,0,DTD,3,0,CUST_442,1600072,PLANT_12,PORT03,22,13.66522
1400006949.0,2026-08-14,PORT06,CARRIER_08,2,DTP,6,0,CUST_389,1600059,PLANT_02,PORT07,14,4.11056
1400006950.0,2026-10-15,PORT06,CARRIER_11,2,DTP,1,0,CUST_398,1600060,PLANT_02,PORT02,45,222.21782
1400006951.0,2026-10-21,PORT01,CARRIER_06,2,DTP,3,0,CUST_435,1600008,PLANT_05,PORT07,12,27.99869
1400006952.0,2026-02-07,PORT02,CARRIER_02,2,DTD,0,0,CUST_122,1600094,PLANT_05,PORT07,12,32.58062
1400006953.0,2026-01-01,PORT04,CARRIER_06,2,DTP,6,0,CUST_147,1600159,PLANT_02,PORT02,46,62.05556
1400006954.0,2026-03-31,PORT07,CARRIER_09,0,DTP,0,1,CUST_267,1600096,PLANT_07,PORT05,19,2.61568
1400006955.0,2026-07-12,PORT03,CARRIER_04,2,DTP,3,0,CUST_233,1600051,PLANT_08,PORT04,5,18.89274
1400006956.0,2026-11-06,PORT07,CARRIER_05,2,CRF,0,0,CUST_352,1600170,PLANT_10,PORT05,24,87.51335
1400006957.0,2026-08-27,PORT02,CARRIER_01,1,DTP,3,0,CUST_005,1600102,PLANT_05,PORT05,39,189.75254
1400006958.0,2026-02-19,PORT02,CARRIER_12,1,DTP,3,0,CUST_070,1600002,PLANT_05,PORT05,39,7.93261
1400006959.0,2026-09-19,PORT02,CARRIER_01,1,CRF,3,0,CUST_374,1600067,PLANT_04,PORT07,9,6.94261
1400006960.0,2026-06-20,PORT05,CARRIER_11,2,DTD,0,0,CUST_411,1600104,PLANT_12,PORT01,17,61.02135
1400006961.0,2026-05-15,PORT05,CARRIER_07,2,DTP,0,0,CUST_152,1600124,PLANT_12,PORT03,33,56.67291
1400006962.0,2026-10-09,PORT06,CARRIER_09,2,DTP,0,0,CUST_156,1600193,PLANT_02,PORT03,35,14.43709
1400006963.0,2026-04-18,PORT07,CARRIER_07,2,DTP,4,0,CUST_281,1600099,PLANT_10,PORT05,33,51.96493
1400006964.0,2026-08-14,PORT01,CARRIER_02,2,DTP,3,0,CUST_239,1600024,PLANT_01,PORT06,20,10.59626
1400006965.0,2026-03-08,PORT03,CARRIER_01,2,DTP,0,0,CUST_085,1600027,PLANT_11,PORT04,44,184.9878
1400006966.0,2026-05-20,PORT02,CARRIER_04,1,DTP,2,0,CUST_251,1600146,PLANT_02,PORT07,8,35.17578
1400006967.0,2026-07-23,PORT02,CARRIER_06,1,DTP,3,0,CUST_410,1600037,PLANT_09,PORT03,42,135.27195
1400006968.0,2026-08-16,PORT02,CARRIER_12,2,DTP,0,0,CUST_365,1600187,PLANT_02,PORT07,48,95.49247
1400006969.0,2026-12-02,PORT07,CARRIER_12,2,DTD,4,0,CUST_409,1600160,PLANT_16,PORT04,36,139.21442
1400006970.0,2026-04-16,PORT07,CARRIER_02,2,DTP,3,0,CUST_322,1600075,PLANT_14,PORT01,24,76.67501
1400006971.0,2026-11-24,PORT04,CARRIER_03,2,CRF,3,0,CUST_439,1600111,PLANT_02,PORT01,22,87.57566
1400006972.0,2026-10-26,PORT03,CARRIER_12,2,DTD,3,0,CUST_125,1600054,PLANT_17,PORT06,25,65.08615
1400006973.0,2026-05-12,PORT06,CARRIER_10,1,DTD,5,0,CUST_023,1600191,PLANT_15,PORT02,12,57.55068
1400006974.0,2026-02-21,PORT04,CARRIER_05,1,DTP,3,4,CUST_058,1600138,PLANT_02,PORT03,15,22.81748
1400006975.0,2026-04-05,PORT01,CARRIER_07,2,DTP,0,0,CUST_497,1600090,PLANT_01,PORT05,34,104.05721
1400006976.0,2026-08-29,PORT02,CARRIER_01,2,DTD,0,0,CUST_321,1600015,PLANT_01,PORT01,30,121.78373
1400006977.0,2026-10-15,PORT01,CARRIER_10,2,DTD,3,0,CUST_124,1600129,PLANT_18,PORT07,27,120.95937
1400006978.0,2026-08-12,PORT08,CARRIER_10,1,DTP,0,0,CUST_428,1600071,PLANT_08,PORT04,26,123.21573
1400006979.0,2026-09-22,PORT02,CARRIER_04,2,DTP,3,0,CUST_155,1600058,PLANT_09,PORT03,8,16.28443
1400006980.0,2026-02-07,PORT07,CARRIER_01,2,DTP,6,0,CUST_299,1600106,PLANT_13,PORT08,44,155.17829
1400006981.0,2026-07-04,PORT06,CARRIER_12,1,DTD,0,3,CUST_125,1600163,PLANT_20,PORT07,48,73.05436
1400006982.0,2026-11-15,PORT03,CARRIER_06,2,DTD,3,0,CUST_048,1600049,PLANT_04,PORT06,16,52.51134
1400006983.0,2026-05-22,PORT04,CARRIER_05,1,DTP,1,0,CUST_134,1600020,PLANT_13,PORT02,19,19.05147
1400006984.0,2026-11-25,PORT02,CARRIER_01,2,DTD,0,0,CUST_115,1600103,PLANT_09,PORT06,33,71.44866
1400006985.0,2026-02-15,PORT01,CARRIER_08,2,DTP,0,0,CUST_277,1600142,PLANT_09,PORT07,5,23.04581
1400006986.0,2026-12-24,PORT04,CARRIER_12,1,DTD,0,0,CUST_011,1600052,PLANT_02,PORT03,9,36.66097
1400006987.0,2026-10-14,PORT03,CARRIER_09,2,DTD,1,0,CUST_120,1600087,PLANT_08,PORT02,46,116.51249
1400006988.0,2026-08-17,PORT02,CARRIER_12,2,DTP,6,4,CUST_284,1600107,PLANT_02,PORT04,12,9.83451
1400006989.0,2026-08-14,PORT07,CARRIER_08,2,DTD,3,0,CUST_197,1600071,PLANT_10,PORT05,31,63.64303
1400006990.0,2026-12-08,PORT07,CARRIER_09,2,DTP,0,0,CUST_318,1600069,PLANT_14,PORT01,45,35.07871
1400006991.0,2026-05-18,PORT07,CARRIER_07,2,DTP,0,0,CUST_328,1600101,PLANT_10,PORT08,38,16.55985
1400006992.0,2026-03-02,PORT01,CARRIER_10,2,DTP,6,0,CUST_483,1600106,PLANT_18,PORT07,17,77.2124
1400006993.0,2026-12-02,PORT06,CARRIER_09,1,DTD,0,0,CUST_419,1600074,PLANT_15,PORT01,12,30.09617
1400006994.0,2026-02-07,PORT07,CARRIER_08,2,DTP,1,0,CUST_115,1600091,PLANT_14,PORT03,38,20.44418
1400006995.0,2026-08-29,PORT07,CARRIER_09,2,DTP,4,0,CUST_347,1600112,PLANT_16,PORT05,23,83.06855
1400006996.0,2026-04-08,PORT07,CARRIER_11,1,DTP,3,0,CUST_314,1600073,PLANT_11,PORT06,49,22.71098
1400006997.0,2026-12-06,PORT06,CARRIER_09,2,DTD,0,0,CUST_298,1600159,PLANT_19,PORT03,34,69.40116
1400006998.0,2026-12-22,PORT02,CARRIER_06,2,DTP,3,0,CUST_400,1600146,PLANT_01,PORT05,5,6.14212
1400006999.0,2026-06-23,PORT01,CARRIER_09,1,DTP,3,0,CUST_074,1600112,PLANT_18,PORT03,16,14.50701
1400007000.0,2026-07-14,PORT01,CARRIER_11,2,CRF,3,0,CUST_188,1600135,PLANT_09,PORT02,39,105.86125
1400007001.0,2026-06-15,PORT01,CARRIER_09,2,DTD,0,0,CUST_409,1600078,PLANT_06,PORT05,37,134.17973
1400007002.0,2026-06-05,PORT04,CARRIER_07,2,DTD,5,0,CUST_447,1600124,PLANT_07,PORT01,39,97.00196
1400007003.0,2026-12-09,PORT06,CARRIER_11,2,DTP,3,0,CUST_019,1600142,PLANT_15,PORT05,15,61.82898
1400007004.0,2026-04-15,PORT02,CARRIER_05,2,DTP,0,3,CUST_236,1600113,PLANT_04,PORT06,16,73.52313
1400007005.0,2026-12-17,PORT07,CARRIER_11,2,DTP,3,0,CUST_133,1600021,PLANT_10,PORT04,14,56.77262
1400007006.0,2026-08-26,PORT07,CARRIER_07,1,DTD,3,0,CUST_084,1600048,PLANT_13,PORT02,37,177.11194
1400007007.0,2026-12-17,PORT01,CARRIER_01,2,DTD,5,0,CUST_029,1600158,PLANT_03,PORT06,5,23.26138
1400007008.0,2026-08-12,PORT01,CARRIER_01,2,DTP,0,0,CUST_270,1600124,PLANT_03,PORT03,42,175.53197
1400007009.0,2026-10-26,PORT01,CARRIER_12,0,CRF,2,0,CUST_334,1600115,PLANT_19,PORT02,17,26.0763
1400007010.0,2026-06-28,PORT08,CARRIER_04,1,DTP,4,0,CUST_266,1600133,PLANT_03,PORT05,27,25.76413
1400007011.0,2026-06-18,PORT05,CARRIER_10,1,DTD,0,0,CUST_185,1600086,PLANT_12,PORT04,16,58.59769
1400007012.0,2026-04-04,PORT07,CARRIER_08,1,DTP,2,3,CUST_386,1600026,PLANT_14,PORT03,24,101.83421
1400007013.0,2026-03-18,PORT03,CARRIER_08,2,DTD,4,0,CUST_327,1600051,PLANT_08,PORT02,40,165.33221
1400007014.0,2026-01-14,PORT04,CARRIER_07,1,DTP,3,0,CUST_455,1600067,PLANT_02,PORT01,14,45.5525
1400007015.0,2026-05-20,PORT07,CARRIER_08,1,DTP,3,0,CUST_174,1600008,PLANT_14,PORT08,31,129.15697
1400007016.0,2026-12-27,PORT05,CARRIER_10,2,DTP,3,0,CUST_120,1600052,PLANT_12,PORT06,7,24.9558
1400007017.0,2026-12-09,PORT06,CARRIER_05,2,DTP,3,0,CUST_228,1600093,PLANT_20,PORT08,13,43.68381
1400007018.0,2026-09-09,PORT07,CARRIER_08,2,DTP,5,0,CUST_254,1600128,PLANT_07,PORT01,36,11.81609
1400007019.0,2026-05-13,PORT07,CARRIER_06,2,DTP,3,1,CUST_229,1600093,PLANT_13,PORT06,31,73.04608
1400007020.0,2026-07-09,PORT04,CARRIER_09,2,DTP,3,0,CUST_417,1600014,PLANT_07,PORT03,33,8.77292
1400007021.0,2026-10-04,PORT03,CARRIER_05,2,DTP,4,0,CUST_023,1600158,PLANT_11,PORT07,15,8.2892
1400007022.0,2026-01-01,PORT01,CARRIER_03,1,DTP,2,0,CUST_264,1600019,PLANT_03,PORT05,14,38.51292
1400007023.0,2026-12-03,PORT07,CARRIER_12,1,CRF,3,0,CUST_216,1600105,PLANT_14,PORT05,24,7.98353
1400007024.0,2026-11-14,PORT01,CARRIER_12,2,DTD,3,0,CUST_106,1600085,PLANT_18,PORT02,10,45.7478
1400007025.0,2026-12-21,PORT02,CARRIER_08,2,DTP,3,0,CUST_321,1600180,PLANT_04,PORT06,45,103.80018
1400007026.0,2026-02-04,PORT03,CARRIER_08,2,DTD,3,0,CUST_401,1600110,PLANT_13,PORT04,17,60.00722
1400007027.0,2026-12-12,PORT04,CARRIER_02,2,DTP,0,0,CUST_274,1600114,PLANT_07,PORT03,38,31.31946
1400007028.0,2026-08-12,PORT02,CARRIER_09,0,DTP,3,0,CUST_043,1600058,PLANT_04,PORT05,12,51.0386
1400007029.0,2026-07-22,PORT03,CARRIER_10,1,DTD,3,0,CUST_038,1600080,PLANT_11,PORT05,34,83.04595
1400007030.0,2026-03-07,PORT02,CARRIER_02,2,DTP,5,0,CUST_211,1600046,PLANT_02,PORT04,14,39.73203
1400007031.0,2026-06-29,PORT03,CARRIER_09,1,DTP,0,0,CUST_335,1600158,PLANT_11,PORT06,17,55.71873
1400007032.0,2026-05-13,PORT06,CARRIER_02,2,DTD,5,0,CUST_157,1600167,PLANT_20,PORT04,23,63.14653
1400007033.0,2026-12-27,PORT02,CARRIER_08,2,DTD,0,0,CUST_155,1600187,PLANT_02,PORT04,10,28.59617
1400007034.0,2026-05-04,PORT07,CARRIER_10,2,DTP,3,0,CUST_431,1600106,PLANT_13,PORT03,10,37.48164
1400007035.0,2026-03-21,PORT05,CARRIER_04,2,DTP,3,0,CUST_008,1600189,PLANT_12,PORT07,39,158.01668
1400007036.0,2026-12-12,PORT02,CARRIER_11,1,DTD,3,0,CUST_040,1600041,PLANT_02,PORT06,20,32.00427
1400007037.0,2026-03-10,PORT03,CARRIER_08,2,DTD,5,0,CUST_078,1600098,PLANT_17,PORT08,31,143.15929
1400007038.0,2026-11-27,PORT02,CARRIER_12,2,DTP,3,0,CUST_492,1600100,PLANT_02,PORT05,34,62.35919
1400007039.0,2026-12-18,PORT08,CARRIER_10,2,DTP,0,0,CUST_249,1600191,PLANT_15,PORT02,33,47.33505
1400007040.0,2026-04-23,PORT02,CARRIER_08,4,DTP,3,0,CUST_080,1600113,PLANT_09,PORT08,33,53.6583
1400007041.0,2026-09-09,PORT01,CARRIER_03,1,DTP,3,0,CUST_156,1600077,PLANT_06,PORT04,49,90.97949
1400007042.0,2026-10-18,PORT04,CARRIER_12,1,DTD,3,0,CUST_485,1600108,PLANT_02,PORT07,34,56.20064
1400007043.0,2026-07-15,PORT06,CARRIER_07,2,DTP,3,0,CUST_348,1600171,PLANT_02,PORT07,21,88.92189
1400007044.0,2026-09-12,PORT03,CARRIER_06,2,CRF,0,0,CUST_112,1600132,PLANT_17,PORT05,18,51.29367
1400007045.0,2026-02-18,PORT01,CARRIER_03,2,DTP,2,0,CUST_121,1600196,PLANT_03,PORT06,41,198.49996
1400007046.0,2026-07-08,PORT01,CARRIER_07,2,DTP,3,0,CUST_038,1600026,PLANT_18,PORT06,24,12.27318
1400007047.0,2026-07-07,PORT05,CARRIER_07,1,DTP,3,0,CUST_387,1600192,PLANT_12,PORT06,30,93.25509
1400007048.0,2026-07-26,PORT07,CARRIER_01,2,DTD,4,0,CUST_069,1600057,PLANT_16,PORT05,42,23.9618
1400007049.0,2026-12-11,PORT06,CARRIER_08,2,DTP,1,0,CUST_144,1600066,PLANT_02,PORT04,15,35.22548
1400007050.0,2026-10-29,PORT01,CARRIER_01,1,CRF,3,0,CUST_175,1600036,PLANT_18,PORT03,15,29.63102
1400007051.0,2026-08-09,PORT03,CARRIER_10,2,DTP,6,0,CUST_311,1600174,PLANT_07,PORT04,7,24.05058
1400007052.0,2026-05-28,PORT04,CARRIER_07,2,DTD,2,0,CUST_304,1600177,PLANT_15,PORT05,8,30.02144
1400007053.0,2026-05-28,PORT04,CARRIER_06,1,DTP,3,0,CUST_400,1600140,PLANT_02,PORT03,33,41.79974
1400007054.0,2026-01-08,PORT07,CARRIER_05,0,DTD,6,0,CUST_149,1600029,PLANT_10,PORT02,28,29.37767
1400007055.0,2026-07-21,PORT04,CARRIER_12,1,DTP,0,0,CUST_193,1600171,PLANT_02,PORT08,18,38.80082
1400007056.0,2026-04-03,PORT07,CARRIER_09,1,DTD,3,0,CUST_195,1600184,PLANT_13,PORT01,14,18.00033
1400007057.0,2026-11-20,PORT04,CARRIER_11,2,DTP,3,0,CUST_024,1600180,PLANT_15,PORT01,36,122.95647
1400007058.0,2026-10-10,PORT04,CARRIER_10,2,DTP,0,1,CUST_369,1600159,PLANT_02,PORT05,8,21.09375
1400007059.0,2026-11-30,PORT07,CARRIER_10,1,DTP,4,4,CUST_268,1600027,PLANT_14,PORT06,37,153.63093
1400007060.0,2026-12-30,PORT03,CARRIER_11,2,DTP,0,0,CUST_238,1600174,PLANT_06,PORT05,46,225.77872
1400007061.0,2026-05-27,PORT05,CARRIER_07,2,DTP,5,0,CUST_498,1600160,PLANT_12,PORT08,25,48.81821
1400007062.0,2026-06-06,PORT03,CARRIER_04,2,DTD,3,1,CUST_090,1600026,PLANT_07,PORT08,27,123.35717
1400007063.0,2026-08-10,PORT01,CARRIER_03,2,DTP,0,0,CUST_485,1600012,PLANT_18,PORT06,29,113.33617
1400007064.0,2026-06-07,PORT08,CARRIER_04,2,DTP,0,0,CUST_341,1600134,PLANT_18,PORT05,9,7.47634
1400007065.0,2026-04-12,PORT02,CARRIER_08,1,DTP,4,0,CUST_111,1600089,PLANT_09,PORT08,33,138.46961
1400007066.0,2026-09-16,PORT04,CARRIER_06,1,DTD,3,0,CUST_340,1600017,PLANT_15,PORT07,21,51.6471
1400007067.0,2026-06-14,PORT08,CARRIER_09,2,DTP,1,0,CUST_378,1600132,PLANT_15,PORT01,26,92.94709
1400007068.0,2026-12-10,PORT07,CARRIER_07,2,DTP,0,0,CUST_182,1600130,PLANT_10,PORT05,6,21.25678
1400007069.0,2026-03-22,PORT01,CARRIER_06,2,DTP,3,0,CUST_173,1600010,PLANT_05,PORT04,45,199.85542
1400007070.0,2026-06-11,PORT05,CARRIER_03,2,DTP,1,0,CUST_418,1600000,PLANT_12,PORT02,20,76.59414
1400007071.0,2026-07-13,PORT08,CARRIER_12,2,DTP,5,0,CUST_081,1600140,PLANT_06,PORT07,8,33.12525
1400007072.0,2026-11-28,PORT04,CARRIER_07,1,DTP,0,0,CUST_007,1600030,PLANT_13,PORT08,40,66.89874
1400007073.0,2026-07-31,PORT08,CARRIER_02,2,CRF,0,0,CUST_333,1600057,PLANT_18,PORT04,50,243.41869
1400007074.0,2026-01-26,PORT01,CARRIER_05,2,DTP,3,0,CUST_454,1600099,PLANT_18,PORT02,28,93.57044
1400007075.0,2026-05-04,PORT07,CARRIER_11,2,DTD,0,0,CUST_251,1600183,PLANT_14,PORT03,6,23.34653
1400007076.0,2026-11-20,PORT01,CARRIER_04,0,DTP,4,0,CUST_068,1600111,PLANT_18,PORT05,50,215.42591
1400007077.0,2026-04-10,PORT06,CARRIER_11,2,DTP,5,0,CUST_270,1600159,PLANT_02,PORT03,14,9.89153
1400007078.0,2026-05-05,PORT01,CARRIER_04,2,DTD,3,0,CUST_126,1600166,PLANT_01,PORT08,16,27.97461
1400007079.0,2026-02-25,PORT02,CARRIER_08,1,CRF,5,0,CUST_414,1600017,PLANT_02,PORT04,37,155.25519
1400007080.0,2026-09-20,PORT08,CARRIER_07,2,DTP,4,0,CUST_307,1600158,PLANT_03,PORT07,20,92.35424
1400007081.0,2026-02-20,PORT08,CARRIER_11,2,DTP,0,0,CUST_169,1600115,PLANT_03,PORT01,8,30.43886
1400007082.0,2026-05-15,PORT01,CARRIER_04,2,DTP,0,0,CUST_313,1600037,PLANT_03,PORT05,36,88.6793
1400007083.0,2026-09-17,PORT07,CARRIER_03,2,DTP,3,0,CUST_334,1600123,PLANT_14,PORT08,17,22.61848
1400007084.0,2026-11-23,PORT03,CARRIER_03,2,DTD,6,0,CUST_340,1600039,PLANT_06,PORT08,44,117.59593
1400007085.0,2026-03-22,PORT01,CARRIER_05,2,CRF,4,0,CUST_184,1600111,PLANT_01,PORT05,12,24.56125
1400007086.0,2026-05-02,PORT03,CARRIER_04,2,DTD,3,0,CUST_286,1600196,PLANT_13,PORT05,46,204.22118
1400007087.0,2026-02-13,PORT03,CARRIER_03,2,DTP,0,0,CUST_022,1600139,PLANT_17,PORT07,38,109.42474
1400007088.0,2026-06-09,PORT03,CARRIER_07,2,DTD,4,0,CUST_202,1600119,PLANT_04,PORT07,16,32.338
1400007089.0,2026-12-31,PORT02,CARRIER_04,1,CRF,3,0,CUST_190,1600092,PLANT_01,PORT06,31,78.8191
1400007090.0,2026-04-22,PORT07,CARRIER_02,2,CRF,5,0,CUST_268,1600191,PLANT_14,PORT05,48,224.37509
1400007091.0,2026-04-05,PORT01,CARRIER_02,3,DTD,3,0,CUST_476,1600051,PLANT_09,PORT07,7,21.73477
1400007092.0,2026-05-26,PORT02,CARRIER_02,1,DTP,0,0,CUST_477,1600187,PLANT_02,PORT05,42,51.32396
1400007093.0,2026-11-24,PORT01,CARRIER_02,2,DTP,3,0,CUST_242,1600153,PLANT_01,PORT04,26,66.30988
1400007094.0,2026-07-19,PORT07,CARRIER_12,2,DTP,3,0,CUST_324,1600136,PLANT_16,PORT05,48,114.32282
1400007095.0,2026-08-11,PORT01,CARRIER_01,2,DTP,3,0,CUST_055,1600029,PLANT_06,PORT07,14,22.69373
1400007096.0,2026-10-12,PORT04,CARRIER_12,0,DTP,3,0,CUST_242,1600067,PLANT_07,PORT05,38,140.89897
1400007097.0,2026-09-19,PORT07,CARRIER_09,0,DTP,5,0,CUST_344,1600086,PLANT_14,PORT08,49,69.3157
1400007098.0,2026-08-07,PORT04,CARRIER_04,2,DTD,4,0,CUST_342,1600103,PLANT_15,PORT03,20,50.2698
1400007099.0,2026-07-24,PORT06,CARRIER_04,2,DTD,0,0,CUST_482,1600119,PLANT_17,PORT08,9,20.35016
1400007100.0,2026-07-14,PORT06,CARRIER_02,1,DTD,0,0,CUST_234,1600139,PLANT_20,PORT08,23,54.91542
1400007101.0,2026-03-07,PORT08,CARRIER_08,2,DTP,3,0,CUST_454,1600012,PLANT_15,PORT01,32,92.07041
1400007102.0,2026-06-01,PORT08,CARRIER_01,2,DTP,3,0,CUST_490,1600161,PLANT_08,PORT04,33,113.78917
1400007103.0,2026-11-06,PORT04,CARRIER_09,2,CRF,3,0,CUST_286,1600143,PLANT_13,PORT03,27,21.61888
1400007104.0,2026-01-15,PORT03,CARRIER_06,2,CRF,3,0,CUST_046,1600110,PLANT_13,PORT07,47,71.10127
1400007105.0,2026-10-30,PORT03,CARRIER_09,2,CRF,3,0,CUST_189,1600135,PLANT_04,PORT01,31,120.4939
1400007106.0,2026-07-26,PORT03,CARRIER_12,2,CRF,4,0,CUST_383,1600097,PLANT_08,PORT06,34,154.63038
1400007107.0,2026-05-08,PORT02,CARRIER_12,2,DTP,0,0,CUST_291,1600044,PLANT_09,PORT03,48,15.30332
1400007108.0,2026-02-11,PORT03,CARRIER_03,2,DTD,3,0,CUST_469,1600031,PLANT_04,PORT01,48,22.05558
1400007109.0,2026-10-06,PORT05,CARRIER_09,2,DTP,4,0,CUST_408,1600082,PLANT_12,PORT01,20,93.51531
1400007110.0,2026-01-01,PORT06,CARRIER_07,0,DTP,1,0,CUST_032,1600162,PLANT_15,PORT07,18,14.84839
1400007111.0,2026-07-18,PORT07,CARRIER_08,2,DTP,0,0,CUST_431,1600118,PLANT_14,PORT01,39,191.04215
1400007112.0,2026-03-01,PORT01,CARRIER_01,0,DTD,3,0,CUST_179,1600126,PLANT_18,PORT06,29,120.59036
1400007113.0,2026-11-28,PORT03,CARRIER_02,2,DTP,0,0,CUST_410,1600078,PLANT_07,PORT01,25,17.28629
1400007114.0,2026-03-08,PORT02,CARRIER_03,0,DTP,3,0,CUST_254,1600068,PLANT_09,PORT08,37,22.28779
1400007115.0,2026-10-21,PORT07,CARRIER_01,2,CRF,5,0,CUST_228,1600177,PLANT_07,PORT03,35,171.10642
1400007116.0,2026-07-29,PORT06,CARRIER_02,4,DTP,0,0,CUST_037,1600136,PLANT_02,PORT05,47,63.38569
1400007117.0,2026-01-15,PORT04,CARRIER_09,2,DTD,5,0,CUST_060,1600041,PLANT_15,PORT02,21,57.52886
1400007118.0,2026-09-20,PORT07,CARRIER_04,2,DTD,0,0,CUST_298,1600182,PLANT_11,PORT04,39,49.04464
1400007119.0,2026-11-17,PORT03,CARRIER_11,2,DTP,3,0,CUST_285,1600087,PLANT_17,PORT05,15,45.64958
1400007120.0,2026-03-22,PORT07,CARRIER_10,1,DTP,0,0,CUST_278,1600085,PLANT_16,PORT02,48,202.37471
1400007121.0,2026-12-20,PORT08,CARRIER_08,2,DTP,3,0,CUST_079,1600185,PLANT_06,PORT03,8,26.55084
1400007122.0,2026-10-19,PORT08,CARRIER_05,2,DTD,6,3,CUST_255,1600057,PLANT_08,PORT03,39,12.80844
1400007123.0,2026-09-28,PORT07,CARRIER_12,2,DTD,2,0,CUST_031,1600022,PLANT_16,PORT04,9,27.14785
1400007124.0,2026-05-03,PORT05,CARRIER_08,2,DTP,5,0,CUST_073,1600135,PLANT_17,PORT01,45,150.25417
1400007125.0,2026-02-13,PORT03,CARRIER_11,1,DTD,3,0,CUST_250,1600170,PLANT_04,PORT05,49,53.13561
1400007126.0,2026-06-06,PORT03,CARRIER_04,1,DTP,6,5,CUST_309,1600097,PLANT_08,PORT02,42,161.04386
1400007127.0,2026-10-22,PORT03,CARRIER_12,2,DTP,3,0,CUST_328,1600064,PLANT_13,PORT04,41,130.04288
1400007128.0,2026-08-03,PORT02,CARRIER_04,2,DTD,3,0,CUST_491,1600055,PLANT_09,PORT07,26,3.81631
1400007129.0,2026-08-25,PORT03,CARRIER_09,0,DTD,5,0,CUST_428,1600031,PLANT_17,PORT08,16,76.12352
1400007130.0,2026-10-13,PORT04,CARRIER_12,2,DTP,3,0,CUST_190,1600010,PLANT_02,PORT01,50,114.167
1400007131.0,2026-05-04,PORT03,CARRIER_12,2,DTD,4,0,CUST_392,1600181,PLANT_11,PORT07,29,35.92105
1400007132.0,2026-01-14,PORT05,CARRIER_05,2,DTP,1,0,CUST_048,1600066,PLANT_12,PORT07,42,21.9395
1400007133.0,2026-11-19,PORT07,CARRIER_08,2,DTP,0,0,CUST_429,1600006,PLANT_16,PORT05,37,71.58397
1400007134.0,2026-08-12,PORT02,CARRIER_09,2,DTP,3,0,CUST_194,1600037,PLANT_02,PORT06,37,59.49854
1400007135.0,2026-07-26,PORT04,CARRIER_06,2,DTP,1,0,CUST_381,1600187,PLANT_02,PORT07,21,32.75938
1400007136.0,2026-07-29,PORT07,CARRIER_07,2,DTP,3,0,CUST_486,1600198,PLANT_16,PORT03,24,95.68045
1400007137.0,2026-11-08,PORT01,CARRIER_01,2,CRF,5,0,CUST_352,1600025,PLANT_18,PORT02,25,81.62534
1400007138.0,2026-10-08,PORT03,CARRIER_02,2,DTP,3,0,CUST_461,1600029,PLANT_13,PORT06,32,24.06271
1400007139.0,2026-09-02,PORT06,CARRIER_12,2,CRF,5,0,CUST_006,1600075,PLANT_02,PORT07,38,135.6434
1400007140.0,2026-10-13,PORT06,CARRIER_01,2,DTP,3,0,CUST_086,1600147,PLANT_02,PORT02,14,51.03087
1400007141.0,2026-04-16,PORT01,CARRIER_05,2,DTP,1,0,CUST_314,1600146,PLANT_06,PORT04,15,39.29874
1400007142.0,2026-09-17,PORT05,CARRIER_10,2,DTP,0,0,CUST_271,1600006,PLANT_12,PORT08,7,34.85481
1400007143.0,2026-12-22,PORT05,CARRIER_02,2,CRF,6,0,CUST_061,1600126,PLANT_12,PORT04,29,43.1824
1400007144.0,2026-03-27,PORT06,CARRIER_11,1,DTP,3,0,CUST_360,1600118,PLANT_15,PORT07,35,13.52514
1400007145.0,2026-07-28,PORT07,CARRIER_09,2,DTP,5,0,CUST_030,1600154,PLANT_11,PORT06,14,3.37611
1400007146.0,2026-09-06,PORT07,CARRIER_06,1,DTP,2,0,CUST_496,1600049,PLANT_14,PORT05,37,61.81536
1400007147.0,2026-07-08,PORT01,CARRIER_04,2,DTD,1,0,CUST_079,1600187,PLANT_18,PORT08,5,12.69899
1400007148.0,2026-12-20,PORT04,CARRIER_02,2,DTD,4,0,CUST_223,1600020,PLANT_13,PORT01,44,21.26662
1400007149.0,2026-05-28,PORT04,CARRIER_07,2,DTD,3,1,CUST_412,1600075,PLANT_07,PORT05,36,103.40687
1400007150.0,2026-03-21,PORT06,CARRIER_10,2,DTP,3,0,CUST_258,1600115,PLANT_19,PORT01,36,162.51357
1400007151.0,2026-02-19,PORT03,CARRIER_12,2,CRF,3,0,CUST_372,1600143,PLANT_07,PORT08,37,148.17123
1400007152.0,2026-11-06,PORT04,CARRIER_04,2,DTP,3,0,CUST_352,1600098,PLANT_02,PORT01,21,71.29702
1400007153.0,2026-09-08,PORT07,CARRIER_08,2,DTP,4,0,CUST_475,1600006,PLANT_16,PORT06,50,167.12427
1400007154.0,2026-07-30,PORT04,CARRIER_01,1,DTP,0,0,CUST_232,1600107,PLANT_02,PORT02,39,143.46044
1400007155.0,2026-06-07,PORT03,CARRIER_01,1,DTP,0,0,CUST_490,1600026,PLANT_04,PORT04,13,32.78095
1400007156.0,2026-05-30,PORT02,CARRIER_03,1,DTD,0,3,CUST_259,1600125,PLANT_02,PORT07,47,97.2345
1400007157.0,2026-12-08,PORT07,CARRIER_01,1,DTD,3,0,CUST_447,1600161,PLANT_10,PORT02,39,62.50187
1400007158.0,2026-09-06,PORT07,CARRIER_04,2,DTP,4,0,CUST_367,1600137,PLANT_16,PORT03,19,11.17447
1400007159.0,2026-12-19,PORT01,CARRIER_07,1,DTP,3,0,CUST_067,1600183,PLANT_18,PORT07,48,137.02063
1400007160.0,2026-10-20,PORT02,CARRIER_02,1,DTP,6,3,CUST_322,1600092,PLANT_09,PORT06,16,38.64542
1400007161.0,2026-10-08,PORT07,CARRIER_01,1,CRF,3,0,CUST_440,1600003,PLANT_16,PORT05,34,23.20922
1400007162.0,2026-07-22,PORT03,CARRIER_05,1,DTP,3,0,CUST_065,1600135,PLANT_17,PORT06,35,49.50826
1400007163.0,2026-03-30,PORT02,CARRIER_01,2,CRF,3,0,CUST_420,1600129,PLANT_04,PORT05,49,193.90742
1400007164.0,2026-08-27,PORT07,CARRIER_08,1,DTP,5,0,CUST_053,1600143,PLANT_10,PORT05,31,41.92626
1400007165.0,2026-09-19,PORT04,CARRIER_04,1,DTP,0,0,CUST_436,1600188,PLANT_07,PORT07,50,109.30119
1400007166.0,2026-07-10,PORT06,CARRIER_10,1,DTD,3,0,CUST_395,1600103,PLANT_17,PORT07,18,16.02734
1400007167.0,2026-01-08,PORT02,CARRIER_01,2,DTD,3,0,CUST_076,1600067,PLANT_02,PORT01,41,38.22218
1400007168.0,2026-12-17,PORT03,CARRIER_05,2,DTD,6,0,CUST_364,1600016,PLANT_17,PORT05,16,60.8975
1400007169.0,2026-10-29,PORT03,CARRIER_11,2,DTP,0,0,CUST_059,1600065,PLANT_11,PORT04,50,21.33518
1400007170.0,2026-05-09,PORT06,CARRIER_05,1,DTP,0,0,CUST_285,1600174,PLANT_02,PORT02,40,59.86512
1400007171.0,2026-06-30,PORT06,CARRIER_05,2,DTP,3,0,CUST_462,1600077,PLANT_02,PORT02,33,161.90255
1400007172.0,2026-02-15,PORT07,CARRIER_01,3,DTD,3,0,CUST_103,1600091,PLANT_07,PORT02,8,19.455
1400007173.0,2026-12-08,PORT07,CARRIER_06,1,DTP,2,1,CUST_087,1600188,PLANT_07,PORT04,27,82.90203
1400007174.0,2026-03-26,PORT07,CARRIER_09,2,DTD,3,0,CUST_212,1600008,PLANT_14,PORT04,11,35.63856
1400007175.0,2026-05-18,PORT02,CARRIER_10,2,DTD,3,0,CUST_185,1600175,PLANT_05,PORT01,47,49.87074
1400007176.0,2026-06-06,PORT01,CARRIER_02,0,DTP,3,0,CUST_025,1600030,PLANT_19,PORT02,22,42.01508
1400007177.0,2026-04-07,PORT06,CARRIER_04,2,DTP,3,0,CUST_228,1600028,PLANT_19,PORT07,43,88.72889
1400007178.0,2026-08-20,PORT05,CARRIER_01,2,DTP,0,0,CUST_130,1600031,PLANT_17,PORT06,46,56.59599
1400007179.0,2026-12-30,PORT07,CARRIER_04,2,DTP,4,0,CUST_063,1600138,PLANT_16,PORT03,10,12.46521
1400007180.0,2026-11-09,PORT08,CARRIER_11,2,DTP,3,0,CUST_139,1600136,PLANT_15,PORT05,39,120.06382
1400007181.0,2026-07-13,PORT03,CARRIER_04,2,DTP,3,0,CUST_011,1600161,PLANT_06,PORT01,18,11.36755
1400007182.0,2026-02-17,PORT07,CARRIER_06,2,DTP,3,0,CUST_458,1600026,PLANT_14,PORT05,10,7.32813
1400007183.0,2026-11-12,PORT06,CARRIER_12,2,DTP,0,0,CUST_498,1600158,PLANT_15,PORT08,16,46.54688
1400007184.0,2026-04-04,PORT02,CARRIER_12,2,DTP,3,5,CUST_184,1600133,PLANT_04,PORT06,30,69.0527
1400007185.0,2026-11-29,PORT04,CARRIER_03,2,DTP,3,0,CUST_439,1600064,PLANT_02,PORT02,44,136.33286
1400007186.0,2026-05-25,PORT05,CARRIER_06,1,CRF,0,0,CUST_231,1600016,PLANT_17,PORT08,36,8.35566
1400007187.0,2026-07-09,PORT03,CARRIER_09,2,DTD,5,0,CUST_457,1600099,PLANT_06,PORT02,15,53.31131
1400007188.0,2026-06-09,PORT03,CARRIER_12,1,DTP,5,0,CUST_087,1600198,PLANT_11,PORT04,18,76.76027
1400007189.0,2026-06-16,PORT04,CARRIER_08,2,DTP,3,0,CUST_143,1600059,PLANT_02,PORT01,18,48.02917
1400007190.0,2026-03-02,PORT02,CARRIER_10,2,DTP,3,0,CUST_370,1600103,PLANT_09,PORT01,38,160.36447
1400007191.0,2026-07-21,PORT02,CARRIER_06,1,DTP,3,0,CUST_111,1600162,PLANT_09,PORT08,28,57.63372
1400007192.0,2026-05-28,PORT03,CARRIER_02,2,DTP,3,0,CUST_412,1600160,PLANT_17,PORT04,6,2.92037
1400007193.0,2026-11-06,PORT07,CARRIER_10,1,DTD,1,0,CUST_213,1600053,PLANT_14,PORT03,8,15.59973
1400007194.0,2026-06-24,PORT08,CARRIER_05,0,DTD,3,0,CUST_202,1600095,PLANT_15,PORT04,8,18.29764
1400007195.0,2026-12-19,PORT06,CARRIER_03,2,DTP,3,0,CUST_227,1600054,PLANT_17,PORT08,49,212.7156
1400007196.0,2026-04-19,PORT03,CARRIER_07,2,DTP,3,0,CUST_399,1600090,PLANT_08,PORT01,28,48.72311
1400007197.0,2026-04-30,PORT08,CARRIER_01,2,DTP,5,0,CUST_003,1600083,PLANT_03,PORT06,27,44.38784
1400007198.0,2026-01-14,PORT02,CARRIER_09,2,DTP,3,0,CUST_376,1600024,PLANT_01,PORT05,40,178.05142
1400007199.0,2026-09-27,PORT04,CARRIER_08,1,CRF,3,0,CUST_390,1600093,PLANT_13,PORT05,13,17.28653
1400007200.0,2026-01-27,PORT02,CARRIER_06,2,CRF,3,0,CUST_411,1600110,PLANT_01,PORT03,6,19.48793
1400007201.0,2026-04-15,PORT03,CARRIER_04,2,DTD,3,0,CUST_499,1600053,PLANT_08,PORT05,17,28.90859
1400007202.0,2026-11-29,PORT07,CARRIER_06,2,DTP,0,0,CUST_392,1600083,PLANT_07,PORT01,14,66.66987
1400007203.0,2026-08-11,PORT07,CARRIER_11,2,DTP,3,0,CUST_265,1600052,PLANT_16,PORT08,41,42.19565
1400007204.0,2026-07-23,PORT01,CARRIER_04,2,DTP,3,0,CUST_234,1600134,PLANT_09,PORT06,42,153.1865
1400007205.0,2026-10-21,PORT04,CARRIER_07,2,DTP,3,0,CUST_195,1600046,PLANT_13,PORT03,34,95.04068
1400007206.0,2026-10-09,PORT07,CARRIER_07,2,DTP,2,0,CUST_414,1600035,PLANT_16,PORT05,46,225.20074
1400007207.0,2026-11-20,PORT07,CARRIER_03,2,DTD,3,0,CUST_197,1600144,PLANT_11,PORT05,26,129.24279
1400007208.0,2026-08-31,PORT02,CARRIER_07,2,CRF,5,0,CUST_287,1600099,PLANT_04,PORT04,16,63.82593
1400007209.0,2026-06-13,PORT01,CARRIER_04,1,DTP,3,0,CUST_049,1600079,PLANT_18,PORT05,20,12.13869
1400007210.0,2026-02-17,PORT02,CARRIER_11,1,CRF,3,0,CUST_159,1600044,PLANT_04,PORT06,11,26.37947
1400007211.0,2026-05-15,PORT04,CARRIER_08,2,DTP,0,0,CUST_134,1600080,PLANT_13,PORT07,46,197.20722
1400007212.0,2026-09-15,PORT06,CARRIER_07,1,DTP,3,0,CUST_218,1600154,PLANT_19,PORT02,32,103.31418
1400007213.0,2026-04-03,PORT08,CARRIER_12,2,DTP,1,0,CUST_252,1600090,PLANT_08,PORT03,40,176.278
1400007214.0,2026-09-02,PORT07,CARRIER_05,2,DTP,6,0,CUST_359,1600097,PLANT_14,PORT01,17,68.28721
1400007215.0,2026-02-18,PORT05,CARRIER_05,1,DTD,0,0,CUST_216,1600142,PLANT_12,PORT04,38,62.07324
1400007216.0,2026-01-23,PORT04,CARRIER_03,2,DTD,5,0,CUST_076,1600112,PLANT_13,PORT06,20,21.11641
1400007217.0,2026-05-14,PORT02,CARRIER_01,2,DTD,3,0,CUST_273,1600048,PLANT_09,PORT05,25,42.01408
1400007218.0,2026-03-25,PORT06,CARRIER_10,2,DTP,3,0,CUST_028,1600100,PLANT_15,PORT08,34,119.34444
1400007219.0,2026-11-15,PORT02,CARRIER_09,2,DTD,3,0,CUST_425,1600103,PLANT_09,PORT04,50,122.86092
1400007220.0,2026-05-19,PORT08,CARRIER_09,2,DTP,0,0,CUST_386,1600010,PLANT_08,PORT04,30,9.44569
1400007221.0,2026-06-02,PORT01,CARRIER_07,2,DTP,0,0,CUST_113,1600145,PLANT_09,PORT05,37,138.31108
1400007222.0,2026-05-28,PORT03,CARRIER_08,2,DTP,3,0,CUST_132,1600151,PLANT_11,PORT05,32,10.20847
1400007223.0,2026-04-26,PORT03,CARRIER_10,1,DTP,3,0,CUST_014,1600048,PLANT_07,PORT05,24,50.53418
1400007224.0,2026-12-01,PORT07,CARRIER_01,2,CRF,3,0,CUST_183,1600120,PLANT_14,PORT02,47,111.16409
1400007225.0,2026-09-27,PORT07,CARRIER_07,1,DTD,6,0,CUST_020,1600133,PLANT_13,PORT06,49,125.67675
1400007226.0,2026-02-27,PORT08,CARRIER_11,2,CRF,0,0,CUST_469,1600184,PLANT_15,PORT07,19,14.84936
1400007227.0,2026-03-20,PORT04,CARRIER_05,2,DTP,4,0,CUST_068,1600143,PLANT_15,PORT02,46,173.15191
1400007228.0,2026-01-30,PORT04,CARRIER_07,2,DTP,0,0,CUST_330,1600076,PLANT_02,PORT01,25,106.5481
1400007229.0,2026-04-04,PORT07,CARRIER_06,2,DTP,3,0,CUST_286,1600192,PLANT_14,PORT06,39,137.2688
1400007230.0,2026-08-28,PORT08,CARRIER_11,2,DTP,0,0,CUST_119,1600186,PLANT_03,PORT05,28,133.28689
1400007231.0,2026-12-08,PORT08,CARRIER_10,1,DTP,5,0,CUST_405,1600136,PLANT_06,PORT03,40,54.47013
1400007232.0,2026-06-25,PORT08,CARRIER_10,2,DTP,3,0,CUST_055,1600150,PLANT_08,PORT06,45,39.94099
1400007233.0,2026-01-30,PORT07,CARRIER_05,2,DTD,3,0,CUST_444,1600192,PLANT_14,PORT01,24,10.31392
1400007234.0,2026-01-18,PORT03,CARRIER_12,2,DTP,2,0,CUST_371,1600149,PLANT_11,PORT04,37,134.51153
1400007235.0,2026-06-01,PORT06,CARRIER_06,0,DTD,3,0,CUST_318,1600012,PLANT_02,PORT08,28,25.04112
1400007236.0,2026-04-07,PORT02,CARRIER_09,2,DTP,0,3,CUST_440,1600136,PLANT_01,PORT05,41,192.58065
1400007237.0,2026-07-30,PORT02,CARRIER_04,1,DTP,3,0,CUST_202,1600019,PLANT_04,PORT04,13,39.41493
1400007238.0,2026-02-13,PORT01,CARRIER_03,2,DTP,3,0,CUST_141,1600112,PLANT_18,PORT08,38,153.53006
1400007239.0,2026-03-26,PORT04,CARRIER_01,0,DTP,0,0,CUST_078,1600165,PLANT_07,PORT02,32,71.36071
1400007240.0,2026-07-22,PORT01,CARRIER_04,2,DTP,0,0,CUST_463,1600099,PLANT_18,PORT05,25,92.51862
1400007241.0,2026-04-13,PORT01,CARRIER_03,2,CRF,1,0,CUST_201,1600106,PLANT_09,PORT03,22,50.02559
1400007242.0,2026-05-14,PORT05,CARRIER_12,1,CRF,3,0,CUST_415,1600182,PLANT_12,PORT02,37,101.37788
1400007243.0,2026-03-22,PORT06,CARRIER_10,2,DTD,0,3,CUST_167,1600087,PLANT_17,PORT04,20,77.81101
1400007244.0,2026-01-19,PORT03,CARRIER_12,1,DTP,0,0,CUST_478,1600155,PLANT_07,PORT07,6,7.60171
1400007245.0,2026-05-06,PORT01,CARRIER_11,1,DTD,0,0,CUST_436,1600109,PLANT_01,PORT02,48,212.83664
1400007246.0,2026-05-01,PORT01,CARRIER_07,2,CRF,2,0,CUST_155,1600163,PLANT_09,PORT05,25,90.24661
1400007247.0,2026-11-24,PORT08,CARRIER_09,2,DTP,3,0,CUST_244,1600169,PLANT_18,PORT01,12,45.09656
1400007248.0,2026-11-22,PORT06,CARRIER_03,2,DTP,3,0,CUST_397,1600050,PLANT_19,PORT08,15,19.00498
1400007249.0,2026-06-07,PORT01,CARRIER_06,1,DTP,1,0,CUST_114,1600037,PLANT_19,PORT06,43,23.28984
1400007250.0,2026-04-16,PORT07,CARRIER_10,1,DTD,3,0,CUST_012,1600018,PLANT_11,PORT05,20,9.13993
1400007251.0,2026-06-02,PORT04,CARRIER_09,2,DTP,3,0,CUST_145,1600055,PLANT_02,PORT08,17,55.59648
1400007252.0,2026-08-10,PORT01,CARRIER_12,2,CRF,3,0,CUST_296,1600151,PLANT_18,PORT04,27,22.54532
1400007253.0,2026-05-22,PORT07,CARRIER_02,2,DTP,6,0,CUST_069,1600018,PLANT_10,PORT02,6,29.97623
1400007254.0,2026-10-03,PORT03,CARRIER_06,2,DTP,3,0,CUST_167,1600114,PLANT_11,PORT01,30,144.27401
1400007255.0,2026-12-18,PORT03,CARRIER_02,2,DTP,3,0,CUST_460,1600188,PLANT_06,PORT07,6,1.4578
1400007256.0,2026-05-28,PORT06,CARRIER_02,0,DTP,3,0,CUST_038,1600049,PLANT_20,PORT07,43,157.06963
1400007257.0,2026-02-12,PORT08,CARRIER_03,3,CRF,3,0,CUST_026,1600042,PLANT_08,PORT02,24,33.06679
1400007258.0,2026-02-14,PORT04,CARRIER_09,2,DTD,1,0,CUST_212,1600085,PLANT_02,PORT05,15,26.55613
1400007259.0,2026-11-15,PORT03,CARRIER_08,0,DTP,0,3,CUST_007,1600036,PLANT_04,PORT05,25,31.93803
1400007260.0,2026-06-01,PORT03,CARRIER_06,2,DTP,4,0,CUST_014,1600005,PLANT_11,PORT08,13,54.20576
1400007261.0,2026-04-30,PORT07,CARRIER_06,2,DTD,5,1,CUST_092,1600109,PLANT_14,PORT06,19,85.10834
1400007262.0,2026-08-15,PORT02,CARRIER_11,2,CRF,6,1,CUST_052,1600167,PLANT_09,PORT08,11,3.27764
1400007263.0,2026-12-16,PORT07,CARRIER_03,0,DTD,3,0,CUST_406,1600184,PLANT_13,PORT03,35,49.81154
1400007264.0,2026-06-04,PORT07,CARRIER_05,2,DTP,5,0,CUST_062,1600110,PLANT_16,PORT04,49,112.6325
1400007265.0,2026-04-26,PORT07,CARRIER_07,2,DTD,3,0,CUST_262,1600112,PLANT_16,PORT03,27,71.73705
1400007266.0,2026-11-11,PORT07,CARRIER_05,2,DTP,3,0,CUST_353,1600123,PLANT_14,PORT03,9,4.76523
1400007267.0,2026-01-31,PORT02,CARRIER_11,2,DTP,5,0,CUST_313,1600024,PLANT_09,PORT01,8,33.33711
1400007268.0,2026-11-05,PORT02,CARRIER_05,2,DTD,6,0,CUST_327,1600021,PLANT_02,PORT06,43,201.08956
1400007269.0,2026-07-09,PORT04,CARRIER_07,2,DTP,3,0,CUST_179,1600067,PLANT_07,PORT05,21,43.55482
1400007270.0,2026-01-08,PORT07,CARRIER_08,2,DTP,4,0,CUST_445,1600094,PLANT_14,PORT01,18,77.40805
1400007271.0,2026-03-25,PORT02,CARRIER_07,1,CRF,4,0,CUST_035,1600042,PLANT_01,PORT06,9,30.72725
1400007272.0,2026-09-05,PORT07,CARRIER_03,2,DTD,3,0,CUST_054,1600145,PLANT_10,PORT04,35,104.98403
1400007273.0,2026-10-02,PORT07,CARRIER_05,2,DTP,3,0,CUST_429,1600095,PLANT_13,PORT03,7,28.79342
1400007274.0,2026-03-13,PORT01,CARRIER_12,2,DTP,0,0,CUST_035,1600083,PLANT_01,PORT07,46,111.22088
1400007275.0,2026-08-28,PORT04,CARRIER_01,2,DTD,6,0,CUST_096,1600118,PLANT_02,PORT05,14,38.97332
1400007276.0,2026-12-28,PORT02,CARRIER_11,1,DTP,0,0,CUST_087,1600121,PLANT_04,PORT07,8,11.5669
1400007277.0,2026-09-08,PORT01,CARRIER_03,1,DTP,0,0,CUST_017,1600187,PLANT_19,PORT02,37,132.8191
1400007278.0,2026-09-14,PORT01,CARRIER_08,2,DTP,3,0,CUST_059,1600034,PLANT_19,PORT03,21,18.4675
1400007279.0,2026-03-12,PORT02,CARRIER_04,2,DTP,3,0,CUST_287,1600117,PLANT_05,PORT06,37,47.78519
1400007280.0,2026-08-21,PORT08,CARRIER_02,2,DTP,1,0,CUST_331,1600022,PLANT_18,PORT07,6,14.70968
1400007281.0,2026-09-16,PORT06,CARRIER_06,2,DTP,0,2,CUST_042,1600065,PLANT_19,PORT05,44,87.47337
1400007282.0,2026-02-10,PORT07,CARRIER_06,0,DTP,5,3,CUST_472,1600041,PLANT_14,PORT05,19,24.20474
1400007283.0,2026-04-24,PORT07,CARRIER_12,2,DTD,3,0,CUST_048,1600083,PLANT_10,PORT05,39,40.5699
1400007284.0,2026-11-19,PORT07,CARRIER_03,1,DTP,6,0,CUST_344,1600091,PLANT_11,PORT05,48,207.28302
1400007285.0,2026-12-31,PORT04,CARRIER_04,0,DTP,5,0,CUST_401,1600120,PLANT_02,PORT03,29,86.86105
1400007286.0,2026-03-05,PORT04,CARRIER_11,1,DTD,3,0,CUST_261,1600158,PLANT_02,PORT06,20,38.98448
1400007287.0,2026-09-25,PORT06,CARRIER_04,1,DTD,3,0,CUST_246,1600171,PLANT_19,PORT02,19,80.64216
1400007288.0,2026-07-03,PORT05,CARRIER_01,2,DTP,1,0,CUST_055,1600097,PLANT_17,PORT04,36,149.15831
1400007289.0,2026-08-04,PORT07,CARRIER_04,2,DTD,6,0,CUST_121,1600037,PLANT_16,PORT01,5,3.21673
1400007290.0,2026-07-06,PORT06,CARRIER_06,2,DTP,3,0,CUST_426,1600127,PLANT_02,PORT04,11,31.6767
1400007291.0,2026-11-13,PORT03,CARRIER_03,2,DTD,4,0,CUST_175,1600143,PLANT_04,PORT01,34,54.31511
1400007292.0,2026-06-12,PORT05,CARRIER_02,2,DTD,6,2,CUST_018,1600095,PLANT_12,PORT06,6,16.50055
1400007293.0,2026-08-04,PORT04,CARRIER_06,2,DTP,0,0,CUST_365,1600102,PLANT_02,PORT02,18,65.1275
1400007294.0,2026-09-02,PORT07,CARRIER_01,2,DTD,5,0,CUST_342,1600060,PLANT_07,PORT04,34,4.81736
1400007295.0,2026-07-21,PORT07,CARRIER_09,2,DTP,4,0,CUST_034,1600063,PLANT_14,PORT03,16,41.86369
1400007296.0,2026-11-18,PORT08,CARRIER_05,2,DTP,3,0,CUST_026,1600151,PLANT_03,PORT07,47,71.88596
1400007297.0,2026-03-28,PORT08,CARRIER_09,2,DTP,5,0,CUST_059,1600133,PLANT_08,PORT01,49,133.11602
1400007298.0,2026-12-13,PORT07,CARRIER_06,2,DTP,3,0,CUST_026,1600144,PLANT_10,PORT06,6,3.82936
1400007299.0,2026-09-05,PORT03,CARRIER_01,2,CRF,3,0,CUST_309,1600127,PLANT_07,PORT05,13,53.37898
1400007300.0,2026-12-17,PORT01,CARRIER_12,2,CRF,0,0,CUST_067,1600132,PLANT_03,PORT06,46,127.14287
1400007301.0,2026-05-17,PORT02,CARRIER_10,2,DTP,3,0,CUST_304,1600122,PLANT_01,PORT01,6,6.80527
1400007302.0,2026-06-24,PORT03,CARRIER_01,2,DTP,4,0,CUST_089,1600094,PLANT_04,PORT07,27,104.52929
1400007303.0,2026-01-16,PORT01,CARRIER_05,2,CRF,0,0,CUST_487,1600112,PLANT_18,PORT07,48,13.68643
1400007304.0,2026-12-04,PORT07,CARRIER_08,2,DTP,3,0,CUST_363,1600171,PLANT_11,PORT08,32,96.15471
1400007305.0,2026-10-25,PORT08,CARRIER_01,2,DTD,0,0,CUST_188,1600117,PLANT_18,PORT04,19,48.61401
1400007306.0,2026-04-19,PORT08,CARRIER_03,2,DTP,3,0,CUST_215,1600012,PLANT_03,PORT06,5,1.4713
1400007307.0,2026-01-19,PORT08,CARRIER_12,2,DTP,3,0,CUST_033,1600171,PLANT_08,PORT07,23,30.44181
1400007308.0,2026-09-12,PORT01,CARRIER_09,2,DTP,4,0,CUST_028,1600089,PLANT_09,PORT07,29,13.86166
1400007309.0,2026-09-03,PORT07,CARRIER_11,1,DTD,0,0,CUST_269,1600155,PLANT_13,PORT06,8,29.50957
1400007310.0,2026-07-12,PORT06,CARRIER_11,2,CRF,0,4,CUST_012,1600060,PLANT_20,PORT08,29,103.19005
1400007311.0,2026-02-27,PORT04,CARRIER_05,2,DTD,0,0,CUST_320,1600193,PLANT_02,PORT03,23,12.36388
1400007312.0,2026-12-02,PORT02,CARRIER_10,1,DTP,5,0,CUST_192,1600039,PLANT_04,PORT08,19,12.06719
1400007313.0,2026-06-07,PORT01,CARRIER_09,2,DTP,3,0,CUST_070,1600153,PLANT_18,PORT03,49,216.25576
1400007314.0,2026-09-22,PORT04,CARRIER_08,1,DTD,0,0,CUST_268,1600160,PLANT_13,PORT08,46,49.87101
1400007315.0,2026-11-10,PORT06,CARRIER_08,1,DTP,0,0,CUST_277,1600055,PLANT_02,PORT08,36,57.16581
1400007316.0,2026-07-20,PORT07,CARRIER_03,2,DTP,0,0,CUST_374,1600006,PLANT_14,PORT08,32,110.49513
1400007317.0,2026-02-04,PORT08,CARRIER_12,2,DTP,3,0,CUST_099,1600114,PLANT_03,PORT03,26,10.33614
1400007318.0,2026-11-21,PORT03,CARRIER_02,2,DTD,3,0,CUST_274,1600091,PLANT_08,PORT07,8,37.94814
1400007319.0,2026-09-01,PORT03,CARRIER_03,0,DTP,3,0,CUST_423,1600130,PLANT_17,PORT02,19,4.04214
1400007320.0,2026-11-23,PORT06,CARRIER_11,2,DTP,1,0,CUST_135,1600180,PLANT_17,PORT02,5,21.30399
1400007321.0,2026-08-12,PORT07,CARRIER_03,2,DTD,3,0,CUST_418,1600009,PLANT_16,PORT02,21,39.23723
1400007322.0,2026-11-28,PORT02,CARRIER_01,2,DTD,3,0,CUST_362,1600106,PLANT_02,PORT07,26,21.71509
1400007323.0,2026-11-13,PORT07,CARRIER_09,2,DTP,0,0,CUST_215,1600175,PLANT_16,PORT08,33,64.34031
1400007324.0,2026-03-20,PORT03,CARRIER_04,3,DTP,1,0,CUST_442,1600017,PLANT_08,PORT06,21,102.2054
1400007325.0,2026-03-05,PORT08,CARRIER_01,2,DTP,0,0,CUST_484,1600122,PLANT_08,PORT04,16,43.07186
1400007326.0,2026-02-28,PORT05,CARRIER_03,2,DTP,3,0,CUST_119,1600088,PLANT_12,PORT03,37,14.4475
1400007327.0,2026-10-19,PORT03,CARRIER_10,2,DTP,3,0,CUST_490,1600081,PLANT_17,PORT04,11,51.84911
1400007328.0,2026-03-29,PORT07,CARRIER_02,2,DTP,3,0,CUST_002,1600115,PLANT_16,PORT08,10,8.03452
1400007329.0,2026-06-14,PORT07,CARRIER_03,2,DTP,3,0,CUST_065,1600183,PLANT_14,PORT03,37,13.61486
1400007330.0,2026-10-15,PORT06,CARRIER_08,2,DTP,0,0,CUST_022,1600187,PLANT_19,PORT03,31,10.0002
1400007331.0,2026-06-06,PORT08,CARRIER_10,2,DTP,4,0,CUST_184,1600137,PLANT_03,PORT02,44,182.5578
1400007332.0,2026-01-23,PORT02,CARRIER_07,4,CRF,4,5,CUST_469,1600038,PLANT_02,PORT07,38,32.29218
1400007333.0,2026-05-13,PORT01,CARRIER_02,2,DTP,0,0,CUST_301,1600025,PLANT_03,PORT08,46,44.94274
1400007334.0,2026-02-04,PORT06,CARRIER_04,2,DTD,5,0,CUST_309,1600026,PLANT_15,PORT05,35,165.41578
1400007335.0,2026-05-21,PORT05,CARRIER_09,2,CRF,3,0,CUST_043,1600101,PLANT_12,PORT07,43,133.16647
1400007336.0,2026-09-26,PORT07,CARRIER_06,0,DTP,3,0,CUST_259,1600100,PLANT_10,PORT08,12,17.98265
1400007337.0,2026-07-09,PORT05,CARRIER_01,2,DTP,3,3,CUST_192,1600123,PLANT_17,PORT03,29,86.23522
1400007338.0,2026-09-04,PORT03,CARRIER_11,2,DTP,4,0,CUST_240,1600109,PLANT_08,PORT06,48,61.97536
1400007339.0,2026-02-08,PORT05,CARRIER_02,2,DTD,0,0,CUST_131,1600113,PLANT_17,PORT08,41,103.39787
1400007340.0,2026-10-01,PORT08,CARRIER_09,2,DTP,1,0,CUST_101,1600062,PLANT_03,PORT05,23,40.01195
1400007341.0,2026-06-05,PORT05,CARRIER_01,2,DTP,5,0,CUST_477,1600079,PLANT_17,PORT02,47,148.09089
1400007342.0,2026-04-15,PORT01,CARRIER_05,2,DTP,5,0,CUST_280,1600177,PLANT_18,PORT06,19,72.54509
1400007343.0,2026-08-26,PORT07,CARRIER_08,2,DTP,4,0,CUST_206,1600141,PLANT_13,PORT02,6,10.84612
1400007344.0,2026-02-19,PORT07,CARRIER_03,2,DTP,0,0,CUST_037,1600076,PLANT_11,PORT05,41,33.01213
1400007345.0,2026-07-01,PORT03,CARRIER_02,1,CRF,3,0,CUST_382,1600013,PLANT_06,PORT01,23,42.39197
1400007346.0,2026-06-04,PORT06,CARRIER_08,2,DTP,3,0,CUST_237,1600148,PLANT_19,PORT01,6,22.88975
1400007347.0,2026-03-02,PORT02,CARRIER_05,2,DTP,0,0,CUST_194,1600003,PLANT_02,PORT07,14,55.39381
1400007348.0,2026-12-14,PORT08,CARRIER_04,2,CRF,0,0,CUST_334,1600108,PLANT_08,PORT05,8,31.5936
1400007349.0,2026-05-13,PORT04,CARRIER_11,2,DTD,5,0,CUST_066,1600155,PLANT_13,PORT01,50,243.77024
1400007350.0,2026-01-15,PORT01,CARRIER_04,2,CRF,0,0,CUST_267,1600143,PLANT_01,PORT06,43,178.08174
1400007351.0,2026-06-11,PORT03,CARRIER_04,1,DTD,1,0,CUST_432,1600143,PLANT_06,PORT05,47,227.76237
1400007352.0,2026-12-19,PORT02,CARRIER_10,2,DTP,0,0,CUST_232,1600069,PLANT_02,PORT05,13,41.22667
1400007353.0,2026-09-02,PORT08,CARRIER_02,2,DTP,3,0,CUST_001,1600159,PLANT_08,PORT04,41,50.17609
1400007354.0,2026-08-21,PORT02,CARRIER_06,2,DTD,4,0,CUST_115,1600066,PLANT_02,PORT07,30,92.40486
1400007355.0,2026-11-25,PORT07,CARRIER_09,1,DTP,1,0,CUST_028,1600182,PLANT_11,PORT01,18,19.24896
1400007356.0,2026-01-31,PORT07,CARRIER_01,2,DTP,4,0,CUST_251,1600027,PLANT_14,PORT06,35,18.13345
1400007357.0,2026-07-20,PORT05,CARRIER_02,2,DTD,0,0,CUST_183,1600174,PLANT_12,PORT03,48,75.67152
1400007358.0,2026-04-28,PORT06,CARRIER_12,0,DTP,3,0,CUST_067,1600070,PLANT_02,PORT01,26,48.81761
1400007359.0,2026-09-04,PORT06,CARRIER_09,2,DTP,0,0,CUST_344,1600025,PLANT_20,PORT07,6,21.44131
1400007360.0,2026-11-08,PORT03,CARRIER_04,2,DTP,3,0,CUST_089,1600190,PLANT_17,PORT06,43,80.80026
1400007361.0,2026-01-29,PORT08,CARRIER_06,2,DTP,6,0,CUST_171,1600007,PLANT_15,PORT01,13,1.50055
1400007362.0,2026-02-27,PORT01,CARRIER_05,2,DTP,3,0,CUST_494,1600046,PLANT_09,PORT06,13,59.70916
1400007363.0,2026-12-15,PORT07,CARRIER_12,2,DTD,0,0,CUST_034,1600008,PLANT_14,PORT01,33,98.60666
1400007364.0,2026-06-29,PORT05,CARRIER_09,2,DTP,6,0,CUST_124,1600077,PLANT_12,PORT03,41,46.4413
1400007365.0,2026-04-26,PORT03,CARRIER_03,2,CRF,3,0,CUST_159,1600163,PLANT_17,PORT02,41,54.78458
1400007366.0,2026-02-25,PORT06,CARRIER_02,0,DTP,3,0,CUST_255,1600050,PLANT_19,PORT05,44,31.16464
1400007367.0,2026-05-10,PORT08,CARRIER_06,0,DTP,5,0,CUST_123,1600056,PLANT_03,PORT01,45,204.39356
1400007368.0,2026-01-02,PORT06,CARRIER_10,2,DTD,4,0,CUST_486,1600123,PLANT_17,PORT04,10,12.28022
1400007369.0,2026-03-23,PORT01,CARRIER_11,1,DTP,3,0,CUST_003,1600156,PLANT_18,PORT07,18,84.76508
1400007370.0,2026-03-08,PORT01,CARRIER_02,2,DTD,0,0,CUST_475,1600021,PLANT_19,PORT06,38,53.01477
1400007371.0,2026-01-31,PORT06,CARRIER_08,2,DTD,0,0,CUST_268,1600195,PLANT_02,PORT02,22,88.35928
1400007372.0,2026-12-20,PORT07,CARRIER_06,1,DTP,5,0,CUST_020,1600026,PLANT_14,PORT03,37,5.59498
1400007373.0,2026-10-16,PORT08,CARRIER_03,2,DTP,3,0,CUST_059,1600118,PLANT_18,PORT06,25,61.70102
1400007374.0,2026-12-10,PORT03,CARRIER_07,2,DTP,4,0,CUST_052,1600011,PLANT_13,PORT05,25,47.72878
1400007375.0,2026-03-29,PORT03,CARRIER_01,0,CRF,4,0,CUST_144,1600194,PLANT_13,PORT01,6,10.43682
1400007376.0,2026-04-16,PORT03,CARRIER_01,2,CRF,5,0,CUST_167,1600162,PLANT_08,PORT07,32,158.77011
1400007377.0,2026-04-14,PORT07,CARRIER_07,1,DTP,3,0,CUST_321,1600071,PLANT_10,PORT01,44,159.81886
1400007378.0,2026-07-23,PORT03,CARRIER_03,2,CRF,3,0,CUST_156,1600149,PLANT_04,PORT02,42,56.8391
1400007379.0,2026-03-08,PORT03,CARRIER_07,2,DTP,0,0,CUST_363,1600192,PLANT_08,PORT08,20,75.73929
1400007380.0,2026-03-27,PORT04,CARRIER_12,2,DTP,0,0,CUST_147,1600111,PLANT_02,PORT06,36,26.45593
1400007381.0,2026-12-22,PORT06,CARRIER_03,1,DTP,3,0,CUST_132,1600151,PLANT_15,PORT05,14,64.91869
1400007382.0,2026-05-09,PORT07,CARRIER_09,2,DTP,3,0,CUST_138,1600155,PLANT_16,PORT01,34,74.43595
1400007383.0,2026-10-13,PORT05,CARRIER_10,2,DTP,0,0,CUST_165,1600176,PLANT_12,PORT01,23,23.78771
1400007384.0,2026-03-25,PORT02,CARRIER_02,2,DTP,3,0,CUST_419,1600088,PLANT_04,PORT06,47,67.53056
1400007385.0,2026-12-06,PORT06,CARRIER_03,1,DTP,3,0,CUST_124,1600066,PLANT_02,PORT04,37,31.82848
1400007386.0,2026-09-11,PORT03,CARRIER_03,1,DTP,3,0,CUST_137,1600044,PLANT_13,PORT05,8,37.27787
1400007387.0,2026-11-11,PORT07,CARRIER_12,1,CRF,3,0,CUST_479,1600002,PLANT_11,PORT02,45,71.94954
1400007388.0,2026-07-08,PORT05,CARRIER_08,1,DTD,2,0,CUST_327,1600084,PLANT_12,PORT07,38,30.39884
1400007389.0,2026-11-27,PORT02,CARRIER_09,1,DTP,3,0,CUST_096,1600051,PLANT_09,PORT01,14,57.16499
1400007390.0,2026-05-13,PORT01,CARRIER_02,1,DTP,3,0,CUST_435,1600045,PLANT_01,PORT02,17,19.46448
1400007391.0,2026-06-24,PORT07,CARRIER_08,2,DTD,3,0,CUST_092,1600153,PLANT_10,PORT05,12,6.73604
1400007392.0,2026-01-23,PORT01,CARRIER_07,2,DTP,3,0,CUST_082,1600136,PLANT_01,PORT07,19,64.12757
1400007393.0,2026-03-04,PORT07,CARRIER_08,2,DTP,0,1,CUST_223,1600078,PLANT_14,PORT05,48,6.54182
1400007394.0,2026-10-09,PORT04,CARRIER_06,2,DTP,4,0,CUST_346,1600056,PLANT_07,PORT05,46,192.2276
1400007395.0,2026-04-30,PORT02,CARRIER_01,1,CRF,6,0,CUST_095,1600145,PLANT_09,PORT08,30,85.71831
1400007396.0,2026-02-07,PORT08,CARRIER_08,2,DTP,0,0,CUST_377,1600141,PLANT_06,PORT01,21,27.49762
1400007397.0,2026-04-17,PORT03,CARRIER_05,1,DTP,1,0,CUST_079,1600075,PLANT_08,PORT07,21,50.8328
1400007398.0,2026-05-09,PORT01,CARRIER_04,2,DTD,4,0,CUST_391,1600039,PLANT_09,PORT02,49,67.90583
1400007399.0,2026-09-19,PORT07,CARRIER_11,2,DTD,3,0,CUST_048,1600049,PLANT_16,PORT05,14,37.954
1400007400.0,2026-02-03,PORT01,CARRIER_03,2,DTD,2,0,CUST_233,1600094,PLANT_01,PORT02,39,113.14119
1400007401.0,2026-01-10,PORT01,CARRIER_12,2,DTP,3,0,CUST_321,1600158,PLANT_03,PORT04,50,194.06213
1400007402.0,2026-09-22,PORT07,CARRIER_06,2,CRF,5,0,CUST_133,1600071,PLANT_16,PORT01,44,104.88845
1400007403.0,2026-02-21,PORT06,CARRIER_03,2,DTD,0,0,CUST_307,1600039,PLANT_20,PORT03,38,150.27196
1400007404.0,2026-06-03,PORT04,CARRIER_11,2,DTP,3,0,CUST_345,1600017,PLANT_15,PORT08,46,20.20752
1400007405.0,2026-09-07,PORT04,CARRIER_11,1,CRF,4,0,CUST_326,1600150,PLANT_02,PORT02,15,69.21871
1400007406.0,2026-07-07,PORT08,CARRIER_12,2,DTP,0,0,CUST_199,1600069,PLANT_18,PORT05,50,50.44964
1400007407.0,2026-02-15,PORT06,CARRIER_05,1,DTP,5,0,CUST_387,1600154,PLANT_19,PORT02,9,37.79306
1400007408.0,2026-09-21,PORT06,CARRIER_12,2,DTP,6,0,CUST_366,1600119,PLANT_15,PORT05,5,12.61848
1400007409.0,2026-01-18,PORT01,CARRIER_09,2,DTD,3,0,CUST_164,1600133,PLANT_09,PORT03,14,8.58361
1400007410.0,2026-03-26,PORT03,CARRIER_05,1,DTD,3,0,CUST_367,1600077,PLANT_06,PORT07,33,61.48005
1400007411.0,2026-02-09,PORT01,CARRIER_11,2,CRF,3,0,CUST_460,1600166,PLANT_18,PORT08,16,73.59712
1400007412.0,2026-07-07,PORT05,CARRIER_07,2,DTP,3,0,CUST_409,1600156,PLANT_12,PORT04,34,142.46334
1400007413.0,2026-09-10,PORT01,CARRIER_03,1,DTP,0,0,CUST_367,1600142,PLANT_01,PORT08,10,36.39347
1400007414.0,2026-08-26,PORT07,CARRIER_09,1,DTP,1,0,CUST_384,1600105,PLANT_14,PORT04,37,72.56606
1400007415.0,2026-02-20,PORT06,CARRIER_02,2,DTD,0,0,CUST_403,1600057,PLANT_20,PORT02,15,44.77612
1400007416.0,2026-05-06,PORT01,CARRIER_04,0,DTD,3,0,CUST_145,1600161,PLANT_19,PORT02,29,35.88453
1400007417.0,2026-02-23,PORT05,CARRIER_06,1,CRF,3,0,CUST_361,1600137,PLANT_12,PORT08,10,32.74433
1400007418.0,2026-05-06,PORT04,CARRIER_08,2,CRF,5,0,CUST_100,1600020,PLANT_13,PORT07,49,67.55177
1400007419.0,2026-03-26,PORT07,CARRIER_08,0,DTP,3,0,CUST_180,1600028,PLANT_07,PORT05,22,91.56694
1400007420.0,2026-09-28,PORT08,CARRIER_10,1,DTP,3,0,CUST_468,1600183,PLANT_18,PORT02,32,113.66532
1400007421.0,2026-10-02,PORT03,CARRIER_07,2,DTP,3,0,CUST_142,1600091,PLANT_07,PORT08,27,53.77966
1400007422.0,2026-10-26,PORT06,CARRIER_07,0,DTP,3,0,CUST_422,1600038,PLANT_20,PORT08,32,106.60677
1400007423.0,2026-03-15,PORT04,CARRIER_09,2,DTP,3,0,CUST_212,1600152,PLANT_02,PORT08,25,42.32918
1400007424.0,2026-01-05,PORT06,CARRIER_07,2,DTP,0,0,CUST_105,1600064,PLANT_20,PORT05,8,6.9016
1400007425.0,2026-01-13,PORT01,CARRIER_12,2,DTD,0,0,CUST_049,1600110,PLANT_19,PORT02,43,53.85326
1400007426.0,2026-11-04,PORT06,CARRIER_05,1,DTP,2,0,CUST_275,1600198,PLANT_20,PORT03,34,48.66323
1400007427.0,2026-11-27,PORT05,CARRIER_02,2,CRF,6,0,CUST_226,1600156,PLANT_12,PORT02,16,19.36674
1400007428.0,2026-03-19,PORT02,CARRIER_08,2,DTP,6,0,CUST_256,1600046,PLANT_02,PORT01,8,27.39156
1400007429.0,2026-11-16,PORT07,CARRIER_12,2,CRF,3,1,CUST_022,1600110,PLANT_11,PORT08,45,167.59533
1400007430.0,2026-07-13,PORT01,CARRIER_03,2,DTD,3,0,CUST_135,1600051,PLANT_09,PORT05,20,46.79964
1400007431.0,2026-03-09,PORT05,CARRIER_02,2,DTD,3,0,CUST_002,1600066,PLANT_12,PORT06,46,227.24874
1400007432.0,2026-04-25,PORT03,CARRIER_06,1,DTP,3,0,CUST_152,1600088,PLANT_04,PORT02,40,178.64004
1400007433.0,2026-04-07,PORT06,CARRIER_12,2,DTP,1,0,CUST_466,1600189,PLANT_19,PORT03,49,25.80075
1400007434.0,2026-10-06,PORT01,CARRIER_04,2,DTD,0,0,CUST_077,1600068,PLANT_03,PORT02,35,82.46729
1400007435.0,2026-03-10,PORT03,CARRIER_10,2,DTP,0,0,CUST_345,1600006,PLANT_11,PORT07,13,59.16997
1400007436.0,2026-03-08,PORT08,CARRIER_04,2,DTP,6,0,CUST_003,1600065,PLANT_15,PORT07,6,7.07577
1400007437.0,2026-09-20,PORT04,CARRIER_10,2,CRF,3,0,CUST_281,1600152,PLANT_07,PORT07,16,31.26625
1400007438.0,2026-04-21,PORT07,CARRIER_04,2,DTD,3,0,CUST_461,1600083,PLANT_14,PORT03,25,118.50106
1400007439.0,2026-04-02,PORT02,CARRIER_11,2,CRF,4,0,CUST_171,1600146,PLANT_02,PORT06,33,128.78929
1400007440.0,2026-10-22,PORT06,CARRIER_06,1,DTD,3,0,CUST_099,1600019,PLANT_15,PORT02,46,192.20606
1400007441.0,2026-12-06,PORT06,CARRIER_02,2,DTD,3,0,CUST_286,1600011,PLANT_02,PORT02,11,48.50418
1400007442.0,2026-07-22,PORT03,CARRIER_12,2,CRF,4,0,CUST_140,1600186,PLANT_11,PORT06,34,31.91787
1400007443.0,2026-10-30,PORT07,CARRIER_08,1,DTD,0,0,CUST_446,1600083,PLANT_14,PORT02,8,28.21154
1400007444.0,2026-11-04,PORT04,CARRIER_01,2,DTP,0,0,CUST_425,1600000,PLANT_13,PORT05,27,108.91061
1400007445.0,2026-08-03,PORT02,CARRIER_05,2,DTP,3,0,CUST_327,1600064,PLANT_04,PORT01,8,9.678
1400007446.0,2026-10-30,PORT01,CARRIER_11,2,DTP,0,0,CUST_320,1600196,PLANT_09,PORT03,22,6.87419
1400007447.0,2026-01-04,PORT05,CARRIER_05,1,DTP,3,0,CUST_302,1600081,PLANT_12,PORT02,32,31.16619
1400007448.0,2026-01-13,PORT08,CARRIER_12,2,DTD,4,0,CUST_368,1600100,PLANT_03,PORT03,38,141.84921
1400007449.0,2026-11-19,PORT03,CARRIER_07,2,CRF,4,3,CUST_231,1600016,PLANT_08,PORT02,42,147.08501
1400007450.0,2026-02-21,PORT07,CARRIER_02,2,DTP,2,0,CUST_485,1600048,PLANT_14,PORT04,29,129.61429
1400007451.0,2026-09-23,PORT02,CARRIER_08,0,DTD,0,0,CUST_173,1600033,PLANT_05,PORT04,16,26.44912
1400007452.0,2026-06-03,PORT06,CARRIER_01,2,DTP,6,0,CUST_005,1600096,PLANT_19,PORT07,46,144.74111
1400007453.0,2026-10-15,PORT02,CARRIER_09,2,DTD,5,0,CUST_350,1600158,PLANT_02,PORT07,47,10.87052
1400007454.0,2026-08-31,PORT07,CARRIER_01,2,DTP,2,0,CUST_332,1600063,PLANT_14,PORT02,49,229.41374
1400007455.0,2026-01-27,PORT02,CARRIER_08,2,DTP,5,0,CUST_491,1600072,PLANT_02,PORT05,41,115.49756
1400007456.0,2026-05-03,PORT07,CARRIER_02,2,DTP,5,0,CUST_198,1600182,PLANT_16,PORT08,40,150.68353
1400007457.0,2026-09-16,PORT07,CARRIER_03,2,DTP,2,0,CUST_213,1600163,PLANT_14,PORT08,8,11.92559
1400007458.0,2026-12-03,PORT06,CARRIER_03,2,DTP,3,0,CUST_282,1600057,PLANT_20,PORT01,31,15.54887
1400007459.0,2026-10-21,PORT08,CARRIER_05,1,DTD,5,0,CUST_197,1600184,PLANT_15,PORT03,23,9.38005
1400007460.0,2026-11-22,PORT07,CARRIER_08,2,DTP,3,0,CUST_393,1600071,PLANT_14,PORT04,16,65.46937
1400007461.0,2026-12-16,PORT01,CARRIER_11,1,DTP,3,0,CUST_215,1600037,PLANT_09,PORT05,8,6.75628
1400007462.0,2026-11-23,PORT01,CARRIER_08,2,DTP,6,0,CUST_392,1600135,PLANT_06,PORT03,14,57.92653
1400007463.0,2026-07-31,PORT03,CARRIER_09,2,DTP,5,0,CUST_213,1600065,PLANT_11,PORT06,47,65.79068
1400007464.0,2026-05-03,PORT07,CARRIER_11,2,DTP,0,0,CUST_113,1600127,PLANT_14,PORT06,46,126.60272
1400007465.0,2026-07-05,PORT04,CARRIER_06,2,DTP,3,0,CUST_496,1600047,PLANT_02,PORT07,39,53.95226
1400007466.0,2026-10-18,PORT06,CARRIER_02,1,DTD,5,0,CUST_264,1600029,PLANT_20,PORT03,9,3.1087
1400007467.0,2026-06-05,PORT08,CARRIER_03,2,DTD,0,0,CUST_354,1600100,PLANT_18,PORT05,36,99.258
1400007468.0,2026-10-31,PORT03,CARRIER_12,1,DTP,0,0,CUST_296,1600195,PLANT_11,PORT08,10,18.9889
1400007469.0,2026-09-13,PORT01,CARRIER_10,2,DTD,5,0,CUST_180,1600008,PLANT_01,PORT07,36,80.3534
1400007470.0,2026-03-18,PORT02,CARRIER_12,2,DTP,4,0,CUST_487,1600078,PLANT_02,PORT04,6,18.28583
1400007471.0,2026-12-03,PORT08,CARRIER_03,1,DTP,0,0,CUST_186,1600148,PLANT_18,PORT06,18,29.46487
1400007472.0,2026-11-05,PORT08,CARRIER_02,2,DTP,0,0,CUST_497,1600160,PLANT_08,PORT05,10,28.62647
1400007473.0,2026-08-07,PORT02,CARRIER_11,1,DTP,4,0,CUST_216,1600043,PLANT_04,PORT03,47,156.18516
1400007474.0,2026-03-12,PORT08,CARRIER_12,2,DTD,0,0,CUST_012,1600042,PLANT_08,PORT07,31,16.70188
1400007475.0,2026-03-24,PORT07,CARRIER_06,2,DTP,0,0,CUST_019,1600178,PLANT_10,PORT04,47,85.32724
1400007476.0,2026-11-03,PORT03,CARRIER_12,1,DTP,5,0,CUST_487,1600091,PLANT_07,PORT06,5,2.70371
1400007477.0,2026-01-07,PORT08,CARRIER_08,1,DTP,4,0,CUST_264,1600124,PLANT_03,PORT04,39,5.22501
1400007478.0,2026-06-26,PORT02,CARRIER_11,2,DTP,3,0,CUST_194,1600099,PLANT_02,PORT08,27,9.47775
1400007479.0,2026-08-14,PORT07,CARRIER_03,2,CRF,3,0,CUST_406,1600198,PLANT_16,PORT01,26,78.04816
1400007480.0,2026-03-26,PORT08,CARRIER_07,2,DTP,3,0,CUST_309,1600056,PLANT_03,PORT06,45,23.08931
1400007481.0,2026-11-12,PORT07,CARRIER_02,2,DTP,1,0,CUST_331,1600057,PLANT_11,PORT08,7,30.4896
1400007482.0,2026-07-10,PORT04,CARRIER_10,1,DTP,6,0,CUST_343,1600003,PLANT_15,PORT06,48,183.42125
1400007483.0,2026-01-25,PORT07,CARRIER_03,2,DTP,3,0,CUST_100,1600172,PLANT_14,PORT03,6,0.85926
1400007484.0,2026-04-27,PORT03,CARRIER_11,2,DTD,3,0,CUST_045,1600063,PLANT_11,PORT02,21,61.08693
1400007485.0,2026-05-26,PORT07,CARRIER_07,2,DTD,3,0,CUST_365,1600192,PLANT_14,PORT03,11,1.65258
1400007486.0,2026-03-23,PORT05,CARRIER_09,2,DTD,3,0,CUST_011,1600131,PLANT_12,PORT01,29,18.41658
1400007487.0,2026-12-10,PORT03,CARRIER_09,2,DTP,1,0,CUST_360,1600041,PLANT_17,PORT02,32,158.15749
1400007488.0,2026-05-12,PORT06,CARRIER_11,2,DTD,3,0,CUST_065,1600168,PLANT_20,PORT05,34,79.54006
1400007489.0,2026-07-03,PORT07,CARRIER_06,0,DTP,3,0,CUST_132,1600117,PLANT_07,PORT01,41,9.56673
1400007490.0,2026-07-15,PORT02,CARRIER_05,2,DTP,4,0,CUST_354,1600048,PLANT_01,PORT03,39,166.3951
1400007491.0,2026-03-22,PORT02,CARRIER_10,2,CRF,4,0,CUST_312,1600042,PLANT_02,PORT04,48,220.5595
1400007492.0,2026-07-27,PORT06,CARRIER_05,2,DTP,0,2,CUST_391,1600170,PLANT_19,PORT08,25,69.67697
1400007493.0,2026-05-10,PORT03,CARRIER_02,3,CRF,3,0,CUST_306,1600180,PLANT_04,PORT02,13,46.26851
1400007494.0,2026-01-04,PORT02,CARRIER_08,1,DTD,3,0,CUST_024,1600084,PLANT_01,PORT06,12,47.07112
1400007495.0,2026-05-29,PORT06,CARRIER_12,2,DTP,3,0,CUST_420,1600080,PLANT_15,PORT07,17,62.89816
1400007496.0,2026-08-02,PORT01,CARRIER_08,2,DTD,5,1,CUST_108,1600178,PLANT_19,PORT03,32,80.74107
1400007497.0,2026-02-12,PORT06,CARRIER_08,2,CRF,4,0,CUST_069,1600069,PLANT_17,PORT08,7,29.26108
1400007498.0,2026-10-12,PORT03,CARRIER_04,1,DTD,2,0,CUST_440,1600049,PLANT_04,PORT04,48,128.82767
1400007499.0,2026-08-30,PORT06,CARRIER_04,2,DTP,3,0,CUST_098,1600164,PLANT_15,PORT02,50,68.5783
1400007500.0,2026-04-24,PORT06,CARRIER_08,2,DTD,0,0,CUST_269,1600006,PLANT_02,PORT02,12,1.43915
1400007501.0,2026-08-05,PORT03,CARRIER_07,2,DTP,0,0,CUST_243,1600157,PLANT_06,PORT01,40,74.28363
1400007502.0,2026-04-21,PORT02,CARRIER_12,2,DTP,0,0,CUST_385,1600127,PLANT_02,PORT06,32,16.14943
1400007503.0,2026-08-25,PORT03,CARRIER_06,2,DTP,3,0,CUST_023,1600041,PLANT_04,PORT05,27,11.07147
1400007504.0,2026-02-26,PORT03,CARRIER_09,1,DTP,3,0,CUST_054,1600118,PLANT_17,PORT07,38,91.16955
1400007505.0,2026-08-11,PORT04,CARRIER_10,1,DTP,3,0,CUST_208,1600160,PLANT_13,PORT06,31,146.44414
1400007506.0,2026-01-21,PORT02,CARRIER_09,2,DTD,3,0,CUST_237,1600145,PLANT_01,PORT05,19,11.72339
1400007507.0,2026-01-07,PORT06,CARRIER_04,2,DTP,0,0,CUST_395,1600054,PLANT_02,PORT08,30,43.24125
1400007508.0,2026-04-03,PORT07,CARRIER_10,2,DTP,3,0,CUST_303,1600135,PLANT_16,PORT02,11,45.84121
1400007509.0,2026-03-05,PORT06,CARRIER_08,2,DTP,1,0,CUST_075,1600055,PLANT_15,PORT04,16,33.10344
1400007510.0,2026-06-29,PORT07,CARRIER_06,1,DTP,3,0,CUST_490,1600067,PLANT_16,PORT08,49,187.08878
1400007511.0,2026-03-02,PORT02,CARRIER_09,1,DTP,3,0,CUST_230,1600074,PLANT_09,PORT03,13,35.8467
1400007512.0,2026-03-31,PORT07,CARRIER_10,2,DTD,0,0,CUST_483,1600093,PLANT_07,PORT03,32,97.89643
1400007513.0,2026-02-05,PORT07,CARRIER_12,2,DTP,3,0,CUST_495,1600157,PLANT_13,PORT01,18,16.01284
1400007514.0,2026-11-20,PORT05,CARRIER_09,1,DTP,4,0,CUST_026,1600014,PLANT_12,PORT04,26,47.48075
1400007515.0,2026-09-26,PORT02,CARRIER_02,1,DTD,1,0,CUST_253,1600121,PLANT_04,PORT07,16,50.34563
1400007516.0,2026-03-21,PORT02,CARRIER_08,2,DTD,4,0,CUST_212,1600015,PLANT_09,PORT07,31,7.16609
1400007517.0,2026-02-13,PORT02,CARRIER_08,2,DTP,0,0,CUST_250,1600077,PLANT_04,PORT04,30,30.684
1400007518.0,2026-11-07,PORT07,CARRIER_01,2,DTP,4,0,CUST_155,1600094,PLANT_14,PORT02,33,65.79618
1400007519.0,2026-09-01,PORT01,CARRIER_05,2,DTP,0,0,CUST_280,1600050,PLANT_06,PORT04,19,64.70476
1400007520.0,2026-11-20,PORT02,CARRIER_02,1,DTP,6,0,CUST_247,1600138,PLANT_02,PORT04,31,80.50654
1400007521.0,2026-03-07,PORT01,CARRIER_05,2,CRF,0,0,CUST_094,1600032,PLANT_19,PORT02,38,137.62792
1400007522.0,2026-05-11,PORT08,CARRIER_06,2,DTP,6,0,CUST_145,1600094,PLANT_18,PORT06,38,139.14171
1400007523.0,2026-02-13,PORT01,CARRIER_06,2,DTD,0,0,CUST_074,1600197,PLANT_01,PORT05,31,7.81721
1400007524.0,2026-06-04,PORT03,CARRIER_10,2,DTD,3,0,CUST_422,1600175,PLANT_07,PORT01,18,81.33103
1400007525.0,2026-03-01,PORT02,CARRIER_05,1,CRF,2,0,CUST_339,1600158,PLANT_02,PORT05,29,120.02097
1400007526.0,2026-01-02,PORT04,CARRIER_05,1,DTP,0,2,CUST_194,1600196,PLANT_13,PORT03,29,41.41881
1400007527.0,2026-07-05,PORT04,CARRIER_07,2,DTP,0,0,CUST_198,1600184,PLANT_15,PORT05,48,118.76026
1400007528.0,2026-12-24,PORT07,CARRIER_02,2,DTP,0,0,CUST_040,1600185,PLANT_14,PORT03,22,35.41856
1400007529.0,2026-08-24,PORT02,CARRIER_03,2,DTP,3,2,CUST_145,1600014,PLANT_04,PORT04,19,86.30839
1400007530.0,2026-10-04,PORT07,CARRIER_08,2,DTD,3,0,CUST_463,1600099,PLANT_10,PORT02,39,77.05671
1400007531.0,2026-10-24,PORT02,CARRIER_11,2,CRF,3,0,CUST_016,1600037,PLANT_02,PORT07,34,69.38245
1400007532.0,2026-12-21,PORT06,CARRIER_08,2,DTP,3,0,CUST_074,1600048,PLANT_15,PORT08,24,109.64086
1400007533.0,2026-02-16,PORT01,CARRIER_11,2,DTD,0,0,CUST_424,1600024,PLANT_18,PORT03,5,15.217
1400007534.0,2026-04-02,PORT07,CARRIER_03,1,DTD,3,0,CUST_261,1600003,PLANT_16,PORT05,37,28.69576
1400007535.0,2026-08-13,PORT05,CARRIER_02,2,DTP,4,0,CUST_017,1600123,PLANT_12,PORT08,38,120.36434
1400007536.0,2026-10-27,PORT05,CARRIER_10,2,DTP,0,0,CUST_245,1600107,PLANT_12,PORT01,47,187.66132
1400007537.0,2026-10-10,PORT06,CARRIER_01,2,DTD,4,0,CUST_375,1600120,PLANT_17,PORT03,28,49.15181
1400007538.0,2026-09-23,PORT06,CARRIER_11,2,DTD,1,0,CUST_173,1600042,PLANT_05,PORT01,28,75.10516
1400007539.0,2026-04-25,PORT06,CARRIER_06,2,CRF,3,0,CUST_191,1600163,PLANT_20,PORT08,14,44.40133
1400007540.0,2026-05-14,PORT06,CARRIER_01,1,DTP,4,0,CUST_316,1600053,PLANT_15,PORT04,26,67.62709
1400007541.0,2026-01-30,PORT08,CARRIER_09,2,DTP,3,0,CUST_300,1600042,PLANT_06,PORT06,5,24.97855
1400007542.0,2026-04-25,PORT02,CARRIER_12,2,DTD,3,0,CUST_452,1600059,PLANT_04,PORT01,28,72.33198
1400007543.0,2026-02-26,PORT01,CARRIER_08,2,DTP,3,0,CUST_124,1600089,PLANT_06,PORT06,37,120.34352
1400007544.0,2026-12-09,PORT08,CARRIER_10,1,DTD,3,0,CUST_139,1600016,PLANT_08,PORT01,41,163.53212
1400007545.0,2026-02-03,PORT03,CARRIER_03,2,DTP,3,0,CUST_078,1600124,PLANT_17,PORT08,35,26.92402
1400007546.0,2026-05-13,PORT01,CARRIER_12,4,DTP,6,0,CUST_333,1600123,PLANT_18,PORT04,42,13.23674
1400007547.0,2026-11-20,PORT08,CARRIER_07,2,DTD,4,0,CUST_267,1600113,PLANT_15,PORT01,35,170.36776
1400007548.0,2026-12-15,PORT07,CARRIER_10,2,DTP,0,0,CUST_174,1600133,PLANT_14,PORT06,40,147.52279
1400007549.0,2026-05-18,PORT07,CARRIER_01,0,DTP,3,0,CUST_348,1600068,PLANT_13,PORT03,25,50.67704
1400007550.0,2026-06-19,PORT06,CARRIER_05,2,DTP,3,0,CUST_189,1600179,PLANT_19,PORT02,32,5.97047
1400007551.0,2026-07-11,PORT03,CARRIER_02,2,DTP,3,0,CUST_098,1600019,PLANT_06,PORT07,34,31.12219
1400007552.0,2026-10-28,PORT07,CARRIER_12,2,DTP,0,0,CUST_270,1600006,PLANT_14,PORT03,31,4.58069
1400007553.0,2026-10-08,PORT01,CARRIER_04,2,DTP,4,0,CUST_219,1600165,PLANT_18,PORT04,31,63.32186
1400007554.0,2026-07-11,PORT04,CARRIER_07,2,DTD,3,0,CUST_203,1600066,PLANT_02,PORT01,40,112.75165
1400007555.0,2026-05-16,PORT01,CARRIER_09,1,DTP,0,0,CUST_223,1600065,PLANT_01,PORT08,15,13.30287
1400007556.0,2026-05-16,PORT07,CARRIER_04,2,DTP,0,0,CUST_458,1600167,PLANT_14,PORT03,19,61.47072
1400007557.0,2026-08-25,PORT01,CARRIER_10,1,DTP,3,0,CUST_108,1600192,PLANT_09,PORT07,28,133.7219
1400007558.0,2026-11-01,PORT07,CARRIER_08,1,DTD,4,0,CUST_138,1600064,PLANT_13,PORT08,34,168.40905
1400007559.0,2026-01-28,PORT07,CARRIER_02,2,DTP,2,0,CUST_283,1600021,PLANT_14,PORT05,28,117.11043
1400007560.0,2026-10-08,PORT03,CARRIER_04,2,DTP,0,0,CUST_024,1600122,PLANT_08,PORT02,14,31.85044
1400007561.0,2026-06-25,PORT08,CARRIER_03,2,DTP,0,0,CUST_073,1600047,PLANT_08,PORT07,42,116.85685
1400007562.0,2026-02-22,PORT04,CARRIER_03,2,CRF,3,0,CUST_284,1600194,PLANT_13,PORT06,30,76.98613
1400007563.0,2026-02-05,PORT04,CARRIER_03,2,DTP,3,0,CUST_255,1600158,PLANT_15,PORT06,24,20.70641
1400007564.0,2026-05-04,PORT05,CARRIER_08,1,DTP,0,3,CUST_327,1600072,PLANT_12,PORT06,45,192.89832
1400007565.0,2026-04-01,PORT07,CARRIER_07,2,DTP,4,0,CUST_057,1600048,PLANT_14,PORT02,25,85.28439
1400007566.0,2026-02-08,PORT05,CARRIER_06,1,DTD,0,0,CUST_427,1600174,PLANT_12,PORT06,12,38.71061
1400007567.0,2026-04-18,PORT07,CARRIER_02,1,DTP,4,2,CUST_243,1600125,PLANT_16,PORT02,50,58.98114
1400007568.0,2026-11-01,PORT04,CARRIER_09,1,DTD,5,0,CUST_078,1600175,PLANT_13,PORT08,22,18.71057
1400007569.0,2026-09-19,PORT08,CARRIER_10,1,DTP,0,0,CUST_156,1600164,PLANT_18,PORT06,46,201.38017
1400007570.0,2026-03-18,PORT05,CARRIER_10,2,DTP,5,0,CUST_114,1600191,PLANT_17,PORT08,28,27.41559
1400007571.0,2026-09-04,PORT06,CARRIER_09,2,CRF,3,0,CUST_227,1600189,PLANT_02,PORT04,16,7.37953
1400007572.0,2026-06-14,PORT06,CARRIER_08,2,DTP,5,0,CUST_235,1600123,PLANT_02,PORT02,22,69.64024
1400007573.0,2026-09-30,PORT06,CARRIER_09,2,DTP,2,0,CUST_217,1600073,PLANT_02,PORT01,46,163.35897
1400007574.0,2026-04-01,PORT07,CARRIER_05,2,CRF,5,0,CUST_231,1600085,PLANT_16,PORT03,48,32.93519
1400007575.0,2026-01-23,PORT07,CARRIER_04,2,DTP,3,0,CUST_454,1600025,PLANT_16,PORT02,11,12.24972
1400007576.0,2026-04-25,PORT07,CARRIER_07,2,DTP,0,0,CUST_480,1600023,PLANT_13,PORT01,50,198.24713
1400007577.0,2026-12-29,PORT03,CARRIER_07,2,DTP,6,0,CUST_245,1600051,PLANT_17,PORT01,44,204.81857
1400007578.0,2026-07-22,PORT02,CARRIER_02,2,DTD,5,0,CUST_482,1600058,PLANT_04,PORT03,34,82.78302
1400007579.0,2026-01-20,PORT07,CARRIER_04,2,CRF,0,0,CUST_410,1600097,PLANT_11,PORT02,13,51.75072
1400007580.0,2026-12-23,PORT03,CARRIER_02,2,DTP,3,0,CUST_410,1600143,PLANT_04,PORT07,31,51.61688
1400007581.0,2026-10-29,PORT07,CARRIER_06,1,CRF,6,0,CUST_113,1600143,PLANT_13,PORT02,24,85.10031
1400007582.0,2026-07-18,PORT07,CARRIER_10,2,DTP,3,0,CUST_220,1600183,PLANT_14,PORT08,10,28.3038
1400007583.0,2026-09-28,PORT06,CARRIER_02,2,DTP,3,1,CUST_177,1600072,PLANT_15,PORT08,50,211.58667
1400007584.0,2026-03-09,PORT03,CARRIER_08,3,DTP,0,2,CUST_049,1600147,PLANT_11,PORT07,32,124.86129
1400007585.0,2026-08-04,PORT06,CARRIER_03,1,DTP,3,0,CUST_038,1600015,PLANT_20,PORT02,9,13.43039
1400007586.0,2026-11-30,PORT04,CARRIER_07,1,DTP,3,4,CUST_312,1600105,PLANT_02,PORT06,20,16.64661
1400007587.0,2026-06-10,PORT07,CARRIER_01,1,DTP,3,0,CUST_211,1600071,PLANT_14,PORT03,43,174.47328
1400007588.0,2026-01-15,PORT03,CARRIER_03,2,DTD,3,0,CUST_413,1600011,PLANT_06,PORT08,25,6.51709
1400007589.0,2026-10-04,PORT08,CARRIER_08,2,DTD,3,0,CUST_335,1600055,PLANT_15,PORT02,27,92.53683
1400007590.0,2026-09-24,PORT06,CARRIER_12,2,DTP,0,0,CUST_043,1600151,PLANT_20,PORT05,11,26.75178
1400007591.0,2026-09-28,PORT05,CARRIER_10,2,DTP,4,0,CUST_420,1600160,PLANT_12,PORT02,10,4.68967
1400007592.0,2026-08-25,PORT03,CARRIER_12,1,CRF,0,0,CUST_249,1600192,PLANT_08,PORT06,49,170.22355
1400007593.0,2026-02-20,PORT06,CARRIER_12,2,DTD,3,0,CUST_283,1600180,PLANT_02,PORT07,48,118.37199
1400007594.0,2026-02-11,PORT07,CARRIER_07,2,DTP,4,0,CUST_483,1600178,PLANT_14,PORT01,9,38.83047
1400007595.0,2026-10-17,PORT05,CARRIER_09,1,DTP,4,0,CUST_321,1600081,PLANT_12,PORT03,30,33.66889
1400007596.0,2026-11-09,PORT08,CARRIER_06,2,DTD,0,0,CUST_012,1600073,PLANT_18,PORT01,36,4.00564
1400007597.0,2026-01-29,PORT08,CARRIER_11,2,DTP,4,0,CUST_089,1600169,PLANT_18,PORT02,45,33.27234
1400007598.0,2026-08-01,PORT03,CARRIER_03,2,DTP,0,0,CUST_214,1600187,PLANT_17,PORT08,30,42.63267
1400007599.0,2026-07-02,PORT05,CARRIER_05,3,DTP,0,0,CUST_019,1600112,PLANT_17,PORT04,44,145.02389
1400007600.0,2026-05-08,PORT04,CARRIER_12,1,DTP,4,0,CUST_084,1600065,PLANT_13,PORT06,10,18.76952
1400007601.0,2026-08-24,PORT02,CARRIER_10,2,CRF,0,0,CUST_396,1600010,PLANT_02,PORT08,5,3.39705
1400007602.0,2026-11-30,PORT08,CARRIER_01,2,DTP,3,0,CUST_072,1600009,PLANT_08,PORT04,26,127.65246
1400007603.0,2026-10-27,PORT03,CARRIER_03,2,DTD,5,0,CUST_084,1600153,PLANT_13,PORT01,17,10.71535
1400007604.0,2026-02-25,PORT02,CARRIER_10,2,DTD,0,0,CUST_253,1600033,PLANT_05,PORT08,39,71.7635
1400007605.0,2026-06-19,PORT02,CARRIER_07,2,DTP,4,0,CUST_046,1600073,PLANT_02,PORT01,20,87.90722
1400007606.0,2026-12-08,PORT06,CARRIER_10,1,DTP,3,0,CUST_128,1600170,PLANT_02,PORT04,23,75.84975
1400007607.0,2026-03-28,PORT07,CARRIER_05,1,DTP,3,0,CUST_469,1600029,PLANT_10,PORT06,29,48.34328
1400007608.0,2026-11-08,PORT01,CARRIER_10,1,DTP,3,0,CUST_316,1600127,PLANT_03,PORT08,49,237.88026
1400007609.0,2026-06-29,PORT07,CARRIER_09,1,DTP,3,0,CUST_482,1600183,PLANT_14,PORT02,8,20.44306
1400007610.0,2026-07-10,PORT06,CARRIER_07,2,CRF,4,0,CUST_178,1600020,PLANT_20,PORT07,30,4.19215
1400007611.0,2026-04-02,PORT07,CARRIER_08,1,DTD,4,0,CUST_309,1600108,PLANT_16,PORT03,22,2.86441
1400007612.0,2026-12-02,PORT05,CARRIER_01,2,DTP,3,0,CUST_120,1600028,PLANT_17,PORT02,6,28.26567
1400007613.0,2026-07-12,PORT02,CARRIER_10,2,DTP,3,0,CUST_190,1600134,PLANT_02,PORT01,42,62.06697
1400007614.0,2026-07-29,PORT01,CARRIER_08,2,DTP,3,0,CUST_088,1600145,PLANT_09,PORT06,47,191.71856
1400007615.0,2026-06-18,PORT05,CARRIER_03,2,DTD,3,0,CUST_417,1600000,PLANT_12,PORT08,12,3.76133
1400007616.0,2026-02-02,PORT03,CARRIER_02,1,DTD,0,0,CUST_093,1600043,PLANT_08,PORT06,39,31.97586
1400007617.0,2026-10-12,PORT08,CARRIER_11,2,DTP,2,0,CUST_103,1600122,PLANT_18,PORT06,37,159.03413
1400007618.0,2026-04-30,PORT03,CARRIER_06,2,DTP,2,0,CUST_232,1600100,PLANT_11,PORT08,37,183.92876
1400007619.0,2026-03-29,PORT05,CARRIER_04,1,DTP,3,0,CUST_215,1600156,PLANT_12,PORT06,26,9.21498
1400007620.0,2026-10-13,PORT07,CARRIER_11,2,DTD,0,0,CUST_157,1600086,PLANT_16,PORT05,19,17.507
1400007621.0,2026-03-14,PORT07,CARRIER_01,2,DTD,3,0,CUST_179,1600000,PLANT_16,PORT01,8,29.13815
1400007622.0,2026-09-07,PORT05,CARRIER_11,2,DTP,6,0,CUST_148,1600157,PLANT_17,PORT03,6,16.16739
1400007623.0,2026-06-23,PORT02,CARRIER_05,2,CRF,0,0,CUST_457,1600141,PLANT_04,PORT04,13,27.16004
1400007624.0,2026-10-19,PORT02,CARRIER_10,2,DTP,3,0,CUST_291,1600055,PLANT_09,PORT01,29,30.53384
1400007625.0,2026-01-19,PORT07,CARRIER_01,2,DTP,0,0,CUST_460,1600177,PLANT_16,PORT05,11,52.05897
1400007626.0,2026-10-10,PORT06,CARRIER_10,2,DTD,3,0,CUST_494,1600193,PLANT_02,PORT02,36,33.98817
1400007627.0,2026-03-25,PORT03,CARRIER_08,2,DTP,0,0,CUST_326,1600090,PLANT_07,PORT06,33,46.19085
1400007628.0,2026-11-14,PORT06,CARRIER_11,2,DTP,5,0,CUST_413,1600027,PLANT_17,PORT03,20,33.78122
1400007629.0,2026-05-10,PORT02,CARRIER_03,2,DTP,2,0,CUST_056,1600119,PLANT_04,PORT06,9,7.01152
1400007630.0,2026-01-03,PORT01,CARRIER_02,2,DTP,6,3,CUST_475,1600100,PLANT_03,PORT06,28,76.37118
1400007631.0,2026-06-27,PORT03,CARRIER_09,2,DTP,0,0,CUST_242,1600104,PLANT_08,PORT05,42,74.4447
1400007632.0,2026-01-20,PORT05,CARRIER_09,2,CRF,4,0,CUST_357,1600113,PLANT_12,PORT04,23,70.80441
1400007633.0,2026-04-09,PORT08,CARRIER_11,1,DTD,1,0,CUST_123,1600098,PLANT_03,PORT07,42,79.90519
1400007634.0,2026-09-19,PORT01,CARRIER_10,2,DTP,0,0,CUST_048,1600135,PLANT_01,PORT02,18,12.06856
1400007635.0,2026-07-24,PORT03,CARRIER_08,1,DTD,5,0,CUST_443,1600060,PLANT_11,PORT05,8,35.00582
1400007636.0,2026-09-16,PORT01,CARRIER_10,2,DTP,2,0,CUST_225,1600143,PLANT_01,PORT04,34,88.30804
1400007637.0,2026-11-17,PORT03,CARRIER_08,2,DTP,3,0,CUST_070,1600052,PLANT_11,PORT06,45,75.46803
1400007638.0,2026-06-20,PORT02,CARRIER_02,2,DTP,3,0,CUST_330,1600110,PLANT_04,PORT05,45,8.10843
1400007639.0,2026-07-18,PORT05,CARRIER_06,2,DTP,3,0,CUST_028,1600199,PLANT_12,PORT01,49,148.44294
1400007640.0,2026-01-22,PORT03,CARRIER_03,2,DTP,0,0,CUST_226,1600097,PLANT_17,PORT07,9,35.40844
1400007641.0,2026-04-15,PORT03,CARRIER_02,1,DTP,5,0,CUST_353,1600106,PLANT_06,PORT04,6,19.7118
1400007642.0,2026-09-22,PORT07,CARRIER_02,2,DTP,3,0,CUST_361,1600160,PLANT_16,PORT04,31,122.75456
1400007643.0,2026-01-23,PORT01,CARRIER_06,2,DTP,5,0,CUST_227,1600025,PLANT_19,PORT05,48,41.25267
1400007644.0,2026-05-12,PORT07,CARRIER_07,2,DTP,4,0,CUST_185,1600165,PLANT_14,PORT01,50,243.06723
1400007645.0,2026-02-19,PORT05,CARRIER_05,2,DTD,4,0,CUST_420,1600060,PLANT_12,PORT03,17,19.30406
1400007646.0,2026-11-09,PORT01,CARRIER_12,2,CRF,3,0,CUST_093,1600061,PLANT_01,PORT06,22,30.95884
1400007647.0,2026-07-24,PORT08,CARRIER_05,1,DTD,0,0,CUST_038,1600050,PLANT_15,PORT07,35,91.36452
1400007648.0,2026-08-24,PORT04,CARRIER_06,2,DTP,5,0,CUST_079,1600155,PLANT_15,PORT08,47,5.89653
1400007649.0,2026-09-07,PORT07,CARRIER_08,2,DTP,4,0,CUST_401,1600164,PLANT_13,PORT04,13,29.48397
1400007650.0,2026-03-23,PORT07,CARRIER_03,2,DTP,3,0,CUST_235,1600026,PLANT_14,PORT04,49,51.89364
1400007651.0,2026-01-19,PORT02,CARRIER_07,2,DTP,5,0,CUST_019,1600085,PLANT_02,PORT03,42,158.34793
1400007652.0,2026-05-26,PORT07,CARRIER_03,1,DTD,0,2,CUST_085,1600100,PLANT_16,PORT02,8,30.50393
1400007653.0,2026-03-09,PORT01,CARRIER_11,2,DTD,1,0,CUST_015,1600086,PLANT_06,PORT05,43,134.03533
1400007654.0,2026-04-28,PORT06,CARRIER_06,2,DTP,0,0,CUST_408,1600111,PLANT_02,PORT07,34,73.65275
1400007655.0,2026-04-27,PORT07,CARRIER_10,1,CRF,3,0,CUST_231,1600176,PLANT_11,PORT06,50,81.00733
1400007656.0,2026-10-13,PORT07,CARRIER_06,2,DTP,3,0,CUST_035,1600039,PLANT_14,PORT01,14,58.16389
1400007657.0,2026-04-27,PORT02,CARRIER_09,2,DTP,0,6,CUST_111,1600186,PLANT_02,PORT01,50,129.23794
1400007658.0,2026-02-25,PORT06,CARRIER_02,1,DTD,3,0,CUST_309,1600115,PLANT_19,PORT01,7,17.72881
1400007659.0,2026-12-16,PORT02,CARRIER_11,2,DTP,2,0,CUST_297,1600128,PLANT_05,PORT08,8,5.24657
1400007660.0,2026-01-18,PORT03,CARRIER_04,2,DTP,3,0,CUST_410,1600097,PLANT_08,PORT04,25,29.25192
1400007661.0,2026-03-16,PORT02,CARRIER_06,1,DTP,1,0,CUST_013,1600157,PLANT_04,PORT06,35,65.32391
1400007662.0,2026-05-07,PORT06,CARRIER_10,1,DTP,0,0,CUST_035,1600026,PLANT_17,PORT08,12,42.29255
1400007663.0,2026-01-23,PORT05,CARRIER_12,2,DTP,3,0,CUST_018,1600000,PLANT_12,PORT06,17,72.11107
1400007664.0,2026-11-25,PORT02,CARRIER_07,2,DTD,0,0,CUST_198,1600185,PLANT_05,PORT03,22,109.23034
1400007665.0,2026-05-09,PORT04,CARRIER_05,2,DTP,3,0,CUST_364,1600158,PLANT_15,PORT01,10,21.94417
1400007666.0,2026-10-13,PORT07,CARRIER_06,2,DTD,3,0,CUST_332,1600000,PLANT_13,PORT01,13,30.16912
1400007667.0,2026-02-19,PORT06,CARRIER_04,2,DTP,5,0,CUST_106,1600198,PLANT_15,PORT05,11,42.39066
1400007668.0,2026-07-10,PORT03,CARRIER_05,2,DTP,0,0,CUST_329,1600077,PLANT_06,PORT08,48,80.35258
1400007669.0,2026-02-16,PORT06,CARRIER_10,1,DTP,1,0,CUST_329,1600017,PLANT_15,PORT01,48,131.92983
1400007670.0,2026-03-26,PORT07,CARRIER_09,2,DTP,4,0,CUST_096,1600014,PLANT_14,PORT06,33,112.7737
1400007671.0,2026-05-29,PORT07,CARRIER_10,1,DTP,1,0,CUST_375,1600063,PLANT_10,PORT03,36,45.27445
1400007672.0,2026-11-11,PORT07,CARRIER_04,4,DTP,3,0,CUST_212,1600083,PLANT_14,PORT08,11,16.1699
1400007673.0,2026-04-22,PORT02,CARRIER_05,1,CRF,4,0,CUST_030,1600141,PLANT_04,PORT03,7,12.91734
1400007674.0,2026-10-03,PORT07,CARRIER_02,1,DTD,0,0,CUST_196,1600045,PLANT_16,PORT05,22,64.47443
1400007675.0,2026-02-03,PORT01,CARRIER_08,2,DTP,6,0,CUST_385,1600011,PLANT_01,PORT06,50,71.25179
1400007676.0,2026-04-02,PORT07,CARRIER_09,1,DTP,3,0,CUST_349,1600041,PLANT_16,PORT01,26,29.12058
1400007677.0,2026-08-09,PORT06,CARRIER_11,2,DTD,4,0,CUST_135,1600194,PLANT_20,PORT02,42,34.96879
1400007678.0,2026-06-20,PORT06,CARRIER_11,2,CRF,5,0,CUST_379,1600069,PLANT_17,PORT05,22,89.44361
1400007679.0,2026-07-03,PORT02,CARRIER_01,2,CRF,5,0,CUST_195,1600189,PLANT_02,PORT07,19,84.38395
1400007680.0,2026-09-05,PORT01,CARRIER_03,1,DTD,0,0,CUST_231,1600168,PLANT_18,PORT02,42,190.39178
1400007681.0,2026-01-29,PORT08,CARRIER_10,1,DTP,3,0,CUST_044,1600180,PLANT_08,PORT02,26,107.27613
1400007682.0,2026-09-11,PORT03,CARRIER_06,2,DTP,3,1,CUST_499,1600008,PLANT_04,PORT04,38,29.36325
1400007683.0,2026-11-11,PORT05,CARRIER_05,2,DTD,3,0,CUST_420,1600189,PLANT_12,PORT07,38,22.00141
1400007684.0,2026-10-07,PORT06,CARRIER_06,1,DTD,4,0,CUST_098,1600187,PLANT_05,PORT07,38,96.7444
1400007685.0,2026-04-14,PORT08,CARRIER_12,1,DTD,3,0,CUST_281,1600030,PLANT_15,PORT05,36,95.57971
1400007686.0,2026-05-09,PORT04,CARRIER_12,2,DTP,3,0,CUST_391,1600001,PLANT_07,PORT05,42,155.01501
1400007687.0,2026-12-17,PORT06,CARRIER_02,2,DTP,3,0,CUST_253,1600027,PLANT_20,PORT05,26,30.99501
1400007688.0,2026-10-16,PORT07,CARRIER_08,2,DTP,1,0,CUST_106,1600021,PLANT_10,PORT06,18,83.90976
1400007689.0,2026-12-07,PORT07,CARRIER_08,1,CRF,3,1,CUST_485,1600050,PLANT_16,PORT05,28,45.32237
1400007690.0,2026-11-30,PORT08,CARRIER_06,2,DTP,0,0,CUST_135,1600142,PLANT_03,PORT03,19,55.69401
1400007691.0,2026-06-08,PORT02,CARRIER_10,2,DTP,3,1,CUST_168,1600105,PLANT_04,PORT05,6,26.00788
1400007692.0,2026-02-17,PORT05,CARRIER_03,2,DTP,0,0,CUST_186,1600129,PLANT_12,PORT03,21,55.96281
1400007693.0,2026-03-25,PORT01,CARRIER_02,2,DTD,4,0,CUST_446,1600069,PLANT_09,PORT03,28,106.18808
1400007694.0,2026-04-18,PORT07,CARRIER_05,1,CRF,0,0,CUST_251,1600075,PLANT_14,PORT02,28,105.56639
1400007695.0,2026-11-01,PORT06,CARRIER_11,2,DTP,3,0,CUST_360,1600018,PLANT_19,PORT02,20,79.42208
1400007696.0,2026-04-11,PORT02,CARRIER_01,2,DTD,3,0,CUST_451,1600153,PLANT_01,PORT08,38,154.81719
1400007697.0,2026-05-12,PORT02,CARRIER_05,2,DTP,3,0,CUST_465,1600045,PLANT_09,PORT06,18,36.41523
1400007698.0,2026-11-07,PORT08,CARRIER_08,2,DTP,3,0,CUST_429,1600082,PLANT_15,PORT04,34,63.96847
1400007699.0,2026-03-01,PORT01,CARRIER_01,2,DTP,4,0,CUST_454,1600054,PLANT_01,PORT07,17,68.63139
1400007700.0,2026-08-31,PORT07,CARRIER_04,2,DTD,0,0,CUST_475,1600175,PLANT_16,PORT06,50,147.02905
1400007701.0,2026-07-21,PORT01,CARRIER_08,2,CRF,3,0,CUST_496,1600058,PLANT_09,PORT07,34,104.64503
1400007702.0,2026-12-26,PORT06,CARRIER_10,2,DTD,3,0,CUST_322,1600130,PLANT_02,PORT04,30,63.55184
1400007703.0,2026-06-28,PORT02,CARRIER_01,0,DTP,3,0,CUST_066,1600113,PLANT_02,PORT06,24,26.10988
1400007704.0,2026-07-10,PORT01,CARRIER_09,2,DTP,5,0,CUST_057,1600160,PLANT_01,PORT06,39,91.21943
1400007705.0,2026-11-07,PORT02,CARRIER_12,1,DTD,3,0,CUST_399,1600138,PLANT_01,PORT03,24,116.43042
1400007706.0,2026-12-28,PORT04,CARRIER_06,2,CRF,0,0,CUST_159,1600140,PLANT_02,PORT03,41,62.53516
1400007707.0,2026-09-24,PORT01,CARRIER_07,2,DTD,3,3,CUST_403,1600162,PLANT_09,PORT08,12,17.19408
1400007708.0,2026-09-12,PORT01,CARRIER_10,0,DTP,3,0,CUST_468,1600132,PLANT_19,PORT06,42,31.11538
1400007709.0,2026-11-16,PORT03,CARRIER_11,2,DTD,0,0,CUST_323,1600129,PLANT_11,PORT01,49,120.43142
1400007710.0,2026-12-24,PORT04,CARRIER_04,2,DTP,3,0,CUST_383,1600014,PLANT_07,PORT05,16,24.22078
1400007711.0,2026-09-26,PORT03,CARRIER_09,2,DTP,3,0,CUST_140,1600070,PLANT_17,PORT08,15,52.00359
1400007712.0,2026-04-17,PORT06,CARRIER_09,2,CRF,4,0,CUST_218,1600004,PLANT_20,PORT07,48,36.5813
1400007713.0,2026-08-23,PORT03,CARRIER_12,2,DTP,0,0,CUST_483,1600027,PLANT_04,PORT01,23,30.17212
1400007714.0,2026-03-28,PORT08,CARRIER_06,0,DTP,3,0,CUST_409,1600108,PLANT_08,PORT03,36,14.51053
1400007715.0,2026-07-02,PORT07,CARRIER_07,2,DTP,3,0,CUST_103,1600165,PLANT_16,PORT05,13,3.9417
1400007716.0,2026-06-12,PORT02,CARRIER_05,2,DTP,0,0,CUST_469,1600006,PLANT_02,PORT08,24,98.14327
1400007717.0,2026-12-27,PORT07,CARRIER_04,1,DTP,3,0,CUST_250,1600095,PLANT_16,PORT04,37,167.9357
1400007718.0,2026-07-22,PORT07,CARRIER_05,2,DTP,3,0,CUST_422,1600161,PLANT_16,PORT05,46,176.78054
1400007719.0,2026-12-17,PORT04,CARRIER_01,2,CRF,3,0,CUST_261,1600086,PLANT_15,PORT02,25,108.48253
1400007720.0,2026-10-22,PORT03,CARRIER_09,1,CRF,4,0,CUST_302,1600117,PLANT_06,PORT04,8,4.19457
1400007721.0,2026-11-06,PORT04,CARRIER_04,2,CRF,0,0,CUST_081,1600081,PLANT_13,PORT02,24,108.02059
1400007722.0,2026-03-03,PORT07,CARRIER_08,2,DTP,3,0,CUST_170,1600046,PLANT_14,PORT01,34,81.04224
1400007723.0,2026-10-10,PORT03,CARRIER_11,2,DTP,1,0,CUST_362,1600089,PLANT_11,PORT02,45,173.98596
1400007724.0,2026-04-02,PORT04,CARRIER_06,2,DTP,0,0,CUST_422,1600174,PLANT_15,PORT08,43,134.04006
1400007725.0,2026-07-30,PORT06,CARRIER_12,0,DTP,2,0,CUST_045,1600080,PLANT_19,PORT04,39,70.76012
1400007726.0,2026-06-27,PORT03,CARRIER_01,1,DTP,3,0,CUST_039,1600141,PLANT_13,PORT02,12,16.77018
1400007727.0,2026-04-05,PORT06,CARRIER_01,2,DTP,3,0,CUST_347,1600022,PLANT_20,PORT08,28,19.00746
1400007728.0,2026-12-26,PORT07,CARRIER_05,2,DTP,3,0,CUST_224,1600009,PLANT_16,PORT05,31,65.7817
1400007729.0,2026-11-16,PORT06,CARRIER_04,2,DTP,3,0,CUST_425,1600102,PLANT_02,PORT01,26,65.54869
1400007730.0,2026-07-29,PORT08,CARRIER_10,2,DTP,2,0,CUST_035,1600011,PLANT_06,PORT05,47,231.11141
1400007731.0,2026-01-04,PORT08,CARRIER_03,2,DTP,0,0,CUST_175,1600073,PLANT_15,PORT05,49,13.85344
1400007732.0,2026-03-08,PORT06,CARRIER_10,2,DTD,3,0,CUST_018,1600047,PLANT_15,PORT07,14,41.88423
1400007733.0,2026-03-25,PORT07,CARRIER_07,1,DTP,4,0,CUST_355,1600031,PLANT_11,PORT08,48,128.27878
1400007734.0,2026-12-21,PORT07,CARRIER_03,2,DTP,4,0,CUST_429,1600020,PLANT_11,PORT04,43,9.12423
1400007735.0,2026-05-28,PORT01,CARRIER_06,1,DTP,0,0,CUST_079,1600113,PLANT_03,PORT08,37,63.48228
1400007736.0,2026-01-18,PORT06,CARRIER_08,1,DTP,3,0,CUST_162,1600180,PLANT_15,PORT04,22,47.79158
1400007737.0,2026-08-02,PORT04,CARRIER_12,1,DTP,3,0,CUST_423,1600122,PLANT_02,PORT08,39,98.35495
1400007738.0,2026-12-13,PORT02,CARRIER_01,2,CRF,4,3,CUST_021,1600192,PLANT_09,PORT04,31,38.56198
1400007739.0,2026-07-24,PORT04,CARRIER_05,2,DTD,0,0,CUST_477,1600186,PLANT_02,PORT08,46,12.28619
1400007740.0,2026-06-12,PORT06,CARRIER_06,1,DTD,0,0,CUST_444,1600140,PLANT_19,PORT08,37,56.97376
1400007741.0,2026-03-06,PORT03,CARRIER_08,2,DTP,5,0,CUST_077,1600107,PLANT_07,PORT05,49,205.71048
1400007742.0,2026-11-17,PORT01,CARRIER_11,2,DTP,0,0,CUST_070,1600051,PLANT_18,PORT03,24,97.40409
1400007743.0,2026-02-08,PORT04,CARRIER_10,2,DTD,6,0,CUST_346,1600181,PLANT_15,PORT03,8,7.88543
1400007744.0,2026-12-07,PORT03,CARRIER_07,1,DTP,3,0,CUST_006,1600122,PLANT_13,PORT06,27,88.20551
1400007745.0,2026-03-23,PORT01,CARRIER_01,2,DTP,3,0,CUST_253,1600034,PLANT_19,PORT07,50,231.29361
1400007746.0,2026-02-20,PORT01,CARRIER_03,2,DTP,0,0,CUST_033,1600182,PLANT_01,PORT08,35,33.01647
1400007747.0,2026-05-08,PORT04,CARRIER_10,2,DTD,5,0,CUST_266,1600148,PLANT_07,PORT05,37,27.02902
1400007748.0,2026-01-02,PORT06,CARRIER_06,2,DTP,0,0,CUST_176,1600004,PLANT_20,PORT04,33,6.88105
1400007749.0,2026-01-06,PORT05,CARRIER_09,1,DTP,3,0,CUST_354,1600020,PLANT_12,PORT02,32,30.23412
1400007750.0,2026-03-10,PORT06,CARRIER_09,2,DTP,0,0,CUST_441,1600146,PLANT_20,PORT05,7,28.61857
1400007751.0,2026-09-10,PORT04,CARRIER_11,2,DTP,0,0,CUST_245,1600181,PLANT_13,PORT03,24,98.12519
1400007752.0,2026-10-25,PORT06,CARRIER_04,2,DTP,3,0,CUST_321,1600035,PLANT_15,PORT01,8,21.98572
1400007753.0,2026-04-01,PORT08,CARRIER_12,1,DTP,0,0,CUST_301,1600079,PLANT_18,PORT02,20,34.68932
1400007754.0,2026-08-24,PORT03,CARRIER_09,2,DTD,3,0,CUST_493,1600047,PLANT_13,PORT01,38,154.02251
1400007755.0,2026-05-09,PORT06,CARRIER_07,4,DTP,3,0,CUST_116,1600064,PLANT_20,PORT05,41,43.27856
1400007756.0,2026-06-08,PORT01,CARRIER_02,2,DTP,3,0,CUST_120,1600034,PLANT_19,PORT04,15,11.77927
1400007757.0,2026-05-03,PORT03,CARRIER_09,2,DTP,3,0,CUST_190,1600072,PLANT_17,PORT08,35,18.79955
1400007758.0,2026-11-22,PORT02,CARRIER_12,2,DTP,0,0,CUST_369,1600169,PLANT_09,PORT05,15,64.07246
1400007759.0,2026-07-06,PORT03,CARRIER_12,2,DTD,4,0,CUST_433,1600063,PLANT_08,PORT08,14,50.43823
1400007760.0,2026-07-04,PORT03,CARRIER_04,2,DTP,0,0,CUST_140,1600083,PLANT_11,PORT08,49,154.86317
1400007761.0,2026-11-10,PORT03,CARRIER_11,0,DTD,3,0,CUST_055,1600154,PLANT_04,PORT06,33,120.93149
1400007762.0,2026-08-28,PORT08,CARRIER_12,1,DTP,4,0,CUST_305,1600090,PLANT_08,PORT02,14,11.24264
1400007763.0,2026-02-24,PORT01,CARRIER_07,1,DTD,4,0,CUST_299,1600017,PLANT_01,PORT08,11,21.84013
1400007764.0,2026-03-10,PORT07,CARRIER_01,0,DTP,0,4,CUST_188,1600074,PLANT_16,PORT01,7,28.62415
1400007765.0,2026-05-05,PORT08,CARRIER_02,2,DTP,3,0,CUST_093,1600185,PLANT_06,PORT04,27,123.98808
1400007766.0,2026-02-05,PORT07,CARRIER_09,1,DTP,5,0,CUST_425,1600036,PLANT_14,PORT02,9,23.52752
1400007767.0,2026-09-10,PORT08,CARRIER_05,2,DTP,5,0,CUST_424,1600072,PLANT_03,PORT02,31,21.64113
1400007768.0,2026-06-30,PORT03,CARRIER_07,2,DTD,3,0,CUST_374,1600053,PLANT_17,PORT08,24,117.47364
1400007769.0,2026-01-17,PORT08,CARRIER_11,2,DTP,0,0,CUST_290,1600197,PLANT_15,PORT01,34,69.21175
1400007770.0,2026-05-27,PORT06,CARRIER_08,1,DTP,3,0,CUST_131,1600099,PLANT_15,PORT07,14,23.28303
1400007771.0,2026-10-30,PORT08,CARRIER_01,2,CRF,6,0,CUST_202,1600059,PLANT_15,PORT07,11,7.56751
1400007772.0,2026-11-28,PORT07,CARRIER_06,0,DTP,0,0,CUST_035,1600006,PLANT_14,PORT03,9,1.45697
1400007773.0,2026-12-18,PORT03,CARRIER_11,2,DTP,4,0,CUST_125,1600097,PLANT_11,PORT02,9,27.52199
1400007774.0,2026-12-03,PORT06,CARRIER_10,2,CRF,3,0,CUST_226,1600099,PLANT_19,PORT03,8,24.8073
1400007775.0,2026-08-10,PORT07,CARRIER_08,1,DTP,3,0,CUST_219,1600125,PLANT_11,PORT08,16,19.96451
1400007776.0,2026-12-05,PORT07,CARRIER_06,0,DTP,0,0,CUST_041,1600195,PLANT_10,PORT06,41,36.64314
1400007777.0,2026-12-16,PORT06,CARRIER_10,2,DTP,0,0,CUST_479,1600036,PLANT_20,PORT03,32,85.99178
1400007778.0,2026-08-20,PORT07,CARRIER_07,2,DTP,2,4,CUST_135,1600074,PLANT_11,PORT03,16,35.7359
1400007779.0,2026-05-31,PORT06,CARRIER_05,4,DTP,5,0,CUST_255,1600195,PLANT_15,PORT08,47,74.63152
1400007780.0,2026-12-19,PORT07,CARRIER_02,2,DTP,3,0,CUST_233,1600173,PLANT_16,PORT04,40,46.77364
1400007781.0,2026-06-01,PORT06,CARRIER_04,0,DTD,3,0,CUST_235,1600125,PLANT_02,PORT08,40,172.42395
1400007782.0,2026-03-02,PORT03,CARRIER_10,2,DTP,6,0,CUST_423,1600015,PLANT_11,PORT05,46,226.35482
1400007783.0,2026-02-08,PORT07,CARRIER_12,2,DTP,2,0,CUST_374,1600134,PLANT_10,PORT03,39,71.85167
1400007784.0,2026-07-27,PORT08,CARRIER_08,2,DTD,5,0,CUST_434,1600094,PLANT_08,PORT02,49,172.5212
1400007785.0,2026-01-13,PORT04,CARRIER_08,2,CRF,0,0,CUST_190,1600053,PLANT_15,PORT01,20,86.82363
1400007786.0,2026-02-13,PORT05,CARRIER_08,2,DTP,0,0,CUST_133,1600051,PLANT_12,PORT04,44,10.20757
1400007787.0,2026-03-31,PORT01,CARRIER_09,2,DTP,3,0,CUST_214,1600163,PLANT_19,PORT06,10,45.49518
1400007788.0,2026-07-13,PORT05,CARRIER_08,2,CRF,6,0,CUST_281,1600122,PLANT_12,PORT01,18,45.82494
1400007789.0,2026-06-24,PORT04,CARRIER_12,1,CRF,3,0,CUST_169,1600198,PLANT_15,PORT05,46,130.09128
1400007790.0,2026-07-06,PORT07,CARRIER_11,0,DTD,0,0,CUST_231,1600130,PLANT_16,PORT06,11,30.19917
1400007791.0,2026-07-05,PORT04,CARRIER_06,1,DTP,6,0,CUST_076,1600067,PLANT_02,PORT05,28,36.12961
1400007792.0,2026-12-29,PORT07,CARRIER_04,0,CRF,4,0,CUST_292,1600101,PLANT_10,PORT06,20,78.65966
1400007793.0,2026-03-21,PORT07,CARRIER_01,2,DTP,3,3,CUST_357,1600170,PLANT_10,PORT02,9,33.19612
1400007794.0,2026-06-23,PORT03,CARRIER_08,2,DTP,3,0,CUST_264,1600083,PLANT_08,PORT07,15,8.54074
1400007795.0,2026-08-12,PORT01,CARRIER_03,2,DTD,3,0,CUST_437,1600021,PLANT_19,PORT06,29,82.87268
1400007796.0,2026-04-10,PORT01,CARRIER_03,2,DTP,0,0,CUST_498,1600002,PLANT_03,PORT05,34,162.84057
1400007797.0,2026-03-08,PORT04,CARRIER_08,2,DTP,3,0,CUST_453,1600092,PLANT_07,PORT05,36,157.27217
1400007798.0,2026-01-18,PORT07,CARRIER_09,2,DTD,0,0,CUST_047,1600182,PLANT_14,PORT02,11,34.83625
1400007799.0,2026-04-30,PORT03,CARRIER_10,2,DTD,3,0,CUST_441,1600076,PLANT_11,PORT05,19,20.39835
1400007800.0,2026-04-03,PORT01,CARRIER_05,1,DTD,3,0,CUST_167,1600031,PLANT_18,PORT06,9,16.21254
1400007801.0,2026-03-13,PORT08,CARRIER_07,2,DTP,3,0,CUST_226,1600103,PLANT_08,PORT02,5,4.18377
1400007802.0,2026-04-10,PORT03,CARRIER_06,2,DTP,4,0,CUST_206,1600106,PLANT_13,PORT04,22,90.80412
1400007803.0,2026-09-12,PORT08,CARRIER_08,1,DTD,3,0,CUST_143,1600135,PLANT_08,PORT05,33,129.21107
1400007804.0,2026-10-30,PORT07,CARRIER_05,2,DTD,3,0,CUST_439,1600061,PLANT_14,PORT08,22,100.33663
1400007805.0,2026-07-08,PORT04,CARRIER_09,1,DTD,0,0,CUST_319,1600001,PLANT_02,PORT03,6,2.46383
1400007806.0,2026-01-25,PORT03,CARRIER_03,2,DTP,1,0,CUST_484,1600116,PLANT_04,PORT07,15,72.40644
1400007807.0,2026-09-26,PORT03,CARRIER_01,1,DTP,0,0,CUST_478,1600084,PLANT_17,PORT01,24,116.05185
1400007808.0,2026-02-25,PORT08,CARRIER_06,2,DTP,0,0,CUST_210,1600100,PLANT_03,PORT04,21,71.49677
1400007809.0,2026-01-21,PORT01,CARRIER_06,2,DTP,3,6,CUST_364,1600172,PLANT_09,PORT02,42,185.66379
1400007810.0,2026-07-27,PORT08,CARRIER_07,1,DTP,3,0,CUST_252,1600072,PLANT_08,PORT05,32,71.94706
1400007811.0,2026-06-05,PORT01,CARRIER_11,1,DTP,5,0,CUST_248,1600111,PLANT_01,PORT06,50,81.78405
1400007812.0,2026-04-24,PORT03,CARRIER_04,2,DTP,0,0,CUST_370,1600017,PLANT_11,PORT02,13,11.13327
1400007813.0,2026-12-19,PORT01,CARRIER_01,2,DTD,0,0,CUST_345,1600132,PLANT_03,PORT04,22,5.60427
1400007814.0,2026-02-03,PORT04,CARRIER_04,2,DTP,4,0,CUST_456,1600078,PLANT_02,PORT01,9,2.75208
1400007815.0,2026-01-20,PORT02,CARRIER_09,2,DTD,0,0,CUST_387,1600069,PLANT_09,PORT03,5,17.44338
1400007816.0,2026-08-03,PORT03,CARRIER_12,0,DTP,3,0,CUST_312,1600069,PLANT_13,PORT01,47,82.21315
1400007817.0,2026-06-02,PORT08,CARRIER_07,2,DTP,3,0,CUST_460,1600195,PLANT_15,PORT06,27,9.85236
1400007818.0,2026-10-20,PORT07,CARRIER_04,2,DTP,3,3,CUST_052,1600111,PLANT_16,PORT04,35,22.7427
1400007819.0,2026-01-15,PORT02,CARRIER_09,1,DTP,1,0,CUST_382,1600088,PLANT_04,PORT01,17,57.11814
1400007820.0,2026-06-03,PORT04,CARRIER_04,2,CRF,0,0,CUST_197,1600003,PLANT_07,PORT07,7,32.89673
1400007821.0,2026-02-23,PORT07,CARRIER_11,2,DTD,6,0,CUST_217,1600063,PLANT_14,PORT08,46,96.55828
1400007822.0,2026-01-16,PORT01,CARRIER_02,2,DTP,5,0,CUST_391,1600049,PLANT_19,PORT06,35,136.86827
1400007823.0,2026-06-18,PORT07,CARRIER_11,1,DTP,3,0,CUST_137,1600039,PLANT_14,PORT06,37,180.21038
1400007824.0,2026-09-26,PORT07,CARRIER_08,2,DTP,0,0,CUST_442,1600003,PLANT_07,PORT04,29,103.54933
1400007825.0,2026-02-27,PORT07,CARRIER_10,2,DTP,3,0,CUST_250,1600110,PLANT_16,PORT05,23,83.78283
1400007826.0,2026-11-04,PORT07,CARRIER_08,1,DTP,3,0,CUST_175,1600010,PLANT_16,PORT04,24,74.82993
1400007827.0,2026-07-09,PORT02,CARRIER_06,0,DTP,0,0,CUST_165,1600171,PLANT_04,PORT07,40,195.6246
1400007828.0,2026-06-25,PORT07,CARRIER_09,2,DTD,6,0,CUST_211,1600086,PLANT_14,PORT08,15,23.53574
1400007829.0,2026-12-03,PORT02,CARRIER_03,2,DTD,6,0,CUST_472,1600019,PLANT_04,PORT03,20,78.73287
1400007830.0,2026-05-01,PORT02,CARRIER_04,1,CRF,0,0,CUST_052,1600054,PLANT_02,PORT08,19,40.54377
1400007831.0,2026-03-15,PORT01,CARRIER_09,2,DTP,0,0,CUST_254,1600077,PLANT_06,PORT08,29,24.98513
1400007832.0,2026-10-14,PORT04,CARRIER_01,2,DTP,3,0,CUST_418,1600122,PLANT_02,PORT01,49,182.42331
1400007833.0,2026-02-09,PORT06,CARRIER_10,1,DTP,3,0,CUST_237,1600037,PLANT_02,PORT02,47,195.71126
1400007834.0,2026-11-15,PORT02,CARRIER_02,2,DTD,3,0,CUST_284,1600041,PLANT_02,PORT06,30,129.94907
1400007835.0,2026-10-29,PORT07,CARRIER_02,2,DTP,3,0,CUST_175,1600194,PLANT_16,PORT08,14,64.64086
1400007836.0,2026-12-23,PORT02,CARRIER_02,2,DTP,3,0,CUST_069,1600024,PLANT_04,PORT03,48,180.00321
1400007837.0,2026-06-17,PORT07,CARRIER_09,2,DTP,0,0,CUST_320,1600014,PLANT_14,PORT05,19,51.02129
1400007838.0,2026-08-16,PORT05,CARRIER_01,1,DTP,1,0,CUST_460,1600191,PLANT_12,PORT04,21,98.69176
1400007839.0,2026-11-19,PORT06,CARRIER_09,2,DTP,3,0,CUST_261,1600136,PLANT_20,PORT04,45,50.70923
1400007840.0,2026-02-18,PORT01,CARRIER_10,2,DTD,3,0,CUST_217,1600039,PLANT_09,PORT03,17,8.1399
1400007841.0,2026-04-22,PORT08,CARRIER_07,2,CRF,5,3,CUST_065,1600142,PLANT_03,PORT04,26,57.58912
1400007842.0,2026-06-22,PORT04,CARRIER_02,1,DTP,0,0,CUST_473,1600144,PLANT_07,PORT02,47,138.78494
1400007843.0,2026-08-18,PORT06,CARRIER_11,1,DTD,4,0,CUST_435,1600094,PLANT_15,PORT04,19,65.20701
1400007844.0,2026-09-05,PORT06,CARRIER_03,2,DTP,2,0,CUST_451,1600045,PLANT_19,PORT07,33,135.15373
1400007845.0,2026-12-04,PORT06,CARRIER_11,1,DTP,3,0,CUST_180,1600127,PLANT_19,PORT07,6,1.38665
1400007846.0,2026-06-28,PORT01,CARRIER_08,2,DTD,1,0,CUST_313,1600170,PLANT_06,PORT03,50,201.50135
1400007847.0,2026-03-04,PORT06,CARRIER_03,2,DTP,3,0,CUST_217,1600138,PLANT_02,PORT05,24,72.97513
1400007848.0,2026-03-11,PORT04,CARRIER_02,2,DTP,3,0,CUST_118,1600194,PLANT_13,PORT05,35,166.93053
1400007849.0,2026-10-20,PORT07,CARRIER_03,2,DTD,4,0,CUST_103,1600123,PLANT_16,PORT08,28,50.53153
1400007850.0,2026-06-18,PORT03,CARRIER_07,2,DTP,0,0,CUST_192,1600030,PLANT_06,PORT06,24,74.95667
1400007851.0,2026-08-19,PORT04,CARRIER_02,4,DTP,2,0,CUST_277,1600087,PLANT_02,PORT07,23,88.69001
1400007852.0,2026-07-25,PORT02,CARRIER_06,1,DTP,3,0,CUST_062,1600042,PLANT_05,PORT03,5,13.15169
1400007853.0,2026-10-24,PORT04,CARRIER_12,2,CRF,3,0,CUST_352,1600108,PLANT_02,PORT05,17,14.6871
1400007854.0,2026-03-21,PORT03,CARRIER_12,1,DTD,0,0,CUST_229,1600064,PLANT_13,PORT01,22,7.56842
1400007855.0,2026-03-04,PORT02,CARRIER_02,2,DTD,0,0,CUST_441,1600034,PLANT_01,PORT06,21,13.56313
1400007856.0,2026-09-25,PORT03,CARRIER_08,2,DTP,3,0,CUST_140,1600065,PLANT_04,PORT06,17,42.92555
1400007857.0,2026-06-08,PORT05,CARRIER_07,2,DTP,3,0,CUST_026,1600043,PLANT_12,PORT07,34,109.95882
1400007858.0,2026-10-25,PORT03,CARRIER_06,2,CRF,0,4,CUST_157,1600109,PLANT_06,PORT07,43,124.50879
1400007859.0,2026-02-17,PORT03,CARRIER_02,1,DTP,1,0,CUST_487,1600154,PLANT_17,PORT07,45,161.69801
1400007860.0,2026-04-10,PORT06,CARRIER_05,2,DTD,3,0,CUST_161,1600039,PLANT_19,PORT03,49,14.26261
1400007861.0,2026-12-17,PORT07,CARRIER_08,0,DTP,6,0,CUST_352,1600173,PLANT_07,PORT05,34,26.11436
1400007862.0,2026-11-04,PORT01,CARRIER_08,2,DTP,3,0,CUST_422,1600110,PLANT_01,PORT06,23,88.08049
1400007863.0,2026-01-23,PORT03,CARRIER_06,1,DTP,4,0,CUST_143,1600147,PLANT_06,PORT06,34,133.54498
1400007864.0,2026-10-26,PORT02,CARRIER_12,1,DTP,3,0,CUST_322,1600016,PLANT_09,PORT07,11,38.95364
1400007865.0,2026-01-24,PORT01,CARRIER_03,1,DTD,3,0,CUST_103,1600130,PLANT_06,PORT08,42,157.6095
1400007866.0,2026-02-13,PORT06,CARRIER_07,2,DTD,6,0,CUST_182,1600154,PLANT_19,PORT08,29,139.80484
1400007867.0,2026-11-24,PORT03,CARRIER_09,2,DTP,0,0,CUST_149,1600011,PLANT_04,PORT01,12,56.72006
1400007868.0,2026-02-15,PORT07,CARRIER_03,2,DTD,4,0,CUST_337,1600172,PLANT_14,PORT01,24,78.19106
1400007869.0,2026-04-20,PORT02,CARRIER_06,1,DTD,1,0,CUST_438,1600121,PLANT_04,PORT01,18,29.96531
1400007870.0,2026-02-19,PORT07,CARRIER_02,2,DTD,3,0,CUST_127,1600193,PLANT_16,PORT01,21,3.55191
1400007871.0,2026-08-06,PORT07,CARRIER_06,2,DTP,6,2,CUST_146,1600165,PLANT_14,PORT01,7,22.36416
1400007872.0,2026-01-21,PORT07,CARRIER_08,1,DTD,4,0,CUST_411,1600003,PLANT_07,PORT02,5,11.06694
1400007873.0,2026-04-15,PORT01,CARRIER_12,2,DTP,5,0,CUST_232,1600080,PLANT_19,PORT07,21,17.22912
1400007874.0,2026-04-30,PORT08,CARRIER_01,2,DTP,4,0,CUST_257,1600009,PLANT_06,PORT04,18,20.78573
1400007875.0,2026-08-25,PORT04,CARRIER_04,3,DTP,3,0,CUST_353,1600055,PLANT_02,PORT06,50,234.44968
1400007876.0,2026-07-01,PORT07,CARRIER_04,1,DTP,3,0,CUST_069,1600079,PLANT_10,PORT08,17,7.21634
1400007877.0,2026-03-12,PORT05,CARRIER_12,2,DTD,3,0,CUST_436,1600133,PLANT_12,PORT01,20,79.17214
1400007878.0,2026-06-19,PORT07,CARRIER_11,2,DTP,1,0,CUST_183,1600040,PLANT_10,PORT02,47,212.44196
1400007879.0,2026-06-17,PORT01,CARRIER_11,2,DTD,3,0,CUST_330,1600180,PLANT_01,PORT08,44,152.80773
1400007880.0,2026-05-10,PORT02,CARRIER_11,2,DTD,0,0,CUST_217,1600064,PLANT_02,PORT06,7,2.80402
1400007881.0,2026-07-14,PORT07,CARRIER_02,1,DTD,5,5,CUST_377,1600100,PLANT_16,PORT08,8,33.95743
1400007882.0,2026-04-30,PORT01,CARRIER_03,2,DTP,3,0,CUST_306,1600130,PLANT_06,PORT06,9,29.71004
1400007883.0,2026-05-02,PORT08,CARRIER_05,2,DTP,0,0,CUST_087,1600129,PLANT_08,PORT05,26,37.89399
1400007884.0,2026-10-13,PORT02,CARRIER_09,1,CRF,3,0,CUST_094,1600184,PLANT_01,PORT04,31,98.74465
1400007885.0,2026-04-02,PORT02,CARRIER_04,1,DTP,4,0,CUST_439,1600001,PLANT_02,PORT06,21,16.15025
1400007886.0,2026-05-01,PORT08,CARRIER_10,2,DTP,5,0,CUST_260,1600175,PLANT_18,PORT04,5,17.83737
1400007887.0,2026-02-21,PORT06,CARRIER_09,1,DTP,2,0,CUST_138,1600004,PLANT_17,PORT05,14,63.3455
1400007888.0,2026-09-12,PORT08,CARRIER_09,2,DTP,3,0,CUST_072,1600152,PLANT_15,PORT04,33,87.65586
1400007889.0,2026-09-15,PORT02,CARRIER_04,1,DTD,1,0,CUST_065,1600045,PLANT_04,PORT04,22,104.83702
1400007890.0,2026-09-05,PORT04,CARRIER_07,3,CRF,4,0,CUST_460,1600011,PLANT_02,PORT05,10,22.46665
1400007891.0,2026-03-03,PORT03,CARRIER_04,2,DTP,5,0,CUST_489,1600127,PLANT_13,PORT08,34,146.27067
1400007892.0,2026-06-14,PORT07,CARRIER_08,3,DTD,0,0,CUST_197,1600182,PLANT_14,PORT06,33,128.39895
1400007893.0,2026-04-17,PORT04,CARRIER_09,2,DTD,1,0,CUST_101,1600134,PLANT_15,PORT05,27,14.39922
1400007894.0,2026-10-06,PORT03,CARRIER_06,1,DTD,0,0,CUST_210,1600058,PLANT_08,PORT07,48,219.45589
1400007895.0,2026-05-03,PORT07,CARRIER_10,1,DTP,3,0,CUST_069,1600136,PLANT_16,PORT02,43,196.12711
1400007896.0,2026-06-01,PORT07,CARRIER_04,1,DTD,0,0,CUST_275,1600136,PLANT_10,PORT08,6,10.93163
1400007897.0,2026-06-15,PORT07,CARRIER_09,2,DTD,4,0,CUST_314,1600030,PLANT_11,PORT02,46,183.44112
1400007898.0,2026-10-05,PORT08,CARRIER_03,1,DTP,3,5,CUST_493,1600170,PLANT_15,PORT03,7,8.40506
1400007899.0,2026-09-14,PORT07,CARRIER_06,2,CRF,3,0,CUST_160,1600030,PLANT_14,PORT05,27,6.72101
1400007900.0,2026-10-27,PORT01,CARRIER_11,2,DTP,3,0,CUST_099,1600130,PLANT_18,PORT05,46,51.46903
1400007901.0,2026-06-06,PORT04,CARRIER_09,2,DTD,3,0,CUST_067,1600048,PLANT_07,PORT01,50,123.57702
1400007902.0,2026-10-27,PORT07,CARRIER_06,2,DTD,2,0,CUST_189,1600107,PLANT_10,PORT03,6,2.29836
1400007903.0,2026-11-14,PORT05,CARRIER_08,2,DTD,4,0,CUST_301,1600006,PLANT_12,PORT08,8,7.07224
1400007904.0,2026-07-11,PORT07,CARRIER_08,2,DTP,3,0,CUST_034,1600094,PLANT_14,PORT08,16,76.11434
1400007905.0,2026-09-06,PORT03,CARRIER_11,1,DTP,0,0,CUST_380,1600083,PLANT_08,PORT04,17,42.83695
1400007906.0,2026-11-28,PORT05,CARRIER_04,2,DTP,0,0,CUST_231,1600187,PLANT_17,PORT02,17,70.26427
1400007907.0,2026-11-03,PORT07,CARRIER_09,2,DTP,4,0,CUST_397,1600182,PLANT_16,PORT08,24,26.69884
1400007908.0,2026-04-11,PORT05,CARRIER_12,1,DTP,0,0,CUST_232,1600169,PLANT_12,PORT08,19,10.14137
1400007909.0,2026-09-19,PORT08,CARRIER_08,2,DTP,0,0,CUST_078,1600141,PLANT_06,PORT02,31,121.66525
1400007910.0,2026-06-12,PORT01,CARRIER_09,2,DTD,3,0,CUST_011,1600076,PLANT_09,PORT07,44,79.60857
1400007911.0,2026-02-24,PORT07,CARRIER_08,2,DTP,5,0,CUST_279,1600093,PLANT_13,PORT08,30,70.59125
1400007912.0,2026-05-16,PORT06,CARRIER_12,1,DTP,3,0,CUST_270,1600158,PLANT_02,PORT08,20,99.22864
1400007913.0,2026-12-23,PORT03,CARRIER_04,1,CRF,4,0,CUST_407,1600044,PLANT_08,PORT05,31,51.18099
1400007914.0,2026-12-16,PORT07,CARRIER_12,2,DTP,1,0,CUST_439,1600194,PLANT_13,PORT08,33,79.80767
1400007915.0,2026-10-15,PORT03,CARRIER_08,1,DTP,4,0,CUST_081,1600199,PLANT_07,PORT07,46,147.68647
1400007916.0,2026-12-28,PORT02,CARRIER_08,1,DTD,3,0,CUST_158,1600035,PLANT_02,PORT03,48,25.74898
1400007917.0,2026-07-29,PORT06,CARRIER_12,2,DTP,6,0,CUST_104,1600130,PLANT_02,PORT03,17,61.37879
1400007918.0,2026-10-04,PORT06,CARRIER_01,2,DTP,3,0,CUST_054,1600064,PLANT_02,PORT01,47,108.73365
1400007919.0,2026-03-02,PORT02,CARRIER_12,2,DTP,3,0,CUST_002,1600033,PLANT_05,PORT04,42,40.21798
1400007920.0,2026-04-20,PORT03,CARRIER_12,2,DTD,5,0,CUST_042,1600132,PLANT_11,PORT06,10,22.09655
1400007921.0,2026-03-05,PORT04,CARRIER_02,2,DTD,5,0,CUST_263,1600129,PLANT_15,PORT02,30,70.71817
1400007922.0,2026-12-09,PORT07,CARRIER_08,1,DTP,0,0,CUST_076,1600086,PLANT_14,PORT05,12,38.87533
1400007923.0,2026-08-13,PORT07,CARRIER_05,2,DTP,0,0,CUST_098,1600083,PLANT_10,PORT02,27,126.6828
1400007924.0,2026-12-07,PORT07,CARRIER_03,2,DTP,3,0,CUST_059,1600043,PLANT_16,PORT02,7,26.94175
1400007925.0,2026-06-01,PORT04,CARRIER_03,2,DTP,0,3,CUST_363,1600101,PLANT_13,PORT03,18,35.53209
1400007926.0,2026-05-28,PORT04,CARRIER_01,4,DTD,2,0,CUST_318,1600047,PLANT_02,PORT07,32,155.24084
1400007927.0,2026-09-04,PORT06,CARRIER_10,1,CRF,0,0,CUST_482,1600123,PLANT_15,PORT08,18,71.55131
1400007928.0,2026-07-27,PORT01,CARRIER_04,2,DTD,3,0,CUST_056,1600061,PLANT_19,PORT07,5,1.18482
1400007929.0,2026-05-16,PORT04,CARRIER_07,2,DTD,3,0,CUST_105,1600087,PLANT_02,PORT07,22,14.76802
1400007930.0,2026-04-26,PORT01,CARRIER_05,2,DTP,0,0,CUST_228,1600062,PLANT_19,PORT04,29,33.87939
1400007931.0,2026-07-07,PORT07,CARRIER_11,0,DTP,3,0,CUST_325,1600071,PLANT_16,PORT03,40,20.3667
1400007932.0,2026-01-28,PORT02,CARRIER_02,2,DTP,3,0,CUST_066,1600152,PLANT_02,PORT01,11,27.26453
1400007933.0,2026-03-10,PORT03,CARRIER_02,2,DTD,6,0,CUST_106,1600065,PLANT_04,PORT08,26,46.00748
1400007934.0,2026-01-16,PORT01,CARRIER_09,2,DTD,0,0,CUST_211,1600152,PLANT_09,PORT05,14,68.14269
1400007935.0,2026-02-26,PORT01,CARRIER_08,1,DTD,4,0,CUST_010,1600108,PLANT_19,PORT05,12,28.99688
1400007936.0,2026-03-14,PORT01,CARRIER_07,0,DTP,6,0,CUST_198,1600110,PLANT_19,PORT03,10,11.39559
1400007937.0,2026-01-28,PORT03,CARRIER_06,2,DTP,3,0,CUST_380,1600030,PLANT_13,PORT08,39,189.40666
1400007938.0,2026-01-21,PORT02,CARRIER_07,1,DTD,3,0,CUST_264,1600019,PLANT_01,PORT07,47,123.04698
1400007939.0,2026-10-27,PORT06,CARRIER_08,2,DTP,0,0,CUST_218,1600045,PLANT_20,PORT08,35,16.02975
1400007940.0,2026-03-08,PORT07,CARRIER_12,2,DTP,3,0,CUST_244,1600012,PLANT_11,PORT06,22,10.91828
1400007941.0,2026-07-22,PORT07,CARRIER_10,2,DTP,0,0,CUST_474,1600198,PLANT_16,PORT08,48,163.62884
1400007942.0,2026-02-05,PORT01,CARRIER_11,2,DTP,3,0,CUST_261,1600009,PLANT_19,PORT07,27,68.1615
1400007943.0,2026-12-12,PORT07,CARRIER_11,2,DTD,5,0,CUST_268,1600126,PLANT_14,PORT01,29,91.6032
1400007944.0,2026-03-29,PORT03,CARRIER_03,2,DTP,0,0,CUST_466,1600144,PLANT_11,PORT01,34,144.95336
1400007945.0,2026-10-01,PORT02,CARRIER_01,1,DTD,3,0,CUST_079,1600017,PLANT_01,PORT01,35,120.35729
1400007946.0,2026-08-23,PORT07,CARRIER_07,2,CRF,3,1,CUST_048,1600119,PLANT_13,PORT03,27,116.7148
1400007947.0,2026-10-08,PORT02,CARRIER_11,1,DTP,3,0,CUST_225,1600011,PLANT_01,PORT01,27,100.95769
1400007948.0,2026-08-18,PORT08,CARRIER_05,1,DTP,3,0,CUST_160,1600187,PLANT_18,PORT06,19,64.68662
1400007949.0,2026-07-05,PORT03,CARRIER_12,2,DTP,3,0,CUST_102,1600018,PLANT_17,PORT05,36,27.36086
1400007950.0,2026-10-09,PORT01,CARRIER_04,2,DTP,3,0,CUST_060,1600101,PLANT_03,PORT07,35,86.30494
1400007951.0,2026-10-25,PORT07,CARRIER_10,2,DTP,0,0,CUST_440,1600138,PLANT_16,PORT02,25,55.55385
1400007952.0,2026-05-19,PORT03,CARRIER_02,2,DTP,3,0,CUST_308,1600057,PLANT_11,PORT02,37,101.72807
1400007953.0,2026-12-10,PORT06,CARRIER_03,2,DTP,3,0,CUST_346,1600106,PLANT_15,PORT03,11,22.1826
1400007954.0,2026-12-27,PORT08,CARRIER_11,2,DTP,0,0,CUST_060,1600086,PLANT_06,PORT04,24,75.36342
1400007955.0,2026-09-21,PORT08,CARRIER_04,1,DTP,3,0,CUST_171,1600071,PLANT_08,PORT04,50,101.15169
1400007956.0,2026-12-06,PORT07,CARRIER_12,2,DTP,3,0,CUST_311,1600068,PLANT_16,PORT06,38,107.62845
1400007957.0,2026-02-08,PORT03,CARRIER_02,2,CRF,3,0,CUST_264,1600153,PLANT_13,PORT02,38,77.32578
1400007958.0,2026-07-17,PORT06,CARRIER_11,2,CRF,3,0,CUST_348,1600105,PLANT_02,PORT08,44,198.82104
1400007959.0,2026-08-26,PORT01,CARRIER_12,2,DTP,3,0,CUST_335,1600102,PLANT_18,PORT03,32,61.75158
1400007960.0,2026-12-05,PORT07,CARRIER_12,2,DTD,4,0,CUST_207,1600102,PLANT_11,PORT05,35,128.85493
1400007961.0,2026-02-13,PORT01,CARRIER_05,2,CRF,3,0,CUST_392,1600096,PLANT_01,PORT07,27,83.89716
1400007962.0,2026-10-22,PORT01,CARRIER_06,1,DTP,3,0,CUST_130,1600087,PLANT_19,PORT04,43,85.52981
1400007963.0,2026-01-29,PORT08,CARRIER_11,2,DTP,3,0,CUST_041,1600100,PLANT_06,PORT05,37,150.12351
1400007964.0,2026-05-11,PORT02,CARRIER_02,2,DTP,3,0,CUST_457,1600066,PLANT_02,PORT06,29,134.70729
1400007965.0,2026-09-10,PORT03,CARRIER_10,2,DTP,4,0,CUST_012,1600063,PLANT_11,PORT08,10,38.26373
1400007966.0,2026-04-17,PORT07,CARRIER_02,2,DTP,3,0,CUST_142,1600138,PLANT_10,PORT03,42,199.41942
1400007967.0,2026-11-01,PORT08,CARRIER_05,2,DTP,0,0,CUST_058,1600019,PLANT_03,PORT05,20,44.75806
1400007968.0,2026-12-06,PORT03,CARRIER_10,0,DTP,3,0,CUST_116,1600054,PLANT_08,PORT05,21,96.12385
1400007969.0,2026-02-27,PORT03,CARRIER_04,2,DTP,0,0,CUST_198,1600171,PLANT_11,PORT04,10,43.93493
1400007970.0,2026-04-05,PORT05,CARRIER_02,2,DTP,3,0,CUST_065,1600177,PLANT_12,PORT07,14,53.69977
1400007971.0,2026-01-28,PORT08,CARRIER_06,0,DTD,6,4,CUST_234,1600104,PLANT_08,PORT05,10,41.92483
1400007972.0,2026-09-17,PORT08,CARRIER_08,2,DTD,3,0,CUST_464,1600115,PLANT_08,PORT02,9,33.09889
1400007973.0,2026-11-20,PORT06,CARRIER_05,0,DTD,3,0,CUST_069,1600023,PLANT_17,PORT01,5,13.05156
1400007974.0,2026-08-08,PORT05,CARRIER_08,2,DTP,0,0,CUST_464,1600166,PLANT_12,PORT03,18,50.52337
1400007975.0,2026-02-18,PORT04,CARRIER_07,3,DTP,2,0,CUST_206,1600140,PLANT_15,PORT03,39,83.71994
1400007976.0,2026-03-05,PORT03,CARRIER_09,2,DTP,3,0,CUST_297,1600192,PLANT_08,PORT02,44,147.6215
1400007977.0,2026-01-13,PORT04,CARRIER_01,2,DTP,5,0,CUST_221,1600113,PLANT_15,PORT05,15,25.37206
1400007978.0,2026-06-28,PORT07,CARRIER_03,2,DTP,3,0,CUST_159,1600173,PLANT_14,PORT08,24,89.38395
1400007979.0,2026-09-21,PORT03,CARRIER_08,2,DTP,6,0,CUST_055,1600108,PLANT_11,PORT05,43,110.72781
1400007980.0,2026-02-24,PORT03,CARRIER_05,0,DTP,3,1,CUST_297,1600052,PLANT_06,PORT07,37,67.73297
1400007981.0,2026-11-06,PORT01,CARRIER_11,2,DTP,0,0,CUST_459,1600002,PLANT_06,PORT06,46,37.78517
1400007982.0,2026-04-03,PORT07,CARRIER_04,2,DTP,3,0,CUST_261,1600139,PLANT_14,PORT01,24,32.44985
1400007983.0,2026-07-07,PORT06,CARRIER_03,2,DTP,0,0,CUST_300,1600142,PLANT_20,PORT04,12,38.84378
1400007984.0,2026-09-01,PORT01,CARRIER_01,2,DTP,0,0,CUST_322,1600149,PLANT_09,PORT03,11,21.03488
1400007985.0,2026-07-17,PORT07,CARRIER_05,1,DTD,0,0,CUST_195,1600094,PLANT_14,PORT08,37,9.71356
1400007986.0,2026-06-24,PORT07,CARRIER_01,2,CRF,3,0,CUST_061,1600170,PLANT_10,PORT05,6,10.2943
1400007987.0,2026-05-03,PORT06,CARRIER_11,2,DTP,0,0,CUST_254,1600018,PLANT_20,PORT08,26,49.27397
1400007988.0,2026-06-06,PORT01,CARRIER_07,2,DTP,6,0,CUST_435,1600053,PLANT_09,PORT04,21,26.20956
1400007989.0,2026-03-29,PORT04,CARRIER_09,2,DTP,4,0,CUST_158,1600175,PLANT_13,PORT02,47,70.63835
1400007990.0,2026-04-18,PORT07,CARRIER_08,2,DTP,3,0,CUST_436,1600180,PLANT_11,PORT05,50,177.70722
1400007991.0,2026-10-03,PORT08,CARRIER_01,2,DTP,3,0,CUST_428,1600121,PLANT_18,PORT04,27,101.43105
1400007992.0,2026-11-19,PORT07,CARRIER_07,2,CRF,0,0,CUST_123,1600043,PLANT_16,PORT03,31,148.75675
1400007993.0,2026-11-06,PORT01,CARRIER_05,2,DTP,3,0,CUST_288,1600100,PLANT_01,PORT08,22,14.92992
1400007994.0,2026-05-01,PORT03,CARRIER_10,1,DTP,0,0,CUST_374,1600130,PLANT_13,PORT07,40,65.0981
1400007995.0,2026-04-28,PORT07,CARRIER_02,2,DTP,3,0,CUST_248,1600182,PLANT_10,PORT05,18,8.59533
1400007996.0,2026-01-22,PORT07,CARRIER_06,2,DTP,0,0,CUST_350,1600062,PLANT_14,PORT01,39,121.10234
1400007997.0,2026-04-10,PORT05,CARRIER_03,2,DTP,3,0,CUST_456,1600058,PLANT_12,PORT07,46,8.29392
1400007998.0,2026-08-02,PORT07,CARRIER_05,1,DTP,3,0,CUST_314,1600135,PLANT_07,PORT06,12,13.27495
1400007999.0,2026-04-08,PORT04,CARRIER_10,2,CRF,3,0,CUST_419,1600002,PLANT_15,PORT03,15,44.64303
1400008000.0,2026-09-25,PORT04,CARRIER_02,2,DTP,3,2,CUST_401,1600078,PLANT_02,PORT05,22,40.87203
1400008001.0,2026-01-19,PORT03,CARRIER_02,2,DTD,0,0,CUST_407,1600096,PLANT_07,PORT07,43,119.00008
1400008002.0,2026-05-31,PORT04,CARRIER_10,0,DTP,0,0,CUST_427,1600004,PLANT_13,PORT03,34,110.06357
1400008003.0,2026-04-13,PORT01,CARRIER_04,1,DTP,3,0,CUST_113,1600142,PLANT_09,PORT06,13,54.74048
1400008004.0,2026-06-30,PORT06,CARRIER_01,2,CRF,3,0,CUST_010,1600134,PLANT_05,PORT05,21,42.52686
1400008005.0,2026-01-10,PORT01,CARRIER_02,2,DTP,0,0,CUST_077,1600012,PLANT_06,PORT02,34,49.86423
1400008006.0,2026-06-02,PORT07,CARRIER_02,2,DTD,5,0,CUST_125,1600030,PLANT_11,PORT06,49,134.26711
1400008007.0,2026-10-15,PORT02,CARRIER_10,2,CRF,1,0,CUST_346,1600165,PLANT_04,PORT01,25,11.03596
1400008008.0,2026-11-09,PORT02,CARRIER_10,2,DTP,0,0,CUST_255,1600061,PLANT_01,PORT01,8,2.44304
1400008009.0,2026-04-04,PORT02,CARRIER_05,2,DTP,3,0,CUST_235,1600117,PLANT_02,PORT06,9,20.84366
1400008010.0,2026-06-06,PORT03,CARRIER_07,2,DTP,1,0,CUST_005,1600097,PLANT_08,PORT04,6,7.01152
1400008011.0,2026-09-09,PORT01,CARRIER_06,2,DTP,3,0,CUST_342,1600015,PLANT_01,PORT02,10,1.35361
1400008012.0,2026-06-19,PORT05,CARRIER_05,2,DTP,0,0,CUST_183,1600188,PLANT_12,PORT02,23,78.86505
1400008013.0,2026-07-18,PORT06,CARRIER_02,2,DTD,3,0,CUST_381,1600132,PLANT_17,PORT01,17,69.68576
1400008014.0,2026-05-05,PORT03,CARRIER_02,1,CRF,2,0,CUST_057,1600011,PLANT_04,PORT06,18,14.84289
1400008015.0,2026-11-02,PORT04,CARRIER_11,2,DTD,0,0,CUST_148,1600016,PLANT_15,PORT07,40,114.52485
1400008016.0,2026-08-19,PORT03,CARRIER_03,2,DTP,3,0,CUST_028,1600085,PLANT_07,PORT05,26,127.95968
1400008017.0,2026-12-17,PORT06,CARRIER_11,2,DTP,4,0,CUST_143,1600031,PLANT_17,PORT01,38,53.84231
1400008018.0,2026-10-12,PORT01,CARRIER_10,1,DTP,4,0,CUST_462,1600103,PLANT_09,PORT02,29,106.74877
1400008019.0,2026-05-15,PORT04,CARRIER_10,1,DTD,3,2,CUST_246,1600171,PLANT_02,PORT07,14,12.52024
1400008020.0,2026-04-30,PORT06,CARRIER_03,2,DTP,6,0,CUST_220,1600053,PLANT_17,PORT02,48,224.02827
1400008021.0,2026-02-02,PORT06,CARRIER_10,1,DTP,0,0,CUST_137,1600139,PLANT_20,PORT07,26,2.65524
1400008022.0,2026-08-16,PORT01,CARRIER_07,1,CRF,5,0,CUST_133,1600037,PLANT_19,PORT08,43,66.39965
1400008023.0,2026-10-01,PORT01,CARRIER_12,2,CRF,6,3,CUST_334,1600036,PLANT_05,PORT05,9,43.96067
1400008024.0,2026-05-10,PORT08,CARRIER_12,2,DTP,3,0,CUST_493,1600109,PLANT_06,PORT07,44,149.00082
1400008025.0,2026-01-08,PORT08,CARRIER_07,1,CRF,0,0,CUST_374,1600090,PLANT_15,PORT07,37,42.10761
1400008026.0,2026-10-29,PORT02,CARRIER_07,2,DTP,5,0,CUST_369,1600076,PLANT_09,PORT04,16,63.64306
1400008027.0,2026-03-23,PORT08,CARRIER_11,2,DTD,3,1,CUST_237,1600044,PLANT_08,PORT01,41,184.52539
1400008028.0,2026-08-01,PORT03,CARRIER_07,2,DTP,0,0,CUST_050,1600116,PLANT_04,PORT05,39,97.01752
1400008029.0,2026-01-20,PORT02,CARRIER_11,1,DTP,5,0,CUST_362,1600043,PLANT_05,PORT08,46,39.76773
1400008030.0,2026-01-23,PORT08,CARRIER_11,2,DTD,3,0,CUST_405,1600135,PLANT_18,PORT02,14,19.13948
1400008031.0,2026-11-24,PORT02,CARRIER_06,2,DTP,3,0,CUST_256,1600051,PLANT_09,PORT06,45,212.45666
1400008032.0,2026-09-03,PORT04,CARRIER_12,2,CRF,3,0,CUST_046,1600189,PLANT_13,PORT02,40,35.57615
1400008033.0,2026-01-02,PORT03,CARRIER_03,0,DTP,5,0,CUST_357,1600176,PLANT_04,PORT05,20,32.56687
1400008034.0,2026-02-06,PORT03,CARRIER_05,2,DTP,3,0,CUST_461,1600166,PLANT_13,PORT07,21,17.07583
1400008035.0,2026-06-29,PORT04,CARRIER_07,2,DTP,5,0,CUST_113,1600093,PLANT_13,PORT08,16,9.8795
1400008036.0,2026-09-06,PORT02,CARRIER_10,1,DTD,0,0,CUST_080,1600008,PLANT_05,PORT06,26,69.10599
1400008037.0,2026-06-04,PORT07,CARRIER_10,2,DTP,3,0,CUST_370,1600118,PLANT_14,PORT02,46,94.01827
1400008038.0,2026-11-15,PORT07,CARRIER_02,4,DTP,3,0,CUST_166,1600110,PLANT_10,PORT06,43,14.02769
1400008039.0,2026-08-27,PORT02,CARRIER_09,2,DTP,2,0,CUST_358,1600145,PLANT_05,PORT04,11,8.926
1400008040.0,2026-08-13,PORT04,CARRIER_03,2,DTP,0,0,CUST_352,1600119,PLANT_15,PORT08,11,3.12979
1400008041.0,2026-04-16,PORT07,CARRIER_09,2,DTP,0,0,CUST_134,1600091,PLANT_07,PORT03,7,1.54344
1400008042.0,2026-09-06,PORT07,CARRIER_11,1,DTP,1,0,CUST_022,1600094,PLANT_14,PORT05,33,32.15861
1400008043.0,2026-11-15,PORT02,CARRIER_03,2,DTP,3,0,CUST_278,1600131,PLANT_04,PORT07,19,71.13375
1400008044.0,2026-01-18,PORT04,CARRIER_05,3,DTP,1,0,CUST_204,1600106,PLANT_15,PORT05,39,6.72254
1400008045.0,2026-09-26,PORT05,CARRIER_02,1,DTP,3,0,CUST_428,1600074,PLANT_17,PORT07,39,62.08564
1400008046.0,2026-11-18,PORT08,CARRIER_02,2,DTP,5,0,CUST_179,1600123,PLANT_18,PORT04,14,40.14446
1400008047.0,2026-06-07,PORT08,CARRIER_04,2,DTP,3,0,CUST_125,1600126,PLANT_15,PORT03,36,134.78931
1400008048.0,2026-10-07,PORT01,CARRIER_03,1,DTD,4,0,CUST_431,1600179,PLANT_09,PORT06,40,136.86681
1400008049.0,2026-05-11,PORT03,CARRIER_07,2,DTD,3,0,CUST_368,1600143,PLANT_06,PORT08,50,247.16399
1400008050.0,2026-03-12,PORT06,CARRIER_03,2,DTP,5,0,CUST_310,1600036,PLANT_20,PORT04,38,55.1218
1400008051.0,2026-10-25,PORT04,CARRIER_03,1,DTP,4,0,CUST_477,1600194,PLANT_15,PORT02,21,2.11428
1400008052.0,2026-04-24,PORT07,CARRIER_12,1,DTP,2,4,CUST_392,1600023,PLANT_13,PORT05,50,14.36372
1400008053.0,2026-10-04,PORT08,CARRIER_03,1,DTP,3,0,CUST_434,1600183,PLANT_18,PORT01,17,9.82331
1400008054.0,2026-04-26,PORT08,CARRIER_09,2,DTD,3,0,CUST_400,1600090,PLANT_06,PORT05,42,204.90392
1400008055.0,2026-05-26,PORT06,CARRIER_12,2,DTP,4,0,CUST_201,1600166,PLANT_20,PORT04,22,63.65121
1400008056.0,2026-09-08,PORT02,CARRIER_12,2,DTD,2,6,CUST_032,1600017,PLANT_04,PORT01,48,192.81148
1400008057.0,2026-05-05,PORT08,CARRIER_10,2,DTP,3,0,CUST_304,1600072,PLANT_08,PORT02,40,197.07549
1400008058.0,2026-10-22,PORT03,CARRIER_11,2,DTP,5,0,CUST_383,1600056,PLANT_06,PORT01,32,135.5812
1400008059.0,2026-01-15,PORT07,CARRIER_05,1,CRF,6,0,CUST_496,1600155,PLANT_13,PORT05,14,29.36245
1400008060.0,2026-01-05,PORT07,CARRIER_12,2,DTD,3,0,CUST_341,1600160,PLANT_16,PORT01,13,57.09365
1400008061.0,2026-01-30,PORT07,CARRIER_02,2,DTP,3,0,CUST_285,1600066,PLANT_14,PORT08,48,106.81822
1400008062.0,2026-04-04,PORT02,CARRIER_05,1,DTD,2,0,CUST_288,1600103,PLANT_01,PORT07,41,26.99618
1400008063.0,2026-01-20,PORT07,CARRIER_02,1,CRF,3,0,CUST_058,1600011,PLANT_13,PORT08,28,78.00362
1400008064.0,2026-05-19,PORT08,CARRIER_08,2,DTP,0,2,CUST_004,1600169,PLANT_08,PORT02,45,206.42229
1400008065.0,2026-01-09,PORT06,CARRIER_05,2,CRF,6,0,CUST_023,1600178,PLANT_19,PORT03,41,161.71374
1400008066.0,2026-10-04,PORT03,CARRIER_10,2,DTP,3,0,CUST_453,1600114,PLANT_07,PORT04,22,45.52775
1400008067.0,2026-02-25,PORT06,CARRIER_03,2,CRF,1,0,CUST_396,1600093,PLANT_19,PORT04,43,184.42033
1400008068.0,2026-12-21,PORT08,CARRIER_04,0,DTD,0,0,CUST_131,1600154,PLANT_18,PORT04,41,97.35426
1400008069.0,2026-11-09,PORT07,CARRIER_01,1,DTP,3,0,CUST_212,1600005,PLANT_13,PORT01,27,93.26924
1400008070.0,2026-09-11,PORT03,CARRIER_03,2,DTP,3,0,CUST_242,1600127,PLANT_04,PORT07,5,8.66181
1400008071.0,2026-10-19,PORT03,CARRIER_10,2,DTD,3,0,CUST_124,1600195,PLANT_11,PORT04,39,41.10985
1400008072.0,2026-10-10,PORT06,CARRIER_03,2,DTP,3,0,CUST_212,1600198,PLANT_02,PORT01,20,32.7201
1400008073.0,2026-11-05,PORT08,CARRIER_04,1,DTP,3,0,CUST_174,1600044,PLANT_03,PORT03,21,92.15434
1400008074.0,2026-07-22,PORT04,CARRIER_02,0,DTP,2,0,CUST_348,1600005,PLANT_13,PORT03,37,183.14548
1400008075.0,2026-08-16,PORT03,CARRIER_11,2,DTP,0,0,CUST_379,1600192,PLANT_08,PORT01,42,58.51408
1400008076.0,2026-06-21,PORT03,CARRIER_06,0,DTP,1,4,CUST_050,1600177,PLANT_07,PORT07,9,8.19253
1400008077.0,2026-08-16,PORT06,CARRIER_12,1,DTP,3,0,CUST_233,1600078,PLANT_19,PORT04,42,18.82883
1400008078.0,2026-05-20,PORT06,CARRIER_03,2,DTP,4,0,CUST_496,1600186,PLANT_02,PORT07,18,68.28688
1400008079.0,2026-02-15,PORT07,CARRIER_06,2,DTP,0,0,CUST_435,1600026,PLANT_14,PORT05,31,83.30324
1400008080.0,2026-12-06,PORT05,CARRIER_09,1,DTD,3,0,CUST_397,1600070,PLANT_17,PORT04,44,124.2952
1400008081.0,2026-09-13,PORT06,CARRIER_04,2,DTP,0,0,CUST_368,1600108,PLANT_15,PORT01,15,4.82267
1400008082.0,2026-09-15,PORT07,CARRIER_10,2,DTD,0,0,CUST_003,1600025,PLANT_16,PORT01,15,7.45769
1400008083.0,2026-04-13,PORT01,CARRIER_08,2,CRF,1,0,CUST_488,1600037,PLANT_03,PORT07,49,224.50098
1400008084.0,2026-10-09,PORT05,CARRIER_10,1,CRF,3,0,CUST_368,1600067,PLANT_12,PORT06,22,64.37158
1400008085.0,2026-07-09,PORT04,CARRIER_12,2,DTP,0,0,CUST_445,1600155,PLANT_13,PORT05,48,56.35741
1400008086.0,2026-01-28,PORT01,CARRIER_10,2,DTD,5,0,CUST_455,1600148,PLANT_09,PORT05,21,23.44777
1400008087.0,2026-12-15,PORT02,CARRIER_10,2,DTD,2,0,CUST_128,1600115,PLANT_09,PORT05,33,42.25405
1400008088.0,2026-12-29,PORT04,CARRIER_06,2,DTP,3,0,CUST_007,1600036,PLANT_15,PORT07,28,11.54758
1400008089.0,2026-11-14,PORT05,CARRIER_02,2,CRF,6,0,CUST_330,1600118,PLANT_12,PORT06,50,17.192
1400008090.0,2026-06-23,PORT06,CARRIER_04,2,DTP,1,0,CUST_230,1600177,PLANT_15,PORT04,30,108.83785
1400008091.0,2026-03-27,PORT03,CARRIER_10,2,DTP,3,0,CUST_011,1600169,PLANT_08,PORT06,28,38.98743
1400008092.0,2026-01-05,PORT06,CARRIER_02,1,DTP,3,0,CUST_136,1600162,PLANT_20,PORT03,26,51.58084
1400008093.0,2026-09-26,PORT07,CARRIER_07,2,DTP,1,0,CUST_496,1600039,PLANT_14,PORT05,22,60.12772
1400008094.0,2026-11-22,PORT03,CARRIER_10,2,DTD,0,0,CUST_182,1600095,PLANT_11,PORT01,25,41.70785
1400008095.0,2026-02-07,PORT02,CARRIER_06,2,DTP,4,0,CUST_131,1600087,PLANT_05,PORT04,26,63.59739
1400008096.0,2026-09-07,PORT07,CARRIER_08,2,DTD,1,0,CUST_328,1600181,PLANT_11,PORT08,40,173.54209
1400008097.0,2026-01-10,PORT06,CARRIER_03,2,DTP,2,0,CUST_333,1600194,PLANT_19,PORT05,7,9.07261
1400008098.0,2026-10-11,PORT01,CARRIER_10,2,CRF,3,0,CUST_167,1600072,PLANT_01,PORT08,28,111.36083
1400008099.0,2026-01-11,PORT07,CARRIER_07,2,DTP,0,0,CUST_425,1600083,PLANT_14,PORT01,30,41.80045
1400008100.0,2026-12-23,PORT07,CARRIER_04,2,DTP,5,0,CUST_291,1600139,PLANT_14,PORT01,39,39.62569
1400008101.0,2026-03-04,PORT07,CARRIER_09,2,DTP,5,0,CUST_081,1600112,PLANT_16,PORT04,35,15.96098
1400008102.0,2026-05-27,PORT04,CARRIER_10,2,DTP,5,0,CUST_163,1600164,PLANT_02,PORT06,24,82.8621
1400008103.0,2026-09-11,PORT02,CARRIER_05,2,DTD,0,0,CUST_424,1600108,PLANT_09,PORT07,10,21.17006
1400008104.0,2026-11-05,PORT01,CARRIER_09,2,DTP,6,0,CUST_045,1600182,PLANT_01,PORT05,22,85.25202
1400008105.0,2026-05-13,PORT07,CARRIER_12,2,DTP,3,0,CUST_007,1600196,PLANT_16,PORT03,16,12.00142
1400008106.0,2026-12-24,PORT07,CARRIER_10,1,DTP,3,0,CUST_329,1600172,PLANT_11,PORT06,14,42.78985
1400008107.0,2026-01-06,PORT01,CARRIER_03,2,DTP,3,0,CUST_221,1600134,PLANT_18,PORT04,38,6.21819
1400008108.0,2026-06-22,PORT06,CARRIER_05,2,DTP,4,0,CUST_127,1600137,PLANT_15,PORT01,26,32.38994
1400008109.0,2026-12-27,PORT07,CARRIER_01,2,CRF,3,0,CUST_237,1600100,PLANT_16,PORT06,41,126.57812
1400008110.0,2026-04-11,PORT05,CARRIER_10,1,CRF,3,0,CUST_092,1600039,PLANT_12,PORT01,11,4.12048
1400008111.0,2026-07-14,PORT02,CARRIER_07,2,CRF,3,0,CUST_188,1600089,PLANT_01,PORT06,50,97.42104
1400008112.0,2026-06-12,PORT08,CARRIER_03,1,DTP,0,0,CUST_117,1600033,PLANT_18,PORT06,26,74.15584
1400008113.0,2026-05-24,PORT03,CARRIER_03,2,CRF,0,4,CUST_294,1600181,PLANT_04,PORT05,16,58.64279
1400008114.0,2026-10-08,PORT08,CARRIER_01,2,DTP,3,0,CUST_337,1600009,PLANT_06,PORT02,21,74.71201
1400008115.0,2026-07-09,PORT03,CARRIER_08,2,DTP,3,0,CUST_458,1600075,PLANT_11,PORT04,43,35.52165
1400008116.0,2026-09-18,PORT07,CARRIER_04,2,CRF,3,0,CUST_034,1600184,PLANT_13,PORT01,37,17.32839
1400008117.0,2026-07-09,PORT03,CARRIER_06,2,DTD,4,0,CUST_164,1600161,PLANT_04,PORT01,12,23.32987
1400008118.0,2026-12-31,PORT05,CARRIER_03,2,DTP,3,0,CUST_133,1600131,PLANT_12,PORT06,50,63.99748
1400008119.0,2026-06-21,PORT07,CARRIER_05,2,DTP,1,0,CUST_290,1600124,PLANT_16,PORT08,11,17.57677
1400008120.0,2026-10-18,PORT08,CARRIER_05,1,DTP,3,0,CUST_267,1600159,PLANT_08,PORT05,17,30.22897
1400008121.0,2026-08-12,PORT07,CARRIER_06,1,DTP,1,0,CUST_439,1600150,PLANT_13,PORT04,38,77.75451
1400008122.0,2026-10-20,PORT01,CARRIER_05,1,DTD,4,0,CUST_460,1600189,PLANT_19,PORT06,29,76.59312
1400008123.0,2026-11-20,PORT04,CARRIER_02,2,DTP,3,0,CUST_387,1600034,PLANT_02,PORT05,25,3.63971
1400008124.0,2026-03-24,PORT04,CARRIER_11,2,DTP,5,0,CUST_100,1600048,PLANT_13,PORT06,47,73.32994
1400008125.0,2026-04-21,PORT02,CARRIER_04,2,DTP,0,0,CUST_021,1600128,PLANT_02,PORT03,41,57.21136
1400008126.0,2026-04-21,PORT04,CARRIER_01,2,DTD,3,0,CUST_450,1600149,PLANT_15,PORT06,49,61.61715
1400008127.0,2026-06-27,PORT03,CARRIER_06,2,DTP,3,0,CUST_472,1600075,PLANT_07,PORT07,17,67.39198
1400008128.0,2026-06-29,PORT05,CARRIER_04,2,DTP,0,0,CUST_126,1600184,PLANT_12,PORT03,44,58.57985
1400008129.0,2026-01-02,PORT04,CARRIER_10,2,DTP,3,0,CUST_024,1600176,PLANT_15,PORT08,14,11.75617
1400008130.0,2026-11-23,PORT05,CARRIER_05,1,DTP,0,0,CUST_341,1600083,PLANT_17,PORT07,42,179.50579
1400008131.0,2026-11-10,PORT06,CARRIER_11,2,DTP,1,0,CUST_295,1600076,PLANT_02,PORT02,30,59.2924
1400008132.0,2026-08-08,PORT07,CARRIER_04,1,DTP,3,0,CUST_445,1600182,PLANT_14,PORT02,32,32.05653
1400008133.0,2026-04-22,PORT08,CARRIER_04,1,DTP,3,0,CUST_288,1600016,PLANT_08,PORT07,10,37.80918
1400008134.0,2026-10-29,PORT08,CARRIER_02,1,DTP,3,4,CUST_381,1600040,PLANT_08,PORT06,45,149.40694
1400008135.0,2026-04-10,PORT01,CARRIER_02,1,CRF,3,0,CUST_394,1600053,PLANT_09,PORT02,17,80.44347
1400008136.0,2026-04-22,PORT05,CARRIER_04,2,DTD,0,0,CUST_005,1600078,PLANT_17,PORT08,32,140.83835
1400008137.0,2026-12-31,PORT05,CARRIER_05,2,DTP,3,0,CUST_075,1600195,PLANT_12,PORT07,12,42.02574
1400008138.0,2026-12-04,PORT07,CARRIER_04,2,DTP,3,0,CUST_391,1600041,PLANT_14,PORT08,47,41.77626
1400008139.0,2026-08-02,PORT03,CARRIER_05,2,DTP,3,0,CUST_090,1600024,PLANT_13,PORT05,19,46.88417
1400008140.0,2026-03-03,PORT07,CARRIER_01,2,DTP,3,0,CUST_104,1600066,PLANT_14,PORT06,40,27.28258
1400008141.0,2026-02-14,PORT08,CARRIER_06,2,DTP,0,0,CUST_377,1600044,PLANT_06,PORT03,40,111.68206
1400008142.0,2026-12-18,PORT03,CARRIER_02,2,DTP,3,0,CUST_103,1600115,PLANT_08,PORT02,30,137.76718
1400008143.0,2026-04-07,PORT01,CARRIER_08,0,DTP,0,0,CUST_075,1600192,PLANT_19,PORT02,10,1.18732
1400008144.0,2026-09-06,PORT07,CARRIER_03,2,DTD,2,0,CUST_007,1600027,PLANT_14,PORT02,17,74.67203
1400008145.0,2026-05-09,PORT04,CARRIER_06,2,DTP,3,0,CUST_235,1600156,PLANT_02,PORT03,33,90.50773
1400008146.0,2026-07-01,PORT02,CARRIER_06,2,DTD,3,0,CUST_319,1600108,PLANT_09,PORT04,29,24.39256
1400008147.0,2026-12-26,PORT03,CARRIER_04,2,DTP,0,0,CUST_366,1600001,PLANT_17,PORT07,31,133.10601
1400008148.0,2026-08-05,PORT01,CARRIER_02,2,DTP,2,0,CUST_453,1600145,PLANT_09,PORT05,16,43.69267
1400008149.0,2026-06-07,PORT03,CARRIER_01,2,DTP,3,0,CUST_326,1600157,PLANT_17,PORT06,29,66.58435
1400008150.0,2026-06-01,PORT04,CARRIER_12,1,DTP,3,5,CUST_379,1600092,PLANT_07,PORT03,8,20.38895
1400008151.0,2026-03-25,PORT07,CARRIER_10,2,DTP,3,0,CUST_106,1600198,PLANT_16,PORT08,27,22.19726
1400008152.0,2026-07-23,PORT01,CARRIER_01,0,DTP,3,0,CUST_171,1600132,PLANT_19,PORT06,9,5.87175
1400008153.0,2026-07-27,PORT05,CARRIER_09,2,DTP,0,0,CUST_152,1600148,PLANT_17,PORT08,35,116.95693
1400008154.0,2026-02-04,PORT07,CARRIER_06,2,DTD,3,4,CUST_033,1600103,PLANT_16,PORT08,31,136.83456
1400008155.0,2026-05-28,PORT04,CARRIER_11,2,DTP,5,0,CUST_485,1600026,PLANT_15,PORT05,44,154.1253
1400008156.0,2026-08-24,PORT07,CARRIER_05,2,DTP,5,0,CUST_121,1600137,PLANT_14,PORT05,26,109.71603
1400008157.0,2026-01-21,PORT07,CARRIER_03,2,DTD,0,0,CUST_225,1600176,PLANT_10,PORT08,12,50.87257
1400008158.0,2026-12-23,PORT07,CARRIER_10,1,DTP,5,0,CUST_179,1600022,PLANT_07,PORT08,15,3.85498
1400008159.0,2026-11-11,PORT07,CARRIER_11,2,DTD,0,0,CUST_023,1600199,PLANT_14,PORT01,42,162.86252
1400008160.0,2026-08-21,PORT05,CARRIER_01,2,DTD,2,0,CUST_452,1600137,PLANT_12,PORT03,49,190.27943
1400008161.0,2026-01-06,PORT04,CARRIER_11,2,DTD,3,0,CUST_110,1600122,PLANT_02,PORT08,7,12.70421
1400008162.0,2026-07-09,PORT01,CARRIER_05,2,DTP,1,0,CUST_051,1600084,PLANT_06,PORT03,36,75.89737
1400008163.0,2026-11-24,PORT06,CARRIER_11,2,CRF,1,0,CUST_172,1600123,PLANT_15,PORT08,27,101.32833
1400008164.0,2026-01-09,PORT02,CARRIER_08,2,DTP,0,0,CUST_072,1600192,PLANT_04,PORT01,16,78.94589
1400008165.0,2026-10-17,PORT07,CARRIER_01,0,DTP,3,0,CUST_500,1600145,PLANT_11,PORT08,28,138.32961
1400008166.0,2026-11-03,PORT03,CARRIER_12,2,DTD,3,0,CUST_095,1600153,PLANT_13,PORT06,48,116.24784
1400008167.0,2026-01-28,PORT08,CARRIER_05,1,DTD,3,0,CUST_152,1600155,PLANT_03,PORT06,14,55.56318
1400008168.0,2026-03-26,PORT04,CARRIER_02,2,DTP,3,0,CUST_136,1600066,PLANT_15,PORT06,43,102.49916
1400008169.0,2026-09-22,PORT07,CARRIER_12,2,DTP,0,0,CUST_014,1600165,PLANT_16,PORT03,9,39.0888
1400008170.0,2026-11-29,PORT05,CARRIER_05,2,CRF,3,0,CUST_007,1600152,PLANT_12,PORT03,38,124.77929
1400008171.0,2026-10-09,PORT06,CARRIER_07,2,DTP,3,0,CUST_257,1600181,PLANT_05,PORT07,8,37.5163
1400008172.0,2026-07-11,PORT08,CARRIER_06,1,DTP,0,0,CUST_117,1600117,PLANT_18,PORT07,7,34.90534
1400008173.0,2026-08-08,PORT06,CARRIER_10,2,DTD,6,0,CUST_042,1600175,PLANT_02,PORT08,6,10.30752
1400008174.0,2026-07-11,PORT02,CARRIER_04,1,DTP,3,0,CUST_146,1600113,PLANT_09,PORT08,42,205.74484
1400008175.0,2026-07-30,PORT07,CARRIER_04,1,DTP,3,4,CUST_138,1600079,PLANT_11,PORT05,31,108.29272
1400008176.0,2026-10-09,PORT05,CARRIER_12,2,DTD,3,0,CUST_213,1600118,PLANT_12,PORT08,36,45.59841
1400008177.0,2026-01-19,PORT06,CARRIER_06,2,DTP,3,0,CUST_497,1600002,PLANT_19,PORT07,12,1.38298
1400008178.0,2026-03-18,PORT04,CARRIER_03,3,CRF,3,0,CUST_154,1600118,PLANT_02,PORT05,47,162.188
1400008179.0,2026-01-22,PORT03,CARRIER_05,2,DTP,4,0,CUST_353,1600042,PLANT_04,PORT05,42,49.96574
1400008180.0,2026-10-18,PORT04,CARRIER_05,2,DTD,0,0,CUST_385,1600148,PLANT_07,PORT08,27,33.31139
1400008181.0,2026-09-23,PORT01,CARRIER_10,1,DTP,0,0,CUST_026,1600194,PLANT_01,PORT02,46,129.05868
1400008182.0,2026-01-20,PORT02,CARRIER_02,2,CRF,0,0,CUST_251,1600156,PLANT_02,PORT05,11,2.76691
1400008183.0,2026-02-08,PORT03,CARRIER_02,2,CRF,6,0,CUST_225,1600170,PLANT_11,PORT04,18,38.52377
1400008184.0,2026-04-07,PORT07,CARRIER_08,1,DTP,3,0,CUST_254,1600164,PLANT_11,PORT06,7,28.11851
1400008185.0,2026-03-30,PORT08,CARRIER_06,2,DTP,2,0,CUST_086,1600122,PLANT_18,PORT06,12,2.8029
1400008186.0,2026-07-09,PORT01,CARRIER_01,2,DTP,0,0,CUST_233,1600099,PLANT_06,PORT04,43,135.76449
1400008187.0,2026-07-02,PORT04,CARRIER_11,2,DTP,3,5,CUST_062,1600095,PLANT_15,PORT02,23,20.14939
1400008188.0,2026-05-11,PORT08,CARRIER_01,2,DTP,5,0,CUST_473,1600004,PLANT_08,PORT02,34,147.14904
1400008189.0,2026-03-01,PORT06,CARRIER_11,1,DTP,3,0,CUST_294,1600084,PLANT_19,PORT05,45,90.64647
1400008190.0,2026-08-26,PORT08,CARRIER_08,2,DTP,0,0,CUST_018,1600016,PLANT_18,PORT02,40,163.17598
1400008191.0,2026-10-16,PORT01,CARRIER_10,2,CRF,4,0,CUST_253,1600024,PLANT_19,PORT05,23,83.87454
1400008192.0,2026-08-22,PORT02,CARRIER_11,2,DTD,5,0,CUST_464,1600126,PLANT_01,PORT04,21,92.42923
1400008193.0,2026-10-22,PORT05,CARRIER_02,1,DTD,3,0,CUST_372,1600169,PLANT_12,PORT02,9,23.69352
1400008194.0,2026-11-30,PORT01,CARRIER_08,2,DTD,3,0,CUST_137,1600047,PLANT_01,PORT06,43,106.72401
1400008195.0,2026-11-04,PORT07,CARRIER_07,1,DTP,3,0,CUST_447,1600160,PLANT_16,PORT02,50,14.17048
1400008196.0,2026-08-26,PORT08,CARRIER_06,0,CRF,3,0,CUST_093,1600000,PLANT_03,PORT05,28,76.03929
1400008197.0,2026-01-19,PORT08,CARRIER_04,2,DTP,5,0,CUST_124,1600175,PLANT_18,PORT07,27,71.75747
1400008198.0,2026-05-03,PORT04,CARRIER_08,2,DTP,3,0,CUST_078,1600065,PLANT_02,PORT03,44,135.13872
1400008199.0,2026-06-06,PORT04,CARRIER_12,2,DTD,3,0,CUST_462,1600085,PLANT_02,PORT01,20,14.84012
1400008200.0,2026-09-18,PORT07,CARRIER_12,1,DTP,0,0,CUST_359,1600050,PLANT_16,PORT03,23,63.15438
1400008201.0,2026-11-06,PORT03,CARRIER_07,2,DTP,3,0,CUST_259,1600114,PLANT_11,PORT02,46,106.93888
1400008202.0,2026-08-22,PORT03,CARRIER_06,2,DTP,0,0,CUST_334,1600163,PLANT_08,PORT06,22,66.44621
1400008203.0,2026-05-13,PORT03,CARRIER_11,2,DTP,3,0,CUST_130,1600074,PLANT_11,PORT01,47,156.82468
1400008204.0,2026-10-15,PORT06,CARRIER_03,2,DTP,6,0,CUST_036,1600170,PLANT_20,PORT04,12,22.4517
1400008205.0,2026-09-11,PORT03,CARRIER_03,2,DTD,0,0,CUST_423,1600008,PLANT_04,PORT05,27,69.38622
1400008206.0,2026-10-19,PORT03,CARRIER_03,2,DTP,3,0,CUST_483,1600045,PLANT_04,PORT05,27,54.97144
1400008207.0,2026-08-04,PORT02,CARRIER_10,2,DTP,3,0,CUST_018,1600111,PLANT_04,PORT01,19,73.16711
1400008208.0,2026-08-25,PORT08,CARRIER_03,0,DTP,0,1,CUST_026,1600084,PLANT_06,PORT02,49,196.12133
1400008209.0,2026-05-07,PORT03,CARRIER_05,2,CRF,3,0,CUST_280,1600123,PLANT_17,PORT02,27,41.45615
1400008210.0,2026-05-26,PORT03,CARRIER_02,2,DTP,4,0,CUST_022,1600058,PLANT_08,PORT06,45,61.72988
1400008211.0,2026-04-11,PORT07,CARRIER_06,2,DTP,1,0,CUST_361,1600045,PLANT_07,PORT04,15,51.35675
1400008212.0,2026-04-04,PORT02,CARRIER_06,2,DTD,3,0,CUST_473,1600010,PLANT_02,PORT05,21,81.74627
1400008213.0,2026-08-27,PORT07,CARRIER_10,1,DTP,3,0,CUST_140,1600195,PLANT_10,PORT04,26,3.98426
1400008214.0,2026-05-21,PORT02,CARRIER_01,1,DTD,3,0,CUST_148,1600015,PLANT_05,PORT06,30,65.83309
1400008215.0,2026-02-18,PORT02,CARRIER_03,2,CRF,0,1,CUST_432,1600095,PLANT_04,PORT08,15,24.11822
1400008216.0,2026-01-13,PORT02,CARRIER_09,2,DTP,0,0,CUST_179,1600008,PLANT_02,PORT06,19,73.26305
1400008217.0,2026-11-10,PORT03,CARRIER_02,2,DTD,0,0,CUST_121,1600176,PLANT_11,PORT08,33,26.51054
1400008218.0,2026-06-08,PORT03,CARRIER_05,2,DTP,3,0,CUST_043,1600145,PLANT_11,PORT01,17,66.52793
1400008219.0,2026-07-30,PORT08,CARRIER_01,2,DTD,0,0,CUST_420,1600058,PLANT_08,PORT06,39,130.2948
1400008220.0,2026-11-27,PORT08,CARRIER_08,2,DTP,3,0,CUST_463,1600095,PLANT_15,PORT05,26,109.98923
1400008221.0,2026-02-10,PORT01,CARRIER_07,1,DTP,3,0,CUST_040,1600163,PLANT_09,PORT07,49,242.65743
1400008222.0,2026-12-09,PORT07,CARRIER_07,2,CRF,4,0,CUST_402,1600075,PLANT_14,PORT04,15,36.5268
1400008223.0,2026-09-14,PORT07,CARRIER_09,2,DTD,4,0,CUST_080,1600068,PLANT_16,PORT08,43,151.666
1400008224.0,2026-08-22,PORT01,CARRIER_04,2,DTD,3,0,CUST_070,1600192,PLANT_03,PORT08,27,96.62783
1400008225.0,2026-06-07,PORT07,CARRIER_12,2,DTP,1,0,CUST_191,1600132,PLANT_07,PORT01,8,33.90727
1400008226.0,2026-09-15,PORT03,CARRIER_12,0,DTP,0,0,CUST_219,1600011,PLANT_04,PORT02,37,97.6361
1400008227.0,2026-03-16,PORT05,CARRIER_10,2,DTP,4,0,CUST_428,1600118,PLANT_12,PORT01,14,8.78464
1400008228.0,2026-04-21,PORT01,CARRIER_11,2,DTP,3,0,CUST_350,1600028,PLANT_09,PORT07,11,53.88766
1400008229.0,2026-12-17,PORT03,CARRIER_08,2,DTD,2,0,CUST_073,1600129,PLANT_08,PORT05,29,10.97659
1400008230.0,2026-04-11,PORT08,CARRIER_12,1,DTD,3,0,CUST_293,1600057,PLANT_18,PORT05,41,197.44104
1400008231.0,2026-09-20,PORT06,CARRIER_07,2,DTP,1,0,CUST_438,1600193,PLANT_19,PORT07,16,21.62008
1400008232.0,2026-12-06,PORT04,CARRIER_10,2,DTP,3,0,CUST_332,1600098,PLANT_02,PORT08,33,82.93465
1400008233.0,2026-08-05,PORT02,CARRIER_06,2,CRF,3,0,CUST_115,1600033,PLANT_02,PORT03,5,23.79121
1400008234.0,2026-04-19,PORT04,CARRIER_09,2,DTP,1,4,CUST_065,1600064,PLANT_02,PORT07,13,44.40328
1400008235.0,2026-11-06,PORT06,CARRIER_06,2,DTP,4,0,CUST_227,1600128,PLANT_02,PORT07,39,115.80077
1400008236.0,2026-10-29,PORT08,CARRIER_05,2,DTP,3,0,CUST_237,1600132,PLANT_15,PORT05,5,8.48438
1400008237.0,2026-07-18,PORT03,CARRIER_10,1,DTP,3,0,CUST_177,1600138,PLANT_07,PORT07,21,32.18858
1400008238.0,2026-02-11,PORT03,CARRIER_02,1,DTP,3,0,CUST_055,1600128,PLANT_07,PORT07,28,7.2971
1400008239.0,2026-06-11,PORT06,CARRIER_05,1,DTP,0,0,CUST_060,1600146,PLANT_15,PORT02,8,23.78422
1400008240.0,2026-06-07,PORT01,CARRIER_12,1,DTD,3,0,CUST_265,1600149,PLANT_01,PORT02,50,110.37481
1400008241.0,2026-03-11,PORT03,CARRIER_04,2,DTP,3,0,CUST_473,1600029,PLANT_04,PORT01,28,33.57412
1400008242.0,2026-05-27,PORT07,CARRIER_07,2,DTP,3,0,CUST_299,1600003,PLANT_10,PORT04,20,39.65298
1400008243.0,2026-02-25,PORT03,CARRIER_11,1,DTD,3,0,CUST_220,1600070,PLANT_04,PORT02,49,230.82022
1400008244.0,2026-09-10,PORT07,CARRIER_12,2,DTP,3,0,CUST_466,1600091,PLANT_14,PORT04,30,127.71482
1400008245.0,2026-06-07,PORT05,CARRIER_11,1,DTD,3,0,CUST_346,1600193,PLANT_12,PORT02,36,79.52385
1400008246.0,2026-09-24,PORT02,CARRIER_03,2,DTP,3,0,CUST_359,1600092,PLANT_01,PORT08,9,44.11593
1400008247.0,2026-06-16,PORT07,CARRIER_09,2,DTP,3,0,CUST_288,1600041,PLANT_14,PORT01,12,28.37253
1400008248.0,2026-09-18,PORT03,CARRIER_10,2,DTP,0,2,CUST_382,1600048,PLANT_07,PORT08,7,12.67557
1400008249.0,2026-09-25,PORT01,CARRIER_08,2,DTD,4,0,CUST_251,1600145,PLANT_09,PORT07,28,56.02271
1400008250.0,2026-02-28,PORT06,CARRIER_10,2,DTP,0,0,CUST_312,1600113,PLANT_02,PORT01,43,188.58174
1400008251.0,2026-06-11,PORT02,CARRIER_05,2,CRF,0,0,CUST_309,1600058,PLANT_04,PORT05,46,64.95192
1400008252.0,2026-10-01,PORT06,CARRIER_10,2,DTP,4,0,CUST_377,1600035,PLANT_05,PORT01,31,36.83741
1400008253.0,2026-08-05,PORT06,CARRIER_10,1,DTD,3,0,CUST_450,1600162,PLANT_02,PORT07,7,33.64677
1400008254.0,2026-03-22,PORT01,CARRIER_11,2,DTP,3,0,CUST_148,1600160,PLANT_18,PORT05,33,122.03128
1400008255.0,2026-10-31,PORT06,CARRIER_10,2,CRF,3,0,CUST_350,1600176,PLANT_02,PORT03,34,130.64588
1400008256.0,2026-03-14,PORT05,CARRIER_07,2,DTP,0,0,CUST_016,1600118,PLANT_12,PORT07,32,119.27753
1400008257.0,2026-12-29,PORT06,CARRIER_07,2,DTP,3,0,CUST_267,1600098,PLANT_02,PORT03,38,130.95735
1400008258.0,2026-09-16,PORT06,CARRIER_08,2,DTD,3,0,CUST_450,1600133,PLANT_17,PORT01,30,16.41345
1400008259.0,2026-04-28,PORT08,CARRIER_05,2,DTP,0,0,CUST_323,1600017,PLANT_08,PORT03,37,140.34198
1400008260.0,2026-03-13,PORT05,CARRIER_12,0,DTP,4,0,CUST_134,1600004,PLANT_12,PORT07,27,35.63237
1400008261.0,2026-11-26,PORT04,CARRIER_02,2,DTD,0,0,CUST_304,1600123,PLANT_02,PORT08,11,8.23664
1400008262.0,2026-07-11,PORT05,CARRIER_12,0,CRF,4,0,CUST_179,1600152,PLANT_12,PORT03,8,39.33372
1400008263.0,2026-10-22,PORT07,CARRIER_07,2,DTD,3,0,CUST_217,1600049,PLANT_14,PORT06,46,10.8805
1400008264.0,2026-10-31,PORT07,CARRIER_04,1,DTP,5,0,CUST_115,1600094,PLANT_14,PORT01,25,6.37542
1400008265.0,2026-01-25,PORT02,CARRIER_07,0,DTP,4,0,CUST_313,1600197,PLANT_09,PORT05,19,30.75286
1400008266.0,2026-09-07,PORT03,CARRIER_02,2,DTD,4,0,CUST_100,1600093,PLANT_13,PORT04,18,76.25862
1400008267.0,2026-05-02,PORT08,CARRIER_08,2,DTP,6,0,CUST_222,1600100,PLANT_03,PORT05,7,34.24348
1400008268.0,2026-11-28,PORT01,CARRIER_12,0,DTD,4,0,CUST_470,1600012,PLANT_18,PORT08,48,32.67772
1400008269.0,2026-03-21,PORT01,CARRIER_01,1,CRF,4,0,CUST_379,1600158,PLANT_03,PORT06,8,16.30124
1400008270.0,2026-01-13,PORT04,CARRIER_06,1,DTP,0,0,CUST_208,1600010,PLANT_02,PORT05,15,55.47118
1400008271.0,2026-08-31,PORT03,CARRIER_08,1,DTP,4,0,CUST_485,1600183,PLANT_06,PORT06,26,84.8403
1400008272.0,2026-07-21,PORT05,CARRIER_08,1,DTD,3,0,CUST_007,1600078,PLANT_12,PORT08,21,26.11446
1400008273.0,2026-07-22,PORT06,CARRIER_10,2,DTP,6,0,CUST_480,1600187,PLANT_02,PORT04,6,10.27865
1400008274.0,2026-04-07,PORT03,CARRIER_09,2,DTP,3,0,CUST_177,1600019,PLANT_04,PORT01,20,60.24872
1400008275.0,2026-06-30,PORT01,CARRIER_08,2,DTP,1,0,CUST_411,1600106,PLANT_01,PORT06,40,10.93969
1400008276.0,2026-12-18,PORT01,CARRIER_12,1,DTP,0,0,CUST_474,1600145,PLANT_05,PORT07,16,61.04515
1400008277.0,2026-10-06,PORT08,CARRIER_06,0,DTP,1,0,CUST_301,1600113,PLANT_15,PORT04,44,63.7773
1400008278.0,2026-12-26,PORT01,CARRIER_03,2,DTP,3,0,CUST_306,1600023,PLANT_19,PORT06,21,87.33682
1400008279.0,2026-05-02,PORT05,CARRIER_12,2,DTP,3,0,CUST_375,1600097,PLANT_17,PORT07,5,17.24989
1400008280.0,2026-11-14,PORT01,CARRIER_09,2,DTP,0,0,CUST_120,1600052,PLANT_09,PORT04,10,32.62531
1400008281.0,2026-05-20,PORT07,CARRIER_08,1,CRF,0,0,CUST_090,1600026,PLANT_14,PORT02,42,162.12292
1400008282.0,2026-12-08,PORT02,CARRIER_05,2,DTP,2,0,CUST_172,1600105,PLANT_01,PORT06,23,10.76766
1400008283.0,2026-11-12,PORT01,CARRIER_10,2,DTP,4,0,CUST_240,1600178,PLANT_05,PORT08,50,68.69283
1400008284.0,2026-03-02,PORT02,CARRIER_02,2,DTD,3,0,CUST_372,1600065,PLANT_02,PORT01,41,108.91706
1400008285.0,2026-12-21,PORT05,CARRIER_03,2,DTP,0,0,CUST_129,1600065,PLANT_12,PORT06,6,23.4484
1400008286.0,2026-08-10,PORT01,CARRIER_11,2,CRF,3,0,CUST_283,1600142,PLANT_09,PORT05,19,80.94709
1400008287.0,2026-10-11,PORT01,CARRIER_03,0,CRF,0,0,CUST_002,1600102,PLANT_01,PORT04,38,74.9477
1400008288.0,2026-07-31,PORT07,CARRIER_01,2,DTD,3,0,CUST_016,1600065,PLANT_13,PORT01,7,27.92211
1400008289.0,2026-03-21,PORT01,CARRIER_12,2,DTP,4,0,CUST_484,1600180,PLANT_19,PORT08,50,58.96716
1400008290.0,2026-12-26,PORT04,CARRIER_05,1,DTP,0,0,CUST_426,1600101,PLANT_13,PORT07,12,6.04719
1400008291.0,2026-02-11,PORT07,CARRIER_12,2,DTP,4,0,CUST_432,1600166,PLANT_16,PORT05,41,53.63861
1400008292.0,2026-10-23,PORT07,CARRIER_01,2,DTP,3,0,CUST_165,1600020,PLANT_11,PORT05,43,194.59332
1400008293.0,2026-03-18,PORT01,CARRIER_02,1,DTP,0,0,CUST_257,1600176,PLANT_03,PORT06,28,77.4418
1400008294.0,2026-10-14,PORT03,CARRIER_07,2,DTD,0,0,CUST_338,1600092,PLANT_17,PORT07,41,100.80304
1400008295.0,2026-06-04,PORT03,CARRIER_12,2,DTD,0,0,CUST_128,1600093,PLANT_13,PORT04,45,168.4053
1400008296.0,2026-03-28,PORT06,CARRIER_06,2,DTP,0,0,CUST_373,1600146,PLANT_02,PORT07,38,5.6793
1400008297.0,2026-03-28,PORT08,CARRIER_09,2,DTP,2,0,CUST_347,1600018,PLANT_15,PORT07,37,25.14836
1400008298.0,2026-04-27,PORT02,CARRIER_01,2,DTP,5,0,CUST_204,1600194,PLANT_05,PORT07,22,12.93717
1400008299.0,2026-11-25,PORT03,CARRIER_04,2,CRF,0,0,CUST_218,1600144,PLANT_04,PORT01,18,12.53104
1400008300.0,2026-10-08,PORT02,CARRIER_07,2,DTP,5,0,CUST_154,1600096,PLANT_09,PORT03,44,102.1639
1400008301.0,2026-09-02,PORT01,CARRIER_03,1,DTP,3,0,CUST_402,1600143,PLANT_01,PORT04,15,22.13019
1400008302.0,2026-08-18,PORT02,CARRIER_03,2,CRF,3,0,CUST_494,1600152,PLANT_09,PORT07,24,94.80126
1400008303.0,2026-06-02,PORT03,CARRIER_08,2,DTD,3,0,CUST_500,1600163,PLANT_17,PORT01,28,117.91617
1400008304.0,2026-11-26,PORT04,CARRIER_03,2,DTP,4,0,CUST_386,1600136,PLANT_02,PORT07,22,101.90846
1400008305.0,2026-04-10,PORT01,CARRIER_02,2,DTP,6,0,CUST_175,1600167,PLANT_09,PORT03,22,23.33553
1400008306.0,2026-12-11,PORT02,CARRIER_03,2,DTP,0,0,CUST_391,1600130,PLANT_01,PORT07,32,82.04714
1400008307.0,2026-05-19,PORT01,CARRIER_09,2,DTD,3,0,CUST_123,1600039,PLANT_19,PORT03,20,6.77239
1400008308.0,2026-05-05,PORT06,CARRIER_08,2,DTP,0,0,CUST_449,1600062,PLANT_19,PORT02,50,63.77749
1400008309.0,2026-06-23,PORT02,CARRIER_10,2,DTP,0,0,CUST_134,1600010,PLANT_04,PORT03,13,40.48043
1400008310.0,2026-10-01,PORT08,CARRIER_01,2,DTP,0,0,CUST_202,1600099,PLANT_18,PORT02,22,47.73389
1400008311.0,2026-09-18,PORT02,CARRIER_07,2,CRF,3,0,CUST_047,1600129,PLANT_09,PORT03,43,149.83033
1400008312.0,2026-10-07,PORT01,CARRIER_12,2,DTP,0,0,CUST_041,1600000,PLANT_18,PORT04,26,109.51757
1400008313.0,2026-02-02,PORT08,CARRIER_10,2,DTP,4,0,CUST_198,1600035,PLANT_18,PORT05,37,14.49372
1400008314.0,2026-02-28,PORT01,CARRIER_08,1,DTP,4,0,CUST_276,1600137,PLANT_03,PORT02,34,159.77292
1400008315.0,2026-11-06,PORT02,CARRIER_09,2,DTP,3,0,CUST_009,1600158,PLANT_02,PORT08,20,6.15553
1400008316.0,2026-12-25,PORT05,CARRIER_01,2,DTD,3,0,CUST_424,1600030,PLANT_12,PORT01,39,191.49689
1400008317.0,2026-02-16,PORT03,CARRIER_07,2,DTD,3,0,CUST_058,1600089,PLANT_08,PORT06,15,48.36593
1400008318.0,2026-11-27,PORT01,CARRIER_02,2,DTD,0,0,CUST_500,1600152,PLANT_03,PORT05,39,12.17463
1400008319.0,2026-04-06,PORT06,CARRIER_06,2,DTP,3,0,CUST_136,1600103,PLANT_20,PORT07,10,20.28781
1400008320.0,2026-12-24,PORT01,CARRIER_04,1,DTD,0,0,CUST_190,1600182,PLANT_03,PORT07,36,49.14797
1400008321.0,2026-12-29,PORT08,CARRIER_08,1,DTP,0,0,CUST_080,1600183,PLANT_03,PORT02,10,40.13005
1400008322.0,2026-08-21,PORT07,CARRIER_10,1,DTP,3,0,CUST_413,1600024,PLANT_16,PORT02,44,53.00813
1400008323.0,2026-03-11,PORT04,CARRIER_12,2,DTP,0,0,CUST_367,1600104,PLANT_15,PORT01,33,136.89856
1400008324.0,2026-10-15,PORT02,CARRIER_12,1,DTP,3,0,CUST_040,1600130,PLANT_02,PORT06,6,9.78284
1400008325.0,2026-02-06,PORT03,CARRIER_02,1,DTP,3,0,CUST_053,1600083,PLANT_07,PORT06,10,49.46804
1400008326.0,2026-05-02,PORT07,CARRIER_01,2,DTP,3,0,CUST_305,1600130,PLANT_13,PORT02,13,18.52506
1400008327.0,2026-08-22,PORT03,CARRIER_03,2,DTP,2,0,CUST_433,1600106,PLANT_04,PORT01,49,169.35909
1400008328.0,2026-01-25,PORT01,CARRIER_10,2,DTP,0,0,CUST_055,1600165,PLANT_18,PORT03,32,128.67038
1400008329.0,2026-05-24,PORT06,CARRIER_08,1,DTP,0,0,CUST_111,1600156,PLANT_02,PORT07,17,19.73107
1400008330.0,2026-10-18,PORT02,CARRIER_08,2,DTP,3,0,CUST_273,1600180,PLANT_09,PORT04,17,8.01045
1400008331.0,2026-02-03,PORT03,CARRIER_12,1,DTP,3,0,CUST_055,1600165,PLANT_08,PORT05,6,16.80668
1400008332.0,2026-05-14,PORT03,CARRIER_06,2,CRF,4,0,CUST_153,1600081,PLANT_17,PORT02,14,47.84762
1400008333.0,2026-01-02,PORT01,CARRIER_06,2,DTD,0,0,CUST_006,1600113,PLANT_09,PORT02,44,180.60475
1400008334.0,2026-08-29,PORT05,CARRIER_09,2,DTP,4,0,CUST_250,1600023,PLANT_17,PORT04,32,45.96939
1400008335.0,2026-01-29,PORT04,CARRIER_05,2,DTP,0,0,CUST_358,1600136,PLANT_02,PORT01,21,91.85822
1400008336.0,2026-04-13,PORT02,CARRIER_03,1,DTP,3,1,CUST_206,1600098,PLANT_01,PORT08,5,22.93628
1400008337.0,2026-07-10,PORT01,CARRIER_12,2,CRF,5,0,CUST_129,1600137,PLANT_19,PORT02,20,78.36032
1400008338.0,2026-03-20,PORT02,CARRIER_12,2,DTD,4,0,CUST_213,1600078,PLANT_09,PORT04,22,3.01894
1400008339.0,2026-03-26,PORT02,CARRIER_04,2,DTP,3,0,CUST_255,1600192,PLANT_01,PORT07,10,5.2736
1400008340.0,2026-11-01,PORT06,CARRIER_02,2,DTP,0,0,CUST_083,1600099,PLANT_02,PORT02,32,159.64522
1400008341.0,2026-10-11,PORT06,CARRIER_04,2,DTP,3,0,CUST_056,1600005,PLANT_19,PORT01,35,129.3722
1400008342.0,2026-01-30,PORT03,CARRIER_05,2,CRF,4,0,CUST_091,1600090,PLANT_08,PORT02,50,158.56395
1400008343.0,2026-11-09,PORT03,CARRIER_06,2,DTP,1,0,CUST_493,1600170,PLANT_06,PORT06,21,94.85015
1400008344.0,2026-06-20,PORT01,CARRIER_12,2,DTP,0,0,CUST_362,1600077,PLANT_06,PORT02,17,5.00213
1400008345.0,2026-02-22,PORT06,CARRIER_07,2,DTP,3,0,CUST_063,1600184,PLANT_15,PORT04,42,160.06836
1400008346.0,2026-11-27,PORT04,CARRIER_10,1,DTP,3,0,CUST_151,1600068,PLANT_13,PORT07,21,69.46632
1400008347.0,2026-05-04,PORT03,CARRIER_01,2,DTP,3,0,CUST_206,1600193,PLANT_11,PORT06,34,144.71359
1400008348.0,2026-04-29,PORT03,CARRIER_02,2,DTP,0,0,CUST_091,1600061,PLANT_08,PORT08,38,148.64577
1400008349.0,2026-02-23,PORT02,CARRIER_05,2,DTP,5,0,CUST_426,1600052,PLANT_02,PORT04,45,111.42725
1400008350.0,2026-11-20,PORT07,CARRIER_02,1,DTP,5,0,CUST_471,1600084,PLANT_07,PORT04,19,8.50716
1400008351.0,2026-04-15,PORT06,CARRIER_07,2,CRF,3,0,CUST_123,1600151,PLANT_19,PORT08,33,150.35023
1400008352.0,2026-08-05,PORT03,CARRIER_03,1,DTP,0,0,CUST_009,1600104,PLANT_13,PORT07,11,42.25277
1400008353.0,2026-03-29,PORT08,CARRIER_02,2,DTD,0,0,CUST_134,1600117,PLANT_18,PORT05,40,73.85363
1400008354.0,2026-11-23,PORT05,CARRIER_02,2,DTP,3,3,CUST_292,1600005,PLANT_12,PORT01,7,34.44874
1400008355.0,2026-10-15,PORT04,CARRIER_06,1,DTD,4,0,CUST_405,1600174,PLANT_07,PORT01,37,60.10392
1400008356.0,2026-07-03,PORT03,CARRIER_04,2,DTP,3,0,CUST_170,1600010,PLANT_04,PORT06,14,26.82046
1400008357.0,2026-05-07,PORT08,CARRIER_04,1,DTP,2,0,CUST_137,1600019,PLANT_18,PORT01,26,126.77368
1400008358.0,2026-08-28,PORT02,CARRIER_04,2,DTP,5,0,CUST_125,1600185,PLANT_05,PORT04,8,26.98995
1400008359.0,2026-06-30,PORT02,CARRIER_02,2,DTP,3,0,CUST_002,1600039,PLANT_09,PORT03,36,158.68998
1400008360.0,2026-12-10,PORT07,CARRIER_02,1,DTD,5,0,CUST_008,1600093,PLANT_07,PORT01,27,120.14987
1400008361.0,2026-09-03,PORT07,CARRIER_11,1,DTD,3,0,CUST_214,1600015,PLANT_07,PORT06,35,95.50089
1400008362.0,2026-01-10,PORT07,CARRIER_02,2,DTP,3,0,CUST_309,1600119,PLANT_11,PORT02,20,28.16275
1400008363.0,2026-10-28,PORT02,CARRIER_05,1,DTP,0,0,CUST_007,1600006,PLANT_04,PORT07,5,21.26242
1400008364.0,2026-03-12,PORT06,CARRIER_03,2,DTP,1,0,CUST_101,1600104,PLANT_17,PORT07,31,79.33672
1400008365.0,2026-04-20,PORT01,CARRIER_06,2,DTP,6,0,CUST_455,1600045,PLANT_09,PORT08,37,106.01684
1400008366.0,2026-06-09,PORT06,CARRIER_09,0,DTP,3,0,CUST_496,1600118,PLANT_02,PORT05,35,96.34461
1400008367.0,2026-03-18,PORT07,CARRIER_07,1,DTP,3,0,CUST_321,1600001,PLANT_16,PORT04,17,2.49869
1400008368.0,2026-12-10,PORT02,CARRIER_10,2,DTD,3,0,CUST_261,1600041,PLANT_01,PORT06,37,12.01607
1400008369.0,2026-12-24,PORT01,CARRIER_02,2,CRF,0,0,CUST_292,1600059,PLANT_06,PORT07,29,90.48821
1400008370.0,2026-02-26,PORT05,CARRIER_08,2,DTP,4,0,CUST_186,1600071,PLANT_17,PORT02,14,55.8984
1400008371.0,2026-04-27,PORT01,CARRIER_07,2,DTP,0,0,CUST_101,1600054,PLANT_19,PORT04,10,23.39489
1400008372.0,2026-05-16,PORT02,CARRIER_01,2,DTP,3,0,CUST_188,1600105,PLANT_01,PORT04,19,19.62701
1400008373.0,2026-09-02,PORT07,CARRIER_03,2,DTP,3,0,CUST_350,1600164,PLANT_13,PORT04,6,12.55508
1400008374.0,2026-08-07,PORT02,CARRIER_07,4,DTP,3,0,CUST_332,1600015,PLANT_09,PORT04,37,142.99706
1400008375.0,2026-09-05,PORT01,CARRIER_08,2,DTP,3,0,CUST_339,1600020,PLANT_01,PORT06,5,3.16122
1400008376.0,2026-01-12,PORT07,CARRIER_03,2,DTP,6,0,CUST_305,1600161,PLANT_16,PORT08,7,19.91482
1400008377.0,2026-07-07,PORT03,CARRIER_02,2,DTP,4,0,CUST_031,1600098,PLANT_07,PORT01,12,42.49011
1400008378.0,2026-03-18,PORT08,CARRIER_02,2,DTP,6,0,CUST_314,1600162,PLANT_08,PORT03,19,40.61405
1400008379.0,2026-03-25,PORT06,CARRIER_10,2,DTP,3,0,CUST_441,1600098,PLANT_20,PORT01,5,15.23092
1400008380.0,2026-10-10,PORT04,CARRIER_02,2,DTD,2,0,CUST_325,1600053,PLANT_15,PORT07,33,146.15822
1400008381.0,2026-02-21,PORT02,CARRIER_11,2,DTP,6,0,CUST_290,1600162,PLANT_02,PORT04,11,12.57063
1400008382.0,2026-01-12,PORT07,CARRIER_02,1,DTD,0,0,CUST_112,1600056,PLANT_11,PORT06,41,31.23821
1400008383.0,2026-06-27,PORT05,CARRIER_12,2,DTP,5,0,CUST_397,1600014,PLANT_12,PORT03,30,11.9447
1400008384.0,2026-09-26,PORT02,CARRIER_08,2,DTP,0,0,CUST_226,1600140,PLANT_01,PORT06,8,29.26755
1400008385.0,2026-07-06,PORT03,CARRIER_11,2,DTP,4,0,CUST_132,1600098,PLANT_11,PORT05,23,103.78982
1400008386.0,2026-02-28,PORT03,CARRIER_06,2,CRF,4,0,CUST_245,1600030,PLANT_13,PORT05,11,38.31222
1400008387.0,2026-10-10,PORT08,CARRIER_08,2,DTP,3,0,CUST_062,1600181,PLANT_15,PORT01,50,244.23095
1400008388.0,2026-05-20,PORT01,CARRIER_05,2,DTP,4,0,CUST_464,1600127,PLANT_18,PORT07,32,114.23176
1400008389.0,2026-09-17,PORT01,CARRIER_02,2,DTP,0,0,CUST_352,1600145,PLANT_09,PORT04,42,63.57222
1400008390.0,2026-03-15,PORT04,CARRIER_09,2,DTP,3,0,CUST_164,1600067,PLANT_07,PORT02,22,29.75254
1400008391.0,2026-11-29,PORT01,CARRIER_02,2,DTP,2,0,CUST_397,1600183,PLANT_06,PORT06,11,37.03348
1400008392.0,2026-04-14,PORT04,CARRIER_06,2,DTP,6,0,CUST_028,1600006,PLANT_02,PORT07,15,51.17216
1400008393.0,2026-12-21,PORT02,CARRIER_01,2,DTP,3,0,CUST_194,1600109,PLANT_02,PORT07,24,64.00033
1400008394.0,2026-05-18,PORT07,CARRIER_07,2,DTP,0,0,CUST_326,1600186,PLANT_16,PORT05,40,107.27026
1400008395.0,2026-09-23,PORT02,CARRIER_11,2,DTP,1,0,CUST_012,1600164,PLANT_02,PORT06,24,51.39703
1400008396.0,2026-07-03,PORT02,CARRIER_03,0,DTP,4,0,CUST_355,1600021,PLANT_09,PORT04,47,85.28681
1400008397.0,2026-01-28,PORT02,CARRIER_10,2,CRF,5,0,CUST_410,1600098,PLANT_02,PORT06,21,67.344
1400008398.0,2026-02-05,PORT03,CARRIER_04,2,DTP,5,0,CUST_298,1600011,PLANT_13,PORT04,15,56.44252
1400008399.0,2026-05-28,PORT02,CARRIER_03,2,DTP,0,1,CUST_104,1600058,PLANT_09,PORT04,27,110.31358
1400008400.0,2026-03-12,PORT02,CARRIER_11,1,DTD,3,0,CUST_375,1600019,PLANT_01,PORT08,10,16.084
1400008401.0,2026-08-11,PORT01,CARRIER_03,1,DTP,3,0,CUST_170,1600139,PLANT_05,PORT05,35,150.60142
1400008402.0,2026-02-20,PORT04,CARRIER_07,2,DTD,3,0,CUST_368,1600174,PLANT_15,PORT05,9,14.25093
1400008403.0,2026-08-04,PORT03,CARRIER_02,2,DTP,4,0,CUST_315,1600199,PLANT_04,PORT07,34,54.19271
1400008404.0,2026-03-16,PORT03,CARRIER_02,2,DTP,1,0,CUST_047,1600157,PLANT_13,PORT02,22,89.08705
1400008405.0,2026-03-08,PORT07,CARRIER_12,1,CRF,3,4,CUST_050,1600033,PLANT_10,PORT02,21,101.84873
1400008406.0,2026-05-14,PORT07,CARRIER_06,2,DTP,2,0,CUST_008,1600024,PLANT_11,PORT02,33,154.04089
1400008407.0,2026-08-01,PORT03,CARRIER_04,2,DTP,3,0,CUST_036,1600074,PLANT_04,PORT01,37,23.83868
1400008408.0,2026-05-26,PORT06,CARRIER_11,2,DTP,1,4,CUST_150,1600181,PLANT_05,PORT07,47,71.13616
1400008409.0,2026-05-08,PORT07,CARRIER_11,2,DTP,2,0,CUST_013,1600021,PLANT_10,PORT03,18,68.82287
1400008410.0,2026-05-05,PORT08,CARRIER_03,2,DTP,1,0,CUST_470,1600098,PLANT_03,PORT07,42,170.12493
1400008411.0,2026-05-04,PORT01,CARRIER_10,2,DTD,1,0,CUST_459,1600062,PLANT_18,PORT08,43,110.54896
1400008412.0,2026-05-28,PORT01,CARRIER_04,1,DTD,3,0,CUST_087,1600062,PLANT_19,PORT06,50,8.94518
1400008413.0,2026-11-01,PORT03,CARRIER_10,2,DTP,3,0,CUST_156,1600187,PLANT_04,PORT01,49,125.3936
1400008414.0,2026-07-30,PORT06,CARRIER_04,2,DTP,5,0,CUST_372,1600109,PLANT_02,PORT04,41,10.35742
1400008415.0,2026-06-04,PORT05,CARRIER_08,0,DTP,3,0,CUST_331,1600151,PLANT_12,PORT01,18,26.61908
1400008416.0,2026-10-01,PORT03,CARRIER_12,2,DTD,3,0,CUST_291,1600137,PLANT_13,PORT01,36,119.47011
1400008417.0,2026-07-12,PORT07,CARRIER_03,2,CRF,6,0,CUST_495,1600104,PLANT_16,PORT01,41,31.14162
1400008418.0,2026-12-13,PORT08,CARRIER_03,2,DTP,3,0,CUST_315,1600069,PLANT_08,PORT01,18,64.64158
1400008419.0,2026-07-25,PORT08,CARRIER_03,2,DTP,4,0,CUST_335,1600050,PLANT_08,PORT01,42,132.08129
1400008420.0,2026-03-20,PORT07,CARRIER_06,2,CRF,6,0,CUST_252,1600068,PLANT_16,PORT04,37,81.60356
1400008421.0,2026-07-25,PORT01,CARRIER_12,1,DTP,4,0,CUST_263,1600136,PLANT_18,PORT03,27,51.93611
1400008422.0,2026-10-10,PORT07,CARRIER_11,2,DTD,0,0,CUST_146,1600035,PLANT_16,PORT03,44,201.60208
1400008423.0,2026-03-19,PORT03,CARRIER_07,2,DTP,0,0,CUST_261,1600100,PLANT_06,PORT08,9,25.29483
1400008424.0,2026-03-15,PORT08,CARRIER_06,4,DTP,1,0,CUST_460,1600116,PLANT_03,PORT06,36,160.40188
1400008425.0,2026-08-07,PORT04,CARRIER_09,2,DTP,3,0,CUST_189,1600130,PLANT_07,PORT01,41,86.95965
1400008426.0,2026-11-19,PORT01,CARRIER_11,2,DTD,3,0,CUST_067,1600094,PLANT_01,PORT08,6,18.08242
1400008427.0,2026-05-03,PORT07,CARRIER_07,2,DTP,0,0,CUST_300,1600126,PLANT_14,PORT03,23,109.8844
1400008428.0,2026-07-04,PORT06,CARRIER_07,2,DTP,3,0,CUST_393,1600156,PLANT_02,PORT01,28,19.8246
1400008429.0,2026-08-28,PORT07,CARRIER_05,1,DTP,3,0,CUST_480,1600075,PLANT_14,PORT08,14,19.42675
1400008430.0,2026-08-31,PORT02,CARRIER_12,1,CRF,3,0,CUST_272,1600153,PLANT_01,PORT01,45,206.63101
1400008431.0,2026-02-23,PORT02,CARRIER_09,2,DTD,1,0,CUST_395,1600148,PLANT_01,PORT04,33,71.53811
1400008432.0,2026-05-25,PORT07,CARRIER_08,2,DTP,0,0,CUST_126,1600133,PLANT_14,PORT06,17,24.36055
1400008433.0,2026-12-29,PORT08,CARRIER_11,0,DTP,3,4,CUST_213,1600118,PLANT_15,PORT02,25,124.67411
1400008434.0,2026-11-21,PORT06,CARRIER_08,2,DTP,0,0,CUST_210,1600059,PLANT_02,PORT03,10,6.00826
1400008435.0,2026-10-09,PORT06,CARRIER_03,2,CRF,3,0,CUST_167,1600136,PLANT_02,PORT04,9,27.86905
1400008436.0,2026-01-09,PORT02,CARRIER_09,2,DTP,3,0,CUST_359,1600032,PLANT_09,PORT08,39,154.50104
1400008437.0,2026-06-02,PORT05,CARRIER_02,2,DTD,3,0,CUST_442,1600180,PLANT_12,PORT02,50,197.75105
1400008438.0,2026-01-19,PORT07,CARRIER_03,1,DTP,4,0,CUST_164,1600109,PLANT_14,PORT08,17,38.50544
1400008439.0,2026-04-20,PORT03,CARRIER_01,2,DTD,0,0,CUST_068,1600011,PLANT_06,PORT06,16,5.04655
1400008440.0,2026-11-12,PORT02,CARRIER_02,4,DTP,0,0,CUST_413,1600163,PLANT_09,PORT08,36,151.95718
1400008441.0,2026-05-22,PORT02,CARRIER_11,2,DTP,5,0,CUST_425,1600135,PLANT_09,PORT01,28,112.93558
1400008442.0,2026-03-03,PORT08,CARRIER_01,1,DTP,3,0,CUST_468,1600065,PLANT_15,PORT03,11,13.89482
1400008443.0,2026-09-21,PORT04,CARRIER_09,2,DTP,1,0,CUST_128,1600006,PLANT_02,PORT01,35,61.90045
1400008444.0,2026-10-05,PORT03,CARRIER_11,1,DTP,3,0,CUST_360,1600110,PLANT_13,PORT06,14,36.56383
1400008445.0,2026-08-28,PORT03,CARRIER_09,2,DTP,3,0,CUST_358,1600171,PLANT_11,PORT01,10,6.59304
1400008446.0,2026-10-23,PORT02,CARRIER_03,1,DTD,3,0,CUST_396,1600102,PLANT_01,PORT08,26,107.13992
1400008447.0,2026-09-14,PORT03,CARRIER_01,2,DTP,4,0,CUST_404,1600056,PLANT_08,PORT04,39,180.1133
1400008448.0,2026-08-20,PORT02,CARRIER_06,2,DTP,0,0,CUST_477,1600010,PLANT_02,PORT05,28,45.08426
1400008449.0,2026-11-21,PORT08,CARRIER_05,2,DTP,3,0,CUST_239,1600035,PLANT_15,PORT07,34,157.34331
1400008450.0,2026-04-29,PORT01,CARRIER_10,2,DTP,2,0,CUST_038,1600174,PLANT_06,PORT03,15,60.36391
1400008451.0,2026-06-16,PORT03,CARRIER_01,2,DTP,3,0,CUST_097,1600019,PLANT_13,PORT06,27,98.99131
1400008452.0,2026-07-25,PORT08,CARRIER_10,1,DTD,3,3,CUST_444,1600145,PLANT_08,PORT01,37,179.40757
1400008453.0,2026-09-02,PORT07,CARRIER_09,1,DTP,5,0,CUST_423,1600099,PLANT_10,PORT05,29,49.03279
1400008454.0,2026-06-23,PORT02,CARRIER_04,2,DTP,3,0,CUST_006,1600142,PLANT_09,PORT07,16,73.3864
1400008455.0,2026-06-11,PORT02,CARRIER_05,2,DTD,4,0,CUST_184,1600085,PLANT_02,PORT01,48,27.94453
1400008456.0,2026-03-02,PORT08,CARRIER_09,1,DTP,1,2,CUST_123,1600059,PLANT_06,PORT05,8,19.53815
1400008457.0,2026-08-21,PORT01,CARRIER_12,1,DTP,3,0,CUST_161,1600160,PLANT_01,PORT02,46,129.02334
1400008458.0,2026-02-15,PORT02,CARRIER_05,2,DTP,4,0,CUST_320,1600119,PLANT_09,PORT04,38,26.66734
1400008459.0,2026-06-23,PORT07,CARRIER_09,1,DTD,0,0,CUST_256,1600081,PLANT_14,PORT05,10,37.13035
1400008460.0,2026-05-30,PORT02,CARRIER_08,2,DTP,6,0,CUST_241,1600176,PLANT_02,PORT05,16,38.85403
1400008461.0,2026-10-11,PORT07,CARRIER_02,2,DTP,3,0,CUST_218,1600024,PLANT_13,PORT06,21,48.97511
1400008462.0,2026-06-23,PORT06,CARRIER_10,2,DTP,5,6,CUST_321,1600018,PLANT_19,PORT03,49,144.50366
1400008463.0,2026-01-02,PORT04,CARRIER_03,2,DTP,0,0,CUST_342,1600064,PLANT_02,PORT06,28,21.28244
1400008464.0,2026-07-04,PORT06,CARRIER_02,2,DTP,3,0,CUST_022,1600119,PLANT_15,PORT02,16,17.28197
1400008465.0,2026-03-20,PORT01,CARRIER_02,2,DTP,2,0,CUST_069,1600143,PLANT_18,PORT08,47,46.31162
1400008466.0,2026-05-19,PORT03,CARRIER_05,2,DTD,6,0,CUST_171,1600108,PLANT_08,PORT08,10,47.6447
1400008467.0,2026-04-19,PORT07,CARRIER_03,2,CRF,0,0,CUST_218,1600162,PLANT_11,PORT05,42,163.32248
1400008468.0,2026-03-02,PORT03,CARRIER_06,4,DTP,3,0,CUST_499,1600001,PLANT_04,PORT02,43,115.8018
1400008469.0,2026-12-12,PORT03,CARRIER_12,2,CRF,3,0,CUST_446,1600122,PLANT_13,PORT05,22,73.28926
1400008470.0,2026-04-03,PORT07,CARRIER_01,1,DTP,5,0,CUST_325,1600185,PLANT_14,PORT02,6,19.70936
1400008471.0,2026-07-05,PORT01,CARRIER_12,1,DTP,6,0,CUST_019,1600022,PLANT_05,PORT02,45,62.34707
1400008472.0,2026-10-30,PORT02,CARRIER_04,2,CRF,4,0,CUST_051,1600025,PLANT_09,PORT07,49,25.69454
1400008473.0,2026-05-13,PORT06,CARRIER_04,1,DTP,1,0,CUST_229,1600060,PLANT_02,PORT02,22,62.0224
1400008474.0,2026-12-09,PORT01,CARRIER_01,2,DTP,4,0,CUST_294,1600028,PLANT_19,PORT06,13,18.05581
1400008475.0,2026-05-28,PORT06,CARRIER_03,0,DTP,3,0,CUST_331,1600139,PLANT_20,PORT05,17,74.46019
1400008476.0,2026-12-12,PORT05,CARRIER_12,2,DTD,3,0,CUST_071,1600025,PLANT_12,PORT08,11,13.82326
1400008477.0,2026-06-14,PORT08,CARRIER_04,2,DTP,1,0,CUST_444,1600152,PLANT_08,PORT01,33,95.9317
1400008478.0,2026-01-06,PORT07,CARRIER_10,1,DTD,4,0,CUST_247,1600071,PLANT_14,PORT04,28,60.43675
1400008479.0,2026-11-13,PORT03,CARRIER_07,2,DTD,3,0,CUST_297,1600155,PLANT_07,PORT01,21,78.5447
1400008480.0,2026-11-12,PORT04,CARRIER_01,2,CRF,4,0,CUST_020,1600125,PLANT_02,PORT05,34,161.79432
1400008481.0,2026-12-18,PORT07,CARRIER_06,1,CRF,3,0,CUST_413,1600085,PLANT_16,PORT06,33,69.85104
1400008482.0,2026-02-15,PORT01,CARRIER_02,2,DTP,3,0,CUST_272,1600036,PLANT_18,PORT06,5,1.58669
1400008483.0,2026-11-05,PORT07,CARRIER_06,0,DTP,0,0,CUST_112,1600060,PLANT_07,PORT02,23,76.84332
1400008484.0,2026-05-05,PORT08,CARRIER_06,2,DTD,0,0,CUST_160,1600104,PLANT_18,PORT07,44,32.25226
1400008485.0,2026-11-04,PORT02,CARRIER_01,2,DTP,6,0,CUST_177,1600034,PLANT_01,PORT03,41,25.09435
1400008486.0,2026-12-18,PORT03,CARRIER_08,2,CRF,3,0,CUST_014,1600048,PLANT_07,PORT01,44,147.03193
1400008487.0,2026-03-14,PORT02,CARRIER_04,2,DTD,0,0,CUST_472,1600073,PLANT_04,PORT06,48,28.98146
1400008488.0,2026-05-16,PORT06,CARRIER_10,2,CRF,3,0,CUST_402,1600013,PLANT_02,PORT01,7,5.11706
1400008489.0,2026-04-09,PORT07,CARRIER_06,2,DTP,4,0,CUST_443,1600113,PLANT_16,PORT05,17,38.27542
1400008490.0,2026-04-22,PORT03,CARRIER_11,1,DTP,3,0,CUST_177,1600035,PLANT_06,PORT01,26,60.22634
1400008491.0,2026-08-06,PORT06,CARRIER_03,2,CRF,3,0,CUST_279,1600193,PLANT_02,PORT08,28,128.1616
1400008492.0,2026-05-31,PORT06,CARRIER_08,2,DTP,4,0,CUST_230,1600167,PLANT_20,PORT01,41,59.57536
1400008493.0,2026-08-28,PORT06,CARRIER_08,2,CRF,0,0,CUST_238,1600053,PLANT_17,PORT04,38,78.45412
1400008494.0,2026-09-04,PORT03,CARRIER_01,2,DTP,3,0,CUST_295,1600093,PLANT_07,PORT04,37,131.97356
1400008495.0,2026-03-15,PORT07,CARRIER_02,1,DTP,3,0,CUST_226,1600061,PLANT_14,PORT06,12,49.82877
1400008496.0,2026-01-17,PORT01,CARRIER_04,2,DTP,3,0,CUST_387,1600065,PLANT_18,PORT02,36,65.18483
1400008497.0,2026-09-30,PORT04,CARRIER_05,2,CRF,1,0,CUST_030,1600050,PLANT_15,PORT06,41,130.88345
1400008498.0,2026-03-08,PORT01,CARRIER_11,2,DTP,0,0,CUST_097,1600051,PLANT_09,PORT04,39,123.18192
1400008499.0,2026-03-14,PORT05,CARRIER_10,2,DTP,6,0,CUST_447,1600150,PLANT_12,PORT08,31,49.15724
1400008500.0,2026-08-08,PORT07,CARRIER_03,2,DTP,5,0,CUST_442,1600037,PLANT_16,PORT06,9,6.13119
1400008501.0,2026-04-06,PORT03,CARRIER_08,2,DTP,5,0,CUST_410,1600133,PLANT_17,PORT05,11,37.88767
1400008502.0,2026-03-11,PORT02,CARRIER_01,1,DTD,4,0,CUST_185,1600003,PLANT_09,PORT04,39,55.12781
1400008503.0,2026-04-22,PORT06,CARRIER_11,0,DTD,0,4,CUST_229,1600137,PLANT_20,PORT02,44,73.02168
1400008504.0,2026-07-10,PORT07,CARRIER_09,2,DTD,3,0,CUST_013,1600190,PLANT_14,PORT05,42,121.99069
1400008505.0,2026-11-05,PORT05,CARRIER_04,1,DTP,3,0,CUST_140,1600182,PLANT_12,PORT03,24,21.31113
1400008506.0,2026-12-27,PORT07,CARRIER_09,2,DTP,2,0,CUST_364,1600156,PLANT_16,PORT06,32,41.06693
1400008507.0,2026-09-25,PORT02,CARRIER_01,2,DTP,0,0,CUST_172,1600152,PLANT_09,PORT04,13,29.71522
1400008508.0,2026-11-25,PORT04,CARRIER_04,2,DTP,0,0,CUST_241,1600125,PLANT_02,PORT01,32,140.94618
1400008509.0,2026-07-13,PORT01,CARRIER_07,2,DTP,0,0,CUST_062,1600150,PLANT_18,PORT08,13,50.49272
1400008510.0,2026-05-30,PORT08,CARRIER_08,2,DTP,0,0,CUST_249,1600140,PLANT_08,PORT01,41,67.90521
1400008511.0,2026-10-27,PORT06,CARRIER_03,2,DTD,3,0,CUST_361,1600012,PLANT_02,PORT07,41,64.78564
1400008512.0,2026-04-21,PORT02,CARRIER_07,3,DTP,5,0,CUST_287,1600082,PLANT_09,PORT08,7,34.56593
1400008513.0,2026-10-24,PORT03,CARRIER_02,2,DTD,3,0,CUST_279,1600107,PLANT_04,PORT01,48,158.47598
1400008514.0,2026-12-31,PORT04,CARRIER_02,2,DTP,0,0,CUST_458,1600002,PLANT_02,PORT07,41,141.82379
1400008515.0,2026-05-23,PORT05,CARRIER_01,1,DTP,0,0,CUST_118,1600198,PLANT_12,PORT07,22,8.1424
1400008516.0,2026-08-20,PORT04,CARRIER_10,2,DTP,3,0,CUST_150,1600156,PLANT_02,PORT05,25,15.35914
1400008517.0,2026-10-13,PORT02,CARRIER_08,1,DTP,2,0,CUST_312,1600065,PLANT_02,PORT03,8,12.34258
1400008518.0,2026-10-13,PORT02,CARRIER_03,1,DTP,3,0,CUST_241,1600121,PLANT_02,PORT03,48,202.84102
1400008519.0,2026-03-17,PORT07,CARRIER_05,0,DTP,0,0,CUST_490,1600116,PLANT_14,PORT06,9,41.06052
1400008520.0,2026-12-18,PORT01,CARRIER_10,2,DTP,4,0,CUST_030,1600120,PLANT_19,PORT07,47,48.69406
1400008521.0,2026-07-03,PORT05,CARRIER_04,0,DTP,3,0,CUST_062,1600048,PLANT_12,PORT08,35,125.98475
1400008522.0,2026-01-16,PORT04,CARRIER_04,2,DTP,0,0,CUST_171,1600180,PLANT_02,PORT06,47,206.0139
1400008523.0,2026-02-13,PORT03,CARRIER_05,2,DTP,5,0,CUST_230,1600039,PLANT_04,PORT02,22,96.94552
1400008524.0,2026-09-23,PORT02,CARRIER_03,2,DTP,3,0,CUST_446,1600016,PLANT_09,PORT07,46,108.01516
1400008525.0,2026-06-05,PORT07,CARRIER_10,2,DTP,0,0,CUST_248,1600110,PLANT_10,PORT08,24,32.83235
1400008526.0,2026-02-09,PORT07,CARRIER_11,2,DTP,3,0,CUST_219,1600024,PLANT_14,PORT04,21,100.50162
1400008527.0,2026-07-09,PORT02,CARRIER_03,2,DTP,3,0,CUST_084,1600138,PLANT_02,PORT08,20,29.10515
1400008528.0,2026-08-07,PORT02,CARRIER_12,2,DTP,5,0,CUST_218,1600072,PLANT_01,PORT03,48,64.23388
1400008529.0,2026-01-30,PORT03,CARRIER_07,2,DTD,2,0,CUST_266,1600088,PLANT_04,PORT08,26,28.804
1400008530.0,2026-05-08,PORT07,CARRIER_08,1,DTP,5,0,CUST_292,1600075,PLANT_16,PORT05,27,73.15444
1400008531.0,2026-06-18,PORT05,CARRIER_12,1,DTP,3,0,CUST_303,1600063,PLANT_12,PORT07,34,21.25691
1400008532.0,2026-10-12,PORT06,CARRIER_11,2,DTP,3,0,CUST_215,1600010,PLANT_15,PORT07,30,86.89109
1400008533.0,2026-08-26,PORT01,CARRIER_01,2,DTP,0,0,CUST_079,1600084,PLANT_06,PORT05,29,136.99825
1400008534.0,2026-02-01,PORT06,CARRIER_02,1,CRF,0,0,CUST_077,1600131,PLANT_02,PORT02,22,56.63568
1400008535.0,2026-08-13,PORT04,CARRIER_08,1,DTP,5,0,CUST_078,1600030,PLANT_15,PORT02,12,57.96244
1400008536.0,2026-11-26,PORT03,CARRIER_08,2,DTP,3,0,CUST_310,1600009,PLANT_06,PORT02,50,226.89734
1400008537.0,2026-01-20,PORT01,CARRIER_09,2,DTD,6,0,CUST_429,1600129,PLANT_09,PORT02,27,107.52151
1400008538.0,2026-12-27,PORT01,CARRIER_03,2,DTP,3,0,CUST_442,1600133,PLANT_06,PORT08,49,150.89455
1400008539.0,2026-02-04,PORT07,CARRIER_06,2,DTP,3,0,CUST_156,1600032,PLANT_14,PORT02,26,114.79836
1400008540.0,2026-08-16,PORT03,CARRIER_06,2,DTD,6,0,CUST_040,1600160,PLANT_13,PORT06,32,90.22146
1400008541.0,2026-05-09,PORT01,CARRIER_10,2,DTP,3,0,CUST_316,1600144,PLANT_19,PORT02,30,33.45859
1400008542.0,2026-09-24,PORT06,CARRIER_08,2,DTP,3,0,CUST_020,1600067,PLANT_02,PORT04,49,227.03559
1400008543.0,2026-11-04,PORT07,CARRIER_09,2,DTP,4,0,CUST_314,1600064,PLANT_11,PORT08,10,25.6073
1400008544.0,2026-11-07,PORT01,CARRIER_05,1,DTD,1,0,CUST_192,1600199,PLANT_06,PORT07,28,127.34304
1400008545.0,2026-11-14,PORT07,CARRIER_09,2,DTP,3,0,CUST_420,1600101,PLANT_16,PORT08,12,24.31698
1400008546.0,2026-10-25,PORT07,CARRIER_02,1,DTP,0,0,CUST_313,1600116,PLANT_16,PORT01,44,76.78216
1400008547.0,2026-04-24,PORT05,CARRIER_02,0,DTP,6,0,CUST_370,1600039,PLANT_12,PORT04,29,111.74737
1400008548.0,2026-06-19,PORT03,CARRIER_06,1,DTP,5,0,CUST_203,1600002,PLANT_08,PORT02,47,150.81279
1400008549.0,2026-09-20,PORT08,CARRIER_07,2,DTP,5,3,CUST_421,1600017,PLANT_18,PORT01,17,38.32909
1400008550.0,2026-03-03,PORT01,CARRIER_04,1,DTP,3,0,CUST_263,1600105,PLANT_19,PORT05,12,52.86104
1400008551.0,2026-07-30,PORT03,CARRIER_03,1,DTP,3,0,CUST_313,1600013,PLANT_04,PORT05,33,86.83044
1400008552.0,2026-07-13,PORT03,CARRIER_07,2,DTP,1,0,CUST_181,1600193,PLANT_04,PORT05,11,1.78944
1400008553.0,2026-12-25,PORT07,CARRIER_01,1,DTP,3,0,CUST_225,1600091,PLANT_07,PORT05,22,76.92738
1400008554.0,2026-01-19,PORT05,CARRIER_03,1,DTP,4,0,CUST_421,1600132,PLANT_17,PORT03,19,7.77989
1400008555.0,2026-02-04,PORT07,CARRIER_06,2,DTD,0,0,CUST_197,1600187,PLANT_10,PORT04,15,36.86102
1400008556.0,2026-01-11,PORT07,CARRIER_07,2,DTP,0,0,CUST_011,1600028,PLANT_10,PORT08,11,11.45309
1400008557.0,2026-07-19,PORT06,CARRIER_02,2,DTP,3,0,CUST_190,1600055,PLANT_19,PORT02,35,45.00017
1400008558.0,2026-07-21,PORT05,CARRIER_10,1,DTP,4,0,CUST_196,1600198,PLANT_12,PORT03,39,191.14268
1400008559.0,2026-08-05,PORT08,CARRIER_01,2,DTP,3,0,CUST_210,1600177,PLANT_08,PORT06,23,15.08912
1400008560.0,2026-03-30,PORT02,CARRIER_06,1,DTP,3,0,CUST_036,1600175,PLANT_01,PORT06,17,64.81701
1400008561.0,2026-04-23,PORT07,CARRIER_12,2,DTP,5,0,CUST_065,1600150,PLANT_16,PORT03,12,38.68177
1400008562.0,2026-06-02,PORT07,CARRIER_11,2,DTP,0,0,CUST_163,1600118,PLANT_14,PORT01,36,38.00553
1400008563.0,2026-01-18,PORT07,CARRIER_11,2,DTP,4,0,CUST_212,1600172,PLANT_13,PORT02,42,196.69255
1400008564.0,2026-10-02,PORT03,CARRIER_09,2,DTP,3,0,CUST_015,1600024,PLANT_04,PORT06,30,32.60822
1400008565.0,2026-01-20,PORT06,CARRIER_03,2,DTP,3,0,CUST_195,1600056,PLANT_02,PORT01,24,63.03276
1400008566.0,2026-09-01,PORT08,CARRIER_08,2,DTP,0,0,CUST_161,1600112,PLANT_18,PORT05,34,135.10096
1400008567.0,2026-06-15,PORT01,CARRIER_02,2,DTD,3,0,CUST_018,1600193,PLANT_18,PORT06,47,180.55044
1400008568.0,2026-12-31,PORT06,CARRIER_12,2,DTP,4,0,CUST_126,1600035,PLANT_05,PORT08,50,83.32846
1400008569.0,2026-09-10,PORT05,CARRIER_05,2,DTP,3,0,CUST_138,1600112,PLANT_12,PORT04,13,54.76165
1400008570.0,2026-06-23,PORT03,CARRIER_01,2,DTP,0,0,CUST_072,1600122,PLANT_08,PORT02,26,125.17111
1400008571.0,2026-09-13,PORT07,CARRIER_02,2,DTD,0,0,CUST_376,1600140,PLANT_10,PORT08,45,109.02137
1400008572.0,2026-02-12,PORT08,CARRIER_02,2,DTD,4,0,CUST_037,1600028,PLANT_15,PORT04,34,112.07573
1400008573.0,2026-03-08,PORT08,CARRIER_05,1,CRF,3,0,CUST_289,1600080,PLANT_03,PORT02,42,79.217
1400008574.0,2026-07-02,PORT08,CARRIER_03,2,DTD,0,0,CUST_333,1600096,PLANT_03,PORT07,50,91.75029
1400008575.0,2026-11-10,PORT07,CARRIER_09,2,DTD,6,0,CUST_404,1600008,PLANT_14,PORT04,9,21.61447
1400008576.0,2026-10-27,PORT01,CARRIER_09,2,CRF,1,0,CUST_273,1600036,PLANT_09,PORT08,33,35.17642
1400008577.0,2026-05-18,PORT03,CARRIER_03,2,DTP,4,0,CUST_272,1600042,PLANT_04,PORT07,29,100.86396
1400008578.0,2026-04-14,PORT08,CARRIER_02,2,DTP,0,0,CUST_381,1600184,PLANT_15,PORT07,18,16.40372
1400008579.0,2026-12-18,PORT01,CARRIER_10,2,DTP,1,0,CUST_428,1600042,PLANT_05,PORT05,35,4.38854
1400008580.0,2026-07-26,PORT01,CARRIER_01,1,DTD,2,0,CUST_106,1600013,PLANT_18,PORT02,9,20.2809
1400008581.0,2026-02-13,PORT03,CARRIER_12,2,DTP,5,0,CUST_399,1600113,PLANT_17,PORT02,27,12.8104
1400008582.0,2026-03-24,PORT02,CARRIER_04,1,DTD,3,0,CUST_232,1600184,PLANT_01,PORT04,24,68.5428
1400008583.0,2026-11-02,PORT07,CARRIER_01,2,DTP,2,0,CUST_050,1600057,PLANT_10,PORT05,22,58.29578
1400008584.0,2026-11-24,PORT06,CARRIER_09,2,DTP,4,0,CUST_307,1600156,PLANT_02,PORT01,33,25.49565
1400008585.0,2026-11-28,PORT08,CARRIER_07,2,DTD,4,0,CUST_489,1600131,PLANT_18,PORT06,48,62.65847
1400008586.0,2026-01-03,PORT03,CARRIER_11,2,DTP,3,0,CUST_071,1600165,PLANT_08,PORT01,48,10.55116
1400008587.0,2026-10-28,PORT05,CARRIER_01,2,CRF,3,0,CUST_008,1600124,PLANT_12,PORT04,37,111.3837
1400008588.0,2026-02-10,PORT02,CARRIER_05,2,DTP,3,0,CUST_459,1600019,PLANT_04,PORT07,20,30.70089
1400008589.0,2026-10-23,PORT08,CARRIER_07,1,DTP,0,0,CUST_299,1600029,PLANT_06,PORT03,49,176.08762
1400008590.0,2026-11-18,PORT03,CARRIER_04,4,DTD,4,0,CUST_110,1600068,PLANT_04,PORT01,50,159.30734
1400008591.0,2026-05-12,PORT06,CARRIER_01,2,DTP,3,0,CUST_397,1600074,PLANT_15,PORT07,43,83.01491
1400008592.0,2026-03-12,PORT01,CARRIER_02,2,DTP,4,0,CUST_197,1600077,PLANT_06,PORT07,45,9.28996
1400008593.0,2026-09-18,PORT04,CARRIER_06,1,DTP,4,0,CUST_166,1600039,PLANT_15,PORT01,42,70.08984
1400008594.0,2026-01-25,PORT01,CARRIER_07,2,DTD,4,0,CUST_145,1600035,PLANT_01,PORT02,39,65.98147
1400008595.0,2026-07-31,PORT01,CARRIER_06,2,DTP,4,0,CUST_300,1600128,PLANT_05,PORT04,38,65.74968
1400008596.0,2026-05-02,PORT03,CARRIER_08,2,DTP,5,0,CUST_068,1600195,PLANT_04,PORT06,34,162.24368
1400008597.0,2026-06-04,PORT03,CARRIER_12,2,DTP,3,0,CUST_182,1600062,PLANT_06,PORT06,34,30.81563
1400008598.0,2026-10-29,PORT08,CARRIER_01,2,DTP,4,0,CUST_153,1600055,PLANT_15,PORT05,22,31.31242
1400008599.0,2026-12-29,PORT07,CARRIER_03,2,DTP,4,0,CUST_031,1600000,PLANT_16,PORT08,45,188.04397
1400008600.0,2026-05-27,PORT07,CARRIER_07,1,CRF,1,0,CUST_382,1600001,PLANT_16,PORT08,34,157.53124
1400008601.0,2026-04-17,PORT04,CARRIER_02,2,DTP,3,0,CUST_005,1600175,PLANT_13,PORT03,33,79.02178
1400008602.0,2026-11-01,PORT04,CARRIER_05,2,CRF,3,0,CUST_480,1600125,PLANT_02,PORT06,39,107.10332
1400008603.0,2026-05-31,PORT06,CARRIER_01,2,DTD,0,0,CUST_048,1600093,PLANT_19,PORT03,8,2.87205
1400008604.0,2026-03-14,PORT08,CARRIER_01,2,DTD,3,0,CUST_180,1600058,PLANT_08,PORT07,47,190.79125
1400008605.0,2026-11-26,PORT06,CARRIER_02,1,DTP,0,0,CUST_050,1600093,PLANT_19,PORT05,31,93.41372
1400008606.0,2026-12-28,PORT05,CARRIER_02,2,DTD,0,0,CUST_184,1600118,PLANT_17,PORT02,48,117.46317
1400008607.0,2026-04-16,PORT01,CARRIER_08,2,DTP,3,0,CUST_306,1600079,PLANT_09,PORT06,9,14.24358
1400008608.0,2026-02-27,PORT01,CARRIER_08,2,DTP,2,0,CUST_044,1600023,PLANT_03,PORT06,15,34.11717
1400008609.0,2026-02-25,PORT07,CARRIER_12,2,DTP,4,0,CUST_263,1600119,PLANT_16,PORT04,48,177.74539
1400008610.0,2026-08-07,PORT01,CARRIER_11,2,DTP,3,0,CUST_386,1600005,PLANT_09,PORT04,36,17.84856
1400008611.0,2026-04-24,PORT04,CARRIER_08,2,DTP,1,0,CUST_228,1600006,PLANT_02,PORT07,34,87.83524
1400008612.0,2026-08-16,PORT03,CARRIER_12,1,DTP,0,0,CUST_057,1600029,PLANT_17,PORT05,23,6.20371
1400008613.0,2026-10-05,PORT07,CARRIER_08,2,DTD,1,0,CUST_346,1600172,PLANT_14,PORT04,30,116.52118
1400008614.0,2026-01-03,PORT03,CARRIER_12,1,CRF,3,1,CUST_094,1600161,PLANT_07,PORT08,30,34.01963
1400008615.0,2026-11-10,PORT07,CARRIER_08,2,DTD,4,0,CUST_009,1600163,PLANT_14,PORT01,14,63.3724
1400008616.0,2026-01-11,PORT03,CARRIER_11,1,DTP,3,0,CUST_219,1600110,PLANT_11,PORT04,31,75.41877
1400008617.0,2026-02-11,PORT01,CARRIER_03,2,DTP,0,5,CUST_136,1600167,PLANT_09,PORT03,28,65.53658
1400008618.0,2026-09-22,PORT08,CARRIER_12,2,DTP,3,0,CUST_015,1600125,PLANT_08,PORT05,19,35.44877
1400008619.0,2026-08-15,PORT04,CARRIER_12,3,DTP,6,0,CUST_389,1600010,PLANT_02,PORT05,20,52.60337
1400008620.0,2026-12-24,PORT06,CARRIER_01,2,DTP,5,0,CUST_300,1600109,PLANT_02,PORT04,40,70.25347
1400008621.0,2026-07-27,PORT06,CARRIER_12,1,CRF,3,0,CUST_455,1600034,PLANT_02,PORT03,36,67.0907
1400008622.0,2026-06-02,PORT06,CARRIER_05,2,DTP,1,0,CUST_241,1600052,PLANT_02,PORT01,26,27.52106
1400008623.0,2026-09-02,PORT02,CARRIER_02,2,DTP,0,0,CUST_220,1600057,PLANT_09,PORT06,32,57.32963
1400008624.0,2026-10-06,PORT06,CARRIER_09,0,DTP,3,0,CUST_422,1600140,PLANT_19,PORT03,16,65.23846
1400008625.0,2026-09-02,PORT03,CARRIER_03,3,DTP,3,0,CUST_041,1600049,PLANT_11,PORT02,27,35.2049
1400008626.0,2026-05-16,PORT08,CARRIER_09,2,DTP,3,0,CUST_181,1600198,PLANT_15,PORT06,30,123.72641
1400008627.0,2026-12-17,PORT08,CARRIER_07,2,DTD,0,0,CUST_400,1600019,PLANT_03,PORT04,16,69.12692
1400008628.0,2026-04-21,PORT03,CARRIER_08,2,DTD,5,0,CUST_147,1600047,PLANT_13,PORT08,12,40.38046
1400008629.0,2026-05-07,PORT01,CARRIER_12,2,DTD,3,0,CUST_443,1600120,PLANT_19,PORT07,29,7.26019
1400008630.0,2026-04-12,PORT06,CARRIER_09,2,DTD,6,0,CUST_143,1600060,PLANT_20,PORT08,48,136.75508
1400008631.0,2026-04-20,PORT03,CARRIER_07,1,DTD,5,0,CUST_207,1600075,PLANT_11,PORT05,26,108.74317
1400008632.0,2026-03-19,PORT06,CARRIER_04,2,DTP,3,0,CUST_449,1600174,PLANT_02,PORT05,46,87.04757
1400008633.0,2026-08-01,PORT02,CARRIER_05,2,DTP,3,0,CUST_122,1600026,PLANT_04,PORT07,44,65.37649
1400008634.0,2026-09-23,PORT02,CARRIER_02,2,DTP,4,0,CUST_485,1600004,PLANT_09,PORT05,39,65.31511
1400008635.0,2026-06-06,PORT03,CARRIER_05,1,CRF,0,0,CUST_022,1600199,PLANT_04,PORT02,46,99.96142
1400008636.0,2026-12-03,PORT07,CARRIER_01,2,DTP,0,0,CUST_133,1600148,PLANT_10,PORT02,23,10.20807
1400008637.0,2026-06-22,PORT08,CARRIER_05,2,DTP,2,0,CUST_296,1600067,PLANT_08,PORT02,39,49.32162
1400008638.0,2026-06-20,PORT01,CARRIER_01,1,DTP,3,0,CUST_298,1600171,PLANT_18,PORT07,11,35.9698
1400008639.0,2026-01-26,PORT07,CARRIER_12,2,CRF,3,0,CUST_455,1600088,PLANT_14,PORT04,19,45.88828
1400008640.0,2026-11-26,PORT03,CARRIER_04,2,DTP,1,0,CUST_480,1600157,PLANT_13,PORT02,31,40.67115
1400008641.0,2026-02-24,PORT05,CARRIER_10,2,DTP,3,0,CUST_339,1600096,PLANT_17,PORT08,6,27.96785
1400008642.0,2026-03-02,PORT02,CARRIER_02,1,DTD,3,0,CUST_330,1600055,PLANT_02,PORT04,40,61.92631
1400008643.0,2026-12-08,PORT06,CARRIER_10,1,CRF,4,0,CUST_159,1600096,PLANT_19,PORT07,47,34.48191
1400008644.0,2026-07-09,PORT03,CARRIER_01,2,DTP,0,0,CUST_403,1600100,PLANT_04,PORT02,9,9.69126
1400008645.0,2026-01-25,PORT04,CARRIER_01,1,DTP,4,0,CUST_322,1600073,PLANT_02,PORT02,50,77.66328
1400008646.0,2026-06-11,PORT03,CARRIER_04,2,DTP,5,0,CUST_013,1600130,PLANT_07,PORT02,9,23.94486
1400008647.0,2026-08-04,PORT07,CARRIER_04,2,DTP,3,0,CUST_417,1600046,PLANT_14,PORT05,10,4.24971
1400008648.0,2026-01-04,PORT03,CARRIER_10,0,DTP,3,0,CUST_180,1600018,PLANT_06,PORT04,40,171.56865
1400008649.0,2026-10-03,PORT07,CARRIER_10,2,DTP,0,0,CUST_238,1600074,PLANT_11,PORT04,36,158.38688
1400008650.0,2026-09-02,PORT03,CARRIER_07,4,DTD,3,0,CUST_244,1600097,PLANT_04,PORT08,48,79.67606
1400008651.0,2026-01-05,PORT04,CARRIER_02,2,DTP,5,0,CUST_410,1600167,PLANT_15,PORT03,24,93.57674
1400008652.0,2026-08-14,PORT05,CARRIER_10,1,DTP,0,0,CUST_134,1600143,PLANT_12,PORT01,31,94.19333
1400008653.0,2026-03-23,PORT08,CARRIER_04,1,DTP,4,0,CUST_196,1600044,PLANT_06,PORT05,11,46.66943
1400008654.0,2026-09-26,PORT06,CARRIER_09,2,DTP,0,0,CUST_020,1600159,PLANT_02,PORT08,36,52.45686
1400008655.0,2026-05-18,PORT06,CARRIER_10,2,DTP,4,0,CUST_175,1600018,PLANT_20,PORT05,50,154.50776
1400008656.0,2026-03-15,PORT03,CARRIER_03,2,DTP,3,0,CUST_045,1600025,PLANT_11,PORT04,32,14.59855
1400008657.0,2026-07-04,PORT08,CARRIER_07,2,DTP,3,0,CUST_292,1600033,PLANT_06,PORT03,47,6.87681
1400008658.0,2026-06-11,PORT02,CARRIER_09,2,DTP,5,0,CUST_447,1600188,PLANT_01,PORT05,23,100.87845
1400008659.0,2026-05-05,PORT04,CARRIER_07,2,DTP,3,0,CUST_233,1600154,PLANT_15,PORT01,50,77.16421
1400008660.0,2026-11-17,PORT05,CARRIER_05,2,DTP,0,0,CUST_457,1600112,PLANT_12,PORT01,29,66.19287
1400008661.0,2026-08-25,PORT02,CARRIER_04,1,DTP,4,0,CUST_489,1600133,PLANT_04,PORT03,11,13.59291
1400008662.0,2026-06-27,PORT05,CARRIER_09,2,DTP,0,0,CUST_027,1600123,PLANT_12,PORT01,21,92.32349
1400008663.0,2026-03-24,PORT01,CARRIER_02,2,DTD,5,0,CUST_259,1600105,PLANT_03,PORT03,27,53.57387
1400008664.0,2026-07-27,PORT01,CARRIER_07,2,DTD,0,0,CUST_265,1600136,PLANT_06,PORT03,8,7.82146
1400008665.0,2026-01-10,PORT07,CARRIER_11,2,DTP,3,0,CUST_193,1600118,PLANT_16,PORT03,46,141.6416
1400008666.0,2026-11-19,PORT02,CARRIER_03,2,CRF,3,0,CUST_416,1600188,PLANT_05,PORT03,16,17.70832
1400008667.0,2026-01-01,PORT07,CARRIER_03,1,DTP,3,0,CUST_198,1600148,PLANT_10,PORT05,36,49.5857
1400008668.0,2026-09-13,PORT01,CARRIER_07,2,DTD,3,0,CUST_028,1600085,PLANT_18,PORT02,47,159.6447
1400008669.0,2026-05-07,PORT05,CARRIER_07,2,DTP,3,0,CUST_274,1600052,PLANT_12,PORT08,24,115.20421
1400008670.0,2026-09-20,PORT06,CARRIER_02,2,DTP,3,0,CUST_101,1600005,PLANT_19,PORT05,33,125.35276
1400008671.0,2026-05-13,PORT02,CARRIER_08,2,DTP,0,0,CUST_178,1600120,PLANT_09,PORT03,28,19.83233
1400008672.0,2026-01-10,PORT07,CARRIER_01,2,DTP,4,0,CUST_251,1600112,PLANT_13,PORT05,40,65.26121
1400008673.0,2026-12-13,PORT08,CARRIER_06,2,DTP,0,0,CUST_362,1600093,PLANT_03,PORT06,6,24.01313
1400008674.0,2026-10-07,PORT03,CARRIER_01,0,DTP,4,0,CUST_140,1600027,PLANT_06,PORT07,21,30.41266
1400008675.0,2026-01-17,PORT03,CARRIER_10,2,CRF,3,0,CUST_191,1600151,PLANT_07,PORT04,33,122.96925
1400008676.0,2026-01-12,PORT06,CARRIER_12,2,DTP,4,2,CUST_034,1600002,PLANT_02,PORT04,9,21.70605
1400008677.0,2026-07-13,PORT07,CARRIER_01,2,DTP,1,3,CUST_193,1600067,PLANT_07,PORT04,44,195.07848
1400008678.0,2026-12-16,PORT02,CARRIER_08,2,DTP,4,0,CUST_291,1600028,PLANT_09,PORT07,34,63.23424
1400008679.0,2026-07-30,PORT06,CARRIER_05,2,CRF,3,0,CUST_309,1600004,PLANT_20,PORT02,5,23.397
1400008680.0,2026-01-04,PORT07,CARRIER_02,2,DTP,6,0,CUST_147,1600091,PLANT_13,PORT01,5,10.48215
1400008681.0,2026-09-13,PORT01,CARRIER_09,2,DTP,0,0,CUST_031,1600192,PLANT_01,PORT07,12,43.90266
1400008682.0,2026-06-06,PORT05,CARRIER_11,2,DTP,4,0,CUST_289,1600191,PLANT_12,PORT02,35,36.97587
1400008683.0,2026-08-22,PORT01,CARRIER_01,0,DTP,3,0,CUST_328,1600111,PLANT_01,PORT03,28,75.62431
1400008684.0,2026-05-08,PORT03,CARRIER_02,2,DTP,6,0,CUST_043,1600081,PLANT_04,PORT08,27,43.73086
1400008685.0,2026-01-03,PORT08,CARRIER_12,2,DTP,3,0,CUST_253,1600067,PLANT_18,PORT03,30,4.8708
1400008686.0,2026-01-07,PORT02,CARRIER_01,2,CRF,1,0,CUST_048,1600199,PLANT_01,PORT07,27,60.55132
1400008687.0,2026-08-19,PORT01,CARRIER_05,1,DTD,5,0,CUST_227,1600065,PLANT_19,PORT07,20,18.90465
1400008688.0,2026-08-20,PORT01,CARRIER_11,2,DTP,2,0,CUST_321,1600056,PLANT_18,PORT08,5,23.98534
1400008689.0,2026-04-28,PORT06,CARRIER_08,2,DTD,3,0,CUST_360,1600144,PLANT_19,PORT05,6,24.37251
1400008690.0,2026-01-31,PORT06,CARRIER_03,2,DTP,2,0,CUST_357,1600147,PLANT_19,PORT01,36,134.05223
1400008691.0,2026-10-10,PORT08,CARRIER_01,2,CRF,5,0,CUST_380,1600097,PLANT_08,PORT07,39,90.53175
1400008692.0,2026-02-25,PORT01,CARRIER_07,2,DTP,3,0,CUST_121,1600122,PLANT_18,PORT04,16,21.91382
1400008693.0,2026-03-10,PORT06,CARRIER_07,2,DTP,2,0,CUST_424,1600192,PLANT_19,PORT02,16,27.03006
1400008694.0,2026-06-15,PORT07,CARRIER_07,1,DTD,4,0,CUST_175,1600078,PLANT_14,PORT06,23,25.33184
1400008695.0,2026-09-19,PORT02,CARRIER_03,2,DTP,0,0,CUST_188,1600185,PLANT_05,PORT08,34,95.34465
1400008696.0,2026-12-30,PORT07,CARRIER_12,1,CRF,0,0,CUST_394,1600139,PLANT_14,PORT04,32,130.40814
1400008697.0,2026-08-17,PORT03,CARRIER_05,2,DTP,4,0,CUST_164,1600060,PLANT_04,PORT06,30,30.5494
1400008698.0,2026-12-17,PORT06,CARRIER_11,2,DTP,2,0,CUST_038,1600047,PLANT_15,PORT02,6,0.7337
1400008699.0,2026-08-27,PORT03,CARRIER_12,2,DTP,0,0,CUST_358,1600004,PLANT_13,PORT07,24,17.17133
1400008700.0,2026-11-06,PORT02,CARRIER_03,2,DTP,3,0,CUST_332,1600147,PLANT_02,PORT08,39,91.98413
1400008701.0,2026-03-06,PORT07,CARRIER_09,1,DTP,1,0,CUST_291,1600154,PLANT_13,PORT04,32,6.11586
1400008702.0,2026-01-21,PORT08,CARRIER_06,2,DTP,6,0,CUST_072,1600063,PLANT_03,PORT06,42,87.19253
1400008703.0,2026-09-02,PORT07,CARRIER_08,2,DTP,4,0,CUST_316,1600114,PLANT_14,PORT04,36,23.20828
1400008704.0,2026-12-22,PORT02,CARRIER_07,2,DTP,5,0,CUST_100,1600016,PLANT_09,PORT06,46,28.89055
1400008705.0,2026-09-26,PORT06,CARRIER_12,2,DTP,4,0,CUST_278,1600001,PLANT_20,PORT07,31,111.34561
1400008706.0,2026-05-06,PORT07,CARRIER_08,1,DTD,5,0,CUST_254,1600174,PLANT_10,PORT03,31,154.92363
1400008707.0,2026-06-28,PORT03,CARRIER_03,1,DTP,2,0,CUST_387,1600002,PLANT_06,PORT01,30,31.5888
1400008708.0,2026-02-10,PORT07,CARRIER_11,2,CRF,3,0,CUST_489,1600024,PLANT_11,PORT04,17,20.82477
1400008709.0,2026-05-05,PORT07,CARRIER_01,2,DTP,5,0,CUST_096,1600062,PLANT_14,PORT05,25,38.81123
1400008710.0,2026-09-07,PORT07,CARRIER_09,1,DTP,3,0,CUST_058,1600026,PLANT_14,PORT04,12,47.36443
1400008711.0,2026-03-02,PORT03,CARRIER_10,2,CRF,6,0,CUST_278,1600117,PLANT_06,PORT05,24,61.89311
1400008712.0,2026-06-25,PORT01,CARRIER_07,1,CRF,5,0,CUST_476,1600179,PLANT_09,PORT08,11,31.85949
1400008713.0,2026-04-16,PORT07,CARRIER_01,1,CRF,0,0,CUST_080,1600188,PLANT_16,PORT05,27,75.0029
1400008714.0,2026-06-29,PORT05,CARRIER_05,2,DTP,3,0,CUST_244,1600190,PLANT_12,PORT04,48,225.26974
1400008715.0,2026-10-06,PORT07,CARRIER_10,2,DTP,1,0,CUST_204,1600190,PLANT_11,PORT06,25,6.76949
1400008716.0,2026-11-19,PORT03,CARRIER_11,1,DTP,5,0,CUST_160,1600065,PLANT_17,PORT07,38,33.20389
1400008717.0,2026-05-30,PORT06,CARRIER_07,2,DTD,5,0,CUST_332,1600073,PLANT_02,PORT02,25,49.30884
1400008718.0,2026-10-29,PORT05,CARRIER_06,4,DTD,3,0,CUST_148,1600067,PLANT_12,PORT07,46,114.60218
1400008719.0,2026-09-14,PORT07,CARRIER_03,2,DTP,0,0,CUST_247,1600105,PLANT_14,PORT05,14,9.21607
1400008720.0,2026-12-03,PORT07,CARRIER_06,2,DTP,2,0,CUST_423,1600081,PLANT_14,PORT02,43,192.49085
1400008721.0,2026-09-28,PORT02,CARRIER_08,2,DTD,0,0,CUST_190,1600176,PLANT_01,PORT07,38,130.01733
1400008722.0,2026-07-21,PORT05,CARRIER_12,1,DTP,3,0,CUST_011,1600103,PLANT_17,PORT06,45,210.05966
1400008723.0,2026-09-04,PORT06,CARRIER_06,2,DTP,6,0,CUST_443,1600020,PLANT_15,PORT02,11,51.80919
1400008724.0,2026-04-26,PORT08,CARRIER_01,2,DTP,2,2,CUST_138,1600143,PLANT_18,PORT05,46,120.12495
1400008725.0,2026-09-03,PORT06,CARRIER_03,0,DTP,3,1,CUST_387,1600066,PLANT_15,PORT07,46,196.86806
1400008726.0,2026-09-16,PORT02,CARRIER_06,0,DTP,4,0,CUST_382,1600188,PLANT_05,PORT08,18,66.78175
1400008727.0,2026-08-11,PORT03,CARRIER_10,1,DTP,4,0,CUST_264,1600001,PLANT_17,PORT05,33,61.59417
1400008728.0,2026-02-07,PORT07,CARRIER_08,2,DTP,0,0,CUST_044,1600197,PLANT_16,PORT04,31,102.95136
1400008729.0,2026-07-09,PORT04,CARRIER_04,2,DTP,0,0,CUST_476,1600126,PLANT_02,PORT02,7,33.37924
1400008730.0,2026-09-17,PORT01,CARRIER_12,1,DTP,0,0,CUST_341,1600132,PLANT_05,PORT06,29,111.46568
1400008731.0,2026-03-14,PORT01,CARRIER_03,2,CRF,1,0,CUST_213,1600009,PLANT_05,PORT05,35,125.16418
1400008732.0,2026-10-15,PORT03,CARRIER_01,2,DTP,0,0,CUST_427,1600131,PLANT_07,PORT07,14,16.62038
1400008733.0,2026-11-04,PORT01,CARRIER_09,1,DTP,3,0,CUST_395,1600196,PLANT_09,PORT08,21,87.62312
1400008734.0,2026-07-16,PORT05,CARRIER_01,2,DTP,3,0,CUST_381,1600066,PLANT_12,PORT04,31,62.29008
1400008735.0,2026-12-18,PORT06,CARRIER_06,0,DTP,1,0,CUST_084,1600018,PLANT_02,PORT04,47,148.42514
1400008736.0,2026-11-10,PORT01,CARRIER_02,1,DTP,3,0,CUST_317,1600015,PLANT_05,PORT05,7,23.94604
1400008737.0,2026-06-20,PORT05,CARRIER_05,2,DTD,3,0,CUST_143,1600093,PLANT_17,PORT07,48,125.98478
1400008738.0,2026-11-19,PORT02,CARRIER_05,2,DTD,0,0,CUST_040,1600100,PLANT_02,PORT07,42,38.27744
1400008739.0,2026-12-07,PORT07,CARRIER_07,1,DTP,0,0,CUST_170,1600034,PLANT_16,PORT04,43,151.25403
1400008740.0,2026-02-09,PORT05,CARRIER_12,2,DTP,0,0,CUST_053,1600051,PLANT_12,PORT04,7,9.18041
1400008741.0,2026-12-31,PORT07,CARRIER_08,2,DTP,3,0,CUST_053,1600006,PLANT_14,PORT01,31,43.40888
1400008742.0,2026-01-02,PORT04,CARRIER_02,2,DTP,3,0,CUST_364,1600051,PLANT_15,PORT07,21,15.14684
1400008743.0,2026-06-27,PORT06,CARRIER_02,2,DTP,2,0,CUST_251,1600059,PLANT_02,PORT01,47,147.4727
1400008744.0,2026-12-09,PORT01,CARRIER_05,2,DTP,0,0,CUST_199,1600036,PLANT_18,PORT07,39,26.33624
1400008745.0,2026-09-22,PORT01,CARRIER_11,2,DTP,1,0,CUST_097,1600172,PLANT_09,PORT05,34,60.91312
1400008746.0,2026-04-08,PORT07,CARRIER_06,2,DTP,0,0,CUST_386,1600062,PLANT_14,PORT05,6,26.75195
1400008747.0,2026-08-23,PORT07,CARRIER_05,1,DTP,3,0,CUST_318,1600061,PLANT_14,PORT01,45,104.40106
1400008748.0,2026-03-20,PORT02,CARRIER_04,2,DTD,3,0,CUST_293,1600142,PLANT_09,PORT05,27,121.04297
1400008749.0,2026-03-28,PORT07,CARRIER_03,2,DTP,3,0,CUST_096,1600114,PLANT_13,PORT02,12,30.17176
1400008750.0,2026-11-29,PORT02,CARRIER_06,2,DTP,3,0,CUST_062,1600087,PLANT_02,PORT03,45,43.93285
1400008751.0,2026-01-18,PORT06,CARRIER_02,2,DTD,1,0,CUST_062,1600197,PLANT_17,PORT07,46,175.6596
1400008752.0,2026-12-18,PORT01,CARRIER_06,1,DTD,0,0,CUST_013,1600030,PLANT_19,PORT07,27,49.4611
1400008753.0,2026-06-15,PORT07,CARRIER_11,2,DTD,3,0,CUST_485,1600048,PLANT_10,PORT06,35,169.23942
1400008754.0,2026-01-24,PORT04,CARRIER_02,2,DTP,3,0,CUST_184,1600004,PLANT_15,PORT02,33,45.6863
1400008755.0,2026-10-15,PORT08,CARRIER_01,2,DTP,4,0,CUST_330,1600157,PLANT_06,PORT06,18,74.3134
1400008756.0,2026-01-18,PORT02,CARRIER_03,2,DTP,3,0,CUST_492,1600045,PLANT_09,PORT03,39,98.27671
1400008757.0,2026-04-29,PORT01,CARRIER_09,3,DTP,3,0,CUST_469,1600116,PLANT_05,PORT06,50,211.32241
1400008758.0,2026-03-29,PORT01,CARRIER_01,1,DTP,4,0,CUST_161,1600123,PLANT_09,PORT08,47,46.85324
1400008759.0,2026-10-14,PORT08,CARRIER_01,2,DTP,4,0,CUST_245,1600157,PLANT_15,PORT07,36,115.37912
1400008760.0,2026-05-25,PORT01,CARRIER_02,1,DTP,5,0,CUST_232,1600029,PLANT_19,PORT07,21,13.7468
1400008761.0,2026-08-28,PORT07,CARRIER_11,2,DTP,0,0,CUST_017,1600097,PLANT_14,PORT01,46,186.16327
1400008762.0,2026-01-27,PORT06,CARRIER_01,1,DTP,0,0,CUST_385,1600022,PLANT_20,PORT07,47,58.97103
1400008763.0,2026-09-11,PORT06,CARRIER_11,2,DTD,3,0,CUST_288,1600101,PLANT_20,PORT02,5,10.9756
1400008764.0,2026-09-17,PORT01,CARRIER_08,1,DTD,3,0,CUST_186,1600013,PLANT_05,PORT03,20,66.28559
1400008765.0,2026-04-15,PORT01,CARRIER_04,2,DTP,2,0,CUST_280,1600191,PLANT_19,PORT05,30,73.29755
1400008766.0,2026-11-18,PORT07,CARRIER_11,2,CRF,3,0,CUST_368,1600197,PLANT_16,PORT01,31,121.41444
1400008767.0,2026-06-21,PORT06,CARRIER_01,1,DTP,3,0,CUST_008,1600080,PLANT_20,PORT05,37,128.46531
1400008768.0,2026-09-01,PORT08,CARRIER_03,2,DTD,3,0,CUST_324,1600124,PLANT_03,PORT03,28,20.69167
1400008769.0,2026-03-08,PORT04,CARRIER_01,1,DTD,0,0,CUST_431,1600038,PLANT_07,PORT07,5,19.44984
1400008770.0,2026-12-07,PORT02,CARRIER_04,2,DTP,3,0,CUST_364,1600007,PLANT_09,PORT03,12,26.10076
1400008771.0,2026-04-01,PORT01,CARRIER_12,2,CRF,3,0,CUST_310,1600179,PLANT_09,PORT04,40,121.16051
1400008772.0,2026-08-17,PORT02,CARRIER_07,1,DTP,1,0,CUST_046,1600135,PLANT_09,PORT04,36,41.80351
1400008773.0,2026-02-02,PORT07,CARRIER_08,2,DTD,0,2,CUST_373,1600132,PLANT_14,PORT02,34,73.88706
1400008774.0,2026-01-17,PORT02,CARRIER_03,2,DTP,3,1,CUST_376,1600092,PLANT_01,PORT03,25,102.60224
1400008775.0,2026-02-16,PORT03,CARRIER_12,2,CRF,5,0,CUST_247,1600093,PLANT_13,PORT06,17,78.85757
1400008776.0,2026-12-11,PORT05,CARRIER_12,2,DTD,0,0,CUST_292,1600059,PLANT_12,PORT03,19,89.29258
1400008777.0,2026-03-18,PORT01,CARRIER_06,2,DTP,2,0,CUST_310,1600092,PLANT_01,PORT03,36,127.09567
1400008778.0,2026-11-18,PORT02,CARRIER_06,2,DTP,0,1,CUST_061,1600129,PLANT_01,PORT06,28,13.6265
1400008779.0,2026-07-31,PORT03,CARRIER_10,1,DTP,2,0,CUST_129,1600154,PLANT_13,PORT06,11,24.95794
1400008780.0,2026-02-02,PORT01,CARRIER_06,2,DTP,3,0,CUST_397,1600047,PLANT_01,PORT04,23,24.05912
1400008781.0,2026-06-11,PORT02,CARRIER_12,2,DTD,2,0,CUST_487,1600124,PLANT_02,PORT04,42,147.76908
1400008782.0,2026-06-24,PORT08,CARRIER_04,2,DTP,3,0,CUST_136,1600147,PLANT_06,PORT04,32,28.503
1400008783.0,2026-04-08,PORT02,CARRIER_04,1,DTD,5,0,CUST_201,1600072,PLANT_04,PORT01,44,215.16543
1400008784.0,2026-08-09,PORT06,CARRIER_03,2,DTD,2,0,CUST_458,1600093,PLANT_17,PORT01,28,29.4903
1400008785.0,2026-11-11,PORT06,CARRIER_02,2,CRF,3,0,CUST_082,1600022,PLANT_15,PORT02,27,9.67403
1400008786.0,2026-11-19,PORT06,CARRIER_11,1,CRF,5,0,CUST_131,1600069,PLANT_17,PORT08,48,203.20223
1400008787.0,2026-07-11,PORT07,CARRIER_04,2,DTP,3,0,CUST_028,1600081,PLANT_13,PORT06,28,30.55162
1400008788.0,2026-11-23,PORT08,CARRIER_07,2,DTP,0,0,CUST_118,1600105,PLANT_03,PORT03,11,2.39429
1400008789.0,2026-12-03,PORT07,CARRIER_07,2,DTP,0,0,CUST_319,1600191,PLANT_14,PORT05,23,64.06834
1400008790.0,2026-02-02,PORT06,CARRIER_02,2,DTP,5,0,CUST_175,1600034,PLANT_02,PORT01,34,164.87435
1400008791.0,2026-08-20,PORT06,CARRIER_09,2,DTP,5,0,CUST_492,1600087,PLANT_02,PORT04,20,28.21477
1400008792.0,2026-10-10,PORT04,CARRIER_02,1,DTP,1,0,CUST_446,1600107,PLANT_02,PORT05,23,48.36308
1400008793.0,2026-01-06,PORT01,CARRIER_12,2,DTD,3,0,CUST_448,1600007,PLANT_01,PORT04,45,56.7953
1400008794.0,2026-08-09,PORT05,CARRIER_06,2,DTD,0,0,CUST_364,1600082,PLANT_17,PORT04,25,70.85316
1400008795.0,2026-11-30,PORT03,CARRIER_10,1,DTP,0,0,CUST_352,1600167,PLANT_11,PORT06,19,31.95167
1400008796.0,2026-04-08,PORT07,CARRIER_07,2,DTP,5,0,CUST_255,1600038,PLANT_16,PORT05,9,26.97913
1400008797.0,2026-11-09,PORT07,CARRIER_02,2,DTP,3,0,CUST_496,1600049,PLANT_14,PORT08,23,56.17296
1400008798.0,2026-12-07,PORT02,CARRIER_10,2,DTP,0,0,CUST_048,1600133,PLANT_04,PORT07,40,186.06739
1400008799.0,2026-08-20,PORT03,CARRIER_12,1,DTP,3,0,CUST_362,1600096,PLANT_17,PORT02,18,60.89554
1400008800.0,2026-08-18,PORT04,CARRIER_07,2,DTD,5,0,CUST_071,1600034,PLANT_02,PORT02,26,89.56248
1400008801.0,2026-07-15,PORT01,CARRIER_11,2,CRF,4,0,CUST_170,1600045,PLANT_18,PORT05,35,86.92905
1400008802.0,2026-05-30,PORT02,CARRIER_04,2,DTD,3,0,CUST_128,1600005,PLANT_09,PORT01,47,74.51431
1400008803.0,2026-06-15,PORT08,CARRIER_03,2,CRF,4,0,CUST_301,1600177,PLANT_06,PORT01,42,68.81363
1400008804.0,2026-07-10,PORT03,CARRIER_09,1,DTP,4,0,CUST_394,1600101,PLANT_13,PORT06,18,46.25205
1400008805.0,2026-06-25,PORT01,CARRIER_11,2,DTP,6,0,CUST_040,1600045,PLANT_09,PORT05,12,12.48438
1400008806.0,2026-10-29,PORT06,CARRIER_04,2,DTP,3,2,CUST_301,1600058,PLANT_19,PORT02,35,26.21119
1400008807.0,2026-10-08,PORT02,CARRIER_03,4,DTP,3,0,CUST_111,1600152,PLANT_02,PORT08,16,30.79342
1400008808.0,2026-05-07,PORT02,CARRIER_03,2,DTP,5,0,CUST_039,1600168,PLANT_02,PORT08,23,17.00458
1400008809.0,2026-07-07,PORT03,CARRIER_07,1,DTP,3,0,CUST_209,1600035,PLANT_06,PORT05,9,11.07659
1400008810.0,2026-03-20,PORT06,CARRIER_09,0,DTP,3,0,CUST_291,1600059,PLANT_02,PORT03,40,108.86466
1400008811.0,2026-03-06,PORT07,CARRIER_10,2,CRF,5,0,CUST_101,1600140,PLANT_10,PORT01,12,47.65757
1400008812.0,2026-05-15,PORT02,CARRIER_02,1,DTP,6,0,CUST_195,1600152,PLANT_09,PORT04,22,26.43038
1400008813.0,2026-01-22,PORT02,CARRIER_02,2,DTD,3,0,CUST_477,1600087,PLANT_01,PORT08,23,91.52059
1400008814.0,2026-11-08,PORT07,CARRIER_09,3,DTP,3,0,CUST_174,1600009,PLANT_14,PORT06,6,1.05692
1400008815.0,2026-02-16,PORT08,CARRIER_09,2,DTD,4,0,CUST_498,1600054,PLANT_18,PORT05,40,199.41646
1400008816.0,2026-04-30,PORT08,CARRIER_05,1,DTP,3,0,CUST_418,1600072,PLANT_15,PORT07,33,86.88903
1400008817.0,2026-04-02,PORT03,CARRIER_07,2,DTP,3,0,CUST_186,1600079,PLANT_13,PORT05,29,70.52359
1400008818.0,2026-03-17,PORT05,CARRIER_03,1,DTP,0,0,CUST_289,1600012,PLANT_12,PORT04,13,42.74041
1400008819.0,2026-05-15,PORT06,CARRIER_07,2,DTP,0,0,CUST_355,1600057,PLANT_20,PORT02,7,16.99853
1400008820.0,2026-09-20,PORT03,CARRIER_04,1,DTP,2,0,CUST_233,1600013,PLANT_06,PORT08,7,14.69516
1400008821.0,2026-11-22,PORT03,CARRIER_08,2,DTP,3,0,CUST_204,1600185,PLANT_11,PORT07,33,63.288
1400008822.0,2026-03-10,PORT08,CARRIER_12,1,DTP,4,0,CUST_165,1600047,PLANT_06,PORT06,39,190.76389
1400008823.0,2026-03-29,PORT07,CARRIER_01,2,CRF,0,0,CUST_070,1600154,PLANT_14,PORT06,41,177.17469
1400008824.0,2026-06-21,PORT06,CARRIER_11,2,DTP,0,0,CUST_013,1600024,PLANT_20,PORT05,41,105.03429
1400008825.0,2026-04-27,PORT05,CARRIER_02,2,DTP,3,0,CUST_169,1600123,PLANT_12,PORT04,23,96.56821
1400008826.0,2026-10-19,PORT04,CARRIER_03,4,DTP,0,0,CUST_398,1600099,PLANT_02,PORT01,5,4.15269
1400008827.0,2026-03-23,PORT06,CARRIER_03,2,DTP,5,0,CUST_117,1600196,PLANT_17,PORT02,16,43.10849
1400008828.0,2026-05-27,PORT05,CARRIER_01,2,DTP,1,0,CUST_090,1600159,PLANT_12,PORT04,41,94.5394
1400008829.0,2026-07-19,PORT06,CARRIER_02,2,DTD,4,0,CUST_165,1600093,PLANT_20,PORT02,40,67.6769
1400008830.0,2026-05-20,PORT01,CARRIER_10,1,DTP,3,0,CUST_300,1600014,PLANT_19,PORT08,28,128.80996
1400008831.0,2026-08-14,PORT03,CARRIER_06,2,DTP,6,0,CUST_108,1600119,PLANT_13,PORT07,6,25.0753
1400008832.0,2026-10-19,PORT04,CARRIER_06,2,CRF,3,0,CUST_111,1600153,PLANT_13,PORT05,40,181.78885
1400008833.0,2026-07-14,PORT07,CARRIER_08,2,DTP,6,0,CUST_057,1600048,PLANT_10,PORT05,42,134.92764
1400008834.0,2026-06-16,PORT06,CARRIER_03,2,DTP,3,0,CUST_167,1600038,PLANT_20,PORT03,15,29.15226
1400008835.0,2026-12-14,PORT02,CARRIER_02,2,DTP,3,0,CUST_109,1600022,PLANT_02,PORT01,41,156.14365
1400008836.0,2026-12-25,PORT03,CARRIER_05,1,CRF,0,0,CUST_416,1600073,PLANT_04,PORT01,34,21.48726
1400008837.0,2026-12-30,PORT05,CARRIER_09,1,CRF,3,0,CUST_453,1600012,PLANT_12,PORT02,45,192.60405
1400008838.0,2026-01-07,PORT01,CARRIER_02,2,DTP,1,0,CUST_186,1600146,PLANT_06,PORT02,33,7.95362
1400008839.0,2026-11-02,PORT06,CARRIER_11,1,DTP,4,0,CUST_043,1600164,PLANT_15,PORT08,9,36.98317
1400008840.0,2026-11-25,PORT02,CARRIER_01,1,DTD,3,0,CUST_044,1600010,PLANT_04,PORT07,34,120.67649
1400008841.0,2026-10-21,PORT03,CARRIER_02,2,DTP,3,0,CUST_163,1600188,PLANT_06,PORT08,9,4.8011
1400008842.0,2026-10-01,PORT05,CARRIER_04,2,DTP,1,0,CUST_232,1600039,PLANT_12,PORT06,16,13.12463
1400008843.0,2026-05-14,PORT03,CARRIER_03,2,DTP,0,0,CUST_265,1600199,PLANT_06,PORT05,45,104.25232
1400008844.0,2026-09-22,PORT01,CARRIER_06,2,DTP,3,0,CUST_153,1600192,PLANT_01,PORT06,49,76.89996
1400008845.0,2026-07-31,PORT03,CARRIER_05,2,DTP,3,0,CUST_178,1600021,PLANT_08,PORT05,26,113.09308
1400008846.0,2026-10-31,PORT07,CARRIER_07,2,DTP,3,0,CUST_142,1600026,PLANT_07,PORT05,18,18.80792
1400008847.0,2026-05-09,PORT06,CARRIER_08,0,DTD,6,0,CUST_259,1600000,PLANT_20,PORT03,23,49.30491
1400008848.0,2026-09-29,PORT07,CARRIER_03,2,CRF,0,0,CUST_349,1600098,PLANT_16,PORT05,16,22.02093
1400008849.0,2026-10-14,PORT05,CARRIER_02,2,CRF,3,0,CUST_022,1600051,PLANT_17,PORT07,31,22.41897
1400008850.0,2026-11-01,PORT04,CARRIER_01,2,DTD,0,0,CUST_240,1600176,PLANT_02,PORT06,24,32.94559
1400008851.0,2026-03-04,PORT01,CARRIER_05,1,DTP,3,0,CUST_325,1600103,PLANT_01,PORT02,7,30.19756
1400008852.0,2026-11-12,PORT06,CARRIER_10,4,DTP,3,0,CUST_337,1600036,PLANT_20,PORT02,33,118.99637
1400008853.0,2026-03-21,PORT02,CARRIER_12,2,DTP,3,0,CUST_282,1600097,PLANT_04,PORT03,34,155.71239
1400008854.0,2026-12-09,PORT07,CARRIER_10,2,DTP,4,0,CUST_263,1600030,PLANT_11,PORT08,35,73.0054
1400008855.0,2026-01-15,PORT06,CARRIER_07,1,DTP,0,0,CUST_341,1600169,PLANT_15,PORT03,48,61.34506
1400008856.0,2026-03-23,PORT07,CARRIER_07,2,DTP,1,0,CUST_190,1600026,PLANT_07,PORT03,37,8.47137
1400008857.0,2026-08-11,PORT07,CARRIER_03,1,DTP,1,0,CUST_284,1600127,PLANT_14,PORT04,36,90.94586
1400008858.0,2026-07-18,PORT01,CARRIER_04,2,DTP,3,0,CUST_160,1600022,PLANT_01,PORT06,14,4.12536
1400008859.0,2026-09-09,PORT07,CARRIER_08,2,DTD,1,0,CUST_219,1600088,PLANT_14,PORT02,26,3.14463
1400008860.0,2026-05-28,PORT03,CARRIER_01,2,DTP,3,0,CUST_063,1600185,PLANT_06,PORT08,24,73.51368
1400008861.0,2026-01-02,PORT08,CARRIER_05,1,CRF,3,0,CUST_176,1600110,PLANT_18,PORT02,49,44.47472
1400008862.0,2026-08-14,PORT08,CARRIER_08,1,DTP,3,0,CUST_072,1600188,PLANT_06,PORT03,26,73.91583
1400008863.0,2026-07-06,PORT02,CARRIER_11,2,DTP,3,0,CUST_114,1600179,PLANT_09,PORT07,36,104.7694
1400008864.0,2026-07-05,PORT07,CARRIER_11,2,DTP,5,0,CUST_210,1600003,PLANT_16,PORT05,29,105.75754
1400008865.0,2026-05-18,PORT07,CARRIER_12,1,DTP,6,4,CUST_251,1600091,PLANT_13,PORT02,7,13.84131
1400008866.0,2026-11-22,PORT01,CARRIER_08,2,DTD,3,0,CUST_471,1600194,PLANT_19,PORT06,48,170.65258
1400008867.0,2026-10-17,PORT03,CARRIER_03,2,DTP,5,0,CUST_014,1600141,PLANT_13,PORT04,35,66.26308
1400008868.0,2026-03-08,PORT03,CARRIER_03,2,DTP,4,0,CUST_450,1600123,PLANT_04,PORT02,15,8.68735
1400008869.0,2026-01-15,PORT02,CARRIER_12,2,DTP,0,0,CUST_165,1600073,PLANT_02,PORT04,7,11.33266
1400008870.0,2026-03-08,PORT01,CARRIER_09,2,DTD,3,0,CUST_363,1600134,PLANT_18,PORT08,48,6.57984
1400008871.0,2026-01-18,PORT07,CARRIER_10,1,DTP,3,0,CUST_339,1600020,PLANT_16,PORT01,19,44.95515
1400008872.0,2026-09-16,PORT06,CARRIER_07,2,DTP,4,0,CUST_486,1600060,PLANT_20,PORT02,5,18.63762
1400008873.0,2026-08-15,PORT04,CARRIER_02,2,DTD,5,4,CUST_055,1600040,PLANT_13,PORT05,33,130.19368
1400008874.0,2026-06-18,PORT03,CARRIER_08,2,DTD,3,0,CUST_484,1600165,PLANT_17,PORT05,5,6.18637
1400008875.0,2026-08-04,PORT08,CARRIER_10,2,DTD,3,0,CUST_032,1600123,PLANT_15,PORT03,14,8.64712
1400008876.0,2026-10-23,PORT07,CARRIER_03,1,DTP,3,0,CUST_439,1600040,PLANT_13,PORT04,46,46.39594
1400008877.0,2026-10-31,PORT03,CARRIER_03,2,DTD,3,0,CUST_327,1600147,PLANT_11,PORT08,6,29.52116
1400008878.0,2026-06-08,PORT04,CARRIER_06,2,DTP,3,0,CUST_241,1600060,PLANT_02,PORT05,39,63.54284
1400008879.0,2026-08-05,PORT08,CARRIER_01,1,DTP,3,0,CUST_199,1600186,PLANT_18,PORT02,33,72.7153
1400008880.0,2026-07-30,PORT01,CARRIER_02,2,DTP,4,0,CUST_047,1600057,PLANT_09,PORT02,19,8.94083
1400008881.0,2026-12-13,PORT04,CARRIER_10,1,DTP,3,0,CUST_401,1600047,PLANT_02,PORT03,18,71.41893
1400008882.0,2026-10-05,PORT01,CARRIER_11,2,CRF,0,0,CUST_364,1600111,PLANT_01,PORT02,26,59.73767
1400008883.0,2026-04-25,PORT07,CARRIER_05,2,DTP,0,0,CUST_469,1600118,PLANT_16,PORT03,29,15.31924
1400008884.0,2026-11-20,PORT02,CARRIER_01,0,DTP,3,0,CUST_366,1600066,PLANT_02,PORT01,45,108.78369
1400008885.0,2026-05-26,PORT02,CARRIER_12,2,DTP,3,3,CUST_479,1600141,PLANT_04,PORT05,17,61.11578
1400008886.0,2026-10-04,PORT04,CARRIER_11,2,DTD,3,0,CUST_444,1600069,PLANT_15,PORT07,32,77.37234
1400008887.0,2026-12-23,PORT08,CARRIER_06,2,DTP,3,0,CUST_213,1600192,PLANT_15,PORT07,36,174.46682
1400008888.0,2026-10-23,PORT01,CARRIER_12,2,DTD,5,0,CUST_352,1600186,PLANT_01,PORT05,5,21.85576
1400008889.0,2026-02-09,PORT07,CARRIER_08,2,CRF,5,0,CUST_133,1600098,PLANT_16,PORT01,46,120.6375
1400008890.0,2026-03-17,PORT06,CARRIER_09,0,DTD,3,0,CUST_398,1600121,PLANT_05,PORT05,50,235.42439
1400008891.0,2026-10-18,PORT04,CARRIER_09,2,DTP,3,0,CUST_305,1600064,PLANT_02,PORT02,8,32.6064
1400008892.0,2026-02-15,PORT07,CARRIER_04,1,DTP,3,0,CUST_221,1600136,PLANT_16,PORT08,17,32.37689
1400008893.0,2026-01-05,PORT07,CARRIER_11,1,DTP,3,0,CUST_315,1600020,PLANT_16,PORT02,41,159.07624
1400008894.0,2026-04-05,PORT07,CARRIER_02,2,DTP,1,0,CUST_139,1600068,PLANT_07,PORT02,42,108.30441
1400008895.0,2026-06-27,PORT03,CARRIER_03,1,DTP,3,0,CUST_312,1600104,PLANT_13,PORT06,12,32.89977
1400008896.0,2026-02-16,PORT04,CARRIER_02,2,DTP,3,0,CUST_238,1600143,PLANT_13,PORT01,47,124.59902
1400008897.0,2026-02-25,PORT07,CARRIER_03,1,DTP,3,0,CUST_161,1600193,PLANT_16,PORT03,20,80.7605
1400008898.0,2026-05-04,PORT01,CARRIER_10,2,DTP,4,0,CUST_488,1600005,PLANT_01,PORT02,18,82.81827
1400008899.0,2026-08-07,PORT07,CARRIER_11,2,DTP,1,0,CUST_032,1600052,PLANT_16,PORT03,21,34.97837
1400008900.0,2026-07-18,PORT01,CARRIER_02,2,DTD,0,0,CUST_379,1600121,PLANT_18,PORT07,35,113.58946
1400008901.0,2026-10-19,PORT03,CARRIER_04,2,DTP,5,0,CUST_106,1600004,PLANT_17,PORT02,14,44.50885
1400008902.0,2026-12-24,PORT06,CARRIER_03,1,CRF,3,0,CUST_112,1600000,PLANT_05,PORT07,29,129.01336
1400008903.0,2026-01-13,PORT05,CARRIER_08,0,DTP,1,0,CUST_078,1600199,PLANT_12,PORT02,8,18.3307
1400008904.0,2026-09-09,PORT02,CARRIER_11,2,DTP,3,0,CUST_052,1600041,PLANT_02,PORT08,11,11.34965
1400008905.0,2026-03-01,PORT03,CARRIER_01,2,DTD,0,0,CUST_062,1600008,PLANT_04,PORT06,40,43.80483
1400008906.0,2026-05-12,PORT01,CARRIER_05,2,DTP,3,0,CUST_417,1600147,PLANT_01,PORT02,22,7.72761
1400008907.0,2026-05-06,PORT01,CARRIER_09,2,DTP,2,0,CUST_464,1600001,PLANT_01,PORT04,41,24.33635
1400008908.0,2026-09-13,PORT05,CARRIER_11,2,DTD,6,0,CUST_293,1600117,PLANT_12,PORT01,38,59.88708
1400008909.0,2026-04-04,PORT01,CARRIER_03,2,DTP,1,0,CUST_007,1600191,PLANT_18,PORT05,50,30.12792
1400008910.0,2026-11-23,PORT07,CARRIER_07,2,DTP,3,0,CUST_433,1600030,PLANT_11,PORT08,11,48.05183
1400008911.0,2026-05-20,PORT01,CARRIER_10,0,DTP,3,0,CUST_301,1600093,PLANT_03,PORT08,47,88.07287
1400008912.0,2026-10-25,PORT05,CARRIER_11,2,DTP,0,0,CUST_261,1600128,PLANT_12,PORT04,46,87.65254
1400008913.0,2026-12-14,PORT03,CARRIER_09,1,DTP,0,0,CUST_474,1600149,PLANT_11,PORT07,24,91.48275
1400008914.0,2026-07-06,PORT07,CARRIER_10,2,DTP,0,0,CUST_205,1600175,PLANT_13,PORT05,11,17.3421
1400008915.0,2026-02-06,PORT08,CARRIER_08,2,DTD,0,0,CUST_181,1600146,PLANT_06,PORT01,11,39.64832
1400008916.0,2026-09-14,PORT02,CARRIER_01,2,DTD,4,0,CUST_390,1600192,PLANT_09,PORT08,28,115.63644
1400008917.0,2026-06-04,PORT08,CARRIER_02,2,DTP,5,0,CUST_264,1600196,PLANT_03,PORT05,5,9.32436
1400008918.0,2026-05-04,PORT02,CARRIER_10,2,DTP,3,0,CUST_359,1600035,PLANT_05,PORT04,9,21.97151
1400008919.0,2026-06-16,PORT04,CARRIER_04,2,DTD,3,0,CUST_348,1600160,PLANT_13,PORT05,29,48.68873
1400008920.0,2026-04-20,PORT06,CARRIER_09,2,DTP,3,0,CUST_420,1600168,PLANT_20,PORT08,30,65.20514
1400008921.0,2026-04-13,PORT03,CARRIER_01,2,CRF,0,0,CUST_159,1600047,PLANT_17,PORT08,44,129.60909
1400008922.0,2026-12-28,PORT04,CARRIER_08,2,DTP,3,0,CUST_037,1600059,PLANT_02,PORT06,49,88.8485
1400008923.0,2026-04-12,PORT02,CARRIER_04,2,DTP,6,0,CUST_239,1600051,PLANT_01,PORT01,17,40.36228
1400008924.0,2026-06-17,PORT03,CARRIER_08,2,DTP,0,0,CUST_324,1600074,PLANT_04,PORT04,20,50.62992
1400008925.0,2026-09-18,PORT05,CARRIER_05,3,CRF,0,0,CUST_409,1600077,PLANT_12,PORT03,14,3.08096
1400008926.0,2026-03-22,PORT06,CARRIER_10,2,DTP,1,0,CUST_134,1600108,PLANT_15,PORT08,15,13.5282
1400008927.0,2026-08-14,PORT01,CARRIER_06,2,DTP,3,0,CUST_373,1600028,PLANT_09,PORT06,25,68.81836
1400008928.0,2026-11-23,PORT03,CARRIER_10,2,DTP,5,0,CUST_417,1600161,PLANT_11,PORT08,50,5.64941
1400008929.0,2026-10-24,PORT06,CARRIER_12,2,DTP,3,0,CUST_405,1600070,PLANT_15,PORT02,46,163.32525
1400008930.0,2026-01-11,PORT08,CARRIER_06,1,DTD,2,0,CUST_405,1600161,PLANT_15,PORT01,47,213.22859
1400008931.0,2026-05-28,PORT07,CARRIER_09,2,DTP,2,0,CUST_494,1600179,PLANT_14,PORT05,25,94.93472
1400008932.0,2026-01-01,PORT07,CARRIER_06,2,DTP,4,0,CUST_331,1600076,PLANT_11,PORT01,35,57.37693
1400008933.0,2026-08-10,PORT01,CARRIER_05,2,DTP,3,0,CUST_186,1600101,PLANT_03,PORT08,38,87.56039
1400008934.0,2026-04-29,PORT07,CARRIER_09,2,DTP,2,0,CUST_219,1600110,PLANT_11,PORT04,16,52.6162
1400008935.0,2026-11-23,PORT06,CARRIER_11,2,DTP,0,0,CUST_374,1600051,PLANT_15,PORT04,26,89.28767
1400008936.0,2026-03-06,PORT02,CARRIER_04,2,CRF,0,0,CUST_119,1600198,PLANT_01,PORT07,30,146.69204
1400008937.0,2026-11-07,PORT02,CARRIER_05,2,CRF,6,0,CUST_302,1600094,PLANT_01,PORT01,22,55.34334
1400008938.0,2026-05-05,PORT07,CARRIER_05,1,DTP,3,0,CUST_287,1600071,PLANT_14,PORT02,26,34.39074
1400008939.0,2026-12-02,PORT06,CARRIER_05,2,DTD,0,0,CUST_334,1600078,PLANT_02,PORT02,25,46.8685
1400008940.0,2026-03-14,PORT07,CARRIER_03,2,DTP,5,0,CUST_211,1600118,PLANT_14,PORT01,7,32.33979
1400008941.0,2026-04-09,PORT01,CARRIER_01,2,DTP,6,0,CUST_370,1600079,PLANT_01,PORT07,40,128.01108
1400008942.0,2026-05-09,PORT01,CARRIER_04,2,DTP,0,0,CUST_036,1600163,PLANT_18,PORT04,46,199.40227
1400008943.0,2026-12-26,PORT04,CARRIER_09,2,DTP,2,0,CUST_375,1600113,PLANT_15,PORT03,39,142.27276
1400008944.0,2026-09-25,PORT02,CARRIER_12,2,DTP,6,0,CUST_406,1600017,PLANT_02,PORT06,47,227.03861
1400008945.0,2026-10-25,PORT02,CARRIER_03,4,DTD,0,0,CUST_443,1600014,PLANT_04,PORT03,24,61.34465
1400008946.0,2026-07-21,PORT02,CARRIER_05,1,DTD,2,0,CUST_462,1600138,PLANT_02,PORT06,7,33.28175
1400008947.0,2026-10-18,PORT01,CARRIER_03,1,CRF,3,0,CUST_175,1600196,PLANT_03,PORT07,17,75.49466
1400008948.0,2026-08-17,PORT08,CARRIER_11,2,DTD,4,0,CUST_024,1600101,PLANT_03,PORT02,44,186.17117
1400008949.0,2026-09-01,PORT01,CARRIER_05,2,DTP,3,0,CUST_327,1600089,PLANT_19,PORT06,11,51.71713
1400008950.0,2026-11-02,PORT04,CARRIER_02,2,DTP,2,0,CUST_046,1600184,PLANT_13,PORT03,30,80.25403
1400008951.0,2026-12-25,PORT07,CARRIER_10,0,CRF,3,0,CUST_141,1600194,PLANT_13,PORT05,5,18.69931
1400008952.0,2026-07-30,PORT08,CARRIER_02,2,DTP,4,0,CUST_352,1600054,PLANT_08,PORT01,19,53.60176
1400008953.0,2026-06-11,PORT01,CARRIER_11,1,DTP,0,0,CUST_298,1600039,PLANT_09,PORT03,10,39.03679
1400008954.0,2026-08-27,PORT07,CARRIER_07,1,DTP,0,0,CUST_304,1600057,PLANT_11,PORT02,10,38.42387
1400008955.0,2026-09-28,PORT05,CARRIER_07,2,CRF,3,0,CUST_376,1600154,PLANT_17,PORT01,12,45.79417
1400008956.0,2026-12-27,PORT07,CARRIER_06,1,DTP,2,0,CUST_083,1600153,PLANT_13,PORT03,29,63.78262
1400008957.0,2026-09-13,PORT01,CARRIER_12,2,CRF,3,0,CUST_396,1600033,PLANT_05,PORT07,36,144.06518
1400008958.0,2026-12-15,PORT03,CARRIER_03,2,DTP,0,0,CUST_294,1600026,PLANT_04,PORT02,18,79.10636
1400008959.0,2026-09-25,PORT03,CARRIER_06,0,DTP,4,0,CUST_211,1600005,PLANT_13,PORT06,42,135.14128
1400008960.0,2026-12-14,PORT04,CARRIER_01,2,DTD,2,0,CUST_232,1600030,PLANT_13,PORT03,23,53.53939
1400008961.0,2026-10-02,PORT01,CARRIER_08,2,DTP,2,0,CUST_255,1600115,PLANT_03,PORT06,38,162.67483
1400008962.0,2026-11-20,PORT01,CARRIER_08,0,CRF,0,0,CUST_276,1600017,PLANT_18,PORT03,29,113.51779
1400008963.0,2026-03-11,PORT07,CARRIER_12,2,DTP,0,0,CUST_167,1600018,PLANT_11,PORT08,38,91.23954
1400008964.0,2026-12-29,PORT08,CARRIER_08,1,DTD,3,0,CUST_112,1600143,PLANT_06,PORT01,50,147.06792
1400008965.0,2026-05-08,PORT08,CARRIER_07,2,DTP,3,0,CUST_085,1600098,PLANT_03,PORT06,50,173.02719
1400008966.0,2026-10-19,PORT01,CARRIER_09,2,DTD,4,0,CUST_171,1600189,PLANT_01,PORT04,32,111.12882
1400008967.0,2026-05-24,PORT02,CARRIER_06,2,DTD,3,0,CUST_131,1600039,PLANT_04,PORT08,49,79.58002
1400008968.0,2026-06-17,PORT03,CARRIER_12,2,DTP,3,0,CUST_259,1600120,PLANT_04,PORT07,37,56.765
1400008969.0,2026-10-01,PORT03,CARRIER_01,2,DTP,4,0,CUST_457,1600168,PLANT_04,PORT01,17,75.616
1400008970.0,2026-07-17,PORT06,CARRIER_05,1,DTD,0,0,CUST_055,1600160,PLANT_17,PORT08,48,225.18502
1400008971.0,2026-09-19,PORT06,CARRIER_11,2,DTP,3,0,CUST_155,1600038,PLANT_02,PORT05,11,22.77131
1400008972.0,2026-01-29,PORT02,CARRIER_08,2,DTP,3,0,CUST_025,1600131,PLANT_02,PORT03,26,118.96422
1400008973.0,2026-11-01,PORT02,CARRIER_03,2,DTP,0,0,CUST_488,1600131,PLANT_04,PORT08,12,28.8767
1400008974.0,2026-05-30,PORT07,CARRIER_09,2,DTP,3,0,CUST_351,1600103,PLANT_16,PORT01,41,37.69096
1400008975.0,2026-10-15,PORT08,CARRIER_06,2,DTD,6,1,CUST_121,1600089,PLANT_06,PORT01,46,169.79125
1400008976.0,2026-04-15,PORT01,CARRIER_08,2,DTP,2,0,CUST_208,1600076,PLANT_09,PORT07,42,13.64315
1400008977.0,2026-08-06,PORT03,CARRIER_10,1,DTP,3,0,CUST_362,1600058,PLANT_04,PORT06,9,5.92371
1400008978.0,2026-08-03,PORT08,CARRIER_09,2,DTD,3,0,CUST_479,1600036,PLANT_18,PORT05,17,80.08576
1400008979.0,2026-02-21,PORT02,CARRIER_07,1,DTP,3,0,CUST_287,1600061,PLANT_04,PORT01,20,52.72693
1400008980.0,2026-06-23,PORT07,CARRIER_10,2,DTP,2,0,CUST_136,1600008,PLANT_10,PORT01,10,14.05244
1400008981.0,2026-08-20,PORT01,CARRIER_10,1,DTP,0,0,CUST_349,1600163,PLANT_19,PORT04,29,71.16619
1400008982.0,2026-11-02,PORT04,CARRIER_07,1,DTD,0,0,CUST_343,1600186,PLANT_02,PORT06,6,17.59842
1400008983.0,2026-11-20,PORT06,CARRIER_11,2,DTP,4,0,CUST_322,1600108,PLANT_02,PORT04,33,106.61263
1400008984.0,2026-05-21,PORT04,CARRIER_06,1,DTD,2,0,CUST_023,1600189,PLANT_02,PORT05,31,55.99497
1400008985.0,2026-08-23,PORT08,CARRIER_11,2,DTP,3,0,CUST_354,1600080,PLANT_03,PORT05,32,63.94478
1400008986.0,2026-03-05,PORT07,CARRIER_10,1,CRF,0,0,CUST_010,1600081,PLANT_14,PORT01,46,128.51663
1400008987.0,2026-11-23,PORT02,CARRIER_01,2,DTP,0,0,CUST_453,1600053,PLANT_01,PORT08,41,129.99691
1400008988.0,2026-11-13,PORT08,CARRIER_06,2,DTP,3,0,CUST_441,1600168,PLANT_03,PORT06,16,73.83435
1400008989.0,2026-12-31,PORT04,CARRIER_03,2,DTP,3,0,CUST_282,1600000,PLANT_13,PORT08,31,62.68675
1400008990.0,2026-06-27,PORT01,CARRIER_03,2,DTP,3,0,CUST_324,1600055,PLANT_18,PORT02,41,179.82466
1400008991.0,2026-05-12,PORT02,CARRIER_11,4,DTP,3,0,CUST_034,1600016,PLANT_09,PORT05,44,218.53783
1400008992.0,2026-10-04,PORT07,CARRIER_10,0,DTP,3,0,CUST_438,1600063,PLANT_14,PORT08,34,59.87798
1400008993.0,2026-09-22,PORT05,CARRIER_04,2,DTP,0,0,CUST_136,1600125,PLANT_17,PORT08,8,1.86955
1400008994.0,2026-03-19,PORT05,CARRIER_08,1,DTD,0,0,CUST_132,1600081,PLANT_17,PORT07,24,73.47406
1400008995.0,2026-07-17,PORT08,CARRIER_09,1,DTP,1,0,CUST_355,1600042,PLANT_06,PORT01,44,199.22644
1400008996.0,2026-08-23,PORT06,CARRIER_02,1,DTP,3,0,CUST_470,1600178,PLANT_17,PORT03,8,2.89285
1400008997.0,2026-06-16,PORT08,CARRIER_07,2,DTP,0,0,CUST_248,1600156,PLANT_18,PORT01,32,34.1131
1400008998.0,2026-05-16,PORT01,CARRIER_08,1,DTP,3,0,CUST_254,1600032,PLANT_09,PORT06,29,98.98098
1400008999.0,2026-03-29,PORT06,CARRIER_12,2,DTP,0,0,CUST_275,1600040,PLANT_02,PORT01,15,61.00949
1400009000.0,2026-05-31,PORT06,CARRIER_06,2,DTP,3,0,CUST_146,1600018,PLANT_20,PORT04,20,10.49074
1400009001.0,2026-03-31,PORT01,CARRIER_04,2,DTP,3,0,CUST_299,1600153,PLANT_18,PORT06,49,92.23346
1400009002.0,2026-04-20,PORT03,CARRIER_06,2,DTP,6,0,CUST_481,1600133,PLANT_08,PORT01,32,40.6342
1400009003.0,2026-03-09,PORT06,CARRIER_10,1,DTP,5,0,CUST_192,1600185,PLANT_05,PORT05,48,231.73894
1400009004.0,2026-05-18,PORT08,CARRIER_02,2,DTD,6,0,CUST_387,1600124,PLANT_03,PORT04,26,89.54653
1400009005.0,2026-08-19,PORT07,CARRIER_05,2,DTP,3,0,CUST_387,1600050,PLANT_07,PORT05,43,104.51703
1400009006.0,2026-05-18,PORT07,CARRIER_02,2,DTD,6,0,CUST_426,1600086,PLANT_14,PORT03,33,142.74237
1400009007.0,2026-02-21,PORT03,CARRIER_03,2,DTP,0,0,CUST_362,1600100,PLANT_11,PORT05,46,125.78909
1400009008.0,2026-10-20,PORT07,CARRIER_02,2,DTP,3,0,CUST_461,1600184,PLANT_13,PORT03,20,91.31074
1400009009.0,2026-06-07,PORT07,CARRIER_06,2,CRF,3,0,CUST_358,1600126,PLANT_07,PORT04,22,27.94354
1400009010.0,2026-08-02,PORT08,CARRIER_09,2,DTP,3,0,CUST_489,1600030,PLANT_06,PORT06,6,1.40375
1400009011.0,2026-07-11,PORT07,CARRIER_07,2,DTP,0,0,CUST_358,1600183,PLANT_14,PORT02,15,33.01228
1400009012.0,2026-07-04,PORT07,CARRIER_02,2,DTD,3,0,CUST_419,1600014,PLANT_14,PORT05,11,12.11054
1400009013.0,2026-06-09,PORT02,CARRIER_02,2,DTD,6,0,CUST_446,1600156,PLANT_02,PORT07,13,54.53607
1400009014.0,2026-10-03,PORT07,CARRIER_06,2,CRF,3,0,CUST_492,1600165,PLANT_14,PORT03,19,51.51519
1400009015.0,2026-11-09,PORT03,CARRIER_03,1,DTP,0,0,CUST_298,1600162,PLANT_11,PORT06,45,68.15033
1400009016.0,2026-11-26,PORT03,CARRIER_02,2,DTP,0,0,CUST_356,1600056,PLANT_11,PORT06,22,85.59127
1400009017.0,2026-06-11,PORT02,CARRIER_11,2,DTP,0,3,CUST_484,1600052,PLANT_02,PORT01,43,115.31475
1400009018.0,2026-05-05,PORT07,CARRIER_05,1,DTP,4,0,CUST_191,1600088,PLANT_11,PORT01,42,107.67515
1400009019.0,2026-01-31,PORT03,CARRIER_08,1,DTP,3,0,CUST_060,1600190,PLANT_11,PORT02,50,49.2935
1400009020.0,2026-06-11,PORT02,CARRIER_06,2,DTD,0,0,CUST_443,1600123,PLANT_05,PORT08,28,139.34353
1400009021.0,2026-12-29,PORT07,CARRIER_09,1,DTD,5,0,CUST_316,1600025,PLANT_16,PORT05,44,146.4843
1400009022.0,2026-04-05,PORT05,CARRIER_05,1,DTD,3,0,CUST_215,1600044,PLANT_12,PORT07,24,102.92724
1400009023.0,2026-11-05,PORT07,CARRIER_05,2,DTD,4,0,CUST_359,1600009,PLANT_14,PORT08,34,129.97141
1400009024.0,2026-10-04,PORT08,CARRIER_11,2,DTP,4,0,CUST_017,1600022,PLANT_18,PORT03,42,107.70379
1400009025.0,2026-08-29,PORT05,CARRIER_07,1,DTP,3,0,CUST_239,1600191,PLANT_17,PORT08,11,1.62453
1400009026.0,2026-07-26,PORT02,CARRIER_10,2,DTP,6,4,CUST_133,1600025,PLANT_09,PORT08,7,23.56679
1400009027.0,2026-10-04,PORT07,CARRIER_01,1,DTP,5,0,CUST_145,1600110,PLANT_11,PORT06,12,7.12377
1400009028.0,2026-02-05,PORT02,CARRIER_04,1,DTD,0,0,CUST_485,1600105,PLANT_01,PORT05,38,182.82479
1400009029.0,2026-02-16,PORT06,CARRIER_02,1,DTD,2,0,CUST_276,1600176,PLANT_19,PORT08,26,34.35636
1400009030.0,2026-03-13,PORT05,CARRIER_01,2,DTP,6,0,CUST_071,1600091,PLANT_17,PORT08,17,32.29884
1400009031.0,2026-10-07,PORT03,CARRIER_12,2,DTP,3,0,CUST_183,1600082,PLANT_11,PORT04,40,112.10565
1400009032.0,2026-06-07,PORT03,CARRIER_10,0,DTP,3,0,CUST_122,1600014,PLANT_11,PORT04,5,12.81405
1400009033.0,2026-03-17,PORT06,CARRIER_03,2,DTD,5,0,CUST_455,1600121,PLANT_02,PORT05,12,39.7227
1400009034.0,2026-01-17,PORT04,CARRIER_04,1,DTD,3,0,CUST_146,1600110,PLANT_13,PORT07,26,102.41123
1400009035.0,2026-06-28,PORT01,CARRIER_06,1,DTP,3,0,CUST_179,1600001,PLANT_09,PORT04,47,179.1854
1400009036.0,2026-05-26,PORT08,CARRIER_04,1,DTD,1,0,CUST_168,1600191,PLANT_06,PORT01,39,177.43516
1400009037.0,2026-03-06,PORT04,CARRIER_12,2,DTP,5,0,CUST_088,1600098,PLANT_02,PORT06,36,86.49327
1400009038.0,2026-01-09,PORT07,CARRIER_06,2,DTD,4,0,CUST_391,1600142,PLANT_11,PORT04,37,100.5455
1400009039.0,2026-10-03,PORT07,CARRIER_08,2,DTP,5,0,CUST_289,1600114,PLANT_16,PORT01,19,83.27659
1400009040.0,2026-10-12,PORT01,CARRIER_09,0,DTD,4,0,CUST_219,1600084,PLANT_01,PORT05,25,37.08556
1400009041.0,2026-03-31,PORT07,CARRIER_02,2,DTP,0,0,CUST_198,1600136,PLANT_10,PORT01,45,58.7254
1400009042.0,2026-06-30,PORT01,CARRIER_07,3,DTD,3,3,CUST_334,1600010,PLANT_05,PORT05,38,5.4988
1400009043.0,2026-04-03,PORT02,CARRIER_06,1,DTD,2,0,CUST_048,1600050,PLANT_02,PORT04,32,118.99375
1400009044.0,2026-05-30,PORT02,CARRIER_09,2,DTP,1,0,CUST_466,1600018,PLANT_05,PORT03,8,27.75336
1400009045.0,2026-02-09,PORT01,CARRIER_06,2,DTP,4,0,CUST_283,1600123,PLANT_09,PORT02,38,55.32532
1400009046.0,2026-12-12,PORT03,CARRIER_01,2,DTD,0,0,CUST_114,1600196,PLANT_17,PORT05,21,15.4683
1400009047.0,2026-09-21,PORT02,CARRIER_06,2,DTP,3,0,CUST_269,1600115,PLANT_09,PORT08,22,6.78483
1400009048.0,2026-11-25,PORT08,CARRIER_11,1,DTP,5,0,CUST_427,1600141,PLANT_15,PORT06,35,87.16849
1400009049.0,2026-04-18,PORT02,CARRIER_11,2,DTP,4,0,CUST_087,1600122,PLANT_04,PORT08,23,24.10545
1400009050.0,2026-11-15,PORT06,CARRIER_03,2,DTD,1,0,CUST_262,1600174,PLANT_17,PORT05,31,123.61702
1400009051.0,2026-07-09,PORT07,CARRIER_07,2,DTP,0,0,CUST_299,1600055,PLANT_16,PORT06,5,23.77583
1400009052.0,2026-03-14,PORT08,CARRIER_08,1,DTP,3,0,CUST_406,1600180,PLANT_08,PORT02,13,50.78595
1400009053.0,2026-05-02,PORT04,CARRIER_10,2,DTD,3,0,CUST_284,1600042,PLANT_02,PORT05,29,123.91171
1400009054.0,2026-10-24,PORT05,CARRIER_04,2,DTP,5,0,CUST_369,1600088,PLANT_12,PORT06,49,242.78923
1400009055.0,2026-10-10,PORT05,CARRIER_05,2,DTP,3,0,CUST_387,1600196,PLANT_12,PORT01,39,145.46888
1400009056.0,2026-09-20,PORT07,CARRIER_11,2,DTP,1,0,CUST_446,1600053,PLANT_14,PORT05,24,69.11726
1400009057.0,2026-03-24,PORT06,CARRIER_09,2,DTP,3,0,CUST_181,1600161,PLANT_19,PORT02,49,199.3837
1400009058.0,2026-08-25,PORT07,CARRIER_02,2,CRF,3,0,CUST_352,1600125,PLANT_16,PORT05,17,48.66884
1400009059.0,2026-12-10,PORT03,CARRIER_06,1,DTP,4,0,CUST_125,1600007,PLANT_11,PORT04,46,102.0889
1400009060.0,2026-01-18,PORT06,CARRIER_01,2,DTD,0,0,CUST_423,1600027,PLANT_19,PORT05,23,5.96331
1400009061.0,2026-04-28,PORT04,CARRIER_10,2,DTD,3,0,CUST_476,1600006,PLANT_02,PORT07,9,29.25544
1400009062.0,2026-01-30,PORT04,CARRIER_05,4,DTD,3,0,CUST_148,1600144,PLANT_13,PORT06,5,22.48919
1400009063.0,2026-02-07,PORT07,CARRIER_09,0,DTD,3,0,CUST_281,1600119,PLANT_11,PORT05,50,174.82211
1400009064.0,2026-12-31,PORT03,CARRIER_12,2,DTP,3,0,CUST_412,1600189,PLANT_08,PORT04,34,70.73077
1400009065.0,2026-03-29,PORT08,CARRIER_05,2,CRF,3,0,CUST_014,1600026,PLANT_18,PORT01,11,34.35088
1400009066.0,2026-03-07,PORT03,CARRIER_12,2,DTP,3,0,CUST_353,1600175,PLANT_08,PORT08,50,204.17426
1400009067.0,2026-01-27,PORT03,CARRIER_05,2,CRF,0,0,CUST_411,1600145,PLANT_11,PORT04,6,23.06866
1400009068.0,2026-12-25,PORT05,CARRIER_04,2,DTP,0,0,CUST_436,1600197,PLANT_17,PORT01,20,50.13549
1400009069.0,2026-06-21,PORT06,CARRIER_10,2,DTD,0,0,CUST_099,1600181,PLANT_05,PORT07,39,73.01646
1400009070.0,2026-10-16,PORT07,CARRIER_01,2,DTP,1,0,CUST_379,1600099,PLANT_10,PORT02,7,14.31243
1400009071.0,2026-04-02,PORT04,CARRIER_08,2,DTD,3,0,CUST_394,1600067,PLANT_02,PORT03,46,209.24272
1400009072.0,2026-08-22,PORT08,CARRIER_02,2,DTP,0,0,CUST_002,1600083,PLANT_06,PORT01,36,33.56219
1400009073.0,2026-11-20,PORT03,CARRIER_08,2,DTP,0,0,CUST_353,1600029,PLANT_13,PORT04,48,207.7728
1400009074.0,2026-09-02,PORT03,CARRIER_04,2,DTP,6,0,CUST_314,1600089,PLANT_06,PORT04,43,45.44628
1400009075.0,2026-07-08,PORT05,CARRIER_12,0,DTD,3,0,CUST_485,1600065,PLANT_12,PORT06,42,206.06711
1400009076.0,2026-03-18,PORT07,CARRIER_04,2,DTP,4,0,CUST_022,1600080,PLANT_11,PORT08,15,34.45321
1400009077.0,2026-03-27,PORT08,CARRIER_03,2,DTD,3,0,CUST_483,1600135,PLANT_06,PORT02,14,51.71333
1400009078.0,2026-08-06,PORT07,CARRIER_10,2,DTP,0,0,CUST_286,1600043,PLANT_13,PORT06,16,58.78296
1400009079.0,2026-06-14,PORT08,CARRIER_07,2,DTP,3,0,CUST_138,1600115,PLANT_03,PORT07,12,46.62483
1400009080.0,2026-01-17,PORT03,CARRIER_08,2,DTD,3,0,CUST_194,1600119,PLANT_13,PORT05,35,138.88139
1400009081.0,2026-03-13,PORT04,CARRIER_03,2,DTP,0,0,CUST_384,1600047,PLANT_15,PORT02,7,2.04026
1400009082.0,2026-06-07,PORT05,CARRIER_04,2,DTP,0,0,CUST_499,1600063,PLANT_12,PORT02,24,34.54412
1400009083.0,2026-03-07,PORT08,CARRIER_03,2,DTP,1,0,CUST_159,1600056,PLANT_08,PORT05,31,37.99287
1400009084.0,2026-07-22,PORT02,CARRIER_10,1,DTD,1,0,CUST_492,1600156,PLANT_02,PORT01,29,102.1701
1400009085.0,2026-04-20,PORT04,CARRIER_08,1,CRF,1,0,CUST_315,1600093,PLANT_13,PORT06,27,93.1029
1400009086.0,2026-04-17,PORT02,CARRIER_04,0,DTP,1,0,CUST_097,1600123,PLANT_09,PORT04,15,23.33196
1400009087.0,2026-02-09,PORT01,CARRIER_02,2,DTP,3,0,CUST_299,1600046,PLANT_09,PORT02,10,39.88355
1400009088.0,2026-07-03,PORT04,CARRIER_08,2,DTP,1,0,CUST_401,1600108,PLANT_02,PORT01,50,81.34704
1400009089.0,2026-03-10,PORT07,CARRIER_02,2,DTP,4,0,CUST_028,1600086,PLANT_16,PORT02,26,46.28995
1400009090.0,2026-08-19,PORT07,CARRIER_12,1,DTP,0,0,CUST_040,1600026,PLANT_14,PORT03,32,65.73981
1400009091.0,2026-12-09,PORT02,CARRIER_03,2,DTD,3,0,CUST_003,1600007,PLANT_09,PORT06,31,116.20318
1400009092.0,2026-11-29,PORT02,CARRIER_05,1,DTP,4,0,CUST_286,1600061,PLANT_09,PORT08,21,3.31195
1400009093.0,2026-09-01,PORT04,CARRIER_07,2,DTP,3,0,CUST_029,1600032,PLANT_13,PORT08,38,172.58383
1400009094.0,2026-10-22,PORT01,CARRIER_03,1,DTD,2,0,CUST_467,1600002,PLANT_03,PORT06,22,76.80352
1400009095.0,2026-12-03,PORT07,CARRIER_12,2,CRF,2,0,CUST_064,1600142,PLANT_16,PORT08,24,71.38397
1400009096.0,2026-09-06,PORT03,CARRIER_08,2,DTP,2,0,CUST_036,1600006,PLANT_11,PORT01,41,51.77993
1400009097.0,2026-04-04,PORT01,CARRIER_09,2,DTP,0,0,CUST_129,1600192,PLANT_09,PORT05,19,75.03129
1400009098.0,2026-07-02,PORT04,CARRIER_02,2,DTP,3,0,CUST_382,1600126,PLANT_15,PORT01,37,161.93649
1400009099.0,2026-11-09,PORT05,CARRIER_08,4,CRF,3,0,CUST_454,1600033,PLANT_12,PORT04,35,89.51526
1400009100.0,2026-09-01,PORT06,CARRIER_10,2,CRF,3,0,CUST_126,1600024,PLANT_15,PORT03,6,9.19835
1400009101.0,2026-05-13,PORT07,CARRIER_05,2,DTP,6,0,CUST_260,1600165,PLANT_07,PORT06,36,70.72961
1400009102.0,2026-03-03,PORT04,CARRIER_10,2,CRF,5,0,CUST_387,1600148,PLANT_07,PORT02,41,87.72483
1400009103.0,2026-02-22,PORT08,CARRIER_02,2,DTP,1,0,CUST_399,1600108,PLANT_08,PORT07,17,27.18275
1400009104.0,2026-05-18,PORT02,CARRIER_08,2,DTD,3,0,CUST_077,1600181,PLANT_04,PORT05,47,168.71702
1400009105.0,2026-10-21,PORT02,CARRIER_10,2,CRF,0,0,CUST_420,1600068,PLANT_01,PORT05,5,8.88327
1400009106.0,2026-07-21,PORT07,CARRIER_07,2,DTP,4,0,CUST_434,1600109,PLANT_10,PORT08,13,53.61154
1400009107.0,2026-01-22,PORT06,CARRIER_01,2,DTP,3,0,CUST_368,1600173,PLANT_20,PORT08,48,113.86013
1400009108.0,2026-12-02,PORT06,CARRIER_06,2,DTP,3,0,CUST_264,1600049,PLANT_19,PORT07,44,140.00381
1400009109.0,2026-05-28,PORT01,CARRIER_09,0,DTP,3,0,CUST_196,1600072,PLANT_19,PORT05,39,185.05369
1400009110.0,2026-05-23,PORT02,CARRIER_02,2,CRF,3,0,CUST_445,1600000,PLANT_09,PORT06,32,73.14122
1400009111.0,2026-10-27,PORT01,CARRIER_05,2,DTP,1,0,CUST_432,1600065,PLANT_01,PORT04,14,13.08575
1400009112.0,2026-05-18,PORT06,CARRIER_09,1,DTD,3,0,CUST_260,1600128,PLANT_05,PORT01,27,75.45472
1400009113.0,2026-08-14,PORT03,CARRIER_06,1,DTP,5,0,CUST_372,1600132,PLANT_17,PORT08,31,78.54501
1400009114.0,2026-12-03,PORT07,CARRIER_06,2,CRF,3,0,CUST_200,1600117,PLANT_16,PORT02,9,35.41192
1400009115.0,2026-07-09,PORT01,CARRIER_07,1,DTD,0,0,CUST_372,1600119,PLANT_05,PORT08,32,138.07928
1400009116.0,2026-08-13,PORT03,CARRIER_07,2,DTP,3,0,CUST_045,1600046,PLANT_04,PORT05,9,32.32653
1400009117.0,2026-05-10,PORT03,CARRIER_03,2,DTP,3,0,CUST_451,1600146,PLANT_06,PORT06,10,48.60128
1400009118.0,2026-11-22,PORT03,CARRIER_02,2,DTP,3,0,CUST_258,1600032,PLANT_13,PORT04,12,17.02865
1400009119.0,2026-01-28,PORT02,CARRIER_09,2,DTP,0,0,CUST_300,1600103,PLANT_04,PORT08,13,16.53676
1400009120.0,2026-04-11,PORT01,CARRIER_10,1,DTD,3,0,CUST_095,1600051,PLANT_09,PORT06,8,12.21844
1400009121.0,2026-12-28,PORT07,CARRIER_04,0,DTD,0,0,CUST_265,1600183,PLANT_16,PORT06,49,165.98484
1400009122.0,2026-06-26,PORT07,CARRIER_04,2,DTP,3,0,CUST_002,1600101,PLANT_16,PORT02,41,50.81749
1400009123.0,2026-03-05,PORT01,CARRIER_02,2,DTP,3,0,CUST_446,1600038,PLANT_09,PORT05,28,14.93087
1400009124.0,2026-06-01,PORT01,CARRIER_03,2,CRF,4,0,CUST_375,1600040,PLANT_18,PORT03,21,102.70761
1400009125.0,2026-04-04,PORT06,CARRIER_05,2,DTP,5,0,CUST_228,1600131,PLANT_20,PORT07,13,21.34071
1400009126.0,2026-07-11,PORT06,CARRIER_10,2,DTD,4,0,CUST_418,1600162,PLANT_02,PORT03,48,57.10723
1400009127.0,2026-03-28,PORT03,CARRIER_11,2,DTP,4,0,CUST_406,1600147,PLANT_11,PORT05,41,76.17267
1400009128.0,2026-05-26,PORT02,CARRIER_11,2,DTP,0,0,CUST_060,1600070,PLANT_02,PORT04,39,34.17504
1400009129.0,2026-11-28,PORT01,CARRIER_05,2,DTP,3,0,CUST_027,1600129,PLANT_01,PORT03,26,7.15682
1400009130.0,2026-01-31,PORT02,CARRIER_02,1,CRF,3,0,CUST_127,1600198,PLANT_02,PORT06,6,9.57828
1400009131.0,2026-10-06,PORT07,CARRIER_12,2,DTD,4,0,CUST_001,1600000,PLANT_16,PORT01,34,59.68797
1400009132.0,2026-01-29,PORT03,CARRIER_01,2,CRF,4,0,CUST_287,1600057,PLANT_08,PORT05,27,109.99745
1400009133.0,2026-06-16,PORT02,CARRIER_01,2,DTP,0,0,CUST_265,1600034,PLANT_02,PORT06,18,40.22316
1400009134.0,2026-09-01,PORT06,CARRIER_10,1,DTP,1,0,CUST_269,1600168,PLANT_02,PORT04,19,70.49164
1400009135.0,2026-12-15,PORT05,CARRIER_01,1,DTP,4,2,CUST_037,1600121,PLANT_12,PORT04,7,25.93494
1400009136.0,2026-04-02,PORT03,CARRIER_07,2,DTP,0,0,CUST_460,1600163,PLANT_08,PORT08,45,178.47275
1400009137.0,2026-01-20,PORT05,CARRIER_11,1,CRF,0,0,CUST_489,1600068,PLANT_17,PORT04,12,55.20832
1400009138.0,2026-10-02,PORT07,CARRIER_12,2,DTP,6,3,CUST_296,1600150,PLANT_13,PORT06,42,106.81833
1400009139.0,2026-11-23,PORT03,CARRIER_03,2,CRF,6,0,CUST_003,1600027,PLANT_06,PORT07,49,29.85919
1400009140.0,2026-07-26,PORT06,CARRIER_03,1,DTP,2,0,CUST_198,1600095,PLANT_02,PORT01,7,2.02614
1400009141.0,2026-01-23,PORT08,CARRIER_03,2,DTP,0,0,CUST_360,1600154,PLANT_18,PORT07,33,33.52327
1400009142.0,2026-07-02,PORT04,CARRIER_06,2,DTP,3,0,CUST_375,1600040,PLANT_02,PORT03,8,33.3051
1400009143.0,2026-05-23,PORT03,CARRIER_10,1,DTP,0,0,CUST_122,1600194,PLANT_04,PORT07,43,125.31544
1400009144.0,2026-06-14,PORT05,CARRIER_03,1,DTD,0,0,CUST_412,1600131,PLANT_17,PORT02,28,22.02422
1400009145.0,2026-01-20,PORT07,CARRIER_03,2,CRF,0,0,CUST_484,1600104,PLANT_07,PORT06,5,3.74959
1400009146.0,2026-04-26,PORT08,CARRIER_06,2,CRF,4,0,CUST_255,1600067,PLANT_18,PORT05,40,178.73458
1400009147.0,2026-12-31,PORT08,CARRIER_08,2,DTP,3,0,CUST_191,1600111,PLANT_18,PORT03,40,105.92595
1400009148.0,2026-01-17,PORT01,CARRIER_04,1,DTP,0,0,CUST_264,1600032,PLANT_19,PORT07,47,44.28803
1400009149.0,2026-11-30,PORT02,CARRIER_01,2,DTP,3,0,CUST_014,1600131,PLANT_05,PORT04,27,121.33971
1400009150.0,2026-07-08,PORT02,CARRIER_12,2,DTP,0,0,CUST_262,1600114,PLANT_09,PORT05,47,170.68347
1400009151.0,2026-08-02,PORT07,CARRIER_11,2,DTP,5,0,CUST_014,1600049,PLANT_11,PORT03,35,85.43733
1400009152.0,2026-12-07,PORT07,CARRIER_06,2,DTP,0,0,CUST_018,1600110,PLANT_11,PORT06,29,68.9858
1400009153.0,2026-03-21,PORT07,CARRIER_07,1,DTP,0,3,CUST_277,1600143,PLANT_13,PORT02,21,71.31587
1400009154.0,2026-12-26,PORT04,CARRIER_05,2,CRF,3,1,CUST_256,1600124,PLANT_02,PORT01,18,31.63887
1400009155.0,2026-04-12,PORT04,CARRIER_06,2,DTD,0,4,CUST_494,1600166,PLANT_13,PORT08,33,164.98547
1400009156.0,2026-05-08,PORT07,CARRIER_10,2,DTD,0,0,CUST_254,1600165,PLANT_11,PORT08,39,153.82838
1400009157.0,2026-06-14,PORT07,CARRIER_05,2,DTP,5,0,CUST_490,1600176,PLANT_10,PORT04,6,19.44422
1400009158.0,2026-08-08,PORT01,CARRIER_10,2,DTP,5,0,CUST_404,1600023,PLANT_03,PORT03,23,79.77589
1400009159.0,2026-04-28,PORT07,CARRIER_04,2,DTP,5,0,CUST_169,1600109,PLANT_16,PORT02,7,34.86568
1400009160.0,2026-10-17,PORT06,CARRIER_03,1,DTP,3,0,CUST_464,1600047,PLANT_17,PORT01,23,3.51509
1400009161.0,2026-01-08,PORT05,CARRIER_04,2,CRF,0,0,CUST_242,1600151,PLANT_12,PORT02,41,8.68548
1400009162.0,2026-09-01,PORT03,CARRIER_06,1,DTD,6,0,CUST_298,1600083,PLANT_11,PORT07,36,142.07892
1400009163.0,2026-08-28,PORT07,CARRIER_12,1,DTP,3,0,CUST_051,1600089,PLANT_11,PORT04,10,11.26021
1400009164.0,2026-07-15,PORT01,CARRIER_08,2,DTP,3,0,CUST_107,1600078,PLANT_19,PORT08,37,127.9207
1400009165.0,2026-08-12,PORT08,CARRIER_04,2,CRF,3,0,CUST_262,1600071,PLANT_18,PORT03,5,12.83184
1400009166.0,2026-09-30,PORT06,CARRIER_02,2,DTP,3,0,CUST_136,1600117,PLANT_02,PORT01,5,8.30742
1400009167.0,2026-11-27,PORT01,CARRIER_03,2,DTD,3,0,CUST_300,1600125,PLANT_01,PORT08,46,56.74404
1400009168.0,2026-03-21,PORT02,CARRIER_05,2,DTP,4,0,CUST_040,1600054,PLANT_02,PORT04,6,23.43633
1400009169.0,2026-06-24,PORT01,CARRIER_06,1,DTP,5,0,CUST_126,1600140,PLANT_19,PORT05,17,15.94279
1400009170.0,2026-07-25,PORT02,CARRIER_03,2,CRF,4,0,CUST_333,1600010,PLANT_05,PORT03,11,9.65506
1400009171.0,2026-05-06,PORT01,CARRIER_04,3,DTP,5,0,CUST_307,1600116,PLANT_01,PORT07,31,70.22956
1400009172.0,2026-12-22,PORT07,CARRIER_03,2,DTD,3,3,CUST_492,1600071,PLANT_14,PORT08,29,19.84923
1400009173.0,2026-07-06,PORT07,CARRIER_04,2,DTP,2,0,CUST_450,1600048,PLANT_16,PORT02,43,139.46655
1400009174.0,2026-08-05,PORT02,CARRIER_11,1,DTP,3,0,CUST_406,1600116,PLANT_04,PORT05,50,248.03284
1400009175.0,2026-03-13,PORT07,CARRIER_04,2,CRF,3,0,CUST_001,1600022,PLANT_16,PORT06,39,146.82623
1400009176.0,2026-06-01,PORT08,CARRIER_03,2,DTP,0,0,CUST_302,1600174,PLANT_06,PORT05,26,79.45213
1400009177.0,2026-08-17,PORT02,CARRIER_02,3,DTP,3,0,CUST_115,1600109,PLANT_02,PORT05,7,14.2361
1400009178.0,2026-06-06,PORT08,CARRIER_01,2,DTP,3,0,CUST_134,1600086,PLANT_15,PORT01,47,232.23402
1400009179.0,2026-10-09,PORT03,CARRIER_11,1,CRF,3,0,CUST_105,1600127,PLANT_17,PORT02,30,132.35166
1400009180.0,2026-02-19,PORT06,CARRIER_10,2,CRF,3,0,CUST_228,1600161,PLANT_15,PORT05,15,61.81342
1400009181.0,2026-02-26,PORT06,CARRIER_03,2,DTP,5,0,CUST_062,1600196,PLANT_19,PORT08,29,35.58395
1400009182.0,2026-05-04,PORT08,CARRIER_04,0,DTP,0,0,CUST_266,1600020,PLANT_15,PORT02,23,16.22754
1400009183.0,2026-04-27,PORT06,CARRIER_01,1,DTP,4,0,CUST_084,1600011,PLANT_02,PORT03,21,20.41014
1400009184.0,2026-10-25,PORT06,CARRIER_01,2,CRF,0,0,CUST_251,1600174,PLANT_02,PORT04,25,34.18941
1400009185.0,2026-11-13,PORT07,CARRIER_10,2,DTP,3,0,CUST_313,1600026,PLANT_14,PORT06,39,19.51265
1400009186.0,2026-06-22,PORT03,CARRIER_05,2,DTD,4,0,CUST_090,1600091,PLANT_13,PORT01,12,53.43923
1400009187.0,2026-07-04,PORT04,CARRIER_06,2,DTP,5,0,CUST_052,1600018,PLANT_02,PORT07,49,49.36678
1400009188.0,2026-04-18,PORT06,CARRIER_10,2,DTP,2,0,CUST_404,1600020,PLANT_15,PORT04,7,8.47271
1400009189.0,2026-07-14,PORT02,CARRIER_05,3,DTD,4,0,CUST_370,1600006,PLANT_05,PORT03,11,48.97174
1400009190.0,2026-09-15,PORT03,CARRIER_12,1,DTP,5,0,CUST_131,1600041,PLANT_04,PORT01,36,172.61646
1400009191.0,2026-09-21,PORT05,CARRIER_07,1,DTP,0,0,CUST_444,1600051,PLANT_12,PORT02,11,13.054
1400009192.0,2026-12-20,PORT04,CARRIER_03,0,CRF,3,0,CUST_111,1600032,PLANT_02,PORT06,40,61.66008
1400009193.0,2026-07-30,PORT08,CARRIER_07,2,DTD,4,0,CUST_464,1600012,PLANT_03,PORT03,38,152.77916
1400009194.0,2026-05-05,PORT01,CARRIER_04,2,DTP,0,0,CUST_057,1600124,PLANT_03,PORT04,24,116.50303
1400009195.0,2026-01-26,PORT01,CARRIER_05,2,DTP,3,0,CUST_331,1600009,PLANT_05,PORT04,25,82.08532
1400009196.0,2026-09-09,PORT05,CARRIER_09,2,DTP,3,0,CUST_010,1600193,PLANT_12,PORT07,50,113.43325
1400009197.0,2026-10-21,PORT03,CARRIER_11,2,DTP,3,0,CUST_099,1600143,PLANT_17,PORT02,41,139.62303
1400009198.0,2026-07-21,PORT08,CARRIER_07,2,DTP,3,0,CUST_203,1600161,PLANT_06,PORT04,34,133.39523
1400009199.0,2026-12-03,PORT08,CARRIER_11,2,DTP,0,0,CUST_043,1600144,PLANT_15,PORT07,11,7.17215
1400009200.0,2026-04-26,PORT05,CARRIER_05,2,CRF,2,0,CUST_229,1600155,PLANT_12,PORT06,32,71.45478
1400009201.0,2026-01-20,PORT08,CARRIER_05,2,DTP,5,0,CUST_117,1600017,PLANT_08,PORT07,6,25.80468
1400009202.0,2026-08-20,PORT07,CARRIER_11,2,DTP,3,0,CUST_050,1600183,PLANT_16,PORT04,16,56.90529
1400009203.0,2026-02-14,PORT08,CARRIER_03,0,DTP,3,0,CUST_481,1600098,PLANT_03,PORT05,37,31.57928
1400009204.0,2026-01-31,PORT02,CARRIER_02,1,DTP,3,0,CUST_491,1600075,PLANT_02,PORT03,23,87.41253
1400009205.0,2026-09-14,PORT07,CARRIER_06,2,DTD,0,0,CUST_482,1600053,PLANT_14,PORT05,50,168.52307
1400009206.0,2026-06-08,PORT03,CARRIER_02,2,DTP,0,0,CUST_078,1600085,PLANT_17,PORT05,48,67.04539
1400009207.0,2026-08-09,PORT01,CARRIER_02,2,DTP,3,0,CUST_191,1600019,PLANT_01,PORT04,9,16.07053
1400009208.0,2026-09-30,PORT05,CARRIER_08,2,DTD,0,0,CUST_164,1600198,PLANT_12,PORT02,45,73.82663
1400009209.0,2026-05-20,PORT02,CARRIER_04,2,DTP,0,0,CUST_163,1600094,PLANT_01,PORT05,44,218.54438
1400009210.0,2026-08-12,PORT01,CARRIER_02,2,DTP,3,0,CUST_209,1600006,PLANT_19,PORT07,9,9.00211
1400009211.0,2026-07-16,PORT07,CARRIER_05,2,DTP,5,0,CUST_256,1600024,PLANT_14,PORT04,22,91.61097
1400009212.0,2026-07-31,PORT03,CARRIER_11,2,DTP,1,0,CUST_243,1600080,PLANT_11,PORT06,48,129.60545
1400009213.0,2026-09-14,PORT02,CARRIER_05,2,DTP,3,0,CUST_146,1600119,PLANT_05,PORT06,5,22.07278
1400009214.0,2026-05-19,PORT01,CARRIER_04,2,DTP,3,0,CUST_490,1600192,PLANT_09,PORT03,7,34.37784
1400009215.0,2026-07-04,PORT01,CARRIER_03,2,DTP,4,0,CUST_490,1600016,PLANT_18,PORT05,28,134.6606
1400009216.0,2026-08-04,PORT02,CARRIER_04,2,DTP,1,0,CUST_166,1600065,PLANT_04,PORT05,48,205.72032
1400009217.0,2026-02-21,PORT06,CARRIER_07,0,DTP,4,0,CUST_111,1600128,PLANT_02,PORT05,17,36.15057
1400009218.0,2026-03-19,PORT06,CARRIER_05,2,DTP,6,0,CUST_267,1600055,PLANT_19,PORT07,40,57.1693
1400009219.0,2026-02-02,PORT06,CARRIER_08,2,DTP,0,0,CUST_185,1600030,PLANT_20,PORT08,36,59.95934
1400009220.0,2026-03-14,PORT06,CARRIER_06,2,DTP,0,0,CUST_494,1600059,PLANT_02,PORT04,11,36.30414
1400009221.0,2026-06-10,PORT06,CARRIER_08,2,DTP,3,0,CUST_215,1600104,PLANT_20,PORT03,18,31.9521
1400009222.0,2026-12-09,PORT04,CARRIER_11,1,CRF,0,0,CUST_020,1600188,PLANT_13,PORT07,33,73.62149
1400009223.0,2026-12-03,PORT07,CARRIER_10,2,DTP,1,0,CUST_063,1600009,PLANT_14,PORT03,27,13.24912
1400009224.0,2026-10-06,PORT06,CARRIER_12,2,DTP,4,0,CUST_038,1600012,PLANT_20,PORT08,15,58.16935
1400009225.0,2026-07-23,PORT06,CARRIER_01,2,DTD,3,0,CUST_192,1600158,PLANT_19,PORT04,14,9.0468
1400009226.0,2026-03-15,PORT07,CARRIER_04,2,CRF,3,0,CUST_159,1600079,PLANT_13,PORT02,30,52.5429
1400009227.0,2026-05-11,PORT07,CARRIER_02,2,DTP,3,0,CUST_429,1600009,PLANT_16,PORT04,43,128.70444
1400009228.0,2026-10-07,PORT03,CARRIER_09,2,DTP,3,0,CUST_446,1600130,PLANT_13,PORT08,23,62.16341
1400009229.0,2026-11-28,PORT03,CARRIER_06,1,DTP,4,0,CUST_071,1600094,PLANT_04,PORT01,47,210.38797
1400009230.0,2026-12-18,PORT05,CARRIER_01,2,DTP,5,0,CUST_473,1600177,PLANT_12,PORT06,35,116.46502
1400009231.0,2026-05-22,PORT06,CARRIER_06,2,DTP,4,0,CUST_293,1600158,PLANT_20,PORT05,23,91.22535
1400009232.0,2026-06-27,PORT07,CARRIER_07,2,DTP,3,0,CUST_154,1600071,PLANT_14,PORT01,37,58.71475
1400009233.0,2026-07-05,PORT04,CARRIER_03,1,CRF,4,0,CUST_204,1600032,PLANT_13,PORT03,25,18.70152
1400009234.0,2026-01-21,PORT08,CARRIER_04,1,DTP,4,0,CUST_221,1600084,PLANT_06,PORT07,39,145.95036
1400009235.0,2026-02-12,PORT07,CARRIER_04,2,DTP,3,0,CUST_086,1600144,PLANT_13,PORT06,50,42.62685
1400009236.0,2026-01-17,PORT08,CARRIER_07,2,CRF,2,0,CUST_434,1600160,PLANT_08,PORT02,41,171.68399
1400009237.0,2026-09-27,PORT08,CARRIER_02,2,DTP,3,0,CUST_007,1600017,PLANT_15,PORT01,11,51.92864
1400009238.0,2026-03-23,PORT05,CARRIER_06,2,DTD,3,0,CUST_035,1600105,PLANT_12,PORT07,8,11.89077
1400009239.0,2026-09-13,PORT01,CARRIER_07,2,DTP,0,0,CUST_137,1600172,PLANT_01,PORT05,42,160.81484
1400009240.0,2026-05-17,PORT01,CARRIER_07,2,DTP,0,0,CUST_072,1600096,PLANT_01,PORT06,43,96.44718
1400009241.0,2026-10-17,PORT02,CARRIER_06,2,DTP,0,0,CUST_031,1600169,PLANT_09,PORT07,31,48.5177
1400009242.0,2026-02-12,PORT02,CARRIER_09,2,DTD,0,0,CUST_192,1600140,PLANT_01,PORT05,16,35.40164
1400009243.0,2026-04-29,PORT08,CARRIER_09,1,CRF,3,0,CUST_189,1600097,PLANT_08,PORT01,45,147.11219
1400009244.0,2026-03-16,PORT03,CARRIER_06,2,CRF,3,0,CUST_063,1600135,PLANT_04,PORT06,25,123.53836
1400009245.0,2026-06-09,PORT07,CARRIER_08,2,DTD,3,1,CUST_406,1600070,PLANT_11,PORT02,18,28.26386
1400009246.0,2026-07-25,PORT03,CARRIER_02,1,DTD,3,0,CUST_442,1600002,PLANT_06,PORT08,21,74.74155
1400009247.0,2026-03-03,PORT07,CARRIER_04,2,DTP,3,0,CUST_360,1600075,PLANT_16,PORT01,18,31.33554
1400009248.0,2026-09-01,PORT06,CARRIER_03,2,DTP,4,0,CUST_262,1600020,PLANT_15,PORT08,17,22.64113
1400009249.0,2026-12-19,PORT03,CARRIER_10,2,DTP,3,0,CUST_474,1600156,PLANT_04,PORT02,19,60.7245
1400009250.0,2026-01-16,PORT05,CARRIER_05,2,DTP,3,0,CUST_176,1600151,PLANT_12,PORT01,36,137.89121
1400009251.0,2026-02-01,PORT07,CARRIER_02,2,CRF,4,0,CUST_214,1600028,PLANT_10,PORT08,5,18.07596
1400009252.0,2026-12-14,PORT06,CARRIER_08,2,DTP,0,0,CUST_008,1600009,PLANT_15,PORT04,21,99.09207
1400009253.0,2026-08-25,PORT04,CARRIER_08,2,DTP,3,0,CUST_354,1600069,PLANT_02,PORT02,12,7.51331
1400009254.0,2026-12-02,PORT04,CARRIER_11,2,DTP,4,0,CUST_047,1600029,PLANT_13,PORT01,34,93.47457
1400009255.0,2026-09-15,PORT02,CARRIER_08,2,DTP,0,0,CUST_333,1600129,PLANT_04,PORT05,50,76.25673
1400009256.0,2026-09-19,PORT07,CARRIER_12,2,DTP,0,0,CUST_392,1600053,PLANT_14,PORT05,41,168.22668
1400009257.0,2026-02-27,PORT03,CARRIER_03,2,CRF,3,0,CUST_109,1600152,PLANT_08,PORT05,16,6.46288
1400009258.0,2026-07-06,PORT07,CARRIER_06,2,DTD,3,0,CUST_307,1600174,PLANT_10,PORT06,28,26.92023
1400009259.0,2026-05-14,PORT06,CARRIER_03,4,DTP,5,0,CUST_152,1600022,PLANT_02,PORT02,5,19.4147
1400009260.0,2026-11-01,PORT07,CARRIER_06,2,DTP,4,0,CUST_200,1600040,PLANT_10,PORT05,23,42.26808
1400009261.0,2026-01-16,PORT08,CARRIER_02,1,DTP,0,0,CUST_265,1600183,PLANT_03,PORT03,17,58.49395
1400009262.0,2026-01-07,PORT08,CARRIER_05,2,DTP,3,0,CUST_125,1600108,PLANT_15,PORT07,28,139.79498
1400009263.0,2026-07-23,PORT05,CARRIER_08,1,DTP,4,4,CUST_399,1600069,PLANT_17,PORT06,23,54.12499
1400009264.0,2026-12-21,PORT05,CARRIER_04,1,DTP,3,0,CUST_198,1600180,PLANT_17,PORT08,36,97.61842
1400009265.0,2026-12-30,PORT02,CARRIER_05,2,DTP,3,0,CUST_231,1600199,PLANT_04,PORT05,30,146.37323
1400009266.0,2026-08-05,PORT07,CARRIER_07,2,DTP,0,0,CUST_408,1600164,PLANT_14,PORT04,48,180.35175
1400009267.0,2026-06-06,PORT01,CARRIER_12,0,DTP,5,4,CUST_114,1600114,PLANT_09,PORT04,8,8.51287
1400009268.0,2026-04-10,PORT07,CARRIER_03,1,DTP,3,0,CUST_227,1600120,PLANT_16,PORT04,48,193.97141
1400009269.0,2026-12-28,PORT07,CARRIER_08,1,DTP,0,0,CUST_497,1600119,PLANT_13,PORT08,41,107.73595
1400009270.0,2026-03-08,PORT03,CARRIER_12,2,DTP,0,4,CUST_200,1600040,PLANT_04,PORT07,37,146.45007
1400009271.0,2026-02-16,PORT07,CARRIER_01,2,DTD,4,0,CUST_058,1600099,PLANT_10,PORT04,42,127.38211
1400009272.0,2026-07-05,PORT03,CARRIER_05,2,DTP,3,0,CUST_143,1600191,PLANT_11,PORT07,7,8.49747
1400009273.0,2026-05-24,PORT05,CARRIER_05,2,CRF,1,0,CUST_478,1600074,PLANT_12,PORT04,14,57.27056
1400009274.0,2026-06-30,PORT01,CARRIER_12,2,DTP,3,0,CUST_380,1600037,PLANT_09,PORT08,5,0.54965
1400009275.0,2026-11-26,PORT03,CARRIER_01,1,DTD,5,0,CUST_405,1600040,PLANT_13,PORT01,41,182.50527
1400009276.0,2026-04-09,PORT06,CARRIER_12,1,DTP,3,0,CUST_127,1600148,PLANT_19,PORT01,21,86.33489
1400009277.0,2026-11-16,PORT01,CARRIER_08,2,CRF,3,0,CUST_420,1600168,PLANT_18,PORT06,21,101.92741
1400009278.0,2026-03-19,PORT06,CARRIER_01,2,DTP,2,0,CUST_197,1600001,PLANT_20,PORT08,33,9.04645
1400009279.0,2026-04-29,PORT04,CARRIER_12,2,DTD,0,0,CUST_398,1600065,PLANT_15,PORT02,24,53.86582
1400009280.0,2026-01-02,PORT03,CARRIER_10,2,DTP,5,0,CUST_441,1600113,PLANT_17,PORT04,34,31.57731
1400009281.0,2026-09-05,PORT01,CARRIER_09,2,DTD,0,0,CUST_105,1600052,PLANT_19,PORT08,48,92.76234
1400009282.0,2026-11-10,PORT08,CARRIER_04,1,DTD,0,0,CUST_470,1600036,PLANT_18,PORT04,20,37.25956
1400009283.0,2026-11-20,PORT07,CARRIER_04,2,DTD,0,0,CUST_317,1600048,PLANT_13,PORT03,46,139.29026
1400009284.0,2026-03-03,PORT03,CARRIER_10,2,DTP,0,0,CUST_366,1600091,PLANT_08,PORT05,29,65.0588
1400009285.0,2026-10-07,PORT05,CARRIER_03,1,DTP,3,0,CUST_379,1600090,PLANT_12,PORT04,22,106.28879
1400009286.0,2026-02-21,PORT07,CARRIER_06,2,DTP,5,0,CUST_085,1600199,PLANT_14,PORT04,47,68.6713
1400009287.0,2026-08-18,PORT02,CARRIER_11,1,DTP,0,0,CUST_373,1600197,PLANT_09,PORT08,27,58.10069
1400009288.0,2026-09-14,PORT01,CARRIER_12,2,DTP,0,0,CUST_107,1600177,PLANT_19,PORT08,10,35.33209
1400009289.0,2026-02-25,PORT02,CARRIER_02,1,DTD,3,0,CUST_136,1600051,PLANT_01,PORT01,18,26.19112
1400009290.0,2026-02-10,PORT06,CARRIER_10,2,DTP,5,0,CUST_059,1600193,PLANT_19,PORT04,43,156.807
1400009291.0,2026-01-27,PORT07,CARRIER_09,2,DTP,5,0,CUST_091,1600147,PLANT_11,PORT08,28,100.03535
1400009292.0,2026-09-16,PORT02,CARRIER_11,2,DTP,6,0,CUST_490,1600075,PLANT_05,PORT06,30,107.69902
1400009293.0,2026-08-13,PORT07,CARRIER_03,1,DTP,0,0,CUST_165,1600003,PLANT_16,PORT05,36,122.68348
1400009294.0,2026-02-13,PORT04,CARRIER_10,1,CRF,3,0,CUST_194,1600125,PLANT_02,PORT02,13,53.37222
1400009295.0,2026-07-02,PORT06,CARRIER_04,2,DTD,3,0,CUST_240,1600173,PLANT_20,PORT05,9,44.77649
1400009296.0,2026-10-18,PORT08,CARRIER_05,3,DTP,0,0,CUST_357,1600012,PLANT_18,PORT04,25,9.27872
1400009297.0,2026-03-28,PORT08,CARRIER_01,2,DTP,3,0,CUST_287,1600158,PLANT_18,PORT03,47,119.19287
1400009298.0,2026-08-10,PORT01,CARRIER_09,0,DTP,3,0,CUST_269,1600142,PLANT_09,PORT07,10,40.84097
1400009299.0,2026-04-17,PORT04,CARRIER_03,2,DTP,3,0,CUST_419,1600121,PLANT_02,PORT01,38,3.80879
1400009300.0,2026-04-06,PORT06,CARRIER_05,2,DTP,0,0,CUST_248,1600190,PLANT_17,PORT05,50,138.56254
1400009301.0,2026-05-24,PORT01,CARRIER_01,2,DTP,2,0,CUST_385,1600144,PLANT_05,PORT02,9,29.9971
1400009302.0,2026-05-09,PORT06,CARRIER_07,1,DTP,3,0,CUST_456,1600022,PLANT_19,PORT03,11,11.43493
1400009303.0,2026-06-30,PORT04,CARRIER_07,1,DTP,0,0,CUST_339,1600159,PLANT_02,PORT02,44,90.8169
1400009304.0,2026-03-16,PORT01,CARRIER_09,1,DTP,0,0,CUST_018,1600086,PLANT_06,PORT05,9,35.7148
1400009305.0,2026-05-23,PORT06,CARRIER_06,2,DTD,3,0,CUST_132,1600147,PLANT_19,PORT08,39,16.64307
1400009306.0,2026-08-16,PORT07,CARRIER_10,2,CRF,0,0,CUST_309,1600163,PLANT_11,PORT01,41,31.19473
1400009307.0,2026-05-22,PORT06,CARRIER_07,2,DTP,0,3,CUST_240,1600169,PLANT_15,PORT02,19,78.06227
1400009308.0,2026-08-28,PORT04,CARRIER_02,2,DTP,0,0,CUST_143,1600011,PLANT_13,PORT03,18,73.17193
1400009309.0,2026-02-12,PORT08,CARRIER_01,2,DTP,0,0,CUST_168,1600192,PLANT_08,PORT03,28,83.80334
1400009310.0,2026-02-20,PORT01,CARRIER_03,2,DTP,1,0,CUST_040,1600177,PLANT_09,PORT02,28,59.90081
1400009311.0,2026-11-12,PORT07,CARRIER_10,2,DTP,4,0,CUST_118,1600123,PLANT_16,PORT02,44,27.17852
1400009312.0,2026-06-18,PORT01,CARRIER_05,1,DTP,4,0,CUST_392,1600093,PLANT_03,PORT06,32,130.43337
1400009313.0,2026-08-11,PORT07,CARRIER_02,0,DTD,0,0,CUST_006,1600182,PLANT_14,PORT08,49,62.94306
1400009314.0,2026-09-28,PORT08,CARRIER_05,2,DTP,3,0,CUST_419,1600124,PLANT_03,PORT04,16,73.19416
1400009315.0,2026-02-23,PORT06,CARRIER_10,2,DTP,0,0,CUST_170,1600036,PLANT_05,PORT04,17,66.3273
1400009316.0,2026-12-21,PORT03,CARRIER_10,2,DTD,0,0,CUST_404,1600046,PLANT_13,PORT08,16,7.94537
1400009317.0,2026-06-04,PORT06,CARRIER_04,2,DTD,4,0,CUST_129,1600173,PLANT_20,PORT05,34,109.27315
1400009318.0,2026-11-21,PORT08,CARRIER_04,1,DTD,6,4,CUST_415,1600074,PLANT_15,PORT04,6,27.6664
1400009319.0,2026-06-02,PORT07,CARRIER_06,1,CRF,1,0,CUST_286,1600089,PLANT_14,PORT03,44,193.94866
1400009320.0,2026-05-29,PORT02,CARRIER_04,2,DTD,4,0,CUST_426,1600179,PLANT_09,PORT01,40,124.21716
1400009321.0,2026-08-08,PORT08,CARRIER_08,2,DTP,2,0,CUST_032,1600037,PLANT_03,PORT02,50,47.12996
1400009322.0,2026-03-11,PORT08,CARRIER_09,2,DTD,4,0,CUST_399,1600080,PLANT_03,PORT04,49,168.22606
1400009323.0,2026-08-11,PORT05,CARRIER_08,1,DTD,3,0,CUST_136,1600039,PLANT_12,PORT06,8,26.91277
1400009324.0,2026-12-25,PORT03,CARRIER_11,2,DTP,3,0,CUST_180,1600159,PLANT_08,PORT04,39,116.4072
1400009325.0,2026-08-24,PORT06,CARRIER_07,2,DTP,4,0,CUST_023,1600098,PLANT_20,PORT05,28,39.25992
1400009326.0,2026-01-26,PORT03,CARRIER_09,2,DTD,3,0,CUST_478,1600044,PLANT_17,PORT04,38,171.43527
1400009327.0,2026-09-12,PORT08,CARRIER_05,2,DTP,6,0,CUST_321,1600140,PLANT_08,PORT01,45,115.31821
1400009328.0,2026-01-13,PORT04,CARRIER_03,2,DTD,3,0,CUST_491,1600111,PLANT_02,PORT06,31,48.2318
1400009329.0,2026-02-07,PORT05,CARRIER_06,2,DTP,6,0,CUST_285,1600084,PLANT_12,PORT08,5,6.75294
1400009330.0,2026-04-14,PORT06,CARRIER_08,1,DTP,4,0,CUST_080,1600010,PLANT_02,PORT05,44,64.98744
1400009331.0,2026-04-22,PORT03,CARRIER_01,1,DTP,3,0,CUST_169,1600134,PLANT_11,PORT01,25,58.98403
1400009332.0,2026-01-02,PORT03,CARRIER_06,1,CRF,3,0,CUST_220,1600089,PLANT_06,PORT04,26,32.01048
1400009333.0,2026-01-07,PORT08,CARRIER_02,4,CRF,5,0,CUST_074,1600172,PLANT_06,PORT02,31,81.69527
1400009334.0,2026-10-16,PORT02,CARRIER_04,2,CRF,3,0,CUST_466,1600109,PLANT_02,PORT07,46,47.88209
1400009335.0,2026-06-15,PORT07,CARRIER_09,2,DTP,2,0,CUST_479,1600015,PLANT_11,PORT02,29,41.40227
1400009336.0,2026-03-14,PORT03,CARRIER_05,2,DTD,0,2,CUST_282,1600190,PLANT_08,PORT07,14,9.60905
1400009337.0,2026-06-06,PORT02,CARRIER_09,1,DTP,1,0,CUST_293,1600101,PLANT_01,PORT07,38,70.34689
1400009338.0,2026-09-10,PORT07,CARRIER_07,2,DTP,0,0,CUST_352,1600175,PLANT_16,PORT08,34,71.03455
1400009339.0,2026-09-26,PORT04,CARRIER_05,1,DTP,0,0,CUST_340,1600146,PLANT_15,PORT07,8,16.62573
1400009340.0,2026-04-16,PORT05,CARRIER_06,1,DTP,3,1,CUST_032,1600145,PLANT_12,PORT03,29,105.90651
1400009341.0,2026-03-02,PORT01,CARRIER_10,2,DTD,3,0,CUST_266,1600186,PLANT_01,PORT06,41,101.20726
1400009342.0,2026-12-17,PORT07,CARRIER_07,1,DTP,0,0,CUST_389,1600108,PLANT_07,PORT04,45,157.30767
1400009343.0,2026-08-19,PORT03,CARRIER_10,2,DTD,2,0,CUST_404,1600108,PLANT_08,PORT05,18,4.72296
1400009344.0,2026-12-25,PORT03,CARRIER_04,2,CRF,0,3,CUST_299,1600030,PLANT_13,PORT04,29,64.93925
1400009345.0,2026-04-22,PORT06,CARRIER_07,2,DTP,3,0,CUST_449,1600162,PLANT_02,PORT05,42,22.68039
1400009346.0,2026-02-10,PORT01,CARRIER_04,2,DTP,3,0,CUST_294,1600016,PLANT_19,PORT04,31,73.29329
1400009347.0,2026-05-20,PORT08,CARRIER_12,2,DTD,5,0,CUST_192,1600079,PLANT_18,PORT05,24,74.74746
1400009348.0,2026-04-30,PORT03,CARRIER_11,2,DTD,3,0,CUST_222,1600017,PLANT_04,PORT04,13,52.0523
1400009349.0,2026-09-20,PORT01,CARRIER_04,2,DTD,4,0,CUST_346,1600184,PLANT_05,PORT06,6,16.77644
1400009350.0,2026-09-19,PORT08,CARRIER_03,2,DTD,2,0,CUST_444,1600115,PLANT_08,PORT07,36,70.5442
1400009351.0,2026-01-27,PORT07,CARRIER_04,2,DTD,4,0,CUST_115,1600126,PLANT_14,PORT04,49,68.39743
1400009352.0,2026-08-03,PORT02,CARRIER_01,3,DTD,3,0,CUST_147,1600107,PLANT_09,PORT03,32,153.32703
1400009353.0,2026-05-06,PORT03,CARRIER_01,2,DTP,6,0,CUST_326,1600195,PLANT_11,PORT01,40,42.86395
1400009354.0,2026-08-13,PORT02,CARRIER_01,2,CRF,3,0,CUST_382,1600040,PLANT_04,PORT08,36,11.08225
1400009355.0,2026-05-23,PORT02,CARRIER_02,1,DTD,5,0,CUST_200,1600181,PLANT_05,PORT08,20,14.33618
1400009356.0,2026-07-16,PORT01,CARRIER_09,2,DTP,5,0,CUST_322,1600076,PLANT_09,PORT04,29,144.64547
1400009357.0,2026-09-19,PORT04,CARRIER_10,2,DTP,5,0,CUST_004,1600145,PLANT_07,PORT08,17,77.1798
1400009358.0,2026-04-18,PORT04,CARRIER_01,0,CRF,3,0,CUST_146,1600073,PLANT_02,PORT03,15,25.03895
1400009359.0,2026-03-14,PORT06,CARRIER_08,2,DTP,0,0,CUST_478,1600097,PLANT_05,PORT08,32,3.80355
1400009360.0,2026-09-15,PORT03,CARRIER_07,2,DTD,3,0,CUST_289,1600145,PLANT_08,PORT02,34,131.21652
1400009361.0,2026-12-12,PORT03,CARRIER_03,2,DTP,5,3,CUST_435,1600060,PLANT_04,PORT07,50,78.63138
1400009362.0,2026-06-12,PORT05,CARRIER_08,1,DTP,6,3,CUST_109,1600129,PLANT_12,PORT08,15,3.12798
1400009363.0,2026-12-31,PORT01,CARRIER_09,2,DTP,5,0,CUST_146,1600105,PLANT_03,PORT06,18,42.07252
1400009364.0,2026-03-09,PORT07,CARRIER_12,2,DTP,3,0,CUST_488,1600049,PLANT_16,PORT05,12,26.14037
1400009365.0,2026-10-26,PORT02,CARRIER_02,2,DTP,4,0,CUST_499,1600197,PLANT_04,PORT01,48,89.88562
1400009366.0,2026-12-27,PORT03,CARRIER_01,4,DTP,3,0,CUST_439,1600104,PLANT_13,PORT02,40,132.06001
1400009367.0,2026-04-20,PORT03,CARRIER_05,2,DTP,3,0,CUST_159,1600128,PLANT_07,PORT06,20,73.14941
1400009368.0,2026-02-23,PORT07,CARRIER_09,2,DTP,3,4,CUST_401,1600191,PLANT_14,PORT08,49,139.16002
1400009369.0,2026-08-31,PORT04,CARRIER_12,2,DTP,2,0,CUST_230,1600026,PLANT_07,PORT07,37,6.2358
1400009370.0,2026-11-14,PORT06,CARRIER_08,1,DTP,3,0,CUST_422,1600094,PLANT_15,PORT04,26,5.4558
1400009371.0,2026-01-31,PORT07,CARRIER_04,2,DTD,2,0,CUST_426,1600035,PLANT_14,PORT02,22,97.25198
1400009372.0,2026-08-22,PORT06,CARRIER_03,1,DTP,3,0,CUST_218,1600120,PLANT_20,PORT03,31,31.42064
1400009373.0,2026-11-15,PORT03,CARRIER_09,2,DTP,3,0,CUST_153,1600024,PLANT_04,PORT01,8,16.40412
1400009374.0,2026-01-12,PORT07,CARRIER_09,2,DTP,0,0,CUST_488,1600082,PLANT_16,PORT04,12,7.2874
1400009375.0,2026-07-08,PORT01,CARRIER_01,2,DTD,3,0,CUST_226,1600024,PLANT_18,PORT02,48,58.73159
1400009376.0,2026-01-29,PORT04,CARRIER_11,2,CRF,0,0,CUST_216,1600033,PLANT_02,PORT03,14,34.69526
1400009377.0,2026-03-06,PORT02,CARRIER_04,2,CRF,0,0,CUST_333,1600034,PLANT_02,PORT03,12,15.05014
1400009378.0,2026-06-27,PORT02,CARRIER_07,2,DTD,0,0,CUST_469,1600093,PLANT_04,PORT06,44,146.49822
1400009379.0,2026-04-30,PORT07,CARRIER_04,2,DTD,0,0,CUST_066,1600014,PLANT_14,PORT01,48,91.19094
1400009380.0,2026-02-01,PORT07,CARRIER_04,1,DTP,4,6,CUST_493,1600155,PLANT_07,PORT08,42,166.46646
1400009381.0,2026-10-20,PORT07,CARRIER_11,1,DTP,4,6,CUST_212,1600179,PLANT_14,PORT01,9,27.44601
1400009382.0,2026-03-16,PORT06,CARRIER_07,2,DTD,3,2,CUST_013,1600165,PLANT_19,PORT08,43,57.81044
1400009383.0,2026-11-14,PORT02,CARRIER_03,2,DTP,3,0,CUST_155,1600001,PLANT_02,PORT04,17,69.0383
1400009384.0,2026-03-06,PORT05,CARRIER_05,1,DTP,3,0,CUST_232,1600124,PLANT_12,PORT07,5,23.33613
1400009385.0,2026-07-09,PORT05,CARRIER_04,3,DTD,4,0,CUST_339,1600069,PLANT_12,PORT02,47,32.3462
1400009386.0,2026-09-23,PORT01,CARRIER_10,2,DTP,3,0,CUST_284,1600028,PLANT_09,PORT06,17,57.48297
1400009387.0,2026-06-25,PORT02,CARRIER_02,2,DTP,0,0,CUST_068,1600021,PLANT_09,PORT04,35,111.68143
1400009388.0,2026-06-02,PORT03,CARRIER_05,1,CRF,5,0,CUST_245,1600114,PLANT_07,PORT08,8,27.05274
1400009389.0,2026-10-02,PORT07,CARRIER_06,2,DTD,3,0,CUST_117,1600068,PLANT_13,PORT05,13,3.28653
1400009390.0,2026-01-05,PORT06,CARRIER_02,1,DTP,5,0,CUST_135,1600045,PLANT_20,PORT03,45,10.70175
1400009391.0,2026-10-29,PORT07,CARRIER_04,2,DTP,5,4,CUST_356,1600046,PLANT_14,PORT05,32,49.42644
1400009392.0,2026-09-09,PORT04,CARRIER_07,2,CRF,3,0,CUST_402,1600149,PLANT_15,PORT05,50,24.6571
1400009393.0,2026-10-07,PORT03,CARRIER_03,1,DTP,5,0,CUST_079,1600119,PLANT_17,PORT02,13,24.61917
1400009394.0,2026-06-03,PORT08,CARRIER_07,1,DTP,0,0,CUST_302,1600191,PLANT_06,PORT04,45,196.86876
1400009395.0,2026-05-21,PORT01,CARRIER_06,2,CRF,3,0,CUST_212,1600090,PLANT_09,PORT07,45,82.6532
1400009396.0,2026-07-28,PORT02,CARRIER_11,0,DTD,3,0,CUST_169,1600078,PLANT_09,PORT05,47,95.17249
1400009397.0,2026-08-23,PORT07,CARRIER_06,1,DTP,4,0,CUST_357,1600110,PLANT_16,PORT05,7,9.87601
1400009398.0,2026-12-04,PORT03,CARRIER_06,2,DTP,3,0,CUST_125,1600070,PLANT_07,PORT04,9,19.4927
1400009399.0,2026-11-09,PORT08,CARRIER_04,1,DTD,0,1,CUST_383,1600044,PLANT_08,PORT04,29,116.22647
1400009400.0,2026-01-20,PORT01,CARRIER_01,2,DTD,0,0,CUST_201,1600125,PLANT_01,PORT04,10,41.71368
1400009401.0,2026-02-25,PORT07,CARRIER_12,2,DTP,3,0,CUST_048,1600125,PLANT_11,PORT04,7,15.14232
1400009402.0,2026-12-12,PORT08,CARRIER_04,0,DTD,3,0,CUST_397,1600018,PLANT_03,PORT05,42,85.8739
1400009403.0,2026-05-22,PORT01,CARRIER_02,2,DTD,3,0,CUST_426,1600069,PLANT_09,PORT05,36,38.00955
1400009404.0,2026-07-31,PORT06,CARRIER_02,0,DTP,3,0,CUST_282,1600071,PLANT_17,PORT07,43,209.85927
1400009405.0,2026-01-21,PORT03,CARRIER_09,2,DTD,3,0,CUST_362,1600085,PLANT_17,PORT01,48,77.9461
1400009406.0,2026-02-08,PORT03,CARRIER_05,1,DTD,0,0,CUST_074,1600141,PLANT_11,PORT02,11,19.56844
1400009407.0,2026-05-30,PORT01,CARRIER_07,2,DTP,0,0,CUST_170,1600034,PLANT_01,PORT03,43,94.87075
1400009408.0,2026-09-19,PORT06,CARRIER_02,2,DTD,5,0,CUST_175,1600047,PLANT_17,PORT03,7,3.45887
1400009409.0,2026-10-09,PORT08,CARRIER_05,2,DTP,3,0,CUST_382,1600066,PLANT_15,PORT04,22,37.61636
1400009410.0,2026-11-23,PORT07,CARRIER_04,2,DTP,3,0,CUST_177,1600107,PLANT_16,PORT04,18,83.87757
1400009411.0,2026-03-13,PORT02,CARRIER_09,1,DTP,3,0,CUST_365,1600003,PLANT_02,PORT01,15,6.97074
1400009412.0,2026-03-15,PORT07,CARRIER_09,2,DTD,0,0,CUST_154,1600163,PLANT_14,PORT05,38,48.57835
1400009413.0,2026-07-17,PORT04,CARRIER_02,2,CRF,1,0,CUST_301,1600174,PLANT_15,PORT08,10,11.6698
1400009414.0,2026-07-19,PORT02,CARRIER_11,2,DTP,4,0,CUST_105,1600134,PLANT_02,PORT05,42,52.57731
1400009415.0,2026-01-14,PORT06,CARRIER_12,0,DTP,0,0,CUST_280,1600131,PLANT_20,PORT05,45,214.99278
1400009416.0,2026-06-13,PORT05,CARRIER_02,2,DTP,0,0,CUST_041,1600174,PLANT_12,PORT02,35,125.01727
1400009417.0,2026-11-24,PORT03,CARRIER_10,1,DTP,3,0,CUST_368,1600097,PLANT_17,PORT06,8,36.85584
1400009418.0,2026-03-01,PORT04,CARRIER_10,2,DTP,4,0,CUST_015,1600098,PLANT_02,PORT02,32,137.67334
1400009419.0,2026-10-27,PORT02,CARRIER_09,2,DTP,3,0,CUST_500,1600031,PLANT_04,PORT04,33,104.32144
1400009420.0,2026-06-13,PORT08,CARRIER_12,1,CRF,3,0,CUST_420,1600025,PLANT_18,PORT03,22,62.54737
1400009421.0,2026-07-11,PORT06,CARRIER_12,2,CRF,5,0,CUST_290,1600061,PLANT_02,PORT02,21,54.48638
1400009422.0,2026-08-23,PORT04,CARRIER_05,2,DTP,5,3,CUST_455,1600000,PLANT_13,PORT02,26,90.44652
1400009423.0,2026-09-15,PORT07,CARRIER_12,1,DTP,3,0,CUST_405,1600087,PLANT_16,PORT04,50,176.94708
1400009424.0,2026-08-21,PORT08,CARRIER_03,1,DTD,1,0,CUST_072,1600085,PLANT_18,PORT07,5,15.18671
1400009425.0,2026-02-07,PORT07,CARRIER_03,2,DTD,3,0,CUST_373,1600150,PLANT_13,PORT06,28,64.39476
1400009426.0,2026-04-18,PORT06,CARRIER_09,2,DTP,5,0,CUST_189,1600128,PLANT_05,PORT04,19,64.77635
1400009427.0,2026-11-05,PORT06,CARRIER_11,1,CRF,3,0,CUST_428,1600062,PLANT_17,PORT02,30,26.03257
1400009428.0,2026-01-15,PORT05,CARRIER_03,1,DTP,6,0,CUST_432,1600060,PLANT_12,PORT07,5,14.01258
1400009429.0,2026-09-19,PORT04,CARRIER_10,2,DTP,3,0,CUST_478,1600145,PLANT_15,PORT08,47,124.29476
1400009430.0,2026-07-09,PORT03,CARRIER_10,2,DTD,0,0,CUST_226,1600102,PLANT_11,PORT08,26,70.71758
1400009431.0,2026-02-13,PORT07,CARRIER_06,2,DTP,3,0,CUST_097,1600094,PLANT_14,PORT06,49,127.54758
1400009432.0,2026-02-14,PORT03,CARRIER_11,2,DTD,5,0,CUST_063,1600174,PLANT_11,PORT06,12,45.31549
1400009433.0,2026-12-24,PORT07,CARRIER_07,2,CRF,0,0,CUST_083,1600199,PLANT_14,PORT01,31,118.16317
1400009434.0,2026-01-12,PORT06,CARRIER_07,1,CRF,3,0,CUST_496,1600010,PLANT_02,PORT04,36,61.7384
1400009435.0,2026-01-09,PORT01,CARRIER_07,2,DTP,3,0,CUST_294,1600056,PLANT_18,PORT04,41,74.56624
1400009436.0,2026-01-07,PORT05,CARRIER_08,1,DTP,3,0,CUST_176,1600025,PLANT_12,PORT06,5,0.90391
1400009437.0,2026-08-18,PORT01,CARRIER_07,0,DTD,3,0,CUST_225,1600121,PLANT_05,PORT07,34,22.27513
1400009438.0,2026-12-05,PORT02,CARRIER_11,2,DTP,3,0,CUST_087,1600121,PLANT_02,PORT07,11,15.23932
1400009439.0,2026-03-04,PORT06,CARRIER_06,1,DTP,5,0,CUST_286,1600013,PLANT_02,PORT04,24,92.44754
1400009440.0,2026-10-18,PORT02,CARRIER_04,0,DTD,2,0,CUST_213,1600055,PLANT_02,PORT08,7,28.0676
1400009441.0,2026-09-20,PORT03,CARRIER_08,2,DTP,4,3,CUST_400,1600141,PLANT_11,PORT07,7,9.20692
1400009442.0,2026-03-25,PORT02,CARRIER_06,2,DTP,0,0,CUST_011,1600170,PLANT_04,PORT03,40,174.47203
1400009443.0,2026-01-26,PORT07,CARRIER_10,2,DTP,2,0,CUST_466,1600128,PLANT_07,PORT08,38,73.75496
1400009444.0,2026-06-28,PORT03,CARRIER_11,1,CRF,0,0,CUST_031,1600023,PLANT_08,PORT04,46,184.48091
1400009445.0,2026-01-30,PORT06,CARRIER_12,2,DTP,0,0,CUST_209,1600007,PLANT_19,PORT02,37,88.34059
1400009446.0,2026-02-11,PORT07,CARRIER_11,2,CRF,3,0,CUST_171,1600112,PLANT_13,PORT01,32,114.93577
1400009447.0,2026-06-20,PORT01,CARRIER_08,2,DTD,2,0,CUST_359,1600048,PLANT_09,PORT03,10,18.45934
1400009448.0,2026-10-25,PORT06,CARRIER_06,1,DTP,0,0,CUST_330,1600036,PLANT_20,PORT04,40,17.83889
1400009449.0,2026-12-29,PORT04,CARRIER_12,2,DTP,5,0,CUST_099,1600037,PLANT_15,PORT03,15,20.17279
1400009450.0,2026-08-18,PORT07,CARRIER_05,1,DTP,3,4,CUST_246,1600009,PLANT_14,PORT04,9,31.64163
1400009451.0,2026-04-11,PORT04,CARRIER_12,2,DTP,6,0,CUST_268,1600171,PLANT_02,PORT07,38,174.72359
1400009452.0,2026-04-30,PORT05,CARRIER_12,2,DTP,4,0,CUST_232,1600152,PLANT_12,PORT03,32,101.71612
1400009453.0,2026-08-12,PORT05,CARRIER_08,2,DTP,3,0,CUST_011,1600156,PLANT_12,PORT06,11,42.54659
1400009454.0,2026-03-05,PORT07,CARRIER_12,2,DTP,3,0,CUST_090,1600014,PLANT_14,PORT04,30,5.07614
1400009455.0,2026-07-09,PORT05,CARRIER_04,2,CRF,5,0,CUST_252,1600138,PLANT_12,PORT01,36,137.67512
1400009456.0,2026-10-08,PORT05,CARRIER_01,2,CRF,3,0,CUST_131,1600086,PLANT_12,PORT03,27,113.24161
1400009457.0,2026-11-04,PORT07,CARRIER_07,2,DTD,3,0,CUST_273,1600185,PLANT_14,PORT03,38,80.63566
1400009458.0,2026-01-22,PORT01,CARRIER_04,1,DTP,2,0,CUST_082,1600121,PLANT_18,PORT07,28,70.56189
1400009459.0,2026-04-16,PORT01,CARRIER_11,2,DTP,1,0,CUST_368,1600114,PLANT_09,PORT04,21,7.48919
1400009460.0,2026-04-04,PORT01,CARRIER_09,1,DTP,4,0,CUST_095,1600115,PLANT_09,PORT02,15,14.33572
1400009461.0,2026-07-22,PORT01,CARRIER_02,1,DTP,0,0,CUST_325,1600033,PLANT_18,PORT06,16,6.02781
1400009462.0,2026-03-09,PORT07,CARRIER_08,2,DTP,0,0,CUST_419,1600116,PLANT_13,PORT01,42,154.7156
1400009463.0,2026-12-13,PORT07,CARRIER_09,2,DTP,3,0,CUST_180,1600099,PLANT_10,PORT05,22,88.42534
1400009464.0,2026-12-01,PORT01,CARRIER_05,1,DTP,4,2,CUST_070,1600106,PLANT_18,PORT08,37,23.4013
1400009465.0,2026-05-02,PORT01,CARRIER_12,2,CRF,5,0,CUST_003,1600184,PLANT_01,PORT02,21,96.93223
1400009466.0,2026-05-29,PORT07,CARRIER_09,1,DTP,3,0,CUST_181,1600152,PLANT_16,PORT08,29,122.19674
1400009467.0,2026-06-10,PORT03,CARRIER_09,2,DTD,2,0,CUST_058,1600068,PLANT_17,PORT04,32,93.56148
1400009468.0,2026-01-16,PORT03,CARRIER_04,2,DTD,3,0,CUST_441,1600083,PLANT_04,PORT01,26,127.2339
1400009469.0,2026-11-21,PORT06,CARRIER_12,2,DTP,0,0,CUST_487,1600057,PLANT_20,PORT03,39,172.53957
1400009470.0,2026-10-12,PORT03,CARRIER_09,2,DTP,0,0,CUST_491,1600030,PLANT_13,PORT01,47,55.9744
1400009471.0,2026-05-02,PORT03,CARRIER_09,2,DTD,5,0,CUST_462,1600031,PLANT_13,PORT04,44,210.09009
1400009472.0,2026-07-19,PORT01,CARRIER_10,2,DTP,4,0,CUST_294,1600146,PLANT_01,PORT08,47,106.71355
1400009473.0,2026-05-19,PORT07,CARRIER_12,2,DTD,1,0,CUST_163,1600015,PLANT_14,PORT06,6,5.15306
1400009474.0,2026-03-25,PORT08,CARRIER_09,2,DTD,3,0,CUST_224,1600129,PLANT_06,PORT03,39,42.13715
1400009475.0,2026-04-22,PORT03,CARRIER_12,2,DTP,6,0,CUST_130,1600129,PLANT_04,PORT04,38,131.19702
1400009476.0,2026-02-09,PORT03,CARRIER_03,2,DTP,3,0,CUST_421,1600168,PLANT_04,PORT04,23,113.59783
1400009477.0,2026-10-23,PORT08,CARRIER_08,0,DTD,2,0,CUST_219,1600156,PLANT_15,PORT07,19,43.35479
1400009478.0,2026-08-27,PORT07,CARRIER_06,2,DTP,0,0,CUST_193,1600192,PLANT_14,PORT05,7,20.35852
1400009479.0,2026-12-06,PORT06,CARRIER_08,2,DTD,3,0,CUST_345,1600158,PLANT_20,PORT04,43,67.56048
1400009480.0,2026-01-03,PORT05,CARRIER_11,2,DTP,3,0,CUST_187,1600082,PLANT_12,PORT03,43,182.4379
1400009481.0,2026-08-19,PORT07,CARRIER_11,2,DTD,3,0,CUST_179,1600150,PLANT_16,PORT05,8,5.31411
1400009482.0,2026-07-24,PORT01,CARRIER_01,2,DTD,2,0,CUST_114,1600028,PLANT_18,PORT04,31,91.54337
1400009483.0,2026-08-16,PORT07,CARRIER_10,1,DTD,3,0,CUST_034,1600075,PLANT_14,PORT03,30,89.17441
1400009484.0,2026-12-28,PORT03,CARRIER_12,2,DTP,2,0,CUST_019,1600194,PLANT_07,PORT02,12,1.26702
1400009485.0,2026-05-23,PORT02,CARRIER_08,2,DTP,2,0,CUST_202,1600060,PLANT_01,PORT08,30,141.26267
1400009486.0,2026-02-21,PORT02,CARRIER_08,2,DTD,1,0,CUST_498,1600143,PLANT_04,PORT03,42,204.71966
1400009487.0,2026-01-05,PORT01,CARRIER_09,2,DTP,3,0,CUST_131,1600153,PLANT_01,PORT06,20,47.8124
1400009488.0,2026-06-29,PORT01,CARRIER_12,2,CRF,3,0,CUST_321,1600098,PLANT_19,PORT03,38,138.91446
1400009489.0,2026-03-05,PORT05,CARRIER_01,2,DTD,0,0,CUST_163,1600156,PLANT_12,PORT04,49,208.67574
1400009490.0,2026-02-21,PORT07,CARRIER_10,2,DTP,5,0,CUST_152,1600055,PLANT_16,PORT02,25,16.79636
1400009491.0,2026-02-23,PORT04,CARRIER_12,2,DTP,2,0,CUST_082,1600058,PLANT_15,PORT08,9,4.63169
1400009492.0,2026-04-12,PORT07,CARRIER_01,2,DTD,4,0,CUST_282,1600115,PLANT_07,PORT05,18,62.59713
1400009493.0,2026-02-12,PORT05,CARRIER_06,1,DTP,5,0,CUST_330,1600000,PLANT_12,PORT06,11,31.25664
1400009494.0,2026-06-27,PORT03,CARRIER_09,2,DTP,0,0,CUST_176,1600189,PLANT_08,PORT08,21,72.00961
1400009495.0,2026-08-27,PORT06,CARRIER_02,2,DTP,0,0,CUST_264,1600012,PLANT_20,PORT07,34,98.69462
1400009496.0,2026-04-16,PORT05,CARRIER_03,2,DTD,0,4,CUST_239,1600024,PLANT_17,PORT08,14,51.23048
1400009497.0,2026-02-19,PORT07,CARRIER_05,2,DTP,5,0,CUST_136,1600086,PLANT_14,PORT03,28,24.05355
1400009498.0,2026-07-28,PORT07,CARRIER_12,1,DTP,3,0,CUST_346,1600100,PLANT_16,PORT03,50,57.82644
1400009499.0,2026-02-01,PORT06,CARRIER_07,1,DTP,2,0,CUST_277,1600098,PLANT_02,PORT03,17,21.44403
1400009500.0,2026-09-27,PORT07,CARRIER_11,2,DTP,0,0,CUST_033,1600032,PLANT_16,PORT01,45,96.34268
1400009501.0,2026-05-20,PORT01,CARRIER_12,2,DTP,0,0,CUST_247,1600131,PLANT_09,PORT07,18,68.79322
1400009502.0,2026-05-30,PORT01,CARRIER_08,2,DTP,3,0,CUST_195,1600129,PLANT_09,PORT05,33,137.73686
1400009503.0,2026-04-01,PORT06,CARRIER_08,2,DTP,3,0,CUST_398,1600059,PLANT_20,PORT05,12,24.79624
1400009504.0,2026-04-14,PORT01,CARRIER_09,1,DTP,3,0,CUST_154,1600192,PLANT_09,PORT04,17,51.85075
1400009505.0,2026-02-23,PORT07,CARRIER_01,0,DTP,1,0,CUST_478,1600062,PLANT_14,PORT08,44,68.04046
1400009506.0,2026-07-23,PORT03,CARRIER_04,2,DTP,4,0,CUST_308,1600100,PLANT_04,PORT05,32,77.80182
1400009507.0,2026-02-23,PORT03,CARRIER_01,1,DTD,5,0,CUST_066,1600141,PLANT_13,PORT02,31,146.02431
1400009508.0,2026-09-06,PORT08,CARRIER_02,2,DTP,3,3,CUST_202,1600123,PLANT_15,PORT01,28,39.74603
1400009509.0,2026-04-04,PORT01,CARRIER_05,2,DTP,3,0,CUST_442,1600129,PLANT_01,PORT02,16,63.37478
1400009510.0,2026-07-26,PORT04,CARRIER_12,2,DTP,5,0,CUST_128,1600164,PLANT_13,PORT06,47,14.41733
1400009511.0,2026-07-15,PORT01,CARRIER_11,2,CRF,3,0,CUST_353,1600120,PLANT_06,PORT05,23,41.20888
1400009512.0,2026-08-20,PORT04,CARRIER_05,2,DTP,0,0,CUST_392,1600065,PLANT_15,PORT06,5,16.64014
1400009513.0,2026-10-04,PORT06,CARRIER_05,1,DTD,3,0,CUST_347,1600046,PLANT_20,PORT05,46,179.51062
1400009514.0,2026-07-24,PORT02,CARRIER_12,2,DTP,0,0,CUST_046,1600055,PLANT_02,PORT01,7,21.01195
1400009515.0,2026-11-08,PORT02,CARRIER_12,1,DTP,0,0,CUST_188,1600011,PLANT_02,PORT03,45,196.16348
1400009516.0,2026-04-05,PORT03,CARRIER_07,2,DTP,4,0,CUST_175,1600073,PLANT_04,PORT07,17,70.07146
1400009517.0,2026-10-02,PORT05,CARRIER_01,2,DTD,5,0,CUST_172,1600121,PLANT_12,PORT07,8,25.0062
1400009518.0,2026-05-06,PORT01,CARRIER_05,2,DTP,3,0,CUST_440,1600005,PLANT_09,PORT04,15,27.08704
1400009519.0,2026-08-18,PORT01,CARRIER_07,2,DTD,5,0,CUST_003,1600090,PLANT_19,PORT06,35,65.87635
1400009520.0,2026-06-29,PORT08,CARRIER_09,2,DTP,5,0,CUST_270,1600016,PLANT_08,PORT02,30,93.41925
1400009521.0,2026-11-28,PORT02,CARRIER_12,2,DTP,3,0,CUST_492,1600142,PLANT_09,PORT04,12,39.80524
1400009522.0,2026-04-09,PORT02,CARRIER_08,1,DTP,5,0,CUST_438,1600148,PLANT_09,PORT08,18,36.60255
1400009523.0,2026-07-09,PORT08,CARRIER_06,2,DTD,5,3,CUST_304,1600104,PLANT_18,PORT04,14,28.66969
1400009524.0,2026-03-02,PORT02,CARRIER_07,2,DTD,1,0,CUST_499,1600198,PLANT_04,PORT05,35,33.81772
1400009525.0,2026-08-20,PORT01,CARRIER_07,2,DTP,5,0,CUST_202,1600065,PLANT_19,PORT07,44,4.46199
1400009526.0,2026-01-14,PORT03,CARRIER_08,2,DTP,6,0,CUST_306,1600107,PLANT_08,PORT08,16,37.78094
1400009527.0,2026-05-31,PORT07,CARRIER_04,2,CRF,1,0,CUST_272,1600024,PLANT_13,PORT08,46,191.87162
1400009528.0,2026-01-04,PORT06,CARRIER_03,2,DTP,3,0,CUST_024,1600192,PLANT_19,PORT02,23,88.6892
1400009529.0,2026-04-30,PORT03,CARRIER_10,2,DTP,0,0,CUST_021,1600198,PLANT_13,PORT01,8,39.76246
1400009530.0,2026-06-26,PORT07,CARRIER_09,2,DTP,3,0,CUST_449,1600114,PLANT_11,PORT02,19,64.22168
1400009531.0,2026-05-02,PORT02,CARRIER_12,2,DTP,3,1,CUST_087,1600148,PLANT_01,PORT08,45,56.07781
1400009532.0,2026-05-21,PORT07,CARRIER_09,2,CRF,0,0,CUST_178,1600191,PLANT_14,PORT01,42,143.59838
1400009533.0,2026-02-24,PORT02,CARRIER_06,1,DTP,3,0,CUST_312,1600193,PLANT_02,PORT07,38,158.06275
1400009534.0,2026-09-18,PORT01,CARRIER_11,0,DTP,3,0,CUST_288,1600140,PLANT_19,PORT05,23,74.54036
1400009535.0,2026-10-18,PORT07,CARRIER_11,1,DTD,0,0,CUST_258,1600193,PLANT_16,PORT03,40,98.41795
1400009536.0,2026-06-15,PORT06,CARRIER_08,2,DTD,3,0,CUST_490,1600089,PLANT_02,PORT05,37,115.83631
1400009537.0,2026-01-21,PORT02,CARRIER_02,1,DTP,5,0,CUST_394,1600100,PLANT_02,PORT08,41,9.28374
1400009538.0,2026-01-23,PORT03,CARRIER_11,2,DTP,0,0,CUST_471,1600121,PLANT_11,PORT01,30,41.97154
1400009539.0,2026-09-04,PORT06,CARRIER_09,2,DTP,3,0,CUST_330,1600143,PLANT_17,PORT07,28,24.44156
1400009540.0,2026-12-06,PORT04,CARRIER_04,0,DTP,0,0,CUST_490,1600013,PLANT_02,PORT05,49,104.16105
1400009541.0,2026-11-12,PORT06,CARRIER_04,2,DTP,0,0,CUST_301,1600006,PLANT_05,PORT02,48,214.84219
1400009542.0,2026-05-29,PORT05,CARRIER_02,2,DTP,3,0,CUST_271,1600191,PLANT_12,PORT03,29,29.60762
1400009543.0,2026-07-01,PORT01,CARRIER_02,2,DTP,1,0,CUST_408,1600145,PLANT_01,PORT02,14,6.26954
1400009544.0,2026-03-01,PORT06,CARRIER_05,2,DTD,3,0,CUST_435,1600013,PLANT_17,PORT04,23,89.8591
1400009545.0,2026-01-26,PORT02,CARRIER_08,2,DTP,1,0,CUST_035,1600131,PLANT_09,PORT01,28,121.87629
1400009546.0,2026-10-07,PORT07,CARRIER_08,2,DTP,4,0,CUST_456,1600196,PLANT_10,PORT06,36,97.33805
1400009547.0,2026-06-06,PORT03,CARRIER_07,2,DTD,0,0,CUST_346,1600036,PLANT_04,PORT01,19,36.95835
1400009548.0,2026-07-01,PORT06,CARRIER_08,2,DTD,5,0,CUST_449,1600082,PLANT_20,PORT01,7,15.46735
1400009549.0,2026-05-06,PORT08,CARRIER_07,2,DTP,3,0,CUST_358,1600044,PLANT_03,PORT03,42,139.82049
1400009550.0,2026-04-25,PORT01,CARRIER_08,2,DTP,0,0,CUST_464,1600065,PLANT_19,PORT03,48,200.31035
1400009551.0,2026-12-26,PORT06,CARRIER_09,1,DTP,0,0,CUST_138,1600040,PLANT_20,PORT05,8,8.22606
1400009552.0,2026-10-25,PORT03,CARRIER_11,1,DTP,3,0,CUST_094,1600183,PLANT_06,PORT01,19,85.90025
1400009553.0,2026-09-10,PORT08,CARRIER_06,2,DTP,5,0,CUST_098,1600089,PLANT_15,PORT02,24,79.70907
1400009554.0,2026-05-23,PORT08,CARRIER_08,2,DTP,3,0,CUST_127,1600037,PLANT_03,PORT02,39,144.98732
1400009555.0,2026-09-21,PORT03,CARRIER_05,1,DTP,3,6,CUST_107,1600084,PLANT_13,PORT02,40,21.0348
1400009556.0,2026-05-04,PORT08,CARRIER_11,1,DTD,4,0,CUST_221,1600051,PLANT_08,PORT05,20,91.99778
1400009557.0,2026-07-08,PORT02,CARRIER_09,2,DTP,0,0,CUST_100,1600164,PLANT_02,PORT01,19,51.07492
1400009558.0,2026-02-22,PORT01,CARRIER_03,2,DTD,3,0,CUST_080,1600036,PLANT_09,PORT08,23,43.10947
1400009559.0,2026-09-16,PORT07,CARRIER_09,2,DTP,0,0,CUST_262,1600087,PLANT_16,PORT03,16,32.87669
1400009560.0,2026-01-23,PORT06,CARRIER_02,1,DTP,4,0,CUST_397,1600055,PLANT_15,PORT05,25,38.39667
1400009561.0,2026-09-21,PORT01,CARRIER_07,1,DTP,5,0,CUST_068,1600172,PLANT_01,PORT05,17,15.2756
1400009562.0,2026-08-09,PORT02,CARRIER_11,1,DTP,0,0,CUST_256,1600057,PLANT_09,PORT07,7,1.8888
1400009563.0,2026-01-25,PORT05,CARRIER_08,2,DTP,0,0,CUST_330,1600052,PLANT_12,PORT03,37,51.6372
1400009564.0,2026-07-04,PORT06,CARRIER_01,2,CRF,3,0,CUST_353,1600028,PLANT_17,PORT05,41,103.86929
1400009565.0,2026-03-23,PORT03,CARRIER_07,2,DTP,3,0,CUST_053,1600081,PLANT_06,PORT04,18,60.60829
1400009566.0,2026-06-23,PORT03,CARRIER_10,2,DTP,3,0,CUST_367,1600155,PLANT_08,PORT07,23,84.94815
1400009567.0,2026-01-05,PORT05,CARRIER_08,1,DTP,3,0,CUST_014,1600123,PLANT_12,PORT08,23,69.42458
1400009568.0,2026-09-21,PORT08,CARRIER_11,1,DTD,0,0,CUST_119,1600048,PLANT_03,PORT03,6,4.01223
1400009569.0,2026-07-06,PORT01,CARRIER_05,2,DTP,3,0,CUST_160,1600131,PLANT_06,PORT06,30,66.43764
1400009570.0,2026-05-13,PORT01,CARRIER_06,2,DTP,0,0,CUST_427,1600037,PLANT_03,PORT02,26,87.62747
1400009571.0,2026-11-16,PORT06,CARRIER_10,2,DTP,3,0,CUST_096,1600198,PLANT_02,PORT07,48,179.59492
1400009572.0,2026-08-24,PORT08,CARRIER_08,2,DTP,2,0,CUST_392,1600177,PLANT_08,PORT02,22,37.18184
1400009573.0,2026-08-11,PORT02,CARRIER_09,1,DTP,2,0,CUST_495,1600099,PLANT_04,PORT07,41,190.62387
1400009574.0,2026-02-23,PORT07,CARRIER_04,2,DTP,4,0,CUST_480,1600053,PLANT_14,PORT02,22,87.94213
1400009575.0,2026-07-02,PORT06,CARRIER_09,1,DTP,3,0,CUST_152,1600109,PLANT_05,PORT03,13,55.55526
1400009576.0,2026-09-13,PORT08,CARRIER_05,2,DTP,3,6,CUST_048,1600158,PLANT_03,PORT01,21,70.68748
1400009577.0,2026-12-04,PORT06,CARRIER_12,0,CRF,5,0,CUST_112,1600044,PLANT_19,PORT04,45,95.73418
1400009578.0,2026-08-09,PORT06,CARRIER_06,2,DTP,3,0,CUST_385,1600137,PLANT_19,PORT05,16,74.83881
1400009579.0,2026-03-04,PORT03,CARRIER_07,1,DTP,4,3,CUST_099,1600181,PLANT_11,PORT08,43,194.2345
1400009580.0,2026-09-05,PORT02,CARRIER_01,1,DTP,5,0,CUST_323,1600013,PLANT_05,PORT05,35,145.58353
1400009581.0,2026-01-28,PORT06,CARRIER_12,2,DTD,3,0,CUST_187,1600103,PLANT_17,PORT07,39,174.19439
1400009582.0,2026-04-25,PORT06,CARRIER_02,2,DTP,0,0,CUST_384,1600167,PLANT_02,PORT07,39,179.06432
1400009583.0,2026-12-01,PORT05,CARRIER_05,2,DTP,0,0,CUST_303,1600074,PLANT_12,PORT08,28,105.20022
1400009584.0,2026-10-20,PORT06,CARRIER_05,2,CRF,3,0,CUST_293,1600008,PLANT_02,PORT07,32,34.61271
1400009585.0,2026-11-26,PORT03,CARRIER_11,2,DTP,0,0,CUST_391,1600186,PLANT_17,PORT01,8,21.91105
1400009586.0,2026-05-09,PORT03,CARRIER_08,2,CRF,2,4,CUST_478,1600058,PLANT_11,PORT08,37,115.37971
1400009587.0,2026-09-07,PORT03,CARRIER_07,0,DTP,0,0,CUST_183,1600176,PLANT_11,PORT05,37,143.91261
1400009588.0,2026-09-13,PORT01,CARRIER_09,3,DTP,0,0,CUST_265,1600102,PLANT_19,PORT02,9,22.73599
1400009589.0,2026-03-31,PORT07,CARRIER_07,2,DTD,3,0,CUST_313,1600144,PLANT_10,PORT04,28,73.16592
1400009590.0,2026-12-11,PORT07,CARRIER_05,2,DTP,0,0,CUST_412,1600036,PLANT_14,PORT05,28,139.39152
1400009591.0,2026-12-20,PORT06,CARRIER_11,2,DTP,0,0,CUST_242,1600182,PLANT_20,PORT02,19,44.00031
1400009592.0,2026-02-10,PORT04,CARRIER_07,0,DTP,3,0,CUST_188,1600116,PLANT_13,PORT07,8,5.89639
1400009593.0,2026-10-07,PORT07,CARRIER_12,1,DTD,5,0,CUST_424,1600024,PLANT_16,PORT06,5,17.88725
1400009594.0,2026-06-13,PORT01,CARRIER_01,2,DTP,3,0,CUST_477,1600046,PLANT_09,PORT04,14,26.27036
1400009595.0,2026-09-03,PORT01,CARRIER_03,2,DTD,5,0,CUST_285,1600018,PLANT_06,PORT02,15,19.76761
1400009596.0,2026-07-22,PORT03,CARRIER_06,2,DTP,0,0,CUST_052,1600092,PLANT_17,PORT05,14,44.51249
1400009597.0,2026-03-23,PORT07,CARRIER_02,1,DTP,4,0,CUST_145,1600048,PLANT_11,PORT04,32,152.84485
1400009598.0,2026-02-05,PORT01,CARRIER_03,1,DTP,3,0,CUST_232,1600041,PLANT_01,PORT05,24,39.18632
1400009599.0,2026-07-07,PORT02,CARRIER_10,2,CRF,3,0,CUST_352,1600058,PLANT_04,PORT06,10,19.24129
1400009600.0,2026-11-02,PORT03,CARRIER_04,2,DTP,3,0,CUST_335,1600039,PLANT_04,PORT07,8,19.04721
1400009601.0,2026-10-28,PORT05,CARRIER_05,2,CRF,4,0,CUST_411,1600070,PLANT_17,PORT02,35,121.49105
1400009602.0,2026-04-11,PORT07,CARRIER_02,2,DTP,0,0,CUST_015,1600042,PLANT_16,PORT05,47,95.88702
1400009603.0,2026-11-10,PORT02,CARRIER_02,2,DTP,3,0,CUST_233,1600077,PLANT_04,PORT01,42,91.68347
1400009604.0,2026-05-10,PORT02,CARRIER_11,1,DTD,4,0,CUST_351,1600119,PLANT_09,PORT04,39,137.84302
1400009605.0,2026-07-24,PORT04,CARRIER_03,1,DTP,3,0,CUST_494,1600130,PLANT_02,PORT08,19,93.61608
1400009606.0,2026-04-29,PORT08,CARRIER_01,0,DTP,2,0,CUST_072,1600002,PLANT_08,PORT03,37,61.08219
1400009607.0,2026-07-10,PORT02,CARRIER_05,2,DTP,0,0,CUST_440,1600160,PLANT_01,PORT08,8,23.74484
1400009608.0,2026-07-13,PORT07,CARRIER_05,1,DTP,0,0,CUST_004,1600068,PLANT_16,PORT01,12,47.91097
1400009609.0,2026-09-12,PORT07,CARRIER_10,2,DTP,3,0,CUST_099,1600017,PLANT_16,PORT01,11,12.5337
1400009610.0,2026-06-22,PORT03,CARRIER_04,2,DTP,3,0,CUST_424,1600189,PLANT_11,PORT05,13,53.42693
1400009611.0,2026-07-12,PORT04,CARRIER_01,2,DTP,0,0,CUST_394,1600170,PLANT_02,PORT08,21,38.62236
1400009612.0,2026-08-26,PORT08,CARRIER_12,1,DTD,4,0,CUST_487,1600050,PLANT_06,PORT02,7,4.50809
1400009613.0,2026-06-02,PORT06,CARRIER_07,0,DTP,3,0,CUST_301,1600113,PLANT_02,PORT02,42,9.32498
1400009614.0,2026-07-11,PORT03,CARRIER_05,3,CRF,0,0,CUST_308,1600087,PLANT_08,PORT06,37,9.69864
1400009615.0,2026-02-01,PORT07,CARRIER_01,2,DTP,0,0,CUST_268,1600015,PLANT_14,PORT04,34,136.28722
1400009616.0,2026-11-14,PORT07,CARRIER_03,2,DTP,5,0,CUST_256,1600160,PLANT_13,PORT02,13,44.29359
1400009617.0,2026-02-16,PORT06,CARRIER_09,2,DTP,5,0,CUST_257,1600184,PLANT_15,PORT02,44,175.47647
1400009618.0,2026-11-15,PORT02,CARRIER_11,4,DTP,6,0,CUST_147,1600138,PLANT_02,PORT08,5,18.94722
1400009619.0,2026-10-05,PORT08,CARRIER_12,2,DTP,3,0,CUST_427,1600114,PLANT_15,PORT06,50,98.33896
1400009620.0,2026-12-12,PORT01,CARRIER_08,2,DTP,5,0,CUST_179,1600081,PLANT_06,PORT08,38,177.52805
1400009621.0,2026-01-10,PORT01,CARRIER_05,2,DTP,0,0,CUST_306,1600104,PLANT_18,PORT06,14,61.62707
1400009622.0,2026-03-21,PORT03,CARRIER_05,2,DTP,0,0,CUST_335,1600108,PLANT_11,PORT05,14,25.29692
1400009623.0,2026-01-20,PORT02,CARRIER_12,2,DTD,0,0,CUST_269,1600085,PLANT_02,PORT04,36,139.94679
1400009624.0,2026-06-02,PORT07,CARRIER_05,2,DTD,3,0,CUST_306,1600027,PLANT_14,PORT08,42,172.88565
1400009625.0,2026-11-27,PORT05,CARRIER_11,2,DTP,0,0,CUST_025,1600149,PLANT_17,PORT08,26,64.83036
1400009626.0,2026-10-07,PORT01,CARRIER_11,2,DTP,3,0,CUST_158,1600180,PLANT_09,PORT02,7,4.83037
1400009627.0,2026-09-14,PORT02,CARRIER_05,2,DTD,0,0,CUST_225,1600002,PLANT_02,PORT03,27,46.89572
1400009628.0,2026-11-06,PORT06,CARRIER_06,2,DTP,3,0,CUST_198,1600091,PLANT_19,PORT04,27,133.51973
1400009629.0,2026-01-02,PORT02,CARRIER_03,2,DTP,5,0,CUST_455,1600099,PLANT_02,PORT01,19,68.55358
1400009630.0,2026-10-15,PORT07,CARRIER_08,1,DTP,3,0,CUST_449,1600099,PLANT_10,PORT01,46,179.21983
1400009631.0,2026-04-24,PORT07,CARRIER_04,2,CRF,3,0,CUST_356,1600138,PLANT_10,PORT05,20,91.36858
1400009632.0,2026-09-10,PORT01,CARRIER_03,3,DTP,0,0,CUST_177,1600184,PLANT_05,PORT04,16,17.49661
1400009633.0,2026-10-06,PORT06,CARRIER_11,2,DTP,0,0,CUST_026,1600063,PLANT_20,PORT01,36,174.42647
1400009634.0,2026-09-08,PORT01,CARRIER_07,1,DTD,3,0,CUST_378,1600113,PLANT_03,PORT03,33,87.08356
1400009635.0,2026-06-02,PORT07,CARRIER_06,2,DTD,1,0,CUST_442,1600032,PLANT_10,PORT02,33,123.71452
1400009636.0,2026-08-12,PORT07,CARRIER_02,0,DTP,4,0,CUST_245,1600138,PLANT_11,PORT06,28,46.45846
1400009637.0,2026-06-21,PORT04,CARRIER_06,2,DTP,5,0,CUST_414,1600142,PLANT_15,PORT03,19,32.56778
1400009638.0,2026-08-18,PORT04,CARRIER_01,2,DTD,0,0,CUST_466,1600136,PLANT_02,PORT06,16,29.79262
1400009639.0,2026-06-17,PORT03,CARRIER_02,2,DTP,0,0,CUST_274,1600069,PLANT_17,PORT07,10,18.05489
1400009640.0,2026-05-24,PORT04,CARRIER_02,2,DTP,0,0,CUST_105,1600110,PLANT_13,PORT02,13,5.28145
1400009641.0,2026-03-15,PORT08,CARRIER_03,2,DTD,4,0,CUST_012,1600112,PLANT_18,PORT01,31,50.12434
1400009642.0,2026-05-22,PORT06,CARRIER_12,2,DTD,0,0,CUST_379,1600006,PLANT_17,PORT08,23,75.25981
1400009643.0,2026-09-21,PORT07,CARRIER_12,2,DTP,3,0,CUST_282,1600075,PLANT_16,PORT03,39,176.26703
1400009644.0,2026-11-14,PORT02,CARRIER_07,1,DTP,3,0,CUST_077,1600108,PLANT_09,PORT06,41,12.47057
1400009645.0,2026-02-07,PORT03,CARRIER_11,0,DTP,3,0,CUST_028,1600093,PLANT_04,PORT02,30,5.44437
1400009646.0,2026-03-08,PORT04,CARRIER_06,2,DTD,3,0,CUST_485,1600014,PLANT_07,PORT03,9,27.0248
1400009647.0,2026-07-05,PORT08,CARRIER_04,1,CRF,2,0,CUST_161,1600095,PLANT_18,PORT04,5,17.64202
1400009648.0,2026-09-14,PORT03,CARRIER_09,2,DTP,4,6,CUST_164,1600060,PLANT_04,PORT08,15,46.20553
1400009649.0,2026-03-04,PORT05,CARRIER_09,2,CRF,0,3,CUST_315,1600077,PLANT_12,PORT03,17,82.75451
1400009650.0,2026-04-29,PORT08,CARRIER_05,0,DTP,3,0,CUST_183,1600053,PLANT_08,PORT03,8,9.77164
1400009651.0,2026-01-17,PORT08,CARRIER_09,1,DTP,5,0,CUST_457,1600047,PLANT_15,PORT02,40,98.32398
1400009652.0,2026-01-20,PORT07,CARRIER_08,1,DTP,0,0,CUST_341,1600041,PLANT_16,PORT03,21,96.34632
1400009653.0,2026-02-22,PORT08,CARRIER_06,1,CRF,3,0,CUST_179,1600140,PLANT_06,PORT07,39,121.90373
1400009654.0,2026-09-24,PORT01,CARRIER_11,2,DTP,3,0,CUST_134,1600057,PLANT_18,PORT07,14,40.99057
1400009655.0,2026-11-14,PORT03,CARRIER_09,2,CRF,0,0,CUST_431,1600059,PLANT_04,PORT07,5,23.35462
1400009656.0,2026-07-02,PORT03,CARRIER_02,2,DTD,3,0,CUST_296,1600183,PLANT_06,PORT07,11,19.36686
1400009657.0,2026-03-06,PORT06,CARRIER_11,2,DTD,1,0,CUST_460,1600054,PLANT_02,PORT07,26,22.6242
1400009658.0,2026-12-03,PORT04,CARRIER_12,2,DTP,4,0,CUST_173,1600051,PLANT_07,PORT03,27,19.79725
1400009659.0,2026-04-12,PORT02,CARRIER_10,2,DTP,3,0,CUST_011,1600150,PLANT_02,PORT04,25,103.17936
1400009660.0,2026-02-26,PORT07,CARRIER_06,2,DTP,3,0,CUST_450,1600021,PLANT_14,PORT05,49,210.65331
1400009661.0,2026-02-20,PORT07,CARRIER_07,2,DTP,3,0,CUST_120,1600154,PLANT_13,PORT04,35,43.61014
1400009662.0,2026-05-09,PORT06,CARRIER_02,1,DTP,3,0,CUST_423,1600104,PLANT_20,PORT03,38,88.90668
1400009663.0,2026-09-26,PORT07,CARRIER_08,1,DTP,0,0,CUST_355,1600178,PLANT_07,PORT08,10,29.65774
1400009664.0,2026-05-25,PORT04,CARRIER_05,2,DTP,0,0,CUST_116,1600104,PLANT_15,PORT06,26,20.31294
1400009665.0,2026-06-12,PORT04,CARRIER_11,2,DTP,0,0,CUST_379,1600084,PLANT_13,PORT02,33,140.55268
1400009666.0,2026-05-05,PORT03,CARRIER_06,2,DTP,5,0,CUST_041,1600175,PLANT_13,PORT07,31,66.72761
1400009667.0,2026-12-11,PORT01,CARRIER_09,2,DTP,3,3,CUST_197,1600168,PLANT_05,PORT02,48,207.88903
1400009668.0,2026-09-07,PORT07,CARRIER_08,0,DTP,0,0,CUST_179,1600130,PLANT_16,PORT06,26,99.43377
1400009669.0,2026-08-31,PORT07,CARRIER_12,2,DTP,3,0,CUST_329,1600109,PLANT_10,PORT05,22,33.99607
1400009670.0,2026-06-09,PORT07,CARRIER_11,1,DTP,3,0,CUST_268,1600075,PLANT_14,PORT05,48,173.33826
1400009671.0,2026-07-13,PORT03,CARRIER_11,2,DTP,3,0,CUST_307,1600077,PLANT_04,PORT08,20,74.58909
1400009672.0,2026-11-20,PORT05,CARRIER_04,2,DTP,3,0,CUST_239,1600060,PLANT_12,PORT02,31,50.38086
1400009673.0,2026-08-28,PORT03,CARRIER_01,2,DTD,1,0,CUST_370,1600143,PLANT_04,PORT08,6,8.05983
1400009674.0,2026-10-25,PORT07,CARRIER_07,2,DTD,1,0,CUST_081,1600182,PLANT_14,PORT04,12,49.61755
1400009675.0,2026-01-15,PORT01,CARRIER_09,1,DTP,4,0,CUST_360,1600114,PLANT_19,PORT08,7,23.9531
1400009676.0,2026-11-10,PORT07,CARRIER_09,2,DTP,3,0,CUST_026,1600109,PLANT_10,PORT05,24,89.37381
1400009677.0,2026-12-13,PORT07,CARRIER_02,2,DTP,3,0,CUST_043,1600016,PLANT_16,PORT01,47,76.79662
1400009678.0,2026-09-01,PORT02,CARRIER_11,2,DTP,0,0,CUST_362,1600065,PLANT_01,PORT08,8,29.11001
1400009679.0,2026-12-16,PORT01,CARRIER_11,2,DTD,6,0,CUST_080,1600034,PLANT_19,PORT06,49,176.40501
1400009680.0,2026-07-27,PORT06,CARRIER_12,2,DTP,0,0,CUST_386,1600072,PLANT_19,PORT02,44,76.25408
1400009681.0,2026-04-11,PORT07,CARRIER_02,2,CRF,3,0,CUST_067,1600018,PLANT_16,PORT05,5,7.12627
1400009682.0,2026-08-10,PORT02,CARRIER_07,2,CRF,3,0,CUST_074,1600175,PLANT_02,PORT08,5,11.06917
1400009683.0,2026-08-18,PORT02,CARRIER_04,1,DTP,1,0,CUST_467,1600018,PLANT_02,PORT04,46,171.19138
1400009684.0,2026-02-22,PORT03,CARRIER_09,2,DTD,0,0,CUST_089,1600170,PLANT_17,PORT08,31,32.50594
1400009685.0,2026-03-15,PORT01,CARRIER_04,2,DTP,3,0,CUST_457,1600099,PLANT_18,PORT04,13,56.99051
1400009686.0,2026-04-17,PORT07,CARRIER_12,2,DTP,3,0,CUST_175,1600142,PLANT_11,PORT04,48,64.84092
1400009687.0,2026-07-19,PORT03,CARRIER_12,2,DTP,6,0,CUST_399,1600182,PLANT_11,PORT04,30,126.42615
1400009688.0,2026-02-24,PORT07,CARRIER_11,1,DTP,3,0,CUST_470,1600052,PLANT_16,PORT04,34,29.35787
1400009689.0,2026-10-09,PORT04,CARRIER_12,1,CRF,5,0,CUST_059,1600055,PLANT_15,PORT02,36,134.03734
1400009690.0,2026-02-09,PORT01,CARRIER_07,2,CRF,3,0,CUST_166,1600117,PLANT_18,PORT03,14,39.91169
1400009691.0,2026-12-10,PORT06,CARRIER_07,1,DTP,3,0,CUST_288,1600185,PLANT_19,PORT05,21,70.16413
1400009692.0,2026-09-04,PORT02,CARRIER_06,1,DTD,5,0,CUST_433,1600197,PLANT_01,PORT05,10,48.73269
1400009693.0,2026-05-04,PORT01,CARRIER_07,2,CRF,4,0,CUST_094,1600000,PLANT_03,PORT02,29,10.36847
1400009694.0,2026-05-16,PORT07,CARRIER_08,2,DTD,0,0,CUST_094,1600183,PLANT_14,PORT08,50,41.53611
1400009695.0,2026-09-11,PORT07,CARRIER_07,0,DTD,3,0,CUST_185,1600062,PLANT_14,PORT03,33,16.08801
1400009696.0,2026-02-02,PORT07,CARRIER_03,0,DTP,0,0,CUST_103,1600014,PLANT_14,PORT03,36,95.26396
1400009697.0,2026-09-19,PORT03,CARRIER_08,1,DTD,5,0,CUST_134,1600010,PLANT_04,PORT01,13,52.43882
1400009698.0,2026-07-21,PORT04,CARRIER_05,0,DTP,3,0,CUST_065,1600124,PLANT_07,PORT06,29,10.6906
1400009699.0,2026-03-22,PORT01,CARRIER_01,2,DTP,3,0,CUST_415,1600168,PLANT_03,PORT04,50,195.95464
1400009700.0,2026-11-24,PORT06,CARRIER_12,2,DTP,6,0,CUST_399,1600047,PLANT_20,PORT02,9,19.99776
1400009701.0,2026-08-18,PORT07,CARRIER_04,2,CRF,2,0,CUST_073,1600094,PLANT_16,PORT05,14,65.98201
1400009702.0,2026-03-01,PORT02,CARRIER_07,2,DTP,3,0,CUST_269,1600145,PLANT_09,PORT08,38,75.05802
1400009703.0,2026-08-28,PORT08,CARRIER_08,4,DTP,3,0,CUST_324,1600026,PLANT_18,PORT06,5,24.62265
1400009704.0,2026-05-31,PORT05,CARRIER_03,2,DTP,0,0,CUST_314,1600023,PLANT_17,PORT03,14,39.57738
1400009705.0,2026-10-06,PORT07,CARRIER_03,2,DTP,0,0,CUST_492,1600112,PLANT_13,PORT04,48,237.6464
1400009706.0,2026-06-29,PORT02,CARRIER_06,2,CRF,3,0,CUST_321,1600132,PLANT_05,PORT06,5,15.98121
1400009707.0,2026-12-31,PORT04,CARRIER_08,2,DTP,0,0,CUST_344,1600020,PLANT_13,PORT01,24,43.12909
1400009708.0,2026-12-05,PORT06,CARRIER_12,2,DTP,5,0,CUST_017,1600051,PLANT_17,PORT05,20,80.73405
1400009709.0,2026-01-15,PORT01,CARRIER_11,2,CRF,2,0,CUST_040,1600169,PLANT_09,PORT04,23,57.18041
1400009710.0,2026-05-31,PORT07,CARRIER_12,2,DTD,2,0,CUST_310,1600045,PLANT_16,PORT03,16,25.81055
1400009711.0,2026-03-15,PORT03,CARRIER_10,2,CRF,0,0,CUST_454,1600055,PLANT_04,PORT02,17,41.54534
1400009712.0,2026-06-14,PORT06,CARRIER_10,2,DTD,3,0,CUST_200,1600046,PLANT_19,PORT03,39,170.5225
1400009713.0,2026-02-22,PORT04,CARRIER_07,2,DTP,3,0,CUST_322,1600013,PLANT_02,PORT03,6,22.12984
1400009714.0,2026-07-15,PORT08,CARRIER_05,2,DTD,6,0,CUST_106,1600095,PLANT_03,PORT06,10,9.51467
1400009715.0,2026-02-26,PORT06,CARRIER_04,1,DTP,0,0,CUST_229,1600073,PLANT_20,PORT08,17,71.5552
1400009716.0,2026-08-16,PORT05,CARRIER_09,2,DTP,0,0,CUST_376,1600066,PLANT_12,PORT08,43,95.19989
1400009717.0,2026-06-15,PORT02,CARRIER_05,2,DTP,0,0,CUST_330,1600064,PLANT_04,PORT07,23,11.63928
1400009718.0,2026-12-29,PORT01,CARRIER_12,1,DTD,3,0,CUST_058,1600128,PLANT_18,PORT06,6,4.92686
1400009719.0,2026-11-17,PORT05,CARRIER_02,2,DTP,0,0,CUST_440,1600198,PLANT_12,PORT06,28,11.87766
1400009720.0,2026-08-08,PORT06,CARRIER_07,2,DTD,0,0,CUST_464,1600016,PLANT_17,PORT05,33,112.70425
1400009721.0,2026-06-13,PORT01,CARRIER_02,0,DTD,3,0,CUST_239,1600135,PLANT_05,PORT06,26,35.41375
1400009722.0,2026-09-19,PORT06,CARRIER_05,2,DTP,4,0,CUST_171,1600103,PLANT_17,PORT07,9,5.14899
1400009723.0,2026-09-01,PORT08,CARRIER_12,2,DTP,2,4,CUST_266,1600134,PLANT_15,PORT04,45,85.13016
1400009724.0,2026-02-20,PORT02,CARRIER_03,2,DTP,3,0,CUST_401,1600118,PLANT_02,PORT04,44,191.3179
1400009725.0,2026-05-18,PORT08,CARRIER_12,2,DTP,3,0,CUST_227,1600137,PLANT_03,PORT04,46,146.3153
1400009726.0,2026-12-29,PORT08,CARRIER_12,2,DTP,0,0,CUST_016,1600109,PLANT_06,PORT05,49,121.64321
1400009727.0,2026-04-27,PORT02,CARRIER_08,2,DTP,3,0,CUST_037,1600073,PLANT_04,PORT01,19,70.16042
1400009728.0,2026-01-05,PORT04,CARRIER_12,1,DTP,1,0,CUST_406,1600128,PLANT_07,PORT08,24,11.32526
1400009729.0,2026-11-01,PORT02,CARRIER_08,2,DTP,3,0,CUST_394,1600005,PLANT_09,PORT05,49,216.85349
1400009730.0,2026-12-07,PORT02,CARRIER_11,2,DTP,3,0,CUST_387,1600025,PLANT_01,PORT07,25,24.27268
1400009731.0,2026-08-28,PORT06,CARRIER_04,2,CRF,3,0,CUST_064,1600058,PLANT_15,PORT02,44,9.00988
1400009732.0,2026-08-20,PORT02,CARRIER_04,2,DTP,3,0,CUST_086,1600054,PLANT_09,PORT01,34,63.76924
1400009733.0,2026-05-09,PORT07,CARRIER_05,1,CRF,4,0,CUST_198,1600024,PLANT_14,PORT05,47,18.16042
1400009734.0,2026-05-12,PORT01,CARRIER_11,2,DTP,2,0,CUST_116,1600137,PLANT_19,PORT08,5,4.59343
1400009735.0,2026-11-30,PORT01,CARRIER_03,1,DTP,3,0,CUST_194,1600129,PLANT_09,PORT08,37,137.68045
1400009736.0,2026-11-10,PORT01,CARRIER_12,1,DTD,5,0,CUST_280,1600072,PLANT_19,PORT08,41,85.41088
1400009737.0,2026-07-01,PORT06,CARRIER_12,2,DTP,3,0,CUST_141,1600196,PLANT_19,PORT04,14,1.87326
1400009738.0,2026-04-25,PORT02,CARRIER_07,2,DTP,3,0,CUST_062,1600040,PLANT_04,PORT06,38,123.6676
1400009739.0,2026-03-10,PORT06,CARRIER_10,2,DTP,3,0,CUST_202,1600041,PLANT_02,PORT02,13,46.34298
1400009740.0,2026-01-04,PORT07,CARRIER_01,2,DTP,5,0,CUST_362,1600052,PLANT_16,PORT02,46,207.90257
1400009741.0,2026-06-26,PORT01,CARRIER_04,1,DTP,3,0,CUST_310,1600083,PLANT_01,PORT08,46,39.44743
1400009742.0,2026-07-22,PORT08,CARRIER_05,2,DTP,3,0,CUST_161,1600014,PLANT_15,PORT02,5,21.50056
1400009743.0,2026-09-04,PORT08,CARRIER_05,2,DTD,4,0,CUST_156,1600082,PLANT_06,PORT05,28,100.03473
1400009744.0,2026-10-21,PORT03,CARRIER_02,2,DTD,6,0,CUST_292,1600060,PLANT_06,PORT02,22,62.95854
1400009745.0,2026-05-14,PORT03,CARRIER_01,2,DTP,5,0,CUST_087,1600070,PLANT_04,PORT06,45,62.22028
1400009746.0,2026-03-02,PORT07,CARRIER_05,2,DTP,0,0,CUST_417,1600026,PLANT_14,PORT08,19,44.52516
1400009747.0,2026-11-04,PORT08,CARRIER_04,2,DTP,3,0,CUST_435,1600023,PLANT_18,PORT06,38,40.71797
1400009748.0,2026-10-06,PORT07,CARRIER_12,2,DTP,2,0,CUST_013,1600174,PLANT_10,PORT08,10,36.16703
1400009749.0,2026-07-14,PORT06,CARRIER_04,1,DTP,3,0,CUST_486,1600185,PLANT_05,PORT01,14,49.66626
1400009750.0,2026-01-15,PORT06,CARRIER_10,2,DTP,3,0,CUST_012,1600192,PLANT_15,PORT02,50,51.92483
1400009751.0,2026-06-20,PORT06,CARRIER_02,2,DTP,0,0,CUST_230,1600143,PLANT_17,PORT01,22,29.43208
1400009752.0,2026-08-15,PORT01,CARRIER_12,2,CRF,3,0,CUST_334,1600159,PLANT_19,PORT08,40,180.61792
1400009753.0,2026-11-10,PORT08,CARRIER_11,1,DTP,1,0,CUST_164,1600013,PLANT_15,PORT05,49,118.15153
1400009754.0,2026-07-05,PORT01,CARRIER_01,2,DTD,4,0,CUST_102,1600154,PLANT_19,PORT08,49,137.22324
1400009755.0,2026-06-18,PORT01,CARRIER_01,2,DTP,3,0,CUST_024,1600178,PLANT_05,PORT06,5,23.98632
1400009756.0,2026-05-19,PORT03,CARRIER_11,2,DTP,0,0,CUST_364,1600159,PLANT_08,PORT06,15,16.71625
1400009757.0,2026-06-01,PORT02,CARRIER_07,1,DTP,3,0,CUST_019,1600168,PLANT_04,PORT07,37,117.39871
1400009758.0,2026-01-06,PORT03,CARRIER_09,2,DTD,3,0,CUST_243,1600161,PLANT_08,PORT07,47,182.95564
1400009759.0,2026-02-07,PORT07,CARRIER_06,2,CRF,3,0,CUST_197,1600164,PLANT_11,PORT06,50,83.26272
1400009760.0,2026-10-04,PORT08,CARRIER_01,2,DTP,4,0,CUST_484,1600070,PLANT_15,PORT06,38,61.30169
1400009761.0,2026-05-13,PORT02,CARRIER_05,1,DTP,4,0,CUST_466,1600041,PLANT_01,PORT08,9,40.44973
1400009762.0,2026-11-07,PORT07,CARRIER_10,1,DTD,0,0,CUST_409,1600026,PLANT_07,PORT08,39,22.89648
1400009763.0,2026-05-25,PORT02,CARRIER_02,2,DTP,0,0,CUST_366,1600140,PLANT_09,PORT06,17,14.80773
1400009764.0,2026-12-30,PORT02,CARRIER_05,2,DTP,0,0,CUST_272,1600184,PLANT_01,PORT08,42,88.77458
1400009765.0,2026-03-07,PORT05,CARRIER_10,2,DTP,0,0,CUST_175,1600050,PLANT_17,PORT03,30,120.36347
1400009766.0,2026-03-10,PORT02,CARRIER_07,1,DTP,3,0,CUST_084,1600174,PLANT_02,PORT01,13,30.28296
1400009767.0,2026-08-03,PORT08,CARRIER_04,2,DTP,0,0,CUST_485,1600076,PLANT_06,PORT06,43,61.30824
1400009768.0,2026-10-20,PORT08,CARRIER_08,2,DTP,3,4,CUST_193,1600090,PLANT_18,PORT07,50,107.97228
1400009769.0,2026-02-22,PORT08,CARRIER_09,2,DTD,3,0,CUST_215,1600171,PLANT_18,PORT02,28,63.91717
1400009770.0,2026-07-03,PORT03,CARRIER_09,2,CRF,3,0,CUST_071,1600176,PLANT_04,PORT04,42,153.82179
1400009771.0,2026-03-23,PORT04,CARRIER_04,1,DTP,6,0,CUST_139,1600066,PLANT_15,PORT07,7,30.49813
1400009772.0,2026-09-27,PORT03,CARRIER_11,2,DTP,3,0,CUST_318,1600031,PLANT_13,PORT07,17,28.46021
1400009773.0,2026-07-24,PORT06,CARRIER_11,2,DTP,1,0,CUST_214,1600149,PLANT_17,PORT02,10,35.71844
1400009774.0,2026-08-27,PORT03,CARRIER_08,2,CRF,3,0,CUST_293,1600119,PLANT_11,PORT04,18,63.66246
1400009775.0,2026-04-09,PORT03,CARRIER_03,1,DTD,0,0,CUST_106,1600157,PLANT_04,PORT04,22,84.87695
1400009776.0,2026-04-16,PORT07,CARRIER_05,2,CRF,3,0,CUST_042,1600136,PLANT_16,PORT01,24,70.05065
1400009777.0,2026-08-22,PORT05,CARRIER_10,2,DTP,3,0,CUST_443,1600179,PLANT_17,PORT07,19,3.26843
1400009778.0,2026-05-09,PORT06,CARRIER_10,2,DTP,5,0,CUST_217,1600073,PLANT_02,PORT07,30,99.4125
1400009779.0,2026-09-10,PORT03,CARRIER_09,2,DTD,1,0,CUST_181,1600035,PLANT_04,PORT07,15,46.50387
1400009780.0,2026-02-26,PORT04,CARRIER_06,2,DTP,0,0,CUST_144,1600184,PLANT_13,PORT03,20,61.92891
1400009781.0,2026-04-20,PORT07,CARRIER_11,2,CRF,0,0,CUST_329,1600176,PLANT_16,PORT03,43,63.56961
1400009782.0,2026-02-07,PORT07,CARRIER_05,1,DTP,3,0,CUST_282,1600190,PLANT_16,PORT05,30,17.38916
1400009783.0,2026-02-01,PORT07,CARRIER_12,2,CRF,6,0,CUST_195,1600116,PLANT_14,PORT06,6,6.16697
1400009784.0,2026-04-06,PORT01,CARRIER_12,2,DTP,3,0,CUST_466,1600025,PLANT_19,PORT07,20,23.1881
1400009785.0,2026-06-28,PORT04,CARRIER_07,2,DTP,3,0,CUST_451,1600133,PLANT_13,PORT08,43,40.87952
1400009786.0,2026-02-22,PORT02,CARRIER_12,2,DTP,0,0,CUST_100,1600012,PLANT_02,PORT05,13,16.877
1400009787.0,2026-02-03,PORT06,CARRIER_09,2,DTP,3,0,CUST_322,1600010,PLANT_02,PORT03,47,20.51969
1400009788.0,2026-11-17,PORT06,CARRIER_04,2,DTP,0,0,CUST_485,1600174,PLANT_19,PORT05,18,25.55454
1400009789.0,2026-07-08,PORT03,CARRIER_07,1,DTP,0,0,CUST_245,1600155,PLANT_13,PORT05,33,164.65804
1400009790.0,2026-09-19,PORT03,CARRIER_04,2,DTP,3,0,CUST_016,1600070,PLANT_11,PORT06,26,67.74997
1400009791.0,2026-09-23,PORT06,CARRIER_11,2,DTP,0,0,CUST_067,1600026,PLANT_17,PORT04,33,58.99318
1400009792.0,2026-02-07,PORT03,CARRIER_12,2,DTP,0,0,CUST_334,1600042,PLANT_04,PORT02,41,148.84588
1400009793.0,2026-08-15,PORT06,CARRIER_08,1,DTP,0,0,CUST_451,1600158,PLANT_15,PORT02,11,26.40392
1400009794.0,2026-11-11,PORT07,CARRIER_01,0,DTP,0,0,CUST_065,1600001,PLANT_16,PORT08,21,5.13534
1400009795.0,2026-06-13,PORT07,CARRIER_11,2,DTP,3,0,CUST_274,1600028,PLANT_10,PORT04,31,86.2485
1400009796.0,2026-11-11,PORT08,CARRIER_03,2,DTP,1,0,CUST_249,1600130,PLANT_18,PORT02,16,25.43882
1400009797.0,2026-12-12,PORT03,CARRIER_04,1,DTP,3,0,CUST_143,1600014,PLANT_11,PORT04,22,63.77362
1400009798.0,2026-07-19,PORT03,CARRIER_01,1,DTP,3,0,CUST_316,1600136,PLANT_06,PORT02,45,42.69457
1400009799.0,2026-02-07,PORT06,CARRIER_01,2,DTP,3,0,CUST_439,1600017,PLANT_02,PORT04,15,36.96741
1400009800.0,2026-08-14,PORT08,CARRIER_12,2,DTD,0,0,CUST_120,1600187,PLANT_18,PORT02,13,13.63488
1400009801.0,2026-11-18,PORT08,CARRIER_02,1,DTP,3,0,CUST_028,1600106,PLANT_15,PORT02,31,48.49006
1400009802.0,2026-07-31,PORT08,CARRIER_07,2,DTP,3,0,CUST_180,1600098,PLANT_03,PORT06,9,31.20397
1400009803.0,2026-10-20,PORT01,CARRIER_08,1,DTP,3,0,CUST_158,1600148,PLANT_09,PORT02,5,6.07749
1400009804.0,2026-07-15,PORT03,CARRIER_08,0,DTD,3,0,CUST_364,1600074,PLANT_04,PORT07,45,96.47879
1400009805.0,2026-06-03,PORT06,CARRIER_11,1,DTP,4,0,CUST_269,1600136,PLANT_02,PORT08,17,7.79244
1400009806.0,2026-12-12,PORT01,CARRIER_10,2,DTP,3,2,CUST_009,1600151,PLANT_09,PORT05,10,34.67095
1400009807.0,2026-02-25,PORT02,CARRIER_03,1,DTP,4,0,CUST_170,1600037,PLANT_02,PORT07,35,95.92876
1400009808.0,2026-06-13,PORT02,CARRIER_09,1,CRF,3,0,CUST_368,1600142,PLANT_01,PORT08,27,110.36447
1400009809.0,2026-02-26,PORT04,CARRIER_08,1,DTP,6,0,CUST_239,1600181,PLANT_13,PORT05,25,68.04674
1400009810.0,2026-08-27,PORT06,CARRIER_03,2,DTP,5,0,CUST_282,1600194,PLANT_17,PORT08,25,124.29119
1400009811.0,2026-12-03,PORT02,CARRIER_07,2,DTP,1,0,CUST_133,1600188,PLANT_01,PORT01,11,14.09701
1400009812.0,2026-12-31,PORT06,CARRIER_09,1,DTP,3,0,CUST_160,1600037,PLANT_15,PORT07,44,164.39816
1400009813.0,2026-03-27,PORT02,CARRIER_08,2,CRF,0,0,CUST_066,1600100,PLANT_02,PORT07,5,11.092
1400009814.0,2026-09-23,PORT07,CARRIER_07,1,DTP,5,0,CUST_041,1600197,PLANT_16,PORT02,27,52.44011
1400009815.0,2026-11-16,PORT03,CARRIER_03,2,DTP,2,0,CUST_019,1600101,PLANT_08,PORT04,17,62.63639
1400009816.0,2026-11-01,PORT03,CARRIER_10,1,CRF,3,0,CUST_313,1600029,PLANT_11,PORT04,34,162.5958
1400009817.0,2026-07-03,PORT03,CARRIER_03,1,DTP,0,0,CUST_079,1600193,PLANT_04,PORT05,30,114.0698
1400009818.0,2026-03-05,PORT05,CARRIER_06,2,DTP,5,0,CUST_287,1600004,PLANT_12,PORT03,22,37.78723
1400009819.0,2026-06-18,PORT02,CARRIER_10,1,DTD,5,0,CUST_477,1600198,PLANT_04,PORT07,29,75.3556
1400009820.0,2026-10-11,PORT07,CARRIER_11,1,CRF,3,0,CUST_349,1600185,PLANT_14,PORT08,15,17.45979
1400009821.0,2026-08-15,PORT03,CARRIER_01,2,DTD,0,0,CUST_288,1600129,PLANT_04,PORT01,11,34.53087
1400009822.0,2026-05-22,PORT05,CARRIER_11,2,DTP,3,2,CUST_059,1600193,PLANT_12,PORT02,46,95.34313
1400009823.0,2026-03-20,PORT04,CARRIER_09,1,DTD,1,0,CUST_245,1600114,PLANT_13,PORT05,33,40.18912
1400009824.0,2026-08-26,PORT01,CARRIER_03,2,DTP,6,0,CUST_446,1600129,PLANT_09,PORT03,35,7.1174
1400009825.0,2026-06-06,PORT03,CARRIER_01,2,DTP,2,0,CUST_193,1600154,PLANT_13,PORT04,50,231.70446
1400009826.0,2026-06-22,PORT05,CARRIER_03,1,DTP,3,0,CUST_414,1600159,PLANT_12,PORT08,46,22.36622
1400009827.0,2026-12-09,PORT07,CARRIER_02,1,DTP,0,0,CUST_355,1600011,PLANT_16,PORT04,31,53.1221
1400009828.0,2026-01-04,PORT02,CARRIER_04,2,DTP,6,0,CUST_134,1600110,PLANT_04,PORT06,41,42.36214
1400009829.0,2026-03-28,PORT07,CARRIER_03,0,DTP,3,0,CUST_071,1600013,PLANT_10,PORT08,29,73.11549
1400009830.0,2026-12-02,PORT06,CARRIER_02,2,DTP,6,0,CUST_009,1600140,PLANT_02,PORT07,15,15.82845
1400009831.0,2026-12-03,PORT06,CARRIER_05,1,DTP,2,0,CUST_139,1600153,PLANT_20,PORT08,33,122.34532
1400009832.0,2026-04-21,PORT07,CARRIER_10,1,DTD,3,0,CUST_167,1600036,PLANT_14,PORT02,47,56.47592
1400009833.0,2026-12-29,PORT07,CARRIER_12,2,DTD,0,0,CUST_328,1600016,PLANT_16,PORT02,45,45.3932
1400009834.0,2026-03-19,PORT02,CARRIER_11,2,DTP,4,0,CUST_287,1600119,PLANT_09,PORT05,28,32.55665
1400009835.0,2026-01-19,PORT03,CARRIER_06,2,CRF,0,0,CUST_240,1600144,PLANT_08,PORT08,48,74.78689
1400009836.0,2026-04-23,PORT06,CARRIER_08,1,DTP,3,0,CUST_362,1600084,PLANT_19,PORT08,14,45.42963
1400009837.0,2026-07-13,PORT04,CARRIER_06,2,DTP,3,0,CUST_386,1600024,PLANT_15,PORT02,6,6.76307
1400009838.0,2026-01-03,PORT01,CARRIER_07,2,DTD,0,0,CUST_357,1600072,PLANT_01,PORT04,23,80.83503
1400009839.0,2026-03-04,PORT06,CARRIER_10,2,DTP,4,0,CUST_449,1600070,PLANT_02,PORT08,14,30.90972
1400009840.0,2026-10-16,PORT01,CARRIER_05,2,DTD,4,0,CUST_180,1600111,PLANT_18,PORT08,49,52.20176
1400009841.0,2026-08-15,PORT02,CARRIER_04,2,DTD,3,0,CUST_412,1600185,PLANT_05,PORT01,10,12.76218
1400009842.0,2026-08-09,PORT04,CARRIER_11,2,DTP,3,0,CUST_211,1600150,PLANT_02,PORT08,29,77.83414
1400009843.0,2026-12-28,PORT08,CARRIER_08,1,DTD,0,0,CUST_093,1600040,PLANT_08,PORT06,40,78.21126
1400009844.0,2026-03-25,PORT08,CARRIER_07,2,DTD,3,0,CUST_073,1600004,PLANT_06,PORT06,10,26.17244
1400009845.0,2026-11-24,PORT03,CARRIER_09,2,DTP,4,0,CUST_046,1600034,PLANT_13,PORT07,7,28.57148
1400009846.0,2026-05-10,PORT01,CARRIER_01,2,DTP,0,3,CUST_478,1600003,PLANT_09,PORT06,30,9.73721
1400009847.0,2026-12-04,PORT03,CARRIER_11,2,DTP,6,0,CUST_085,1600079,PLANT_17,PORT04,46,93.31984
1400009848.0,2026-10-13,PORT05,CARRIER_11,2,DTP,3,0,CUST_418,1600151,PLANT_12,PORT06,5,10.67835
1400009849.0,2026-03-19,PORT07,CARRIER_02,2,DTP,0,0,CUST_392,1600145,PLANT_11,PORT06,5,6.64747
1400009850.0,2026-03-18,PORT08,CARRIER_04,2,DTP,2,0,CUST_220,1600129,PLANT_06,PORT07,47,106.46478
1400009851.0,2026-07-17,PORT03,CARRIER_08,2,DTP,3,0,CUST_457,1600070,PLANT_11,PORT08,32,92.04807
1400009852.0,2026-07-03,PORT04,CARRIER_10,2,DTP,6,0,CUST_455,1600031,PLANT_13,PORT06,37,109.75292
1400009853.0,2026-03-27,PORT07,CARRIER_01,2,DTD,3,0,CUST_463,1600092,PLANT_07,PORT04,17,57.49712
1400009854.0,2026-04-06,PORT04,CARRIER_02,2,DTP,3,0,CUST_249,1600072,PLANT_02,PORT06,19,9.04718
1400009855.0,2026-11-25,PORT06,CARRIER_06,2,DTP,6,0,CUST_150,1600094,PLANT_15,PORT04,26,61.20496
1400009856.0,2026-10-03,PORT01,CARRIER_02,0,CRF,1,0,CUST_022,1600092,PLANT_05,PORT04,14,53.37222
1400009857.0,2026-03-11,PORT08,CARRIER_05,2,DTP,3,0,CUST_421,1600004,PLANT_06,PORT06,25,58.24305
1400009858.0,2026-09-22,PORT07,CARRIER_07,2,DTP,4,0,CUST_437,1600009,PLANT_14,PORT03,48,159.20552
1400009859.0,2026-02-26,PORT07,CARRIER_10,2,DTD,3,0,CUST_269,1600036,PLANT_14,PORT01,39,116.73478
1400009860.0,2026-06-12,PORT02,CARRIER_03,1,DTP,0,0,CUST_036,1600135,PLANT_09,PORT07,44,104.5934
1400009861.0,2026-01-05,PORT01,CARRIER_09,2,DTD,4,0,CUST_412,1600079,PLANT_19,PORT03,27,13.14225
1400009862.0,2026-08-25,PORT04,CARRIER_04,1,DTP,1,0,CUST_150,1600194,PLANT_13,PORT01,41,131.3149
1400009863.0,2026-03-08,PORT03,CARRIER_09,2,CRF,3,0,CUST_275,1600049,PLANT_04,PORT04,24,65.25873
1400009864.0,2026-03-28,PORT02,CARRIER_03,2,DTD,5,0,CUST_330,1600089,PLANT_04,PORT03,33,4.2192
1400009865.0,2026-03-11,PORT06,CARRIER_03,2,DTD,1,0,CUST_073,1600146,PLANT_20,PORT04,38,42.31672
1400009866.0,2026-03-08,PORT01,CARRIER_10,2,DTP,4,0,CUST_032,1600028,PLANT_18,PORT04,42,16.83603
1400009867.0,2026-01-29,PORT04,CARRIER_04,2,DTP,5,0,CUST_040,1600195,PLANT_02,PORT06,47,136.02495
1400009868.0,2026-07-22,PORT07,CARRIER_12,2,DTP,2,0,CUST_480,1600196,PLANT_13,PORT03,9,1.56802
1400009869.0,2026-11-13,PORT08,CARRIER_04,2,DTP,0,1,CUST_479,1600074,PLANT_15,PORT04,41,173.34237
1400009870.0,2026-04-21,PORT08,CARRIER_03,2,DTP,5,0,CUST_214,1600086,PLANT_18,PORT02,37,175.47341
1400009871.0,2026-10-12,PORT05,CARRIER_03,0,DTD,3,0,CUST_213,1600165,PLANT_17,PORT02,38,185.45281
1400009872.0,2026-07-18,PORT04,CARRIER_05,2,DTP,2,0,CUST_204,1600190,PLANT_02,PORT01,5,6.05132
1400009873.0,2026-04-03,PORT01,CARRIER_06,2,DTD,0,0,CUST_176,1600128,PLANT_05,PORT06,27,68.20714
1400009874.0,2026-01-23,PORT02,CARRIER_03,2,DTP,0,0,CUST_272,1600106,PLANT_01,PORT08,49,218.86962
1400009875.0,2026-10-13,PORT04,CARRIER_06,2,DTP,3,4,CUST_179,1600093,PLANT_13,PORT03,46,159.52531
1400009876.0,2026-01-09,PORT06,CARRIER_09,2,DTD,4,0,CUST_309,1600130,PLANT_17,PORT01,15,23.45784
1400009877.0,2026-06-04,PORT04,CARRIER_05,2,DTP,3,0,CUST_190,1600046,PLANT_13,PORT08,27,113.03183
1400009878.0,2026-01-13,PORT02,CARRIER_01,1,DTP,1,0,CUST_315,1600030,PLANT_04,PORT05,44,128.14064
1400009879.0,2026-10-11,PORT08,CARRIER_10,2,DTD,5,0,CUST_473,1600018,PLANT_15,PORT07,47,172.81544
1400009880.0,2026-12-28,PORT06,CARRIER_01,2,DTP,3,0,CUST_103,1600015,PLANT_19,PORT07,20,97.00212
1400009881.0,2026-04-28,PORT03,CARRIER_09,2,DTP,0,0,CUST_032,1600031,PLANT_04,PORT05,41,204.49963
1400009882.0,2026-04-25,PORT03,CARRIER_03,1,DTD,5,0,CUST_264,1600134,PLANT_11,PORT08,43,110.66595
1400009883.0,2026-07-26,PORT01,CARRIER_10,1,DTP,3,0,CUST_060,1600174,PLANT_06,PORT07,11,9.54141
1400009884.0,2026-07-03,PORT03,CARRIER_07,2,DTP,3,0,CUST_116,1600017,PLANT_08,PORT02,6,18.81504
1400009885.0,2026-05-20,PORT04,CARRIER_10,2,DTP,4,0,CUST_395,1600003,PLANT_07,PORT07,7,22.78417
1400009886.0,2026-05-14,PORT01,CARRIER_05,1,DTP,1,0,CUST_209,1600013,PLANT_05,PORT03,11,31.93861
1400009887.0,2026-03-10,PORT02,CARRIER_03,2,DTP,3,0,CUST_275,1600111,PLANT_04,PORT04,39,84.55354
1400009888.0,2026-04-02,PORT02,CARRIER_01,2,CRF,5,0,CUST_389,1600013,PLANT_04,PORT03,22,64.89219
1400009889.0,2026-08-02,PORT04,CARRIER_12,1,DTP,1,0,CUST_065,1600055,PLANT_15,PORT07,36,97.80471
1400009890.0,2026-09-26,PORT01,CARRIER_11,1,DTP,5,0,CUST_240,1600002,PLANT_06,PORT03,9,42.56094
1400009891.0,2026-10-02,PORT01,CARRIER_08,1,CRF,0,0,CUST_018,1600149,PLANT_09,PORT05,32,134.53575
1400009892.0,2026-07-08,PORT02,CARRIER_11,1,CRF,5,0,CUST_250,1600015,PLANT_09,PORT07,39,79.13399
1400009893.0,2026-10-02,PORT06,CARRIER_10,2,DTP,3,0,CUST_113,1600067,PLANT_02,PORT07,49,141.96506
1400009894.0,2026-08-05,PORT01,CARRIER_01,1,DTP,3,0,CUST_456,1600012,PLANT_01,PORT07,19,54.59952
1400009895.0,2026-05-11,PORT07,CARRIER_12,2,DTP,3,0,CUST_131,1600002,PLANT_10,PORT04,30,78.07557
1400009896.0,2026-05-09,PORT07,CARRIER_12,2,DTP,0,0,CUST_101,1600008,PLANT_14,PORT05,27,10.38207
1400009897.0,2026-07-09,PORT07,CARRIER_10,2,DTP,0,0,CUST_008,1600133,PLANT_16,PORT03,21,75.42597
1400009898.0,2026-04-23,PORT07,CARRIER_08,3,DTD,3,2,CUST_067,1600048,PLANT_14,PORT06,34,125.22968
1400009899.0,2026-10-06,PORT08,CARRIER_07,4,DTP,4,0,CUST_109,1600067,PLANT_08,PORT04,30,74.17517
1400009900.0,2026-03-09,PORT06,CARRIER_05,2,DTP,0,0,CUST_115,1600130,PLANT_02,PORT05,43,194.26142
1400009901.0,2026-01-20,PORT06,CARRIER_06,2,DTP,4,0,CUST_370,1600109,PLANT_19,PORT01,6,29.52731
1400009902.0,2026-06-29,PORT03,CARRIER_03,2,DTP,2,0,CUST_444,1600004,PLANT_08,PORT02,15,61.24909
1400009903.0,2026-01-27,PORT07,CARRIER_07,2,DTP,3,2,CUST_428,1600130,PLANT_13,PORT01,31,144.0424
1400009904.0,2026-03-11,PORT07,CARRIER_04,2,CRF,3,0,CUST_479,1600167,PLANT_07,PORT08,31,77.15166
1400009905.0,2026-05-18,PORT02,CARRIER_11,2,DTP,3,0,CUST_450,1600152,PLANT_09,PORT01,46,210.66999
1400009906.0,2026-01-02,PORT07,CARRIER_01,1,DTD,3,0,CUST_228,1600006,PLANT_11,PORT06,36,168.53873
1400009907.0,2026-03-23,PORT01,CARRIER_01,2,DTP,0,0,CUST_195,1600048,PLANT_09,PORT06,5,15.77739
1400009908.0,2026-07-18,PORT02,CARRIER_11,2,DTD,1,0,CUST_325,1600123,PLANT_09,PORT05,27,22.6404
1400009909.0,2026-05-17,PORT03,CARRIER_05,2,DTP,3,0,CUST_160,1600058,PLANT_04,PORT02,43,36.39123
1400009910.0,2026-11-24,PORT01,CARRIER_07,2,DTP,3,0,CUST_302,1600167,PLANT_01,PORT07,45,108.64344
1400009911.0,2026-02-04,PORT06,CARRIER_04,2,DTP,0,0,CUST_500,1600040,PLANT_20,PORT08,41,151.87812
1400009912.0,2026-09-20,PORT07,CARRIER_03,2,DTD,2,0,CUST_100,1600137,PLANT_14,PORT06,26,66.47762
1400009913.0,2026-08-05,PORT05,CARRIER_06,2,DTD,0,0,CUST_385,1600107,PLANT_12,PORT07,9,36.17338
1400009914.0,2026-08-24,PORT01,CARRIER_02,2,DTP,2,0,CUST_468,1600002,PLANT_03,PORT02,14,54.20749
1400009915.0,2026-09-03,PORT04,CARRIER_08,1,DTP,3,0,CUST_269,1600001,PLANT_02,PORT07,43,47.20023
1400009916.0,2026-01-20,PORT01,CARRIER_02,2,DTP,5,0,CUST_179,1600147,PLANT_01,PORT02,20,15.01092
1400009917.0,2026-10-17,PORT04,CARRIER_10,1,DTD,0,3,CUST_128,1600040,PLANT_02,PORT01,40,142.34357
1400009918.0,2026-05-01,PORT07,CARRIER_05,2,DTP,0,0,CUST_084,1600128,PLANT_14,PORT02,6,10.01919
1400009919.0,2026-08-26,PORT01,CARRIER_01,2,DTP,3,0,CUST_161,1600087,PLANT_19,PORT04,27,125.92381
1400009920.0,2026-04-18,PORT02,CARRIER_06,1,DTP,3,0,CUST_374,1600104,PLANT_01,PORT01,48,209.07302
1400009921.0,2026-05-25,PORT03,CARRIER_06,2,DTP,3,0,CUST_258,1600077,PLANT_08,PORT02,16,36.97706
1400009922.0,2026-09-13,PORT02,CARRIER_01,2,DTD,2,0,CUST_111,1600177,PLANT_09,PORT01,6,17.66687
1400009923.0,2026-12-08,PORT01,CARRIER_04,2,DTP,0,0,CUST_272,1600007,PLANT_01,PORT05,18,76.51457
1400009924.0,2026-11-17,PORT07,CARRIER_04,2,DTP,5,0,CUST_405,1600156,PLANT_11,PORT06,7,30.58796
1400009925.0,2026-09-23,PORT03,CARRIER_09,2,DTP,3,0,CUST_007,1600082,PLANT_11,PORT02,33,93.36275
1400009926.0,2026-07-16,PORT07,CARRIER_10,2,DTP,4,0,CUST_011,1600102,PLANT_11,PORT06,13,63.21087
1400009927.0,2026-07-12,PORT03,CARRIER_04,2,DTP,3,0,CUST_480,1600005,PLANT_13,PORT07,16,42.44394
1400009928.0,2026-12-19,PORT08,CARRIER_12,2,DTP,4,0,CUST_375,1600173,PLANT_18,PORT04,32,9.64568
1400009929.0,2026-03-17,PORT01,CARRIER_03,1,DTP,4,0,CUST_288,1600134,PLANT_09,PORT02,19,54.28692
1400009930.0,2026-12-15,PORT05,CARRIER_07,2,DTD,0,0,CUST_454,1600120,PLANT_17,PORT07,34,132.84935
1400009931.0,2026-08-25,PORT04,CARRIER_03,2,CRF,0,0,CUST_295,1600076,PLANT_02,PORT08,47,231.53057
1400009932.0,2026-08-13,PORT02,CARRIER_02,2,DTD,0,0,CUST_261,1600140,PLANT_09,PORT03,47,28.96638
1400009933.0,2026-08-04,PORT07,CARRIER_07,2,DTP,4,0,CUST_106,1600041,PLANT_11,PORT08,38,85.82803
1400009934.0,2026-10-24,PORT02,CARRIER_03,1,DTP,1,0,CUST_406,1600182,PLANT_01,PORT06,49,145.75464
1400009935.0,2026-09-07,PORT03,CARRIER_01,2,DTP,3,0,CUST_383,1600042,PLANT_04,PORT07,38,167.92852
1400009936.0,2026-02-04,PORT06,CARRIER_12,1,DTP,3,0,CUST_148,1600164,PLANT_19,PORT03,8,28.86289
1400009937.0,2026-10-13,PORT01,CARRIER_09,2,DTP,3,0,CUST_369,1600007,PLANT_09,PORT02,48,59.18912
1400009938.0,2026-09-23,PORT08,CARRIER_09,2,DTD,3,0,CUST_364,1600022,PLANT_18,PORT02,31,133.64122
1400009939.0,2026-11-30,PORT07,CARRIER_11,2,DTD,3,0,CUST_048,1600132,PLANT_11,PORT08,5,16.77396
1400009940.0,2026-12-08,PORT03,CARRIER_09,2,DTP,2,0,CUST_081,1600010,PLANT_04,PORT01,33,148.04687
1400009941.0,2026-12-13,PORT07,CARRIER_03,2,DTP,0,0,CUST_298,1600132,PLANT_14,PORT03,16,67.01491
1400009942.0,2026-01-16,PORT06,CARRIER_11,2,DTD,0,0,CUST_312,1600073,PLANT_02,PORT01,29,21.2682
1400009943.0,2026-08-19,PORT01,CARRIER_06,2,DTP,5,0,CUST_330,1600085,PLANT_01,PORT05,35,168.22071
1400009944.0,2026-12-08,PORT04,CARRIER_11,2,DTP,6,0,CUST_187,1600030,PLANT_15,PORT08,6,13.95631
1400009945.0,2026-12-19,PORT08,CARRIER_11,1,CRF,4,0,CUST_418,1600133,PLANT_03,PORT01,25,122.86268
1400009946.0,2026-07-20,PORT07,CARRIER_01,2,DTP,2,0,CUST_223,1600155,PLANT_07,PORT06,7,7.11434
1400009947.0,2026-11-29,PORT02,CARRIER_11,2,DTP,0,0,CUST_104,1600108,PLANT_09,PORT08,10,39.87258
1400009948.0,2026-11-18,PORT07,CARRIER_01,2,DTP,3,0,CUST_058,1600133,PLANT_14,PORT02,14,22.31556
1400009949.0,2026-01-01,PORT04,CARRIER_10,2,DTP,0,0,CUST_439,1600108,PLANT_02,PORT01,40,12.78184
1400009950.0,2026-11-20,PORT05,CARRIER_08,2,DTP,5,0,CUST_354,1600188,PLANT_12,PORT04,24,119.29915
1400009951.0,2026-08-21,PORT03,CARRIER_03,2,DTD,4,0,CUST_231,1600055,PLANT_04,PORT01,7,11.11126
1400009952.0,2026-07-29,PORT06,CARRIER_12,2,DTP,6,0,CUST_105,1600199,PLANT_20,PORT02,39,19.28723
1400009953.0,2026-03-07,PORT06,CARRIER_06,1,DTP,5,0,CUST_049,1600030,PLANT_20,PORT01,30,129.49309
1400009954.0,2026-12-02,PORT08,CARRIER_05,2,DTP,3,0,CUST_077,1600166,PLANT_03,PORT04,11,24.38589
1400009955.0,2026-04-18,PORT08,CARRIER_12,2,DTD,2,0,CUST_053,1600087,PLANT_15,PORT03,30,87.73851
1400009956.0,2026-06-02,PORT06,CARRIER_07,1,DTP,4,0,CUST_265,1600059,PLANT_20,PORT01,16,78.81175
1400009957.0,2026-04-19,PORT08,CARRIER_03,0,DTP,3,0,CUST_099,1600009,PLANT_06,PORT07,34,83.48613
1400009958.0,2026-12-20,PORT06,CARRIER_11,2,DTP,5,0,CUST_064,1600089,PLANT_19,PORT05,48,20.58157
1400009959.0,2026-06-26,PORT07,CARRIER_02,2,DTD,2,0,CUST_142,1600139,PLANT_14,PORT05,19,66.24943
1400009960.0,2026-02-11,PORT06,CARRIER_08,2,DTD,3,0,CUST_350,1600013,PLANT_02,PORT04,39,139.69556
1400009961.0,2026-01-04,PORT07,CARRIER_05,2,DTP,3,0,CUST_249,1600015,PLANT_14,PORT08,6,6.30972
1400009962.0,2026-12-24,PORT06,CARRIER_10,2,DTP,0,0,CUST_077,1600093,PLANT_19,PORT08,23,63.76792
1400009963.0,2026-03-28,PORT06,CARRIER_02,1,DTP,3,0,CUST_375,1600146,PLANT_20,PORT05,45,85.91322
1400009964.0,2026-10-09,PORT01,CARRIER_08,2,DTP,0,0,CUST_245,1600117,PLANT_06,PORT05,8,2.75693
1400009965.0,2026-01-11,PORT05,CARRIER_06,1,DTP,3,0,CUST_094,1600186,PLANT_12,PORT03,47,76.46204
1400009966.0,2026-11-24,PORT05,CARRIER_06,2,DTP,3,0,CUST_346,1600066,PLANT_12,PORT06,9,41.01039
1400009967.0,2026-08-26,PORT05,CARRIER_08,2,DTP,0,0,CUST_497,1600092,PLANT_12,PORT01,27,42.42272
1400009968.0,2026-03-24,PORT05,CARRIER_05,1,DTD,4,0,CUST_271,1600121,PLANT_12,PORT07,13,15.50912
1400009969.0,2026-11-21,PORT01,CARRIER_05,2,DTP,0,0,CUST_081,1600061,PLANT_19,PORT02,5,23.55236
1400009970.0,2026-04-19,PORT01,CARRIER_04,2,DTD,3,0,CUST_155,1600179,PLANT_09,PORT08,21,41.44143
1400009971.0,2026-12-31,PORT06,CARRIER_04,3,DTP,0,0,CUST_300,1600072,PLANT_05,PORT03,31,145.97092
1400009972.0,2026-08-07,PORT01,CARRIER_12,2,CRF,3,0,CUST_500,1600004,PLANT_09,PORT06,38,167.69964
1400009973.0,2026-06-13,PORT07,CARRIER_06,2,CRF,3,0,CUST_465,1600054,PLANT_16,PORT04,19,45.70024
1400009974.0,2026-01-22,PORT07,CARRIER_05,2,DTP,4,0,CUST_467,1600166,PLANT_13,PORT06,27,53.63043
1400009975.0,2026-04-05,PORT08,CARRIER_10,2,DTP,3,0,CUST_417,1600033,PLANT_08,PORT06,13,10.07263
1400009976.0,2026-01-22,PORT02,CARRIER_02,2,DTP,3,0,CUST_288,1600186,PLANT_02,PORT07,38,39.29279
1400009977.0,2026-11-08,PORT03,CARRIER_10,2,CRF,3,0,CUST_324,1600114,PLANT_06,PORT05,12,14.86766
1400009978.0,2026-02-06,PORT07,CARRIER_01,2,DTD,3,0,CUST_367,1600116,PLANT_16,PORT03,44,105.8083
1400009979.0,2026-02-11,PORT06,CARRIER_01,2,DTP,3,0,CUST_358,1600044,PLANT_20,PORT08,13,25.00363
1400009980.0,2026-02-15,PORT06,CARRIER_04,2,DTP,3,0,CUST_320,1600128,PLANT_02,PORT01,35,140.76591
1400009981.0,2026-12-22,PORT05,CARRIER_01,2,DTD,3,0,CUST_068,1600142,PLANT_17,PORT06,20,31.07424
1400009982.0,2026-12-21,PORT06,CARRIER_06,0,DTP,3,0,CUST_440,1600065,PLANT_19,PORT01,50,109.00733
1400009983.0,2026-09-18,PORT08,CARRIER_12,1,DTD,5,0,CUST_005,1600160,PLANT_08,PORT04,17,11.92153
1400009984.0,2026-01-27,PORT05,CARRIER_03,2,CRF,0,0,CUST_213,1600000,PLANT_12,PORT08,48,68.59094
1400009985.0,2026-07-03,PORT08,CARRIER_03,2,DTP,0,0,CUST_218,1600079,PLANT_18,PORT02,43,169.28234
1400009986.0,2026-12-13,PORT03,CARRIER_02,2,DTP,3,0,CUST_499,1600086,PLANT_17,PORT05,26,92.68459
1400009987.0,2026-02-05,PORT01,CARRIER_05,2,DTD,3,0,CUST_045,1600092,PLANT_09,PORT04,27,55.91375
1400009988.0,2026-10-17,PORT07,CARRIER_06,1,DTP,0,1,CUST_238,1600003,PLANT_10,PORT06,21,61.52199
1400009989.0,2026-01-07,PORT01,CARRIER_02,1,DTP,1,0,CUST_179,1600164,PLANT_03,PORT03,24,56.30004
1400009990.0,2026-10-21,PORT02,CARRIER_12,1,DTD,6,0,CUST_049,1600052,PLANT_02,PORT04,26,116.6511
1400009991.0,2026-07-18,PORT06,CARRIER_05,2,DTP,2,0,CUST_112,1600182,PLANT_20,PORT05,11,22.37383
1400009992.0,2026-11-21,PORT01,CARRIER_03,2,DTP,3,0,CUST_212,1600103,PLANT_09,PORT04,19,69.12886
1400009993.0,2026-06-01,PORT05,CARRIER_10,1,CRF,0,0,CUST_459,1600041,PLANT_17,PORT02,45,52.68568
1400009994.0,2026-10-14,PORT06,CARRIER_08,1,DTD,0,0,CUST_195,1600008,PLANT_02,PORT07,50,111.35379
1400009995.0,2026-11-04,PORT01,CARRIER_01,2,DTP,1,0,CUST_441,1600115,PLANT_18,PORT04,7,18.85607
1400009996.0,2026-04-29,PORT07,CARRIER_12,1,DTP,0,0,CUST_367,1600060,PLANT_07,PORT08,38,23.28523
1400009997.0,2026-08-23,PORT03,CARRIER_06,2,DTP,3,0,CUST_410,1600019,PLANT_08,PORT05,16,47.65361
1400009998.0,2026-06-18,PORT04,CARRIER_10,2,DTP,0,0,CUST_427,1600047,PLANT_02,PORT08,35,102.05505
1400009999.0,2026-06-07,PORT08,CARRIER_08,1,DTD,3,0,CUST_357,1600056,PLANT_03,PORT04,33,28.97034
